# Blender 5.0.0
# www.blender.org
mtllib creto.mtl
o Object_3
v 0.876763 0.532767 0.077323
v 0.858824 0.527393 0.051531
v 0.873367 0.551815 0.074904
v 0.876763 0.532767 0.077323
v 0.857938 0.528146 0.100030
v 0.858824 0.527393 0.051531
v 0.876763 0.532767 0.077323
v 0.873367 0.551815 0.074904
v 0.857938 0.528146 0.100030
v 0.873367 0.551815 0.074904
v 0.844139 0.586603 0.075909
v 0.857938 0.528146 0.100030
v 0.844139 0.586603 0.075909
v 0.820055 0.554609 0.099828
v 0.857938 0.528146 0.100030
v 0.816014 0.553665 0.053378
v 0.805208 0.617944 0.055650
v 0.775526 0.569304 0.055996
v 0.648902 0.699927 0.076301
v 0.719900 0.696568 0.071495
v 0.701601 0.675661 -0.006864
v 0.799346 0.611858 0.020419
v 0.785400 0.642725 0.060829
v 0.805208 0.617944 0.055650
v 0.805208 0.617944 0.055650
v 0.835899 0.587531 0.033768
v 0.799346 0.611858 0.020419
v 0.701601 0.675661 -0.006864
v 0.719900 0.696568 0.071495
v 0.785400 0.642725 0.060829
v 0.765672 0.625303 -0.010169
v 0.701601 0.675661 -0.006864
v 0.785400 0.642725 0.060829
v 0.835899 0.587531 0.033768
v 0.805208 0.617944 0.055650
v 0.816014 0.553665 0.053378
v 0.765672 0.625303 -0.010169
v 0.785400 0.642725 0.060829
v 0.799346 0.611858 0.020419
v 0.807796 0.557698 0.010750
v 0.860945 0.555557 0.026563
v 0.841581 0.537158 0.002975
v 0.850025 0.531124 0.050148
v 0.835899 0.587531 0.033768
v 0.816014 0.553665 0.053378
v 0.860945 0.555557 0.026563
v 0.835899 0.587531 0.033768
v 0.850025 0.531124 0.050148
v 0.863145 0.537613 0.022602
v 0.860945 0.555557 0.026563
v 0.850025 0.531124 0.050148
v -0.150820 0.926610 0.207704
v -0.318520 0.926436 0.208716
v -0.132571 0.765389 0.270770
v -0.318520 0.926436 0.208716
v -0.278430 0.789944 0.223973
v -0.132571 0.765389 0.270770
v -0.110293 1.056915 0.097735
v -0.318520 0.926436 0.208716
v -0.150820 0.926610 0.207704
v -0.348546 1.017384 0.088705
v -0.318520 0.926436 0.208716
v -0.253625 1.037696 0.102454
v -0.253625 1.037696 0.102454
v -0.318520 0.926436 0.208716
v -0.110293 1.056915 0.097735
v 0.017571 0.940691 -0.151854
v 0.017185 0.836943 -0.201895
v -0.213560 0.829741 -0.170766
v -0.224641 0.997365 -0.034491
v -0.348546 1.017384 0.088705
v -0.253625 1.037696 0.102454
v -0.348546 1.017384 0.088705
v -0.224641 0.997365 -0.034491
v -0.329001 0.973467 -0.011712
v -0.218201 0.921135 -0.120315
v -0.342360 0.910566 -0.056713
v -0.329001 0.973467 -0.011712
v -0.218201 0.921135 -0.120315
v 0.017571 0.940691 -0.151854
v -0.213560 0.829741 -0.170766
v -0.329001 0.973467 -0.011712
v -0.224641 0.997365 -0.034491
v -0.218201 0.921135 -0.120315
v -0.224641 0.997365 -0.034491
v 0.017571 0.940691 -0.151854
v -0.218201 0.921135 -0.120315
v -0.224641 0.997365 -0.034491
v 0.018304 1.028107 -0.057009
v 0.017571 0.940691 -0.151854
v -0.224641 0.997365 -0.034491
v -0.253625 1.037696 0.102454
v 0.018304 1.028107 -0.057009
v -0.253625 1.037696 0.102454
v -0.110293 1.056915 0.097735
v 0.018304 1.028107 -0.057009
v -0.001857 -0.000012 0.001332
v -0.077110 -0.000037 -0.138434
v -0.005611 0.057737 -0.003551
v -0.318520 0.926436 0.208716
v -0.348546 1.017384 0.088705
v -0.389104 0.951586 0.088707
v -0.389104 0.951586 0.088707
v -0.348546 1.017384 0.088705
v -0.329001 0.973467 -0.011712
v -0.389104 0.951586 0.088707
v -0.329001 0.973467 -0.011712
v -0.342360 0.910566 -0.056713
v -0.016674 0.184687 -0.005408
v 0.010722 0.239602 0.004209
v -0.079933 0.147394 0.070745
v -0.001857 -0.000012 0.001332
v -0.005611 0.057737 -0.003551
v -0.062231 0.068591 0.143779
v -0.005611 0.057737 -0.003551
v -0.016674 0.184687 -0.005408
v -0.055826 0.115785 0.100258
v -0.079933 0.147394 0.070745
v 0.010722 0.239602 0.004209
v -0.059125 0.205817 0.097479
v -0.055826 0.115785 0.100258
v -0.016674 0.184687 -0.005408
v -0.079933 0.147394 0.070745
v -0.208123 0.052743 -0.151807
v -0.271466 0.158243 0.017559
v -0.141555 0.183572 -0.153946
v -0.059125 0.205817 0.097479
v -0.171579 0.203465 0.165922
v -0.165080 0.142870 0.103954
v -0.062231 0.068591 0.143779
v -0.005611 0.057737 -0.003551
v -0.055826 0.115785 0.100258
v -0.220508 0.113679 0.149194
v -0.079933 0.147394 0.070745
v -0.165080 0.142870 0.103954
v -0.079933 0.147394 0.070745
v -0.220508 0.113679 0.149194
v -0.055826 0.115785 0.100258
v -0.079933 0.147394 0.070745
v -0.059125 0.205817 0.097479
v -0.165080 0.142870 0.103954
v -0.055826 0.115785 0.100258
v -0.220508 0.113679 0.149194
v -0.249241 0.068711 0.132490
v -0.055826 0.115785 0.100258
v -0.249241 0.068711 0.132490
v -0.062231 0.068591 0.143779
v -0.279412 -0.000019 0.020861
v -0.140648 0.070413 0.109849
v -0.249241 0.068711 0.132490
v -0.140648 0.070413 0.109849
v -0.001857 -0.000012 0.001332
v -0.062231 0.068591 0.143779
v -0.368501 0.896916 0.186701
v -0.318520 0.926436 0.208716
v -0.389104 0.951586 0.088707
v -0.077271 0.052651 -0.159284
v -0.141555 0.183572 -0.153946
v -0.005611 0.057737 -0.003551
v -0.485266 0.879258 0.089685
v -0.389104 0.951586 0.088707
v -0.342360 0.910566 -0.056713
v -0.485266 0.879258 0.089685
v -0.342360 0.910566 -0.056713
v -0.459324 0.844932 -0.012579
v -0.165080 0.142870 0.103954
v -0.293797 0.080650 0.020035
v -0.220508 0.113679 0.149194
v -0.140648 0.070413 0.109849
v -0.279412 -0.000019 0.020861
v -0.255265 -0.000033 0.156741
v -0.390109 0.743907 -0.020320
v -0.306430 0.811373 -0.048840
v -0.311267 0.756069 0.092536
v -0.025295 -0.000033 0.158128
v -0.001857 -0.000012 0.001332
v -0.140648 0.070413 0.109849
v -0.139700 0.045579 0.232704
v -0.140648 0.070413 0.109849
v -0.255265 -0.000033 0.156741
v -0.255265 -0.000033 0.156741
v -0.187587 -0.000041 0.255559
v -0.139700 0.045579 0.232704
v -0.025295 -0.000033 0.158128
v -0.140648 0.070413 0.109849
v -0.139700 0.045579 0.232704
v -0.091460 -0.000041 0.255485
v -0.025295 -0.000033 0.158128
v -0.139700 0.045579 0.232704
v -0.187587 -0.000041 0.255559
v -0.091460 -0.000041 0.255485
v -0.139700 0.045579 0.232704
v -0.338635 0.793118 0.193854
v -0.368501 0.896916 0.186701
v -0.454442 0.838402 0.189781
v -0.579475 0.579361 0.095947
v -0.459427 0.714644 0.191298
v -0.605816 0.611436 0.203334
v -0.368501 0.896916 0.186701
v -0.389104 0.951586 0.088707
v -0.485266 0.879258 0.089685
v -0.399113 0.754605 0.192439
v -0.338635 0.793118 0.193854
v -0.454442 0.838402 0.189781
v -0.605816 0.611436 0.203334
v -0.520265 0.801555 0.188355
v -0.678829 0.692273 0.200385
v -0.459427 0.714644 0.191298
v -0.520265 0.801555 0.188355
v -0.605816 0.611436 0.203334
v -0.678829 0.692273 0.200385
v -0.550868 0.838520 0.090154
v -0.713454 0.725007 0.091232
v -0.454442 0.838402 0.189781
v -0.368501 0.896916 0.186701
v -0.485266 0.879258 0.089685
v -0.459427 0.714644 0.191298
v -0.399113 0.754605 0.192439
v -0.520265 0.801555 0.188355
v -0.520265 0.801555 0.188355
v -0.550868 0.838520 0.090154
v -0.678829 0.692273 0.200385
v -0.579475 0.579361 0.095947
v -0.438714 0.679725 0.094711
v -0.459427 0.714644 0.191298
v -0.399113 0.754605 0.192439
v -0.454442 0.838402 0.189781
v -0.520265 0.801555 0.188355
v -0.399113 0.754605 0.192439
v -0.311267 0.756069 0.092536
v -0.338635 0.793118 0.193854
v -0.520265 0.801555 0.188355
v -0.454442 0.838402 0.189781
v -0.550868 0.838520 0.090154
v -0.454442 0.838402 0.189781
v -0.485266 0.879258 0.089685
v -0.550868 0.838520 0.090154
v -0.459427 0.714644 0.191298
v -0.378625 0.722100 0.094196
v -0.399113 0.754605 0.192439
v -0.597814 0.598017 -0.016103
v -0.438714 0.679725 0.094711
v -0.579475 0.579361 0.095947
v -0.550868 0.838520 0.090154
v -0.485266 0.879258 0.089685
v -0.524933 0.804141 -0.012404
v -0.485266 0.879258 0.089685
v -0.459324 0.844932 -0.012579
v -0.524933 0.804141 -0.012404
v -0.550868 0.838520 0.090154
v -0.683781 0.693423 -0.008688
v -0.713454 0.725007 0.091232
v -0.438714 0.679725 0.094711
v -0.378625 0.722100 0.094196
v -0.459427 0.714644 0.191298
v -0.378625 0.722100 0.094196
v -0.311267 0.756069 0.092536
v -0.399113 0.754605 0.192439
v -0.597814 0.598017 -0.016103
v -0.450413 0.701820 -0.019940
v -0.438714 0.679725 0.094711
v -0.450413 0.701820 -0.019940
v -0.390109 0.743907 -0.020320
v -0.438714 0.679725 0.094711
v -0.438714 0.679725 0.094711
v -0.390109 0.743907 -0.020320
v -0.378625 0.722100 0.094196
v -0.390109 0.743907 -0.020320
v -0.311267 0.756069 0.092536
v -0.378625 0.722100 0.094196
v -0.683781 0.693423 -0.008688
v -0.550868 0.838520 0.090154
v -0.524933 0.804141 -0.012404
v -0.729289 0.699466 0.093329
v -0.673432 0.686545 -0.002636
v -0.700004 0.669871 -0.008795
v -0.705293 0.718208 0.089716
v -0.673432 0.686545 -0.002636
v -0.729289 0.699466 0.093329
v -0.611563 0.616715 -0.009122
v -0.584526 0.585659 0.090556
v -0.623348 0.584650 -0.016446
v -0.623348 0.584650 -0.016446
v -0.584526 0.585659 0.090556
v -0.606947 0.567991 0.095743
v -0.705293 0.718208 0.089716
v -0.695344 0.668817 0.198638
v -0.674964 0.687370 0.191999
v -0.695344 0.668817 0.198638
v -0.705293 0.718208 0.089716
v -0.729289 0.699466 0.093329
v -0.584526 0.585659 0.090556
v -0.610867 0.617396 0.194513
v -0.606947 0.567991 0.095743
v -0.606947 0.567991 0.095743
v -0.610867 0.617396 0.194513
v -0.630546 0.596945 0.201811
v -0.610867 0.617396 0.194513
v -0.674964 0.687370 0.191999
v -0.630546 0.596945 0.201811
v -0.630546 0.596945 0.201811
v -0.674964 0.687370 0.191999
v -0.695344 0.668817 0.198638
v -0.663236 0.630265 0.189590
v -0.718944 0.619224 0.192698
v -0.682435 0.616537 0.201868
v -0.682435 0.616537 0.201868
v -0.736893 0.596980 0.215020
v -0.715622 0.589668 0.227537
v -0.610161 0.699928 0.086022
v -0.670297 0.672833 0.175703
v -0.643409 0.650764 0.176696
v -0.643409 0.650764 0.176696
v -0.708499 0.641441 0.177912
v -0.663236 0.630265 0.189590
v -0.718944 0.619224 0.192698
v -0.736893 0.596980 0.215020
v -0.682435 0.616537 0.201868
v -0.708499 0.641441 0.177912
v -0.718944 0.619224 0.192698
v -0.663236 0.630265 0.189590
v -0.670297 0.672833 0.175703
v -0.708499 0.641441 0.177912
v -0.643409 0.650764 0.176696
v -0.681224 0.696568 0.082312
v -0.670297 0.672833 0.175703
v -0.610161 0.699928 0.086022
v -0.739999 0.632421 0.149984
v -0.736524 0.580941 0.154822
v -0.718786 0.597835 0.155841
v -0.708499 0.641441 0.177912
v -0.670297 0.672833 0.175703
v -0.739999 0.632421 0.149984
v -0.670297 0.672833 0.175703
v -0.681224 0.696568 0.082312
v -0.739999 0.632421 0.149984
v -0.643409 0.650764 0.176696
v -0.627656 0.620913 0.083198
v -0.610161 0.699928 0.086022
v -0.627656 0.620913 0.083198
v -0.634765 0.635181 0.006467
v -0.610161 0.699928 0.086022
v -0.736524 0.580941 0.154822
v -0.737884 0.573767 0.108707
v -0.718786 0.597835 0.155841
v -0.737884 0.573767 0.108707
v -0.706485 0.588772 0.082601
v -0.718786 0.597835 0.155841
v -0.715622 0.589668 0.227537
v -0.671435 0.597434 0.186841
v -0.682435 0.616537 0.201868
v -0.651895 0.596415 0.137708
v -0.627656 0.620913 0.083198
v -0.643409 0.650764 0.176696
v -0.704084 0.574952 0.212332
v -0.671435 0.597434 0.186841
v -0.715622 0.589668 0.227537
v -0.682435 0.616537 0.201868
v -0.651895 0.596415 0.137708
v -0.663236 0.630265 0.189590
v -0.651895 0.596415 0.137708
v -0.643409 0.650764 0.176696
v -0.663236 0.630265 0.189590
v -0.718786 0.597835 0.155841
v -0.706485 0.588772 0.082601
v -0.651895 0.596415 0.137708
v -0.671435 0.597434 0.186841
v -0.651895 0.596415 0.137708
v -0.682435 0.616537 0.201868
v -0.706485 0.588772 0.082601
v -0.705850 0.595145 -0.000106
v -0.627656 0.620913 0.083198
v -0.749375 0.606610 0.001222
v -0.761450 0.611858 0.032468
v -0.728252 0.625303 0.001364
v -0.782959 0.590031 0.005237
v -0.761450 0.611858 0.032468
v -0.749375 0.606610 0.001222
v -0.771635 0.559402 0.026750
v -0.757582 0.569702 -0.013574
v -0.739596 0.572754 0.030780
v -0.757582 0.569702 -0.013574
v -0.731688 0.582258 -0.004484
v -0.739596 0.572754 0.030780
v -0.739596 0.572754 0.030780
v -0.731688 0.582258 -0.004484
v -0.706485 0.588772 0.082601
v -0.731688 0.582258 -0.004484
v -0.705850 0.595145 -0.000106
v -0.706485 0.588772 0.082601
v -0.778060 0.549578 -0.019026
v -0.757582 0.569702 -0.013574
v -0.771635 0.559402 0.026750
v -0.749375 0.606610 0.001222
v -0.757582 0.569702 -0.013574
v -0.782959 0.590031 0.005237
v -0.799658 0.566417 -0.001913
v -0.793030 0.539708 0.015748
v -0.782959 0.590031 0.005237
v -0.761450 0.611858 0.032468
v -0.771635 0.559402 0.026750
v -0.739596 0.572754 0.030780
v -0.782959 0.590031 0.005237
v -0.757582 0.569702 -0.013574
v -0.799658 0.566417 -0.001913
v -0.793030 0.539708 0.015748
v -0.778060 0.549578 -0.019026
v -0.771635 0.559402 0.026750
v -0.757582 0.569702 -0.013574
v -0.778060 0.549578 -0.019026
v -0.799658 0.566417 -0.001913
v 0.858824 0.527393 0.051531
v 0.817791 0.555155 0.050909
v 0.873367 0.551815 0.074904
v 0.817791 0.555155 0.050909
v 0.775526 0.569304 0.055996
v 0.805208 0.617944 0.055650
v 0.873367 0.551815 0.074904
v 0.817791 0.555155 0.050909
v 0.844139 0.586603 0.075909
v 0.817791 0.555155 0.050909
v 0.805208 0.617944 0.055650
v 0.844139 0.586603 0.075909
v 0.857938 0.528146 0.100030
v 0.820055 0.554609 0.099828
v 0.858824 0.527393 0.051531
v 0.858824 0.527393 0.051531
v 0.820055 0.554609 0.099828
v 0.817791 0.555155 0.050909
v 0.775526 0.569304 0.055996
v 0.745163 0.588772 0.071395
v 0.777468 0.572754 0.019068
v 0.807796 0.557698 0.010750
v 0.775526 0.569304 0.055996
v 0.777468 0.572754 0.019068
v 0.799346 0.611858 0.020419
v 0.807796 0.557698 0.010750
v 0.777468 0.572754 0.019068
v 0.672275 0.635181 -0.003624
v 0.648902 0.699927 0.076301
v 0.701601 0.675661 -0.006864
v 0.743249 0.595145 -0.011293
v 0.672275 0.635181 -0.003624
v 0.765672 0.625303 -0.010169
v 0.672275 0.635181 -0.003624
v 0.701601 0.675661 -0.006864
v 0.765672 0.625303 -0.010169
v 0.799346 0.611858 0.020419
v 0.835899 0.587531 0.033768
v 0.807796 0.557698 0.010750
v 0.816014 0.553665 0.053378
v 0.775526 0.569304 0.055996
v 0.807796 0.557698 0.010750
v 0.835899 0.587531 0.033768
v 0.860945 0.555557 0.026563
v 0.807796 0.557698 0.010750
v 0.860945 0.555557 0.026563
v 0.863145 0.537613 0.022602
v 0.841581 0.537158 0.002975
v 0.841581 0.537158 0.002975
v 0.816014 0.553665 0.053378
v 0.807796 0.557698 0.010750
v 0.850025 0.531124 0.050148
v 0.816014 0.553665 0.053378
v 0.841581 0.537158 0.002975
v 0.863145 0.537613 0.022602
v 0.850025 0.531124 0.050148
v 0.841581 0.537158 0.002975
v -0.213560 0.829741 -0.170766
v 0.017185 0.836943 -0.201895
v -0.222358 0.680542 -0.168850
v -0.311267 0.756069 0.092536
v -0.213560 0.829741 -0.170766
v -0.293550 0.632015 0.077752
v -0.213560 0.829741 -0.170766
v -0.222358 0.680542 -0.168850
v -0.293550 0.632015 0.077752
v -0.306430 0.811373 -0.048840
v -0.213560 0.829741 -0.170766
v -0.311267 0.756069 0.092536
v -0.213560 0.829741 -0.170766
v -0.306430 0.811373 -0.048840
v -0.218201 0.921135 -0.120315
v -0.306430 0.811373 -0.048840
v -0.342360 0.910566 -0.056713
v -0.218201 0.921135 -0.120315
v -0.187587 -0.000041 0.255559
v -0.255265 -0.000033 0.156741
v -0.091460 -0.000041 0.255485
v -0.091460 -0.000041 0.255485
v -0.255265 -0.000033 0.156741
v -0.025295 -0.000033 0.158128
v -0.255265 -0.000033 0.156741
v -0.279412 -0.000019 0.020861
v -0.025295 -0.000033 0.158128
v -0.005611 0.057737 -0.003551
v -0.077110 -0.000037 -0.138434
v -0.077271 0.052651 -0.159284
v -0.025295 -0.000033 0.158128
v -0.279412 -0.000019 0.020861
v -0.001857 -0.000012 0.001332
v -0.279412 -0.000019 0.020861
v -0.207950 -0.000037 -0.129391
v -0.001857 -0.000012 0.001332
v -0.001857 -0.000012 0.001332
v -0.207950 -0.000037 -0.129391
v -0.077110 -0.000037 -0.138434
v -0.077110 -0.000037 -0.138434
v -0.208123 0.052743 -0.151807
v -0.077271 0.052651 -0.159284
v -0.077271 0.052651 -0.159284
v -0.208123 0.052743 -0.151807
v -0.141555 0.183572 -0.153946
v -0.271466 0.158243 0.017559
v -0.208123 0.052743 -0.151807
v -0.293797 0.080650 0.020035
v -0.208123 0.052743 -0.151807
v -0.077110 -0.000037 -0.138434
v -0.207950 -0.000037 -0.129391
v -0.293797 0.080650 0.020035
v -0.208123 0.052743 -0.151807
v -0.207950 -0.000037 -0.129391
v -0.171579 0.203465 0.165922
v -0.271466 0.158243 0.017559
v -0.165080 0.142870 0.103954
v -0.342360 0.910566 -0.056713
v -0.306430 0.811373 -0.048840
v -0.459324 0.844932 -0.012579
v -0.165080 0.142870 0.103954
v -0.271466 0.158243 0.017559
v -0.293797 0.080650 0.020035
v -0.293797 0.080650 0.020035
v -0.207950 -0.000037 -0.129391
v -0.279412 -0.000019 0.020861
v -0.271466 0.158243 0.017559
v -0.171579 0.203465 0.165922
v -0.295078 0.243420 0.040814
v -0.249241 0.068711 0.132490
v -0.293797 0.080650 0.020035
v -0.279412 -0.000019 0.020861
v -0.220508 0.113679 0.149194
v -0.293797 0.080650 0.020035
v -0.249241 0.068711 0.132490
v -0.141555 0.183572 -0.153946
v -0.271466 0.158243 0.017559
v -0.295078 0.243420 0.040814
v -0.144172 0.292468 -0.136109
v -0.141555 0.183572 -0.153946
v -0.295078 0.243420 0.040814
v -0.278430 0.789944 0.223973
v -0.318520 0.926436 0.208716
v -0.368501 0.896916 0.186701
v -0.249241 0.068711 0.132490
v -0.140648 0.070413 0.109849
v -0.062231 0.068591 0.143779
v -0.005611 0.057737 -0.003551
v -0.141555 0.183572 -0.153946
v -0.016674 0.184687 -0.005408
v -0.306430 0.811373 -0.048840
v -0.390109 0.743907 -0.020320
v -0.459324 0.844932 -0.012579
v -0.141555 0.183572 -0.153946
v -0.144172 0.292468 -0.136109
v -0.016674 0.184687 -0.005408
v -0.016674 0.184687 -0.005408
v -0.144172 0.292468 -0.136109
v 0.010722 0.239602 0.004209
v -0.338635 0.793118 0.193854
v -0.278430 0.789944 0.223973
v -0.368501 0.896916 0.186701
v -0.390109 0.743907 -0.020320
v -0.450413 0.701820 -0.019940
v -0.459324 0.844932 -0.012579
v -0.311267 0.756069 0.092536
v -0.278430 0.789944 0.223973
v -0.338635 0.793118 0.193854
v -0.459324 0.844932 -0.012579
v -0.450413 0.701820 -0.019940
v -0.524933 0.804141 -0.012404
v -0.450413 0.701820 -0.019940
v -0.597814 0.598017 -0.016103
v -0.524933 0.804141 -0.012404
v -0.524933 0.804141 -0.012404
v -0.597814 0.598017 -0.016103
v -0.683781 0.693423 -0.008688
v -0.597814 0.598017 -0.016103
v -0.579475 0.579361 0.095947
v -0.683781 0.693423 -0.008688
v -0.683781 0.693423 -0.008688
v -0.579475 0.579361 0.095947
v -0.713454 0.725007 0.091232
v -0.579475 0.579361 0.095947
v -0.605816 0.611436 0.203334
v -0.713454 0.725007 0.091232
v -0.713454 0.725007 0.091232
v -0.605816 0.611436 0.203334
v -0.678829 0.692273 0.200385
v -0.630546 0.596945 0.201811
v -0.729289 0.699466 0.093329
v -0.606947 0.567991 0.095743
v -0.729289 0.699466 0.093329
v -0.700004 0.669871 -0.008795
v -0.606947 0.567991 0.095743
v -0.606947 0.567991 0.095743
v -0.700004 0.669871 -0.008795
v -0.623348 0.584650 -0.016446
v -0.695344 0.668817 0.198638
v -0.729289 0.699466 0.093329
v -0.630546 0.596945 0.201811
v -0.673432 0.686545 -0.002636
v -0.611563 0.616715 -0.009122
v -0.700004 0.669871 -0.008795
v -0.700004 0.669871 -0.008795
v -0.611563 0.616715 -0.009122
v -0.623348 0.584650 -0.016446
v -0.736893 0.596980 0.215020
v -0.718944 0.619224 0.192698
v -0.729870 0.572809 0.195865
v -0.729870 0.572809 0.195865
v -0.718944 0.619224 0.192698
v -0.716047 0.589861 0.170959
v -0.718944 0.619224 0.192698
v -0.708499 0.641441 0.177912
v -0.716047 0.589861 0.170959
v -0.716047 0.589861 0.170959
v -0.708499 0.641441 0.177912
v -0.718786 0.597835 0.155841
v -0.708499 0.641441 0.177912
v -0.739999 0.632421 0.149984
v -0.718786 0.597835 0.155841
v -0.634765 0.635181 0.006467
v -0.627656 0.620913 0.083198
v -0.705850 0.595145 -0.000106
v -0.706485 0.588772 0.082601
v -0.627656 0.620913 0.083198
v -0.651895 0.596415 0.137708
v -0.729870 0.572809 0.195865
v -0.716047 0.589861 0.170959
v -0.704084 0.574952 0.212332
v -0.704084 0.574952 0.212332
v -0.716047 0.589861 0.170959
v -0.671435 0.597434 0.186841
v -0.716047 0.589861 0.170959
v -0.718786 0.597835 0.155841
v -0.671435 0.597434 0.186841
v -0.671435 0.597434 0.186841
v -0.718786 0.597835 0.155841
v -0.651895 0.596415 0.137708
v -0.757582 0.569702 -0.013574
v -0.749375 0.606610 0.001222
v -0.731688 0.582258 -0.004484
v -0.731688 0.582258 -0.004484
v -0.749375 0.606610 0.001222
v -0.705850 0.595145 -0.000106
v -0.749375 0.606610 0.001222
v -0.728252 0.625303 0.001364
v -0.705850 0.595145 -0.000106
v -0.782959 0.590031 0.005237
v -0.771635 0.559402 0.026750
v -0.761450 0.611858 0.032468
v -0.793030 0.539708 0.015748
v -0.771635 0.559402 0.026750
v -0.782959 0.590031 0.005237
v -0.800633 0.548729 -0.005710
v -0.793030 0.539708 0.015748
v -0.799658 0.566417 -0.001913
v -0.800633 0.548729 -0.005710
v -0.778060 0.549578 -0.019026
v -0.793030 0.539708 0.015748
v -0.799658 0.566417 -0.001913
v -0.778060 0.549578 -0.019026
v -0.800633 0.548729 -0.005710
v -0.736893 0.596980 0.215020
v -0.736120 0.574525 0.221268
v -0.715622 0.589668 0.227537
v -0.729870 0.572809 0.195865
v -0.704084 0.574952 0.212332
v -0.736120 0.574525 0.221268
v -0.736120 0.574525 0.221268
v -0.704084 0.574952 0.212332
v -0.715622 0.589668 0.227537
v -0.634765 0.635181 0.006467
v -0.664138 0.675661 0.003680
v -0.610161 0.699928 0.086022
v -0.664138 0.675661 0.003680
v -0.681224 0.696568 0.082312
v -0.610161 0.699928 0.086022
v -0.728252 0.625303 0.001364
v -0.746882 0.642726 0.072658
v -0.664138 0.675661 0.003680
v -0.746882 0.642726 0.072658
v -0.681224 0.696568 0.082312
v -0.664138 0.675661 0.003680
v -0.739999 0.632421 0.149984
v -0.681224 0.696568 0.082312
v -0.746882 0.642726 0.072658
v -0.761450 0.611858 0.032468
v -0.746882 0.642726 0.072658
v -0.728252 0.625303 0.001364
v -0.756736 0.609706 0.149958
v -0.736524 0.580941 0.154822
v -0.739999 0.632421 0.149984
v -0.739596 0.572754 0.030780
v -0.770037 0.557698 0.024463
v -0.761450 0.611858 0.032468
v -0.767108 0.617620 0.108580
v -0.756736 0.609706 0.149958
v -0.746882 0.642726 0.072658
v -0.746882 0.642726 0.072658
v -0.756736 0.609706 0.149958
v -0.739999 0.632421 0.149984
v -0.773455 0.562380 0.163418
v -0.736524 0.580941 0.154822
v -0.756736 0.609706 0.149958
v -0.766768 0.617944 0.067786
v -0.767108 0.617620 0.108580
v -0.746882 0.642726 0.072658
v -0.756736 0.609706 0.149958
v -0.767108 0.617620 0.108580
v -0.798908 0.586852 0.140864
v -0.761450 0.611858 0.032468
v -0.766768 0.617944 0.067786
v -0.746882 0.642726 0.072658
v -0.798908 0.586852 0.140864
v -0.773455 0.562380 0.163418
v -0.756736 0.609706 0.149958
v -0.737884 0.573767 0.108707
v -0.737083 0.569304 0.067674
v -0.706485 0.588772 0.082601
v -0.737083 0.569304 0.067674
v -0.739596 0.572754 0.030780
v -0.706485 0.588772 0.082601
v -0.805381 0.586603 0.088643
v -0.767108 0.617620 0.108580
v -0.766768 0.617944 0.067786
v -0.782146 0.555636 0.114625
v -0.737884 0.573767 0.108707
v -0.736524 0.580941 0.154822
v -0.773455 0.562380 0.163418
v -0.782146 0.555636 0.114625
v -0.736524 0.580941 0.154822
v -0.777582 0.553665 0.068906
v -0.737083 0.569304 0.067674
v -0.766768 0.617944 0.067786
v -0.779416 0.555155 0.063928
v -0.737083 0.569304 0.067674
v -0.737884 0.573767 0.108707
v -0.761450 0.611858 0.032468
v -0.797792 0.587531 0.046379
v -0.766768 0.617944 0.067786
v -0.782146 0.555636 0.114625
v -0.812888 0.535415 0.124142
v -0.823811 0.560596 0.147663
v -0.812888 0.535415 0.124142
v -0.782146 0.555636 0.114625
v -0.773455 0.562380 0.163418
v -0.737884 0.573767 0.108707
v -0.767108 0.617620 0.108580
v -0.780937 0.554609 0.111290
v -0.773455 0.562380 0.163418
v -0.798908 0.586852 0.140864
v -0.804070 0.542140 0.169358
v -0.770037 0.557698 0.024463
v -0.739596 0.572754 0.030780
v -0.737083 0.569304 0.067674
v -0.804070 0.542140 0.169358
v -0.812888 0.535415 0.124142
v -0.773455 0.562380 0.163418
v -0.780937 0.554609 0.111290
v -0.779416 0.555155 0.063928
v -0.737884 0.573767 0.108707
v -0.798908 0.586852 0.140864
v -0.823811 0.560596 0.147663
v -0.804070 0.542140 0.169358
v -0.823607 0.539584 0.150008
v -0.812888 0.535415 0.124142
v -0.804070 0.542140 0.169358
v -0.767108 0.617620 0.108580
v -0.805381 0.586603 0.088643
v -0.780937 0.554609 0.111290
v -0.834054 0.551372 0.089947
v -0.805381 0.586603 0.088643
v -0.779416 0.555155 0.063928
v -0.819867 0.526949 0.067242
v -0.779416 0.555155 0.063928
v -0.780937 0.554609 0.111290
v -0.819867 0.526949 0.067242
v -0.834054 0.551372 0.089947
v -0.779416 0.555155 0.063928
v -0.777582 0.553665 0.068906
v -0.770037 0.557698 0.024463
v -0.737083 0.569304 0.067674
v -0.780937 0.554609 0.111290
v -0.805381 0.586603 0.088643
v -0.818245 0.527702 0.114150
v -0.818245 0.527702 0.114150
v -0.819867 0.526949 0.067242
v -0.780937 0.554609 0.111290
v -0.805381 0.586603 0.088643
v -0.834054 0.551372 0.089947
v -0.818245 0.527702 0.114150
v -0.818245 0.527702 0.114150
v -0.834054 0.551372 0.089947
v -0.837412 0.532324 0.092418
v -0.808357 0.528924 0.062943
v -0.777582 0.553665 0.068906
v -0.797792 0.587531 0.046379
v -0.800614 0.534958 0.019449
v -0.770037 0.557698 0.024463
v -0.777582 0.553665 0.068906
v -0.819627 0.553357 0.041020
v -0.808357 0.528924 0.062943
v -0.797792 0.587531 0.046379
v -0.797792 0.587531 0.046379
v -0.770037 0.557698 0.024463
v -0.819627 0.553357 0.041020
v -0.808357 0.528924 0.062943
v -0.800614 0.534958 0.019449
v -0.777582 0.553665 0.068906
v -0.770037 0.557698 0.024463
v -0.800614 0.534958 0.019449
v -0.819627 0.553357 0.041020
v 0.018304 1.028107 -0.057009
v -0.110293 1.056915 0.097735
v 0.019298 1.082763 0.071849
v 0.656341 0.623813 0.185422
v 0.671092 0.596945 0.194283
v 0.720479 0.690772 0.181916
v 0.671092 0.596945 0.194283
v 0.735833 0.668817 0.190109
v 0.720479 0.690772 0.181916
v 0.736742 0.713924 0.078583
v 0.735833 0.668817 0.190109
v 0.768128 0.699466 0.081769
v 0.736742 0.713924 0.078583
v 0.768128 0.699466 0.081769
v 0.715953 0.689948 -0.011311
v 0.735833 0.668817 0.190109
v 0.736742 0.713924 0.078583
v 0.720479 0.690772 0.181916
v 0.768128 0.699466 0.081769
v 0.737296 0.669871 -0.016571
v 0.715953 0.689948 -0.011311
v 0.735833 0.668817 0.190109
v 0.671092 0.596945 0.194283
v 0.768128 0.699466 0.081769
v 0.671092 0.596945 0.194283
v 0.647841 0.572738 0.086056
v 0.768128 0.699466 0.081769
v 0.768128 0.699466 0.081769
v 0.647841 0.572738 0.086056
v 0.737296 0.669871 -0.016571
v 0.647841 0.572738 0.086056
v 0.660530 0.584650 -0.023037
v 0.737296 0.669871 -0.016571
v 0.634979 0.598017 -0.025621
v 0.721051 0.693423 -0.019533
v 0.618372 0.579361 0.086699
v 0.719327 0.692273 0.189590
v 0.752263 0.725007 0.079917
v 0.560596 0.801555 0.180012
v 0.721051 0.693423 -0.019533
v 0.752263 0.725007 0.079917
v 0.618372 0.579361 0.086699
v 0.752263 0.725007 0.079917
v 0.721051 0.693423 -0.019533
v 0.589680 0.838520 0.081349
v 0.618372 0.579361 0.086699
v 0.752263 0.725007 0.079917
v 0.646369 0.611436 0.193668
v 0.752263 0.725007 0.079917
v 0.719327 0.692273 0.189590
v 0.646369 0.611436 0.193668
v 0.752263 0.725007 0.079917
v 0.589680 0.838520 0.081349
v 0.560596 0.801555 0.180012
v 0.646369 0.611436 0.193668
v 0.719327 0.692273 0.189590
v 0.499812 0.714644 0.183892
v 0.719327 0.692273 0.189590
v 0.560596 0.801555 0.180012
v 0.499812 0.714644 0.183892
v 0.560596 0.801555 0.180012
v 0.589680 0.838520 0.081349
v 0.494804 0.838402 0.182453
v 0.721051 0.693423 -0.019533
v 0.562164 0.804141 -0.020796
v 0.589680 0.838520 0.081349
v 0.589680 0.838520 0.081349
v 0.524078 0.879258 0.081893
v 0.494804 0.838402 0.182453
v 0.589680 0.838520 0.081349
v 0.562164 0.804141 -0.020796
v 0.524078 0.879258 0.081893
v 0.560596 0.801555 0.180012
v 0.494804 0.838402 0.182453
v 0.439523 0.754605 0.185964
v 0.562164 0.804141 -0.020796
v 0.496561 0.844932 -0.019959
v 0.524078 0.879258 0.081893
v 0.494804 0.838402 0.182453
v 0.524078 0.879258 0.081893
v 0.408826 0.896916 0.180700
v 0.499812 0.714644 0.183892
v 0.560596 0.801555 0.180012
v 0.439523 0.754605 0.185964
v 0.524078 0.879258 0.081893
v 0.496561 0.844932 -0.019959
v 0.427912 0.951586 0.082399
v 0.439523 0.754605 0.185964
v 0.494804 0.838402 0.182453
v 0.379073 0.793118 0.188313
v 0.494804 0.838402 0.182453
v 0.408826 0.896916 0.180700
v 0.379073 0.793118 0.188313
v 0.524078 0.879258 0.081893
v 0.427912 0.951586 0.082399
v 0.408826 0.896916 0.180700
v 0.350144 0.756069 0.087430
v 0.379073 0.793118 0.188313
v 0.319340 0.789944 0.219359
v 0.379073 0.793118 0.188313
v 0.408826 0.896916 0.180700
v 0.319340 0.789944 0.219359
v 0.319340 0.789944 0.219359
v 0.408826 0.896916 0.180700
v 0.356444 0.926436 0.203505
v 0.408826 0.896916 0.180700
v 0.427912 0.951586 0.082399
v 0.356444 0.926436 0.203505
v 0.149275 1.056915 0.095760
v 0.018304 1.028107 -0.057009
v 0.019298 1.082763 0.071849
v -0.132571 0.765389 0.270770
v -0.278430 0.789944 0.223973
v -0.121389 0.627523 0.274986
v -0.278430 0.789944 0.223973
v -0.255336 0.636002 0.235602
v -0.121389 0.627523 0.274986
v 0.496561 0.844932 -0.019959
v 0.378929 0.910566 -0.062281
v 0.427912 0.951586 0.082399
v 0.356444 0.926436 0.203505
v 0.427912 0.951586 0.082399
v 0.387360 1.017384 0.083025
v -0.075047 0.330650 0.140387
v 0.007413 0.344226 0.022966
v -0.052534 0.393682 0.164026
v 0.003416 0.311925 0.017692
v 0.007413 0.344226 0.022966
v -0.075047 0.330650 0.140387
v 0.010722 0.239602 0.004209
v 0.003416 0.311925 0.017692
v -0.059125 0.205817 0.097479
v -0.170365 0.444403 0.181135
v -0.075047 0.330650 0.140387
v -0.052534 0.393682 0.164026
v -0.059125 0.205817 0.097479
v 0.003416 0.311925 0.017692
v -0.075047 0.330650 0.140387
v -0.075047 0.330650 0.140387
v -0.171579 0.203465 0.165922
v -0.059125 0.205817 0.097479
v -0.171579 0.203465 0.165922
v -0.075047 0.330650 0.140387
v -0.170365 0.444403 0.181135
v 0.427912 0.951586 0.082399
v 0.378929 0.910566 -0.062281
v 0.387360 1.017384 0.083025
v 0.261568 0.997365 -0.038244
v 0.018304 1.028107 -0.057009
v 0.149275 1.056915 0.095760
v 0.292662 1.037697 0.098237
v 0.261568 0.997365 -0.038244
v 0.149275 1.056915 0.095760
v 0.387360 1.017384 0.083025
v 0.366266 0.973467 -0.017080
v 0.292662 1.037697 0.098237
v 0.366266 0.973467 -0.017080
v 0.261568 0.997365 -0.038244
v 0.292662 1.037697 0.098237
v 0.387360 1.017384 0.083025
v 0.378929 0.910566 -0.062281
v 0.366266 0.973467 -0.017080
v 0.261568 0.997365 -0.038244
v 0.366266 0.973467 -0.017080
v 0.378929 0.910566 -0.062281
v 0.356444 0.926436 0.203505
v 0.387360 1.017384 0.083025
v 0.292662 1.037697 0.098237
v 0.292662 1.037697 0.098237
v 0.149275 1.056915 0.095760
v 0.191494 0.926609 0.205060
v 0.378929 0.910566 -0.062281
v 0.253803 0.921135 -0.123959
v 0.261568 0.997365 -0.038244
v 0.253803 0.921135 -0.123959
v 0.018304 1.028107 -0.057009
v 0.261568 0.997365 -0.038244
v 0.191494 0.926609 0.205060
v 0.356444 0.926436 0.203505
v 0.292662 1.037697 0.098237
v 0.018304 1.028107 -0.057009
v 0.253803 0.921135 -0.123959
v 0.017571 0.940691 -0.151854
v 0.319340 0.789944 0.219359
v 0.356444 0.926436 0.203505
v 0.191494 0.926609 0.205060
v 0.163106 0.627523 0.272791
v 0.296429 0.636001 0.231343
v 0.174221 0.765389 0.268402
v 0.296429 0.636001 0.231343
v 0.319340 0.789944 0.219359
v 0.174221 0.765389 0.268402
v 0.174221 0.765389 0.268402
v 0.319340 0.789944 0.219359
v 0.191494 0.926609 0.205060
v 0.319340 0.789944 0.219359
v 0.296429 0.636001 0.231343
v 0.332201 0.632015 0.072921
v 0.248384 0.829741 -0.174331
v 0.350144 0.756069 0.087430
v 0.257210 0.680542 -0.172551
v -0.121389 0.627523 0.274986
v -0.255336 0.636002 0.235602
v -0.128301 0.449869 0.273204
v 0.350144 0.756069 0.087430
v 0.319340 0.789944 0.219359
v 0.332201 0.632015 0.072921
v 0.350144 0.756069 0.087430
v 0.332201 0.632015 0.072921
v 0.257210 0.680542 -0.172551
v 0.065219 -0.000033 0.157430
v 0.179813 0.070413 0.107375
v 0.039441 -0.000019 0.001037
v 0.180761 0.045579 0.230229
v 0.179813 0.070413 0.107375
v 0.065219 -0.000033 0.157430
v 0.317197 -0.000012 0.016238
v 0.179813 0.070413 0.107375
v 0.295140 -0.000033 0.152491
v 0.132879 -0.000041 0.253754
v 0.180761 0.045579 0.230229
v 0.065219 -0.000033 0.157430
v 0.179813 0.070413 0.107375
v 0.180761 0.045579 0.230229
v 0.295140 -0.000033 0.152491
v 0.295140 -0.000033 0.152491
v 0.180761 0.045579 0.230229
v 0.228995 -0.000041 0.252343
v 0.180761 0.045579 0.230229
v 0.132879 -0.000041 0.253754
v 0.228995 -0.000041 0.252343
v 0.179813 0.070413 0.107375
v 0.317197 -0.000012 0.016238
v 0.288742 0.068711 0.128337
v -0.277006 0.321226 0.204577
v -0.333557 0.321356 0.051844
v -0.276337 0.369590 0.065859
v 0.039441 -0.000019 0.001037
v 0.179813 0.070413 0.107375
v 0.101929 0.068591 0.142512
v 0.169989 0.449869 0.270902
v 0.296429 0.636001 0.231343
v 0.163106 0.627523 0.272791
v 0.317197 -0.000012 0.016238
v 0.331557 0.080650 0.015207
v 0.288742 0.068711 0.128337
v 0.332201 0.632015 0.072921
v 0.296429 0.636001 0.231343
v 0.361454 0.454830 0.057976
v 0.331557 0.080650 0.015207
v 0.204150 0.142870 0.101104
v 0.260270 0.113679 0.145483
v 0.101929 0.068591 0.142512
v 0.288742 0.068711 0.128337
v 0.094852 0.115785 0.099094
v 0.112287 0.052651 -0.160748
v 0.043041 0.057736 -0.003926
v 0.176646 0.183572 -0.156403
v 0.257210 0.680542 -0.172551
v 0.332201 0.632015 0.072921
v 0.289518 0.506179 -0.179782
v 0.331557 0.080650 0.015207
v 0.317197 -0.000012 0.016238
v 0.243413 -0.000037 -0.132875
v 0.331557 0.080650 0.015207
v 0.260270 0.113679 0.145483
v 0.288742 0.068711 0.128337
v 0.288742 0.068711 0.128337
v 0.260270 0.113679 0.145483
v 0.094852 0.115785 0.099094
v 0.003416 0.311925 0.017692
v 0.010722 0.239602 0.004209
v 0.017489 0.449448 -0.162497
v 0.176646 0.183572 -0.156403
v 0.309191 0.158243 0.013076
v 0.243240 0.052743 -0.155292
v 0.309191 0.158243 0.013076
v 0.331557 0.080650 0.015207
v 0.243240 0.052743 -0.155292
v 0.243240 0.052743 -0.155292
v 0.331557 0.080650 0.015207
v 0.243413 -0.000037 -0.132875
v 0.309191 0.158243 0.013076
v 0.204150 0.142870 0.101104
v 0.331557 0.080650 0.015207
v 0.094852 0.115785 0.099094
v 0.118501 0.147394 0.069213
v 0.054074 0.184687 -0.005953
v 0.094852 0.115785 0.099094
v 0.260270 0.113679 0.145483
v 0.118501 0.147394 0.069213
v 0.260270 0.113679 0.145483
v 0.204150 0.142870 0.101104
v 0.118501 0.147394 0.069213
v 0.211606 0.203465 0.162964
v 0.204150 0.142870 0.101104
v 0.309191 0.158243 0.013076
v 0.296429 0.636001 0.231343
v 0.169989 0.449869 0.270902
v 0.303152 0.451290 0.221775
v 0.296429 0.636001 0.231343
v 0.303152 0.451290 0.221775
v 0.361454 0.454830 0.057976
v 0.333158 0.243420 0.035964
v 0.211606 0.203465 0.162964
v 0.309191 0.158243 0.013076
v 0.332201 0.632015 0.072921
v 0.361454 0.454830 0.057976
v 0.289518 0.506179 -0.179782
v -0.276337 0.369590 0.065859
v -0.333557 0.321356 0.051844
v -0.233116 0.395286 -0.119581
v 0.314806 0.369590 0.061295
v 0.210627 0.444402 0.178194
v 0.333158 0.243420 0.035964
v 0.210627 0.444402 0.178194
v 0.211606 0.203465 0.162964
v 0.333158 0.243420 0.035964
v 0.211606 0.203465 0.162964
v 0.210627 0.444402 0.178194
v 0.114691 0.330650 0.138922
v 0.114691 0.330650 0.138922
v 0.210627 0.444402 0.178194
v 0.092546 0.393682 0.162906
v 0.020337 0.456227 0.206326
v -0.170365 0.444403 0.181135
v 0.020149 0.391735 0.181998
v -0.170365 0.444403 0.181135
v -0.052534 0.393682 0.164026
v 0.020149 0.391735 0.181998
v -0.152192 0.674614 0.199585
v -0.132571 0.765389 0.270770
v -0.121389 0.627523 0.274986
v 0.020149 0.391735 0.181998
v -0.052534 0.393682 0.164026
v 0.018939 0.358434 0.025317
v 0.361454 0.454830 0.057976
v 0.371803 0.321356 0.046398
v 0.292281 0.386163 -0.202096
v 0.007413 0.344226 0.022966
v 0.003416 0.311925 0.017692
v 0.017489 0.449448 -0.162497
v 0.289518 0.506179 -0.179782
v 0.361454 0.454830 0.057976
v 0.292281 0.386163 -0.202096
v 0.034343 0.311925 0.017453
v 0.017489 0.449448 -0.162497
v 0.026831 0.239602 0.004085
v 0.169989 0.449869 0.270902
v 0.207969 0.325026 0.273219
v 0.317617 0.321226 0.199986
v 0.303152 0.451290 0.221775
v 0.169989 0.449869 0.270902
v 0.317617 0.321226 0.199986
v 0.361454 0.454830 0.057976
v 0.303152 0.451290 0.221775
v 0.371803 0.321356 0.046398
v 0.303152 0.451290 0.221775
v 0.317617 0.321226 0.199986
v 0.371803 0.321356 0.046398
v -0.164469 0.586356 0.188648
v -0.170365 0.444403 0.181135
v 0.020337 0.456227 0.206326
v -0.257881 0.386163 -0.197849
v 0.016688 0.432268 -0.266331
v 0.017489 0.449448 -0.162497
v 0.030428 0.344226 0.022789
v 0.092546 0.393682 0.162906
v 0.020149 0.391735 0.181998
v -0.233116 0.395286 -0.119581
v -0.257881 0.386163 -0.197849
v 0.017489 0.449448 -0.162497
v -0.128301 0.449869 0.273204
v -0.262207 0.451290 0.226139
v -0.166240 0.325026 0.276108
v 0.020149 0.391735 0.181998
v 0.092546 0.393682 0.162906
v 0.210627 0.444402 0.178194
v 0.020441 0.583736 0.219853
v -0.164469 0.586356 0.188648
v 0.020337 0.456227 0.206326
v 0.210627 0.444402 0.178194
v 0.020337 0.456227 0.206326
v 0.020149 0.391735 0.181998
v 0.007413 0.344226 0.022966
v 0.017489 0.449448 -0.162497
v 0.018939 0.358434 0.025317
v -0.333557 0.321356 0.051844
v -0.257881 0.386163 -0.197849
v -0.233116 0.395286 -0.119581
v 0.018939 0.358434 0.025317
v -0.052534 0.393682 0.164026
v 0.007413 0.344226 0.022966
v 0.020441 0.583736 0.219853
v 0.020337 0.456227 0.206326
v 0.210627 0.444402 0.178194
v 0.020366 0.671681 0.210176
v -0.152192 0.674614 0.199585
v 0.020441 0.583736 0.219853
v -0.152192 0.674614 0.199585
v -0.164469 0.586356 0.188648
v 0.020441 0.583736 0.219853
v -0.139959 0.734480 0.225180
v -0.152192 0.674614 0.199585
v 0.020366 0.671681 0.210176
v 0.204846 0.586356 0.185797
v 0.020441 0.583736 0.219853
v 0.210627 0.444402 0.178194
v 0.192740 0.674614 0.196923
v 0.020366 0.671681 0.210176
v 0.204846 0.586356 0.185797
v 0.020366 0.671681 0.210176
v 0.020441 0.583736 0.219853
v 0.204846 0.586356 0.185797
v 0.020575 0.716496 0.237161
v -0.139959 0.734480 0.225180
v 0.020366 0.671681 0.210176
v 0.020621 0.841995 0.243096
v -0.150820 0.926610 0.207704
v 0.020575 0.716496 0.237161
v -0.150820 0.926610 0.207704
v -0.139959 0.734480 0.225180
v 0.020575 0.716496 0.237161
v -0.132571 0.765389 0.270770
v -0.152192 0.674614 0.199585
v -0.139959 0.734480 0.225180
v 0.020692 0.848898 0.252384
v -0.045427 0.801579 0.241814
v 0.020801 0.793863 0.266435
v 0.020575 0.716496 0.237161
v 0.020366 0.671681 0.210176
v 0.192740 0.674614 0.196923
v -0.124447 0.801138 0.268395
v -0.109635 0.750618 0.243699
v -0.042924 0.762423 0.244944
v -0.108874 0.851886 0.263717
v -0.124447 0.801138 0.268395
v -0.046823 0.799870 0.250341
v -0.046823 0.799870 0.250341
v -0.124447 0.801138 0.268395
v -0.042924 0.762423 0.244944
v -0.043594 0.850512 0.251498
v -0.108874 0.851886 0.263717
v -0.046823 0.799870 0.250341
v -0.042924 0.762423 0.244944
v 0.038497 0.796127 0.239150
v -0.046823 0.799870 0.250341
v 0.038497 0.796127 0.239150
v -0.043594 0.850512 0.251498
v -0.046823 0.799870 0.250341
v -0.150820 0.926610 0.207704
v -0.132571 0.765389 0.270770
v -0.139959 0.734480 0.225180
v 0.180905 0.734480 0.222703
v 0.020575 0.716496 0.237161
v 0.192740 0.674614 0.196923
v 0.150418 0.851886 0.261715
v 0.084957 0.850512 0.250505
v 0.088168 0.799870 0.249299
v 0.084957 0.850512 0.250505
v 0.002686 0.796127 0.239426
v 0.088168 0.799870 0.249299
v 0.166061 0.801138 0.266154
v 0.150418 0.851886 0.261715
v 0.088168 0.799870 0.249299
v 0.002686 0.796127 0.239426
v 0.084186 0.762423 0.243962
v 0.088168 0.799870 0.249299
v 0.088168 0.799870 0.249299
v 0.084186 0.762423 0.243962
v 0.166061 0.801138 0.266154
v 0.084186 0.762423 0.243962
v 0.150870 0.750618 0.241687
v 0.166061 0.801138 0.266154
v 0.020692 0.848898 0.252384
v 0.020801 0.793863 0.266435
v 0.086641 0.801579 0.240794
v 0.020801 0.793863 0.266435
v 0.019302 0.759289 0.238298
v 0.086641 0.801579 0.240794
v 0.191494 0.926609 0.205060
v 0.020621 0.841995 0.243096
v 0.180905 0.734480 0.222703
v 0.020621 0.841995 0.243096
v 0.020575 0.716496 0.237161
v 0.180905 0.734480 0.222703
v -0.729870 0.572809 0.195865
v -0.736120 0.574525 0.221268
v -0.736893 0.596980 0.215020
v -0.705850 0.595145 -0.000106
v -0.728252 0.625303 0.001364
v -0.634765 0.635181 0.006467
v -0.728252 0.625303 0.001364
v -0.664138 0.675661 0.003680
v -0.634765 0.635181 0.006467
v -0.767108 0.617620 0.108580
v -0.782146 0.555636 0.114625
v -0.798908 0.586852 0.140864
v -0.766768 0.617944 0.067786
v -0.737083 0.569304 0.067674
v -0.779416 0.555155 0.063928
v -0.782146 0.555636 0.114625
v -0.767108 0.617620 0.108580
v -0.737884 0.573767 0.108707
v -0.770037 0.557698 0.024463
v -0.797792 0.587531 0.046379
v -0.761450 0.611858 0.032468
v -0.798908 0.586852 0.140864
v -0.782146 0.555636 0.114625
v -0.823811 0.560596 0.147663
v -0.779416 0.555155 0.063928
v -0.805381 0.586603 0.088643
v -0.766768 0.617944 0.067786
v -0.823811 0.560596 0.147663
v -0.812888 0.535415 0.124142
v -0.823607 0.539584 0.150008
v -0.804070 0.542140 0.169358
v -0.823811 0.560596 0.147663
v -0.823607 0.539584 0.150008
v -0.797792 0.587531 0.046379
v -0.777582 0.553665 0.068906
v -0.766768 0.617944 0.067786
v -0.837412 0.532324 0.092418
v -0.834054 0.551372 0.089947
v -0.819867 0.526949 0.067242
v -0.837412 0.532324 0.092418
v -0.819867 0.526949 0.067242
v -0.818245 0.527702 0.114150
v -0.821888 0.535413 0.037093
v -0.808357 0.528924 0.062943
v -0.819627 0.553357 0.041020
v -0.821888 0.535413 0.037093
v -0.800614 0.534958 0.019449
v -0.808357 0.528924 0.062943
v -0.819627 0.553357 0.041020
v -0.800614 0.534958 0.019449
v -0.821888 0.535413 0.037093
v 0.626853 0.590491 0.081204
v 0.647841 0.572738 0.086056
v 0.656341 0.623813 0.185422
v 0.647841 0.572738 0.086056
v 0.671092 0.596945 0.194283
v 0.656341 0.623813 0.185422
v 0.715953 0.689948 -0.011311
v 0.737296 0.669871 -0.016571
v 0.654617 0.620164 -0.016845
v 0.737296 0.669871 -0.016571
v 0.660530 0.584650 -0.023037
v 0.654617 0.620164 -0.016845
v 0.654617 0.620164 -0.016845
v 0.660530 0.584650 -0.023037
v 0.626853 0.590491 0.081204
v 0.660530 0.584650 -0.023037
v 0.647841 0.572738 0.086056
v 0.626853 0.590491 0.081204
v 0.634979 0.598017 -0.025621
v 0.618372 0.579361 0.086699
v 0.487537 0.701820 -0.027181
v 0.562164 0.804141 -0.020796
v 0.721051 0.693423 -0.019533
v 0.634979 0.598017 -0.025621
v 0.618372 0.579361 0.086699
v 0.646369 0.611436 0.193668
v 0.477610 0.679725 0.087637
v 0.487537 0.701820 -0.027181
v 0.562164 0.804141 -0.020796
v 0.634979 0.598017 -0.025621
v 0.618372 0.579361 0.086699
v 0.477610 0.679725 0.087637
v 0.487537 0.701820 -0.027181
v 0.487537 0.701820 -0.027181
v 0.477610 0.679725 0.087637
v 0.427235 0.743907 -0.026630
v 0.646369 0.611436 0.193668
v 0.499812 0.714644 0.183892
v 0.477610 0.679725 0.087637
v 0.427235 0.743907 -0.026630
v 0.417519 0.722100 0.088049
v 0.343125 0.811373 -0.053853
v 0.427235 0.743907 -0.026630
v 0.496561 0.844932 -0.019959
v 0.487537 0.701820 -0.027181
v 0.496561 0.844932 -0.019959
v 0.562164 0.804141 -0.020796
v 0.487537 0.701820 -0.027181
v 0.477610 0.679725 0.087637
v 0.417519 0.722100 0.088049
v 0.427235 0.743907 -0.026630
v 0.417519 0.722100 0.088049
v 0.350144 0.756069 0.087430
v 0.343125 0.811373 -0.053853
v 0.477610 0.679725 0.087637
v 0.499812 0.714644 0.183892
v 0.417519 0.722100 0.088049
v 0.499812 0.714644 0.183892
v 0.439523 0.754605 0.185964
v 0.417519 0.722100 0.088049
v 0.417519 0.722100 0.088049
v 0.439523 0.754605 0.185964
v 0.350144 0.756069 0.087430
v 0.439523 0.754605 0.185964
v 0.379073 0.793118 0.188313
v 0.350144 0.756069 0.087430
v 0.343125 0.811373 -0.053853
v 0.378929 0.910566 -0.062281
v 0.427235 0.743907 -0.026630
v 0.378929 0.910566 -0.062281
v 0.496561 0.844932 -0.019959
v 0.427235 0.743907 -0.026630
v -0.278430 0.789944 0.223973
v -0.311267 0.756069 0.092536
v -0.255336 0.636002 0.235602
v -0.311267 0.756069 0.092536
v -0.293550 0.632015 0.077752
v -0.255336 0.636002 0.235602
v -0.164469 0.586356 0.188648
v -0.121389 0.627523 0.274986
v -0.170365 0.444403 0.181135
v -0.295078 0.243420 0.040814
v -0.171579 0.203465 0.165922
v -0.170365 0.444403 0.181135
v -0.170365 0.444403 0.181135
v -0.276337 0.369590 0.065859
v -0.295078 0.243420 0.040814
v -0.121389 0.627523 0.274986
v -0.128301 0.449869 0.273204
v -0.170365 0.444403 0.181135
v -0.295078 0.243420 0.040814
v -0.276337 0.369590 0.065859
v -0.144172 0.292468 -0.136109
v -0.276337 0.369590 0.065859
v -0.233116 0.395286 -0.119581
v -0.144172 0.292468 -0.136109
v -0.170365 0.444403 0.181135
v -0.128301 0.449869 0.273204
v -0.276337 0.369590 0.065859
v -0.128301 0.449869 0.273204
v -0.166240 0.325026 0.276108
v -0.276337 0.369590 0.065859
v -0.166240 0.325026 0.276108
v -0.277006 0.321226 0.204577
v -0.276337 0.369590 0.065859
v 0.378929 0.910566 -0.062281
v 0.343125 0.811373 -0.053853
v 0.248384 0.829741 -0.174331
v 0.248384 0.829741 -0.174331
v 0.253803 0.921135 -0.123959
v 0.378929 0.910566 -0.062281
v 0.017571 0.940691 -0.151854
v 0.253803 0.921135 -0.123959
v 0.017185 0.836943 -0.201895
v 0.253803 0.921135 -0.123959
v 0.248384 0.829741 -0.174331
v 0.017185 0.836943 -0.201895
v 0.343125 0.811373 -0.053853
v 0.350144 0.756069 0.087430
v 0.248384 0.829741 -0.174331
v 0.017185 0.836943 -0.201895
v 0.248384 0.829741 -0.174331
v 0.017064 0.690005 -0.217534
v 0.248384 0.829741 -0.174331
v 0.257210 0.680542 -0.172551
v 0.017064 0.690005 -0.217534
v -0.293550 0.632015 0.077752
v -0.222358 0.680542 -0.168850
v -0.323031 0.454830 0.063261
v 0.017185 0.836943 -0.201895
v 0.017064 0.690005 -0.217534
v -0.222358 0.680542 -0.168850
v -0.255336 0.636002 0.235602
v -0.293550 0.632015 0.077752
v -0.262207 0.451290 0.226139
v -0.144172 0.292468 -0.136109
v -0.233116 0.395286 -0.119581
v 0.017489 0.449448 -0.162497
v 0.017489 0.449448 -0.162497
v 0.010722 0.239602 0.004209
v -0.144172 0.292468 -0.136109
v 0.101929 0.068591 0.142512
v 0.043041 0.057736 -0.003926
v 0.039441 -0.000019 0.001037
v -0.152192 0.674614 0.199585
v -0.121389 0.627523 0.274986
v -0.164469 0.586356 0.188648
v 0.179813 0.070413 0.107375
v 0.288742 0.068711 0.128337
v 0.101929 0.068591 0.142512
v 0.228995 -0.000041 0.252343
v 0.132879 -0.000041 0.253754
v 0.295140 -0.000033 0.152491
v 0.132879 -0.000041 0.253754
v 0.065219 -0.000033 0.157430
v 0.295140 -0.000033 0.152491
v 0.295140 -0.000033 0.152491
v 0.065219 -0.000033 0.157430
v 0.317197 -0.000012 0.016238
v 0.017064 0.690005 -0.217534
v 0.257210 0.680542 -0.172551
v 0.016907 0.552330 -0.237950
v 0.043041 0.057736 -0.003926
v 0.054074 0.184687 -0.005953
v 0.176646 0.183572 -0.156403
v 0.176646 0.183572 -0.156403
v 0.054074 0.184687 -0.005953
v 0.179538 0.292467 -0.138609
v 0.054074 0.184687 -0.005953
v 0.026831 0.239602 0.004085
v 0.179538 0.292467 -0.138609
v 0.065219 -0.000033 0.157430
v 0.039441 -0.000019 0.001037
v 0.317197 -0.000012 0.016238
v 0.204846 0.586356 0.185797
v 0.163106 0.627523 0.272791
v 0.192740 0.674614 0.196923
v 0.112287 0.052651 -0.160748
v 0.112448 -0.000037 -0.139897
v 0.043041 0.057736 -0.003926
v 0.101929 0.068591 0.142512
v 0.094852 0.115785 0.099094
v 0.043041 0.057736 -0.003926
v 0.112448 -0.000037 -0.139897
v 0.039441 -0.000019 0.001037
v 0.043041 0.057736 -0.003926
v 0.243240 0.052743 -0.155292
v 0.112448 -0.000037 -0.139897
v 0.112287 0.052651 -0.160748
v 0.176646 0.183572 -0.156403
v 0.243240 0.052743 -0.155292
v 0.112287 0.052651 -0.160748
v 0.243413 -0.000037 -0.132875
v 0.112448 -0.000037 -0.139897
v 0.243240 0.052743 -0.155292
v 0.317197 -0.000012 0.016238
v 0.039441 -0.000019 0.001037
v 0.243413 -0.000037 -0.132875
v 0.163106 0.627523 0.272791
v 0.180905 0.734480 0.222703
v 0.192740 0.674614 0.196923
v 0.043041 0.057736 -0.003926
v 0.094852 0.115785 0.099094
v 0.054074 0.184687 -0.005953
v 0.333158 0.243420 0.035964
v 0.309191 0.158243 0.013076
v 0.176646 0.183572 -0.156403
v -0.255336 0.636002 0.235602
v -0.262207 0.451290 0.226139
v -0.128301 0.449869 0.273204
v 0.039441 -0.000019 0.001037
v 0.112448 -0.000037 -0.139897
v 0.243413 -0.000037 -0.132875
v 0.054074 0.184687 -0.005953
v 0.118501 0.147394 0.069213
v 0.026831 0.239602 0.004085
v -0.293550 0.632015 0.077752
v -0.323031 0.454830 0.063261
v -0.262207 0.451290 0.226139
v 0.371803 0.321356 0.046398
v 0.268728 0.395286 -0.123455
v 0.292281 0.386163 -0.202096
v 0.179538 0.292467 -0.138609
v 0.333158 0.243420 0.035964
v 0.176646 0.183572 -0.156403
v 0.118501 0.147394 0.069213
v 0.204150 0.142870 0.101104
v 0.098108 0.205817 0.096265
v 0.314806 0.369590 0.061295
v 0.268728 0.395286 -0.123455
v 0.371803 0.321356 0.046398
v -0.222358 0.680542 -0.168850
v -0.254774 0.506179 -0.175579
v -0.323031 0.454830 0.063261
v 0.371803 0.321356 0.046398
v 0.317617 0.321226 0.199986
v 0.314806 0.369590 0.061295
v -0.222358 0.680542 -0.168850
v 0.017064 0.690005 -0.217534
v -0.254774 0.506179 -0.175579
v 0.118501 0.147394 0.069213
v 0.098108 0.205817 0.096265
v 0.026831 0.239602 0.004085
v 0.257210 0.680542 -0.172551
v 0.289518 0.506179 -0.179782
v 0.016907 0.552330 -0.237950
v 0.268728 0.395286 -0.123455
v 0.314806 0.369590 0.061295
v 0.179538 0.292467 -0.138609
v 0.204150 0.142870 0.101104
v 0.211606 0.203465 0.162964
v 0.098108 0.205817 0.096265
v 0.314806 0.369590 0.061295
v 0.333158 0.243420 0.035964
v 0.179538 0.292467 -0.138609
v 0.268728 0.395286 -0.123455
v 0.017489 0.449448 -0.162497
v 0.292281 0.386163 -0.202096
v 0.026831 0.239602 0.004085
v 0.098108 0.205817 0.096265
v 0.034343 0.311925 0.017453
v 0.317617 0.321226 0.199986
v 0.207969 0.325026 0.273219
v 0.314806 0.369590 0.061295
v 0.034343 0.311925 0.017453
v 0.114691 0.330650 0.138922
v 0.030428 0.344226 0.022789
v 0.098108 0.205817 0.096265
v 0.114691 0.330650 0.138922
v 0.034343 0.311925 0.017453
v 0.098108 0.205817 0.096265
v 0.211606 0.203465 0.162964
v 0.114691 0.330650 0.138922
v 0.114691 0.330650 0.138922
v 0.092546 0.393682 0.162906
v 0.030428 0.344226 0.022789
v 0.017489 0.449448 -0.162497
v 0.016688 0.432268 -0.266331
v 0.292281 0.386163 -0.202096
v 0.026831 0.239602 0.004085
v 0.017489 0.449448 -0.162497
v 0.179538 0.292467 -0.138609
v 0.017489 0.449448 -0.162497
v 0.268728 0.395286 -0.123455
v 0.179538 0.292467 -0.138609
v 0.169989 0.449869 0.270902
v 0.163106 0.627523 0.272791
v 0.204846 0.586356 0.185797
v 0.289518 0.506179 -0.179782
v 0.292281 0.386163 -0.202096
v 0.016688 0.432268 -0.266331
v 0.314806 0.369590 0.061295
v 0.207969 0.325026 0.273219
v 0.210627 0.444402 0.178194
v 0.016907 0.552330 -0.237950
v 0.289518 0.506179 -0.179782
v 0.016688 0.432268 -0.266331
v 0.034343 0.311925 0.017453
v 0.030428 0.344226 0.022789
v 0.017489 0.449448 -0.162497
v 0.163106 0.627523 0.272791
v 0.174221 0.765389 0.268402
v 0.180905 0.734480 0.222703
v 0.016907 0.552330 -0.237950
v 0.016688 0.432268 -0.266331
v -0.257881 0.386163 -0.197849
v 0.017489 0.449448 -0.162497
v 0.030428 0.344226 0.022789
v 0.018939 0.358434 0.025317
v 0.018939 0.358434 0.025317
v 0.030428 0.344226 0.022789
v 0.020149 0.391735 0.181998
v -0.262207 0.451290 0.226139
v -0.277006 0.321226 0.204577
v -0.166240 0.325026 0.276108
v -0.262207 0.451290 0.226139
v -0.323031 0.454830 0.063261
v -0.277006 0.321226 0.204577
v 0.207969 0.325026 0.273219
v 0.169989 0.449869 0.270902
v 0.210627 0.444402 0.178194
v -0.323031 0.454830 0.063261
v -0.333557 0.321356 0.051844
v -0.277006 0.321226 0.204577
v -0.254774 0.506179 -0.175579
v -0.257881 0.386163 -0.197849
v -0.333557 0.321356 0.051844
v -0.323031 0.454830 0.063261
v -0.254774 0.506179 -0.175579
v -0.333557 0.321356 0.051844
v -0.254774 0.506179 -0.175579
v 0.016907 0.552330 -0.237950
v -0.257881 0.386163 -0.197849
v 0.017064 0.690005 -0.217534
v 0.016907 0.552330 -0.237950
v -0.254774 0.506179 -0.175579
v 0.210627 0.444402 0.178194
v 0.169989 0.449869 0.270902
v 0.204846 0.586356 0.185797
v -0.045427 0.801579 0.241814
v 0.021865 0.759289 0.238278
v 0.020801 0.793863 0.266435
v 0.174221 0.765389 0.268402
v 0.191494 0.926609 0.205060
v 0.180905 0.734480 0.222703
v 0.809439 0.559402 0.014333
v 0.799346 0.611858 0.020419
v 0.777468 0.572754 0.019068
v 0.841052 0.550930 -0.017916
v 0.839957 0.568617 -0.014148
v 0.832854 0.541908 0.003232
v 0.839957 0.568617 -0.014148
v 0.820431 0.590031 -0.007142
v 0.832854 0.541908 0.003232
v 0.832854 0.541908 0.003232
v 0.820431 0.590031 -0.007142
v 0.809439 0.559402 0.014333
v 0.821300 0.555636 0.101134
v 0.866511 0.561281 0.140348
v 0.857672 0.536100 0.109349
v 0.857672 0.536100 0.109349
v 0.866030 0.540269 0.142657
v 0.844778 0.542825 0.154598
v 0.866511 0.561281 0.140348
v 0.821300 0.555636 0.101134
v 0.838473 0.586852 0.128224
v 0.857672 0.536100 0.109349
v 0.866511 0.561281 0.140348
v 0.866030 0.540269 0.142657
v 0.866030 0.540269 0.142657
v 0.866511 0.561281 0.140348
v 0.844778 0.542825 0.154598
v 0.866511 0.561281 0.140348
v 0.838473 0.586852 0.128224
v 0.844778 0.542825 0.154598
v 0.844778 0.542825 0.154598
v 0.838473 0.586852 0.128224
v 0.813348 0.562380 0.148209
v 0.820431 0.590031 -0.007142
v 0.799346 0.611858 0.020419
v 0.809439 0.559402 0.014333
v 0.776933 0.574525 0.209587
v 0.770292 0.572809 0.184283
v 0.777610 0.596980 0.203328
v 0.776933 0.574525 0.209587
v 0.777610 0.596980 0.203328
v 0.756535 0.589668 0.216171
v 0.756535 0.589668 0.216171
v 0.777610 0.596980 0.203328
v 0.722956 0.616537 0.191018
v 0.776933 0.574525 0.209587
v 0.756535 0.589668 0.216171
v 0.744763 0.574952 0.201147
v 0.821300 0.555636 0.101134
v 0.806179 0.617620 0.096435
v 0.838473 0.586852 0.128224
v 0.838473 0.586852 0.128224
v 0.796436 0.609706 0.136520
v 0.813348 0.562380 0.148209
v 0.777610 0.596980 0.203328
v 0.759319 0.619224 0.181286
v 0.722956 0.616537 0.191018
v 0.722956 0.616537 0.191018
v 0.759319 0.619224 0.181286
v 0.703569 0.630265 0.179038
v 0.756086 0.589861 0.159595
v 0.759319 0.619224 0.181286
v 0.770292 0.572809 0.184283
v 0.759319 0.619224 0.181286
v 0.777610 0.596980 0.203328
v 0.770292 0.572809 0.184283
v 0.748646 0.641441 0.166663
v 0.759319 0.619224 0.181286
v 0.756086 0.589861 0.159595
v 0.799346 0.611858 0.020419
v 0.820431 0.590031 -0.007142
v 0.786790 0.606610 -0.010637
v 0.759319 0.619224 0.181286
v 0.748646 0.641441 0.166663
v 0.703569 0.630265 0.179038
v 0.758580 0.597835 0.142989
v 0.748646 0.641441 0.166663
v 0.756086 0.589861 0.159595
v 0.748646 0.641441 0.166663
v 0.683545 0.650764 0.166451
v 0.703569 0.630265 0.179038
v 0.710416 0.672833 0.165044
v 0.683545 0.650764 0.166451
v 0.748646 0.641441 0.166663
v 0.813348 0.562380 0.148209
v 0.796436 0.609706 0.136520
v 0.776300 0.580941 0.141696
v 0.683545 0.650764 0.166451
v 0.710416 0.672833 0.165044
v 0.648902 0.699927 0.076301
v 0.758580 0.597835 0.142989
v 0.691428 0.596415 0.127338
v 0.745163 0.588772 0.071395
v 0.838473 0.586852 0.128224
v 0.806179 0.617620 0.096435
v 0.796436 0.609706 0.136520
v 0.779701 0.632421 0.136805
v 0.748646 0.641441 0.166663
v 0.758580 0.597835 0.142989
v 0.779701 0.632421 0.136805
v 0.710416 0.672833 0.165044
v 0.748646 0.641441 0.166663
v 0.710416 0.672833 0.165044
v 0.719900 0.696568 0.071495
v 0.648902 0.699927 0.076301
v 0.786790 0.606610 -0.010637
v 0.765672 0.625303 -0.010169
v 0.799346 0.611858 0.020419
v 0.776300 0.580941 0.141696
v 0.779701 0.632421 0.136805
v 0.758580 0.597835 0.142989
v 0.719900 0.696568 0.071495
v 0.710416 0.672833 0.165044
v 0.779701 0.632421 0.136805
v 0.796436 0.609706 0.136520
v 0.779701 0.632421 0.136805
v 0.776300 0.580941 0.141696
v 0.820055 0.554609 0.099828
v 0.806179 0.617620 0.096435
v 0.776960 0.573767 0.097013
v 0.796436 0.609706 0.136520
v 0.785400 0.642725 0.060829
v 0.779701 0.632421 0.136805
v 0.785400 0.642725 0.060829
v 0.719900 0.696568 0.071495
v 0.779701 0.632421 0.136805
v 0.806179 0.617620 0.096435
v 0.785400 0.642725 0.060829
v 0.796436 0.609706 0.136520
v 0.785400 0.642725 0.060829
v 0.806179 0.617620 0.096435
v 0.805208 0.617944 0.055650
v 0.805208 0.617944 0.055650
v 0.806179 0.617620 0.096435
v 0.844139 0.586603 0.075909
v 0.806179 0.617620 0.096435
v 0.820055 0.554609 0.099828
v 0.844139 0.586603 0.075909
v 0.841052 0.550930 -0.017916
v 0.832854 0.541908 0.003232
v 0.818767 0.551779 -0.031730
v 0.786790 0.606610 -0.010637
v 0.820431 0.590031 -0.007142
v 0.794769 0.569702 -0.025393
v 0.820431 0.590031 -0.007142
v 0.839957 0.568617 -0.014148
v 0.794769 0.569702 -0.025393
v 0.794769 0.569702 -0.025393
v 0.839957 0.568617 -0.014148
v 0.818767 0.551779 -0.031730
v 0.839957 0.568617 -0.014148
v 0.841052 0.550930 -0.017916
v 0.818767 0.551779 -0.031730
v 0.794769 0.569702 -0.025393
v 0.818767 0.551779 -0.031730
v 0.809439 0.559402 0.014333
v 0.809439 0.559402 0.014333
v 0.818767 0.551779 -0.031730
v 0.832854 0.541908 0.003232
v 0.821300 0.555636 0.101134
v 0.857672 0.536100 0.109349
v 0.813348 0.562380 0.148209
v 0.813348 0.562380 0.148209
v 0.857672 0.536100 0.109349
v 0.844778 0.542825 0.154598
v 0.777468 0.572754 0.019068
v 0.794769 0.569702 -0.025393
v 0.809439 0.559402 0.014333
v 0.756086 0.589861 0.159595
v 0.744763 0.574952 0.201147
v 0.711725 0.597434 0.176164
v 0.776300 0.580941 0.141696
v 0.821300 0.555636 0.101134
v 0.813348 0.562380 0.148209
v 0.770292 0.572809 0.184283
v 0.776933 0.574525 0.209587
v 0.744763 0.574952 0.201147
v 0.703569 0.630265 0.179038
v 0.666351 0.620913 0.073208
v 0.691428 0.596415 0.127338
v 0.744763 0.574952 0.201147
v 0.756086 0.589861 0.159595
v 0.770292 0.572809 0.184283
v 0.744763 0.574952 0.201147
v 0.756535 0.589668 0.216171
v 0.711725 0.597434 0.176164
v 0.756535 0.589668 0.216171
v 0.722956 0.616537 0.191018
v 0.711725 0.597434 0.176164
v 0.722956 0.616537 0.191018
v 0.703569 0.630265 0.179038
v 0.691428 0.596415 0.127338
v 0.769017 0.582258 -0.016070
v 0.794769 0.569702 -0.025393
v 0.777468 0.572754 0.019068
v 0.666351 0.620913 0.073208
v 0.703569 0.630265 0.179038
v 0.683545 0.650764 0.166451
v 0.769017 0.582258 -0.016070
v 0.786790 0.606610 -0.010637
v 0.794769 0.569702 -0.025393
v 0.711725 0.597434 0.176164
v 0.722956 0.616537 0.191018
v 0.691428 0.596415 0.127338
v 0.756086 0.589861 0.159595
v 0.711725 0.597434 0.176164
v 0.758580 0.597835 0.142989
v 0.711725 0.597434 0.176164
v 0.691428 0.596415 0.127338
v 0.758580 0.597835 0.142989
v 0.683545 0.650764 0.166451
v 0.648902 0.699927 0.076301
v 0.666351 0.620913 0.073208
v 0.648902 0.699927 0.076301
v 0.672275 0.635181 -0.003624
v 0.666351 0.620913 0.073208
v 0.776960 0.573767 0.097013
v 0.821300 0.555636 0.101134
v 0.776300 0.580941 0.141696
v 0.806179 0.617620 0.096435
v 0.821300 0.555636 0.101134
v 0.776960 0.573767 0.097013
v 0.691428 0.596415 0.127338
v 0.666351 0.620913 0.073208
v 0.745163 0.588772 0.071395
v 0.666351 0.620913 0.073208
v 0.672275 0.635181 -0.003624
v 0.743249 0.595145 -0.011293
v 0.769017 0.582258 -0.016070
v 0.743249 0.595145 -0.011293
v 0.786790 0.606610 -0.010637
v 0.743249 0.595145 -0.011293
v 0.765672 0.625303 -0.010169
v 0.786790 0.606610 -0.010637
v 0.745163 0.588772 0.071395
v 0.666351 0.620913 0.073208
v 0.743249 0.595145 -0.011293
v 0.777468 0.572754 0.019068
v 0.745163 0.588772 0.071395
v 0.769017 0.582258 -0.016070
v 0.745163 0.588772 0.071395
v 0.743249 0.595145 -0.011293
v 0.769017 0.582258 -0.016070
v 0.745163 0.588772 0.071395
v 0.776300 0.580941 0.141696
v 0.758580 0.597835 0.142989
v 0.820055 0.554609 0.099828
v 0.776960 0.573767 0.097013
v 0.817791 0.555155 0.050909
v 0.817791 0.555155 0.050909
v 0.776960 0.573767 0.097013
v 0.775526 0.569304 0.055996
v 0.775526 0.569304 0.055996
v 0.776960 0.573767 0.097013
v 0.745163 0.588772 0.071395
v 0.745163 0.588772 0.071395
v 0.776960 0.573767 0.097013
v 0.776300 0.580941 0.141696
v -0.210739 0.936528 0.512997
v -0.104765 0.932224 0.585084
v -0.168467 0.942227 0.525221
v 0.138300 0.960804 0.551994
v 0.214042 0.942227 0.522269
v 0.138150 0.934991 0.532545
v 0.138150 0.934991 0.532545
v 0.023118 0.963872 0.566562
v 0.138300 0.960804 0.551994
v 0.023118 0.963872 0.566562
v -0.092275 0.960804 0.553775
v 0.023232 0.962027 0.581377
v -0.092275 0.960804 0.553775
v -0.168467 0.942227 0.525221
v -0.093855 0.959413 0.573918
v -0.093855 0.959413 0.573918
v -0.168467 0.942227 0.525221
v -0.104765 0.932224 0.585084
v 0.023232 0.962027 0.581377
v -0.092275 0.960804 0.553775
v -0.093855 0.959413 0.573918
v -0.104765 0.932224 0.585084
v 0.023404 0.938001 0.603579
v -0.093855 0.959413 0.573918
v 0.023404 0.938001 0.603579
v 0.023232 0.962027 0.581377
v -0.093855 0.959413 0.573918
v 0.136905 0.932224 0.583218
v 0.214042 0.942227 0.522269
v 0.140189 0.959413 0.572111
v 0.023404 0.938001 0.603579
v 0.136905 0.932224 0.583218
v 0.023232 0.962027 0.581377
v 0.022929 0.929023 0.542108
v 0.023118 0.963872 0.566562
v 0.138150 0.934991 0.532545
v 0.136905 0.932224 0.583218
v 0.140189 0.959413 0.572111
v 0.023232 0.962027 0.581377
v 0.023232 0.962027 0.581377
v 0.140189 0.959413 0.572111
v 0.023118 0.963872 0.566562
v 0.140189 0.959413 0.572111
v 0.138300 0.960804 0.551994
v 0.023118 0.963872 0.566562
v 0.140189 0.959413 0.572111
v 0.214042 0.942227 0.522269
v 0.138300 0.960804 0.551994
v 0.023404 0.938001 0.603579
v 0.232612 0.868812 0.542498
v 0.136905 0.932224 0.583218
v -0.104765 0.932224 0.585084
v 0.023271 0.865252 0.586327
v 0.023404 0.938001 0.603579
v 0.021404 0.952869 0.344518
v 0.022929 0.929023 0.542108
v 0.178974 0.956940 0.371116
v 0.138150 0.934991 0.532545
v 0.224751 0.948708 0.513599
v 0.178974 0.956940 0.371116
v 0.178974 0.956940 0.371116
v 0.022929 0.929023 0.542108
v 0.138150 0.934991 0.532545
v -0.092275 0.960804 0.553775
v 0.023118 0.963872 0.566562
v -0.092426 0.934991 0.534325
v 0.138150 0.934991 0.532545
v 0.214042 0.942227 0.522269
v 0.224751 0.948708 0.513599
v 0.232612 0.868812 0.542498
v 0.214042 0.942227 0.522269
v 0.136905 0.932224 0.583218
v 0.021404 0.952869 0.344518
v 0.162087 1.002833 0.509174
v 0.022861 1.008362 0.533238
v 0.178974 0.956940 0.371116
v 0.162087 1.002833 0.509174
v 0.021404 0.952869 0.344518
v 0.023271 0.865252 0.586327
v 0.232612 0.868812 0.542498
v 0.023404 0.938001 0.603579
v 0.191494 0.926609 0.205060
v 0.149275 1.056915 0.095760
v 0.232541 1.052406 0.206439
v -0.185709 0.868812 0.545728
v 0.023271 0.865252 0.586327
v -0.104765 0.932224 0.585084
v 0.214042 0.942227 0.522269
v 0.137958 0.969241 0.554416
v 0.138304 0.962808 0.552416
v 0.232612 0.868812 0.542498
v 0.258059 0.936532 0.509230
v 0.214042 0.942227 0.522269
v 0.137958 0.969241 0.554416
v 0.023089 0.963633 0.562762
v 0.138304 0.962808 0.552416
v 0.137958 0.969241 0.554416
v 0.023183 0.968711 0.574894
v 0.023089 0.963633 0.562762
v -0.092426 0.934991 0.534325
v 0.023118 0.963872 0.566562
v 0.022929 0.929023 0.542108
v -0.168467 0.942227 0.525221
v -0.092275 0.960804 0.553775
v -0.092426 0.934991 0.534325
v 0.023271 0.865252 0.586327
v 0.022194 0.835040 0.446893
v 0.232612 0.868812 0.542498
v 0.023183 0.968711 0.574894
v -0.091896 0.969241 0.556191
v 0.023089 0.963633 0.562762
v -0.091896 0.969241 0.556191
v -0.092272 0.962808 0.554197
v 0.023089 0.963633 0.562762
v 0.238965 1.040080 0.493846
v 0.258059 0.936532 0.509230
v 0.263761 0.954318 0.434597
v 0.261538 0.875272 0.441835
v 0.258059 0.936532 0.509230
v 0.232612 0.868812 0.542498
v -0.092272 0.962808 0.554197
v -0.091896 0.969241 0.556191
v -0.168467 0.942227 0.525221
v 0.022194 0.835040 0.446893
v 0.261538 0.875272 0.441835
v 0.232612 0.868812 0.542498
v 0.021404 0.952869 0.344518
v -0.135738 0.956940 0.373545
v 0.022929 0.929023 0.542108
v 0.022929 0.929023 0.542108
v -0.135738 0.956940 0.373545
v -0.092426 0.934991 0.534325
v 0.261518 0.901440 0.315309
v 0.021337 0.836145 0.335838
v 0.020621 0.841995 0.243096
v -0.135738 0.956940 0.373545
v -0.179310 0.948708 0.516719
v -0.092426 0.934991 0.534325
v 0.021337 0.836145 0.335838
v 0.261538 0.875272 0.441835
v 0.022194 0.835040 0.446893
v 0.261518 0.901440 0.315309
v 0.020621 0.841995 0.243096
v 0.191494 0.926609 0.205060
v -0.092426 0.934991 0.534325
v -0.179310 0.948708 0.516719
v -0.168467 0.942227 0.525221
v -0.189390 1.040080 0.497096
v -0.210739 0.936528 0.512997
v -0.089592 1.015555 0.552000
v 0.258059 0.936532 0.509230
v 0.261538 0.875272 0.441835
v 0.263761 0.954318 0.434597
v 0.021404 0.952869 0.344518
v 0.022861 1.008362 0.533238
v -0.116720 1.002833 0.511326
v -0.135738 0.956940 0.373545
v 0.021404 0.952869 0.344518
v -0.116720 1.002833 0.511326
v -0.185709 0.868812 0.545728
v 0.022194 0.835040 0.446893
v 0.023271 0.865252 0.586327
v 0.261538 0.875272 0.441835
v 0.021337 0.836145 0.335838
v 0.261518 0.901440 0.315309
v -0.116720 1.002833 0.511326
v -0.179310 0.948708 0.516719
v -0.135738 0.956940 0.373545
v 0.160471 0.949485 0.361563
v 0.160488 0.988517 0.363783
v 0.156450 0.923007 0.498716
v 0.160488 0.988517 0.363783
v 0.149283 0.981210 0.493971
v 0.156450 0.923007 0.498716
v 0.156450 0.923007 0.498716
v 0.149283 0.981210 0.493971
v 0.023057 0.922259 0.558755
v 0.149283 0.981210 0.493971
v 0.022981 0.980664 0.548762
v 0.023057 0.922259 0.558755
v 0.263761 0.954318 0.434597
v 0.261538 0.875272 0.441835
v 0.261518 0.901440 0.315309
v -0.111085 0.923338 0.500781
v 0.023057 0.922259 0.558755
v -0.103992 0.981541 0.495926
v -0.103992 0.981541 0.495926
v 0.023057 0.922259 0.558755
v 0.022981 0.980664 0.548762
v 0.021372 0.956279 0.340371
v 0.022226 0.973423 0.450998
v 0.128821 0.956315 0.423148
v 0.128821 0.956315 0.423148
v 0.022226 0.973423 0.450998
v 0.107175 0.967950 0.496477
v 0.022226 0.973423 0.450998
v 0.022932 0.975417 0.542506
v 0.107175 0.967950 0.496477
v 0.021372 0.956279 0.340371
v -0.084786 0.956447 0.424797
v 0.022226 0.973423 0.450998
v -0.084786 0.956447 0.424797
v -0.062011 0.967950 0.497783
v 0.022226 0.973423 0.450998
v 0.022226 0.973423 0.450998
v -0.062011 0.967950 0.497783
v 0.022932 0.975417 0.542506
v 0.122731 1.105219 0.544894
v 0.126029 1.119583 0.546016
v 0.084331 1.106101 0.547352
v 0.126029 1.119583 0.546016
v 0.081575 1.121049 0.556724
v 0.084331 1.106101 0.547352
v 0.126029 1.119583 0.546016
v 0.156612 1.098612 0.521094
v 0.174465 1.108599 0.510015
v 0.122731 1.105219 0.544894
v 0.084331 1.106101 0.547352
v 0.110505 1.101418 0.500396
v 0.156612 1.098612 0.521094
v 0.126029 1.119583 0.546016
v 0.122731 1.105219 0.544894
v 0.086598 1.092316 0.546115
v 0.130747 1.090832 0.541708
v 0.110505 1.101418 0.500396
v 0.084331 1.106101 0.547352
v 0.057509 1.103354 0.534559
v 0.110505 1.101418 0.500396
v 0.130747 1.090832 0.541708
v 0.156612 1.098612 0.521094
v 0.110505 1.101418 0.500396
v 0.110505 1.101418 0.500396
v 0.057509 1.103354 0.534559
v 0.086598 1.092316 0.546115
v 0.050197 1.111925 0.546837
v 0.057509 1.103354 0.534559
v 0.081575 1.121049 0.556724
v 0.081575 1.121049 0.556724
v 0.057509 1.103354 0.534559
v 0.084331 1.106101 0.547352
v -0.111063 1.098612 0.523161
v -0.065281 1.101418 0.501753
v -0.076818 1.105219 0.546435
v -0.084883 1.090832 0.543373
v -0.040670 1.092316 0.547098
v -0.065281 1.101418 0.501753
v -0.065281 1.101418 0.501753
v -0.038384 1.106101 0.548299
v -0.076818 1.105219 0.546435
v -0.040670 1.092316 0.547098
v -0.011763 1.103354 0.535093
v -0.065281 1.101418 0.501753
v 0.135588 1.015555 0.550261
v 0.258059 0.936532 0.509230
v 0.238965 1.040080 0.493846
v -0.076818 1.105219 0.546435
v -0.038384 1.106101 0.548299
v -0.080099 1.119554 0.547539
v 0.258059 0.936532 0.509230
v 0.135588 1.015555 0.550261
v 0.214042 0.942227 0.522269
v -0.080099 1.119554 0.547539
v -0.038384 1.106101 0.548299
v -0.035485 1.121049 0.557628
v -0.038384 1.106101 0.548299
v -0.011763 1.103354 0.535093
v -0.035485 1.121049 0.557628
v 0.214042 0.942227 0.522269
v 0.135588 1.015555 0.550261
v 0.137958 0.969241 0.554416
v 0.135588 1.015555 0.550261
v 0.023183 0.968711 0.574894
v 0.137958 0.969241 0.554416
v -0.111063 1.098612 0.523161
v -0.084883 1.090832 0.543373
v -0.065281 1.101418 0.501753
v -0.111063 1.098612 0.523161
v -0.076818 1.105219 0.546435
v -0.080099 1.119554 0.547539
v 0.023025 1.114780 0.554493
v 0.050197 1.111925 0.546837
v 0.081575 1.121049 0.556724
v 0.266450 0.954332 0.314205
v 0.191494 0.926609 0.205060
v 0.232541 1.052406 0.206439
v 0.150990 1.136946 0.551249
v 0.126029 1.119583 0.546016
v 0.174465 1.108599 0.510015
v 0.081575 1.121049 0.556724
v 0.126029 1.119583 0.546016
v 0.150990 1.136946 0.551249
v 0.238965 1.040080 0.493846
v 0.263761 0.954318 0.434597
v 0.253852 1.075520 0.403553
v -0.150906 1.175137 0.524703
v -0.156193 1.165875 0.513837
v -0.186428 1.176650 0.512556
v -0.080099 1.119554 0.547539
v -0.035485 1.121049 0.557628
v 0.023132 1.133980 0.568335
v 0.266450 0.954332 0.314205
v 0.261518 0.901440 0.315309
v 0.191494 0.926609 0.205060
v -0.090164 1.179331 0.546860
v -0.116060 1.193910 0.548347
v -0.104973 1.136891 0.553638
v -0.089592 1.015555 0.552000
v -0.091896 0.969241 0.556191
v 0.023183 0.968711 0.574894
v 0.023132 1.133980 0.568335
v 0.081575 1.121049 0.556724
v 0.044711 1.135640 0.560064
v -0.164352 1.125956 0.519193
v -0.153893 1.088613 0.499011
v -0.129085 1.108599 0.512351
v -0.104973 1.136891 0.553638
v -0.080099 1.119554 0.547539
v 0.001427 1.135640 0.560398
v 0.023132 1.133980 0.568335
v 0.023025 1.114780 0.554493
v 0.081575 1.121049 0.556724
v -0.116060 1.193910 0.548347
v -0.090164 1.179331 0.546860
v -0.097965 1.189506 0.545356
v -0.150906 1.175137 0.524703
v -0.186428 1.176650 0.512556
v -0.158530 1.172274 0.535969
v -0.090164 1.179331 0.546860
v -0.104973 1.136891 0.553638
v -0.000212 1.178201 0.547107
v -0.091896 0.969241 0.556191
v -0.089592 1.015555 0.552000
v -0.168467 0.942227 0.525221
v 0.263761 0.954318 0.434597
v 0.261518 0.901440 0.315309
v 0.266450 0.954332 0.314205
v -0.150906 1.175137 0.524703
v -0.158530 1.172274 0.535969
v -0.138912 1.176910 0.534393
v -0.110475 1.176440 0.542422
v -0.097965 1.189506 0.545356
v -0.150906 1.175137 0.524703
v 0.057509 1.103354 0.534559
v 0.050197 1.111925 0.546837
v 0.085330 1.059780 0.537701
v -0.138912 1.176910 0.534393
v -0.110475 1.176440 0.542422
v -0.150906 1.175137 0.524703
v -0.189390 1.040080 0.497096
v -0.089592 1.015555 0.552000
v -0.125004 1.049597 0.520773
v 0.023132 1.133980 0.568335
v -0.035485 1.121049 0.557628
v 0.023025 1.114780 0.554493
v 0.001427 1.135640 0.560398
v -0.080099 1.119554 0.547539
v 0.023132 1.133980 0.568335
v 0.174465 1.108599 0.510015
v 0.156612 1.098612 0.521094
v 0.199402 1.088610 0.496284
v 0.044711 1.135640 0.560064
v 0.081575 1.121049 0.556724
v 0.150990 1.136946 0.551249
v -0.142187 1.198289 0.544343
v -0.110475 1.176440 0.542422
v -0.138912 1.176910 0.534393
v -0.090164 1.179331 0.546860
v -0.000212 1.178201 0.547107
v -0.097965 1.189506 0.545356
v -0.168467 0.942227 0.525221
v -0.089592 1.015555 0.552000
v -0.210739 0.936528 0.512997
v -0.142187 1.198289 0.544343
v -0.104973 1.136891 0.553638
v -0.110475 1.176440 0.542422
v -0.150906 1.175137 0.524703
v -0.078844 1.244821 0.444891
v -0.177155 1.247889 0.401824
v 0.210439 1.146258 0.519990
v 0.209965 1.126605 0.515008
v 0.200413 1.170841 0.512700
v -0.000212 1.178201 0.547107
v -0.104973 1.136891 0.553638
v 0.001427 1.135640 0.560398
v -0.150906 1.175137 0.524703
v -0.097965 1.189506 0.545356
v -0.078844 1.244821 0.444891
v -0.104973 1.136891 0.553638
v -0.138912 1.176910 0.534393
v -0.169409 1.196441 0.535305
v 0.230459 1.182798 0.510448
v 0.197652 1.169048 0.534846
v 0.210439 1.146258 0.519990
v -0.097965 1.189506 0.545356
v -0.000212 1.178201 0.547107
v -0.000599 1.188263 0.543965
v -0.097965 1.189506 0.545356
v -0.000599 1.188263 0.543965
v -0.078844 1.244821 0.444891
v 0.022963 1.188076 0.546416
v -0.000212 1.178201 0.547107
v 0.022994 1.178120 0.550451
v 0.022994 1.178120 0.550451
v 0.023132 1.133980 0.568335
v 0.044711 1.135640 0.560064
v -0.000212 1.178201 0.547107
v 0.001427 1.135640 0.560398
v 0.022994 1.178120 0.550451
v 0.130747 1.090832 0.541708
v 0.169492 1.049597 0.518708
v 0.156612 1.098612 0.521094
v 0.022994 1.178120 0.550451
v 0.001427 1.135640 0.560398
v 0.023132 1.133980 0.568335
v 0.197652 1.169048 0.534846
v 0.209965 1.126605 0.515008
v 0.210439 1.146258 0.519990
v 0.046084 1.176408 0.547310
v 0.022994 1.178120 0.550451
v 0.044711 1.135640 0.560064
v 0.150990 1.136946 0.551249
v 0.174465 1.108599 0.510015
v 0.209965 1.126605 0.515008
v -0.000599 1.188263 0.543965
v -0.000212 1.178201 0.547107
v 0.022963 1.188076 0.546416
v 0.022994 1.178120 0.550451
v 0.046084 1.176408 0.547310
v 0.022963 1.188076 0.546416
v 0.022963 1.188076 0.546416
v 0.046084 1.176408 0.547310
v 0.046483 1.188263 0.543601
v -0.078844 1.244821 0.444891
v -0.000599 1.188263 0.543965
v 0.022963 1.188076 0.546416
v 0.022963 1.188076 0.546416
v 0.022179 1.244149 0.444913
v -0.078844 1.244821 0.444891
v 0.050197 1.111925 0.546837
v 0.023025 1.114780 0.554493
v 0.085330 1.059780 0.537701
v -0.076046 1.039763 0.540735
v -0.040670 1.092316 0.547098
v -0.084883 1.090832 0.543373
v 0.150990 1.136946 0.551249
v 0.046084 1.176408 0.547310
v 0.044711 1.135640 0.560064
v 0.046084 1.176408 0.547310
v 0.143660 1.190973 0.543277
v 0.046483 1.188263 0.543601
v 0.023025 1.114780 0.554493
v -0.039532 1.059780 0.538665
v -0.019900 1.046381 0.552892
v 0.178723 1.171779 0.541400
v 0.209965 1.126605 0.515008
v 0.197652 1.169048 0.534846
v 0.132626 1.184702 0.545421
v 0.143660 1.190973 0.543277
v 0.046084 1.176408 0.547310
v 0.200413 1.170841 0.512700
v 0.209965 1.126605 0.515008
v 0.218964 1.088774 0.478120
v 0.132626 1.184702 0.545421
v 0.046084 1.176408 0.547310
v 0.150990 1.136946 0.551249
v 0.209965 1.126605 0.515008
v 0.174465 1.108599 0.510015
v 0.199402 1.088610 0.496284
v 0.123189 1.244821 0.443331
v 0.022179 1.244149 0.444913
v 0.022963 1.188076 0.546416
v 0.150990 1.136946 0.551249
v 0.155920 1.183203 0.540143
v 0.158030 1.195741 0.551750
v 0.165569 1.182264 0.532252
v 0.143660 1.190973 0.543277
v 0.155920 1.183203 0.540143
v 0.190209 1.199961 0.536873
v 0.165569 1.182264 0.532252
v 0.150990 1.136946 0.551249
v -0.040670 1.092316 0.547098
v -0.076046 1.039763 0.540735
v -0.011763 1.103354 0.535093
v 0.155920 1.183203 0.540143
v 0.143660 1.190973 0.543277
v 0.158030 1.195741 0.551750
v 0.150990 1.136946 0.551249
v 0.165569 1.182264 0.532252
v 0.155920 1.183203 0.540143
v 0.143660 1.190973 0.543277
v 0.132626 1.184702 0.545421
v 0.158030 1.195741 0.551750
v 0.023025 1.114780 0.554493
v -0.035485 1.121049 0.557628
v -0.004185 1.111367 0.557160
v 0.169492 1.049597 0.518708
v 0.238965 1.040080 0.493846
v 0.218964 1.088774 0.478120
v 0.178723 1.171779 0.541400
v 0.190209 1.199961 0.536873
v 0.150990 1.136946 0.551249
v 0.086598 1.092316 0.546115
v 0.121785 1.040814 0.539208
v 0.130747 1.090832 0.541708
v 0.158030 1.195741 0.551750
v 0.132626 1.184702 0.545421
v 0.150990 1.136946 0.551249
v 0.218964 1.088774 0.478120
v 0.238965 1.040080 0.493846
v 0.253852 1.075520 0.403553
v 0.195022 1.180567 0.523253
v 0.197652 1.169048 0.534846
v 0.230459 1.182798 0.510448
v 0.046483 1.188263 0.543601
v 0.123189 1.244821 0.443331
v 0.022963 1.188076 0.546416
v 0.143660 1.190973 0.543277
v 0.165569 1.182264 0.532252
v 0.195022 1.180567 0.523253
v 0.178723 1.171779 0.541400
v 0.197652 1.169048 0.534846
v 0.206710 1.196737 0.525594
v 0.195022 1.180567 0.523253
v 0.165569 1.182264 0.532252
v 0.178723 1.171779 0.541400
v 0.178723 1.171779 0.541400
v 0.150990 1.136946 0.551249
v 0.209965 1.126605 0.515008
v 0.197652 1.169048 0.534846
v 0.195022 1.180567 0.523253
v 0.206710 1.196737 0.525594
v 0.169492 1.049597 0.518708
v 0.135588 1.015555 0.550261
v 0.238965 1.040080 0.493846
v 0.143660 1.190973 0.543277
v 0.123189 1.244821 0.443331
v 0.046483 1.188263 0.543601
v 0.123189 1.244821 0.443331
v 0.143660 1.190973 0.543277
v 0.195022 1.180567 0.523253
v 0.023183 0.968711 0.574894
v 0.135588 1.015555 0.550261
v 0.023072 1.016882 0.560660
v 0.225482 1.249865 0.399562
v 0.123189 1.244821 0.443331
v 0.195022 1.180567 0.523253
v -0.069380 1.304721 0.152653
v 0.101852 1.291860 0.127512
v 0.019670 1.284802 0.119956
v -0.059578 1.367855 0.488494
v -0.016841 1.296214 0.578322
v 0.029426 1.313044 0.537560
v 0.156612 1.098612 0.521094
v 0.169492 1.049597 0.518708
v 0.199402 1.088610 0.496284
v -0.059578 1.367855 0.488494
v 0.029426 1.313044 0.537560
v 0.011759 1.382807 0.490907
v 0.130998 1.364153 0.306263
v -0.060824 1.371110 0.309984
v 0.006199 1.389892 0.413626
v 0.085330 1.059780 0.537701
v 0.121785 1.040814 0.539208
v 0.086598 1.092316 0.546115
v 0.006060 1.354839 0.397547
v -0.059578 1.367855 0.488494
v 0.011759 1.382807 0.490907
v -0.128403 1.269974 0.487396
v -0.016841 1.296214 0.578322
v -0.059578 1.367855 0.488494
v 0.179956 1.343210 0.369506
v 0.130998 1.364153 0.306263
v 0.006199 1.389892 0.413626
v -0.141805 1.321087 0.399558
v -0.059578 1.367855 0.488494
v 0.006060 1.354839 0.397547
v -0.060824 1.371110 0.309984
v 0.130998 1.364153 0.306263
v -0.069380 1.304721 0.152653
v 0.006199 1.389892 0.413626
v -0.060824 1.371110 0.309984
v -0.141805 1.321087 0.399558
v 0.253852 1.075520 0.403553
v 0.263761 0.954318 0.434597
v 0.266450 0.954332 0.314205
v -0.141805 1.321087 0.399558
v -0.128403 1.269974 0.487396
v -0.059578 1.367855 0.488494
v 0.130747 1.090832 0.541708
v 0.121785 1.040814 0.539208
v 0.169492 1.049597 0.518708
v 0.179956 1.343210 0.369506
v 0.006199 1.389892 0.413626
v 0.006060 1.354839 0.397547
v 0.006199 1.389892 0.413626
v -0.141805 1.321087 0.399558
v 0.006060 1.354839 0.397547
v 0.006060 1.354839 0.397547
v 0.011759 1.382807 0.490907
v 0.081776 1.362809 0.458229
v 0.168089 1.313742 0.473044
v 0.219064 1.318830 0.473198
v 0.179956 1.343210 0.369506
v 0.179956 1.343210 0.369506
v 0.006060 1.354839 0.397547
v 0.081776 1.362809 0.458229
v -0.039532 1.059780 0.538665
v 0.023025 1.114780 0.554493
v -0.004185 1.111367 0.557160
v 0.200413 1.170841 0.512700
v 0.249906 1.129678 0.390532
v 0.195022 1.180567 0.523253
v 0.219064 1.318830 0.473198
v 0.227884 1.303466 0.435980
v 0.179956 1.343210 0.369506
v 0.060657 1.311043 0.586016
v 0.022179 1.244149 0.444913
v 0.086045 1.308876 0.466687
v 0.029426 1.313044 0.537560
v -0.016841 1.296214 0.578322
v 0.022179 1.244149 0.444913
v 0.249906 1.129678 0.390532
v 0.225482 1.249865 0.399562
v 0.195022 1.180567 0.523253
v 0.200501 1.332247 0.264766
v 0.130998 1.364153 0.306263
v 0.179956 1.343210 0.369506
v -0.069380 1.304721 0.152653
v 0.130998 1.364153 0.306263
v 0.101852 1.291860 0.127512
v 0.022179 1.244149 0.444913
v -0.128403 1.269974 0.487396
v -0.078844 1.244821 0.444891
v 0.022179 1.244149 0.444913
v 0.123189 1.244821 0.443331
v 0.086045 1.308876 0.466687
v -0.155515 1.318923 0.271995
v -0.060824 1.371110 0.309984
v -0.069380 1.304721 0.152653
v -0.060824 1.371110 0.309984
v -0.155515 1.318923 0.271995
v -0.141805 1.321087 0.399558
v 0.011759 1.382807 0.490907
v 0.060657 1.311043 0.586016
v 0.052020 1.353688 0.508150
v 0.081776 1.362809 0.458229
v 0.011759 1.382807 0.490907
v 0.052020 1.353688 0.508150
v 0.179956 1.343210 0.369506
v 0.081776 1.362809 0.458229
v 0.168089 1.313742 0.473044
v 0.023072 1.016882 0.560660
v -0.089592 1.015555 0.552000
v 0.023183 0.968711 0.574894
v 0.239369 1.274457 0.339060
v 0.227884 1.303466 0.435980
v 0.225482 1.249865 0.399562
v 0.225482 1.249865 0.399562
v 0.227884 1.303466 0.435980
v 0.123189 1.244821 0.443331
v 0.168089 1.313742 0.473044
v 0.120828 1.283165 0.563870
v 0.123189 1.244821 0.443331
v 0.227884 1.303466 0.435980
v 0.219064 1.318830 0.473198
v 0.123189 1.244821 0.443331
v 0.218964 1.088774 0.478120
v 0.209965 1.126605 0.515008
v 0.199402 1.088610 0.496284
v -0.181578 1.088676 0.477067
v -0.189390 1.040080 0.497096
v -0.125004 1.049597 0.520773
v 0.179956 1.343210 0.369506
v 0.227884 1.303466 0.435980
v 0.214055 1.324947 0.332521
v 0.123189 1.244821 0.443331
v 0.219064 1.318830 0.473198
v 0.168089 1.313742 0.473044
v 0.085330 1.059780 0.537701
v 0.023025 1.114780 0.554493
v 0.065919 1.046381 0.552229
v 0.248884 1.128866 0.285403
v 0.257418 1.159881 0.375980
v 0.249906 1.129678 0.390532
v 0.214055 1.324947 0.332521
v 0.200501 1.332247 0.264766
v 0.179956 1.343210 0.369506
v 0.168089 1.313742 0.473044
v 0.095769 1.346754 0.499960
v 0.120828 1.283165 0.563870
v 0.052020 1.353688 0.508150
v 0.060657 1.311043 0.586016
v 0.081776 1.362809 0.458229
v 0.081776 1.362809 0.458229
v 0.095769 1.346754 0.499960
v 0.168089 1.313742 0.473044
v 0.060657 1.311043 0.586016
v 0.086045 1.308876 0.466687
v 0.081776 1.362809 0.458229
v 0.218964 1.088774 0.478120
v 0.253852 1.075520 0.403553
v 0.200413 1.170841 0.512700
v 0.130998 1.364153 0.306263
v 0.200501 1.332247 0.264766
v 0.101852 1.291860 0.127512
v 0.257418 1.159881 0.375980
v 0.225482 1.249865 0.399562
v 0.249906 1.129678 0.390532
v -0.177155 1.247889 0.401824
v -0.192381 1.282723 0.301552
v -0.223071 1.261534 0.346444
v 0.023072 1.016882 0.560660
v 0.065919 1.046381 0.552229
v 0.023025 1.114780 0.554493
v 0.227884 1.303466 0.435980
v 0.239369 1.274457 0.339060
v 0.214055 1.324947 0.332521
v 0.257418 1.159881 0.375980
v 0.277929 1.182094 0.332632
v 0.225482 1.249865 0.399562
v 0.277929 1.182094 0.332632
v 0.278657 1.245277 0.334838
v 0.225482 1.249865 0.399562
v -0.192381 1.282723 0.301552
v -0.149551 1.285859 0.185281
v -0.223071 1.261534 0.346444
v -0.223071 1.261534 0.346444
v -0.149551 1.285859 0.185281
v -0.214584 1.211885 0.185005
v 0.225482 1.249865 0.399562
v 0.278657 1.245277 0.334838
v 0.239369 1.274457 0.339060
v -0.069380 1.304721 0.152653
v -0.149551 1.285859 0.185281
v -0.155515 1.318923 0.271995
v -0.155515 1.318923 0.271995
v -0.192381 1.282723 0.301552
v -0.141805 1.321087 0.399558
v 0.243571 1.119333 0.243052
v 0.257418 1.159881 0.375980
v 0.248884 1.128866 0.285403
v 0.214055 1.324947 0.332521
v 0.239369 1.274457 0.339060
v 0.200501 1.332247 0.264766
v 0.254631 1.163806 0.275519
v 0.277929 1.182094 0.332632
v 0.257418 1.159881 0.375980
v 0.253852 1.075520 0.403553
v 0.249906 1.129678 0.390532
v 0.200413 1.170841 0.512700
v 0.277929 1.182094 0.332632
v 0.234427 1.210943 0.171275
v 0.278657 1.245277 0.334838
v 0.278657 1.245277 0.334838
v 0.255025 1.251970 0.267339
v 0.239369 1.274457 0.339060
v 0.239369 1.274457 0.339060
v 0.186889 1.265667 0.135046
v 0.200501 1.332247 0.264766
v -0.104929 1.164914 0.109129
v -0.149551 1.285859 0.185281
v 0.019411 1.157915 0.086383
v 0.243571 1.119333 0.243052
v 0.254631 1.163806 0.275519
v 0.257418 1.159881 0.375980
v -0.149551 1.285859 0.185281
v -0.104929 1.164914 0.109129
v -0.214584 1.211885 0.185005
v 0.254631 1.163806 0.275519
v 0.234427 1.210943 0.171275
v 0.277929 1.182094 0.332632
v 0.199402 1.088610 0.496284
v 0.169492 1.049597 0.518708
v 0.218964 1.088774 0.478120
v 0.234427 1.210943 0.171275
v 0.255025 1.251970 0.267339
v 0.278657 1.245277 0.334838
v 0.239369 1.274457 0.339060
v 0.255025 1.251970 0.267339
v 0.186889 1.265667 0.135046
v -0.149551 1.285859 0.185281
v -0.192381 1.282723 0.301552
v -0.155515 1.318923 0.271995
v 0.200501 1.332247 0.264766
v 0.186889 1.265667 0.135046
v 0.101852 1.291860 0.127512
v 0.232541 1.052406 0.206439
v 0.234427 1.210943 0.171275
v 0.243571 1.119333 0.243052
v 0.234427 1.210943 0.171275
v 0.254631 1.163806 0.275519
v 0.243571 1.119333 0.243052
v 0.255025 1.251970 0.267339
v 0.234427 1.210943 0.171275
v 0.186889 1.265667 0.135046
v 0.162455 0.953778 0.369248
v 0.162433 0.986389 0.366432
v 0.146850 0.961891 0.487282
v 0.023025 1.114780 0.554493
v -0.019900 1.046381 0.552892
v 0.023072 1.016882 0.560660
v 0.162433 0.986389 0.366432
v 0.146858 0.994310 0.488195
v 0.146850 0.961891 0.487282
v 0.146850 0.961891 0.487282
v 0.146858 0.994310 0.488195
v 0.023033 0.956556 0.555567
v 0.146858 0.994310 0.488195
v 0.023045 0.994310 0.557096
v 0.023033 0.956556 0.555567
v 0.121785 1.040814 0.539208
v 0.135588 1.015555 0.550261
v 0.169492 1.049597 0.518708
v 0.135588 1.015555 0.550261
v 0.065919 1.046381 0.552229
v 0.023072 1.016882 0.560660
v 0.266450 0.954332 0.314205
v 0.253107 1.062988 0.319224
v 0.253852 1.075520 0.403553
v 0.253852 1.075520 0.403553
v 0.253107 1.062988 0.319224
v 0.249906 1.129678 0.390532
v 0.253107 1.062988 0.319224
v 0.249516 1.130772 0.318945
v 0.249906 1.129678 0.390532
v -0.076046 1.039763 0.540735
v -0.039532 1.059780 0.538665
v -0.004185 1.111367 0.557160
v -0.039991 1.039827 0.542459
v -0.063689 1.024819 0.601874
v -0.012867 1.076566 0.540937
v 0.023386 0.984622 0.601202
v 0.023671 0.992866 0.638196
v -0.029608 0.993361 0.601611
v -0.021285 1.067708 0.638544
v 0.023821 1.038003 0.657673
v 0.023671 1.088457 0.638196
v 0.023386 1.106783 0.601202
v -0.021285 1.067708 0.638544
v 0.023671 1.088457 0.638196
v 0.023671 0.992866 0.638196
v 0.023821 1.038003 0.657673
v -0.025974 1.002122 0.638580
v -0.025974 1.002122 0.638580
v 0.023821 1.038003 0.657673
v -0.043433 1.027663 0.638715
v -0.012867 1.076566 0.540937
v -0.040255 1.079953 0.601693
v 0.022993 1.106488 0.550318
v 0.023821 1.038003 0.657673
v -0.021285 1.067708 0.638544
v -0.043433 1.027663 0.638715
v -0.043433 1.027663 0.638715
v -0.021285 1.067708 0.638544
v -0.040255 1.079953 0.601693
v -0.021285 1.067708 0.638544
v 0.023386 1.106783 0.601202
v -0.040255 1.079953 0.601693
v -0.040255 1.079953 0.601693
v 0.023386 1.106783 0.601202
v 0.022993 1.106488 0.550318
v -0.259941 1.160699 0.264357
v -0.207079 1.112393 0.322075
v -0.206297 1.116542 0.245471
v -0.206297 1.116542 0.245471
v -0.191840 1.052408 0.209717
v -0.259941 1.160699 0.264357
v -0.259941 1.160699 0.264357
v -0.191840 1.052408 0.209717
v -0.281751 1.122298 0.235964
v -0.191840 1.052408 0.209717
v -0.215856 0.954332 0.318892
v -0.221270 0.943623 0.267068
v -0.039532 1.059780 0.538665
v -0.076046 1.039763 0.540735
v -0.019900 1.046381 0.552892
v -0.076046 1.039763 0.540735
v -0.125004 1.049597 0.520773
v -0.089592 1.015555 0.552000
v -0.019900 1.046381 0.552892
v -0.076046 1.039763 0.540735
v -0.089592 1.015555 0.552000
v -0.019900 1.046381 0.552892
v -0.089592 1.015555 0.552000
v 0.023072 1.016882 0.560660
v 0.302566 1.161019 0.266849
v 0.330867 1.122298 0.231982
v 0.232541 1.052406 0.206439
v 0.247557 1.135484 0.243178
v 0.249516 1.130772 0.318945
v 0.302566 1.161019 0.266849
v 0.302566 1.161019 0.266849
v 0.249516 1.130772 0.318945
v 0.330867 1.122298 0.231982
v 0.249516 1.130772 0.318945
v 0.253107 1.062988 0.319224
v 0.330867 1.122298 0.231982
v 0.330867 1.122298 0.231982
v 0.253107 1.062988 0.319224
v 0.338967 1.035680 0.232317
v 0.253107 1.062988 0.319224
v 0.318419 0.949935 0.282131
v 0.338967 1.035680 0.232317
v 0.318419 0.949935 0.282131
v 0.253107 1.062988 0.319224
v 0.266450 0.954332 0.314205
v 0.023386 1.106783 0.601202
v 0.058703 1.076566 0.540385
v 0.022993 1.106488 0.550318
v 0.023671 1.088457 0.638196
v 0.087025 1.079953 0.600711
v 0.023386 1.106783 0.601202
v 0.087025 1.079953 0.600711
v 0.058703 1.076566 0.540385
v 0.023386 1.106783 0.601202
v 0.085846 1.039827 0.541488
v 0.058703 1.076566 0.540385
v 0.087025 1.079953 0.600711
v 0.068626 1.067708 0.637849
v 0.087025 1.079953 0.600711
v 0.023671 1.088457 0.638196
v 0.023079 0.988676 0.561522
v 0.076378 0.993361 0.600793
v 0.023386 0.984622 0.601202
v 0.110459 1.024819 0.600530
v 0.085846 1.039827 0.541488
v 0.087025 1.079953 0.600711
v 0.076378 0.993361 0.600793
v 0.110459 1.024819 0.600530
v 0.090774 1.027663 0.637678
v 0.023821 1.038003 0.657673
v 0.068626 1.067708 0.637849
v 0.023671 1.088457 0.638196
v 0.090774 1.027663 0.637678
v 0.110459 1.024819 0.600530
v 0.068626 1.067708 0.637849
v 0.076378 0.993361 0.600793
v 0.090774 1.027663 0.637678
v 0.073316 1.002122 0.637813
v 0.110459 1.024819 0.600530
v 0.087025 1.079953 0.600711
v 0.068626 1.067708 0.637849
v 0.023386 0.984622 0.601202
v 0.076378 0.993361 0.600793
v 0.073316 1.002122 0.637813
v 0.090774 1.027663 0.637678
v 0.068626 1.067708 0.637849
v 0.023821 1.038003 0.657673
v 0.073316 1.002122 0.637813
v 0.090774 1.027663 0.637678
v 0.023821 1.038003 0.657673
v 0.023386 0.984622 0.601202
v 0.073316 1.002122 0.637813
v 0.023671 0.992866 0.638196
v 0.073316 1.002122 0.637813
v 0.023821 1.038003 0.657673
v 0.023671 0.992866 0.638196
v 0.065919 1.046381 0.552229
v 0.121785 1.040814 0.539208
v 0.085330 1.059780 0.537701
v 0.121785 1.040814 0.539208
v 0.065919 1.046381 0.552229
v 0.135588 1.015555 0.550261
v -0.245232 0.995546 0.284839
v -0.228656 1.000564 0.306045
v -0.234109 1.036267 0.297013
v -0.245232 0.995546 0.284839
v -0.234109 1.036267 0.297013
v -0.265474 1.032761 0.257912
v -0.265474 1.032761 0.257912
v -0.234109 1.036267 0.297013
v -0.262785 1.086458 0.262199
v -0.234109 1.036267 0.297013
v -0.227761 1.057163 0.306831
v -0.262785 1.086458 0.262199
v -0.262785 1.086458 0.262199
v -0.227761 1.057163 0.306831
v -0.239271 1.112722 0.290365
v -0.227761 1.057163 0.306831
v -0.219533 1.088033 0.315627
v -0.239271 1.112722 0.290365
v 0.022861 1.008362 0.533238
v 0.138304 0.962808 0.552416
v 0.023089 0.963633 0.562762
v 0.162087 1.002833 0.509174
v 0.138304 0.962808 0.552416
v 0.022861 1.008362 0.533238
v 0.162087 1.002833 0.509174
v 0.214042 0.942227 0.522269
v 0.138304 0.962808 0.552416
v 0.178974 0.956940 0.371116
v 0.224751 0.948708 0.513599
v 0.162087 1.002833 0.509174
v 0.214042 0.942227 0.522269
v 0.162087 1.002833 0.509174
v 0.224751 0.948708 0.513599
v -0.150820 0.926610 0.207704
v -0.191840 1.052408 0.209717
v -0.110293 1.056915 0.097735
v -0.210739 0.936528 0.512997
v -0.185709 0.868812 0.545728
v -0.104765 0.932224 0.585084
v 0.022861 1.008362 0.533238
v 0.023089 0.963633 0.562762
v -0.092272 0.962808 0.554197
v -0.092272 0.962808 0.554197
v -0.168467 0.942227 0.525221
v -0.116720 1.002833 0.511326
v 0.021337 0.836145 0.335838
v -0.219121 0.901440 0.319020
v 0.020621 0.841995 0.243096
v -0.219121 0.901440 0.319020
v -0.150820 0.926610 0.207704
v 0.020621 0.841995 0.243096
v 0.022194 0.835040 0.446893
v -0.219121 0.901440 0.319020
v 0.021337 0.836145 0.335838
v -0.116720 1.002833 0.511326
v 0.022861 1.008362 0.533238
v -0.092272 0.962808 0.554197
v -0.179310 0.948708 0.516719
v -0.116720 1.002833 0.511326
v -0.168467 0.942227 0.525221
v -0.217769 0.954318 0.434672
v -0.210739 0.936528 0.512997
v -0.189390 1.040080 0.497096
v -0.217206 0.875272 0.445531
v -0.185709 0.868812 0.545728
v -0.210739 0.936528 0.512997
v -0.217769 0.954318 0.434672
v -0.217206 0.875272 0.445531
v -0.210739 0.936528 0.512997
v 0.022194 0.835040 0.446893
v -0.185709 0.868812 0.545728
v -0.217206 0.875272 0.445531
v -0.219121 0.901440 0.319020
v 0.022194 0.835040 0.446893
v -0.217206 0.875272 0.445531
v -0.118188 0.949485 0.363760
v -0.111085 0.923338 0.500781
v -0.118171 0.988517 0.365974
v -0.118171 0.988517 0.365974
v -0.111085 0.923338 0.500781
v -0.103992 0.981541 0.495926
v -0.110293 1.056915 0.097735
v -0.104929 1.164914 0.109129
v 0.019298 1.082763 0.071849
v 0.019298 1.082763 0.071849
v 0.019411 1.157915 0.086383
v 0.149275 1.056915 0.095760
v 0.110505 1.101418 0.500396
v 0.156612 1.098612 0.521094
v 0.122731 1.105219 0.544894
v -0.035485 1.121049 0.557628
v -0.011763 1.103354 0.535093
v -0.004185 1.111367 0.557160
v -0.065281 1.101418 0.501753
v -0.011763 1.103354 0.535093
v -0.038384 1.106101 0.548299
v 0.230459 1.182798 0.510448
v 0.210439 1.146258 0.519990
v 0.200413 1.170841 0.512700
v -0.129085 1.108599 0.512351
v -0.111063 1.098612 0.523161
v -0.080099 1.119554 0.547539
v -0.215856 0.954332 0.318892
v -0.191840 1.052408 0.209717
v -0.150820 0.926610 0.207704
v 0.057509 1.103354 0.534559
v 0.085330 1.059780 0.537701
v 0.086598 1.092316 0.546115
v -0.104973 1.136891 0.553638
v -0.129085 1.108599 0.512351
v -0.080099 1.119554 0.547539
v -0.153893 1.088613 0.499011
v -0.111063 1.098612 0.523161
v -0.129085 1.108599 0.512351
v -0.156193 1.165875 0.513837
v -0.176799 1.150817 0.523240
v -0.186428 1.176650 0.512556
v -0.097965 1.189506 0.545356
v -0.110475 1.176440 0.542422
v -0.116060 1.193910 0.548347
v -0.219121 0.901440 0.319020
v -0.215856 0.954332 0.318892
v -0.150820 0.926610 0.207704
v -0.158530 1.172274 0.535969
v -0.164352 1.125956 0.519193
v -0.104973 1.136891 0.553638
v -0.129085 1.108599 0.512351
v -0.104973 1.136891 0.553638
v -0.164352 1.125956 0.519193
v -0.215856 0.954332 0.318892
v -0.217206 0.875272 0.445531
v -0.217769 0.954318 0.434672
v -0.176799 1.150817 0.523240
v -0.156193 1.165875 0.513837
v -0.164352 1.125956 0.519193
v -0.110475 1.176440 0.542422
v -0.104973 1.136891 0.553638
v -0.116060 1.193910 0.548347
v -0.204406 1.080610 0.407022
v -0.164352 1.125956 0.519193
v -0.156193 1.165875 0.513837
v -0.186428 1.176650 0.512556
v -0.176799 1.150817 0.523240
v -0.158530 1.172274 0.535969
v -0.158530 1.172274 0.535969
v -0.176799 1.150817 0.523240
v -0.164352 1.125956 0.519193
v -0.217206 0.875272 0.445531
v -0.215856 0.954332 0.318892
v -0.219121 0.901440 0.319020
v -0.138912 1.176910 0.534393
v -0.158530 1.172274 0.535969
v -0.169409 1.196441 0.535305
v -0.158530 1.172274 0.535969
v -0.104973 1.136891 0.553638
v -0.169409 1.196441 0.535305
v -0.181578 1.088676 0.477067
v -0.153893 1.088613 0.499011
v -0.164352 1.125956 0.519193
v -0.204406 1.080610 0.407022
v -0.217769 0.954318 0.434672
v -0.189390 1.040080 0.497096
v -0.138912 1.176910 0.534393
v -0.104973 1.136891 0.553638
v -0.142187 1.198289 0.544343
v -0.209906 1.154923 0.272193
v -0.236275 1.193303 0.299092
v -0.214584 1.211885 0.185005
v -0.209449 1.161942 0.382364
v -0.209906 1.154923 0.272193
v -0.206361 1.129730 0.393991
v -0.206361 1.129730 0.393991
v -0.209906 1.154923 0.272193
v -0.206297 1.116542 0.245471
v -0.104929 1.164914 0.109129
v 0.019411 1.157915 0.086383
v 0.019298 1.082763 0.071849
v -0.214584 1.211885 0.185005
v -0.104929 1.164914 0.109129
v -0.110293 1.056915 0.097735
v -0.209906 1.154923 0.272193
v -0.214584 1.211885 0.185005
v -0.206297 1.116542 0.245471
v -0.191840 1.052408 0.209717
v -0.214584 1.211885 0.185005
v -0.110293 1.056915 0.097735
v 0.019411 1.157915 0.086383
v 0.144073 1.161808 0.105262
v 0.149275 1.056915 0.095760
v 0.149275 1.056915 0.095760
v 0.144073 1.161808 0.105262
v 0.232541 1.052406 0.206439
v -0.236275 1.193303 0.299092
v -0.209906 1.154923 0.272193
v -0.209449 1.161942 0.382364
v 0.165569 1.182264 0.532252
v 0.190209 1.199961 0.536873
v 0.178723 1.171779 0.541400
v -0.125004 1.049597 0.520773
v -0.084883 1.090832 0.543373
v -0.111063 1.098612 0.523161
v 0.200413 1.170841 0.512700
v 0.195022 1.180567 0.523253
v 0.230459 1.182798 0.510448
v 0.195022 1.180567 0.523253
v 0.178723 1.171779 0.541400
v 0.206710 1.196737 0.525594
v -0.153893 1.088613 0.499011
v -0.125004 1.049597 0.520773
v -0.111063 1.098612 0.523161
v -0.156193 1.165875 0.513837
v -0.150906 1.175137 0.524703
v -0.206361 1.129730 0.393991
v -0.206361 1.129730 0.393991
v -0.150906 1.175137 0.524703
v -0.177155 1.247889 0.401824
v 0.060657 1.311043 0.586016
v 0.011759 1.382807 0.490907
v 0.029426 1.313044 0.537560
v -0.204406 1.080610 0.407022
v -0.215856 0.954332 0.318892
v -0.217769 0.954318 0.434672
v 0.086045 1.308876 0.466687
v 0.123189 1.244821 0.443331
v 0.120828 1.283165 0.563870
v 0.029426 1.313044 0.537560
v 0.022179 1.244149 0.444913
v 0.060657 1.311043 0.586016
v -0.016841 1.296214 0.578322
v -0.128403 1.269974 0.487396
v 0.022179 1.244149 0.444913
v -0.236275 1.193303 0.299092
v -0.235297 1.194154 0.370911
v -0.223071 1.261534 0.346444
v -0.128403 1.269974 0.487396
v -0.177155 1.247889 0.401824
v -0.078844 1.244821 0.444891
v -0.141805 1.321087 0.399558
v -0.177155 1.247889 0.401824
v -0.128403 1.269974 0.487396
v -0.214584 1.211885 0.185005
v -0.236275 1.193303 0.299092
v -0.223071 1.261534 0.346444
v -0.011763 1.103354 0.535093
v -0.076046 1.039763 0.540735
v -0.004185 1.111367 0.557160
v -0.204406 1.080610 0.407022
v -0.189390 1.040080 0.497096
v -0.181578 1.088676 0.477067
v -0.125004 1.049597 0.520773
v -0.076046 1.039763 0.540735
v -0.084883 1.090832 0.543373
v 0.081776 1.362809 0.458229
v 0.086045 1.308876 0.466687
v 0.095769 1.346754 0.499960
v -0.223071 1.261534 0.346444
v -0.235297 1.194154 0.370911
v -0.177155 1.247889 0.401824
v -0.192381 1.282723 0.301552
v -0.177155 1.247889 0.401824
v -0.141805 1.321087 0.399558
v 0.019670 1.284802 0.119956
v 0.019411 1.157915 0.086383
v -0.069380 1.304721 0.152653
v 0.019411 1.157915 0.086383
v -0.149551 1.285859 0.185281
v -0.069380 1.304721 0.152653
v 0.095769 1.346754 0.499960
v 0.086045 1.308876 0.466687
v 0.120828 1.283165 0.563870
v -0.207079 1.112393 0.322075
v -0.206361 1.129730 0.393991
v -0.206297 1.116542 0.245471
v -0.235297 1.194154 0.370911
v -0.209449 1.161942 0.382364
v -0.177155 1.247889 0.401824
v -0.177155 1.247889 0.401824
v -0.209449 1.161942 0.382364
v -0.206361 1.129730 0.393991
v -0.204406 1.080610 0.407022
v -0.156193 1.165875 0.513837
v -0.206361 1.129730 0.393991
v -0.164352 1.125956 0.519193
v -0.204406 1.080610 0.407022
v -0.181578 1.088676 0.477067
v 0.101852 1.291860 0.127512
v 0.144073 1.161808 0.105262
v 0.019670 1.284802 0.119956
v 0.144073 1.161808 0.105262
v 0.019411 1.157915 0.086383
v 0.019670 1.284802 0.119956
v -0.206297 1.116542 0.245471
v -0.214584 1.211885 0.185005
v -0.191840 1.052408 0.209717
v 0.186889 1.265667 0.135046
v 0.144073 1.161808 0.105262
v 0.101852 1.291860 0.127512
v 0.144073 1.161808 0.105262
v 0.234427 1.210943 0.171275
v 0.232541 1.052406 0.206439
v 0.186889 1.265667 0.135046
v 0.234427 1.210943 0.171275
v 0.144073 1.161808 0.105262
v -0.235297 1.194154 0.370911
v -0.236275 1.193303 0.299092
v -0.209449 1.161942 0.382364
v -0.211105 1.063744 0.322545
v -0.215856 0.954332 0.318892
v -0.204406 1.080610 0.407022
v -0.029608 0.993361 0.601611
v -0.063689 1.024819 0.601874
v -0.039991 1.039827 0.542459
v -0.009486 1.001643 0.561774
v -0.029608 0.993361 0.601611
v -0.039991 1.039827 0.542459
v 0.023079 0.988676 0.561522
v 0.023386 0.984622 0.601202
v -0.009486 1.001643 0.561774
v -0.009486 1.001643 0.561774
v 0.023386 0.984622 0.601202
v -0.029608 0.993361 0.601611
v -0.063689 1.024819 0.601874
v -0.040255 1.079953 0.601693
v -0.012867 1.076566 0.540937
v -0.029608 0.993361 0.601611
v -0.025974 1.002122 0.638580
v -0.063689 1.024819 0.601874
v -0.025974 1.002122 0.638580
v -0.043433 1.027663 0.638715
v -0.063689 1.024819 0.601874
v -0.029608 0.993361 0.601611
v 0.023671 0.992866 0.638196
v -0.025974 1.002122 0.638580
v -0.063689 1.024819 0.601874
v -0.043433 1.027663 0.638715
v -0.040255 1.079953 0.601693
v -0.207079 1.112393 0.322075
v -0.211105 1.063744 0.322545
v -0.204406 1.080610 0.407022
v -0.288685 1.042504 0.228300
v -0.221270 0.943623 0.267068
v -0.258165 0.943570 0.278802
v -0.221270 0.943623 0.267068
v -0.215856 0.954332 0.318892
v -0.258165 0.943570 0.278802
v -0.207079 1.112393 0.322075
v -0.259941 1.160699 0.264357
v -0.211105 1.063744 0.322545
v -0.259941 1.160699 0.264357
v -0.281751 1.122298 0.235964
v -0.211105 1.063744 0.322545
v -0.211105 1.063744 0.322545
v -0.281751 1.122298 0.235964
v -0.215856 0.954332 0.318892
v -0.281751 1.122298 0.235964
v -0.288685 1.042504 0.228300
v -0.215856 0.954332 0.318892
v -0.215856 0.954332 0.318892
v -0.288685 1.042504 0.228300
v -0.258165 0.943570 0.278802
v -0.191840 1.052408 0.209717
v -0.288685 1.042504 0.228300
v -0.281751 1.122298 0.235964
v -0.288685 1.042504 0.228300
v -0.191840 1.052408 0.209717
v -0.221270 0.943623 0.267068
v -0.206361 1.129730 0.393991
v -0.207079 1.112393 0.322075
v -0.204406 1.080610 0.407022
v -0.125004 1.049597 0.520773
v -0.153893 1.088613 0.499011
v -0.181578 1.088676 0.477067
v 0.247557 1.135484 0.243178
v 0.302566 1.161019 0.266849
v 0.232541 1.052406 0.206439
v 0.232541 1.052406 0.206439
v 0.330867 1.122298 0.231982
v 0.338967 1.035680 0.232317
v 0.338967 1.035680 0.232317
v 0.278268 0.943570 0.273651
v 0.232541 1.052406 0.206439
v 0.266450 0.954332 0.314205
v 0.232541 1.052406 0.206439
v 0.278268 0.943570 0.273651
v 0.278268 0.943570 0.273651
v 0.318419 0.949935 0.282131
v 0.266450 0.954332 0.314205
v 0.023079 0.988676 0.561522
v 0.055643 1.001643 0.561271
v 0.076378 0.993361 0.600793
v 0.055643 1.001643 0.561271
v 0.085846 1.039827 0.541488
v 0.110459 1.024819 0.600530
v 0.076378 0.993361 0.600793
v 0.055643 1.001643 0.561271
v 0.110459 1.024819 0.600530
v -0.120053 0.953778 0.371484
v -0.102353 0.961891 0.489206
v -0.120075 0.986389 0.368657
v -0.120075 0.986389 0.368657
v -0.102353 0.961891 0.489206
v -0.102137 0.994310 0.490117
v -0.102353 0.961891 0.489206
v 0.023033 0.956556 0.555567
v -0.102137 0.994310 0.490117
v -0.102137 0.994310 0.490117
v 0.023033 0.956556 0.555567
v 0.023045 0.994310 0.557096
v 0.278268 0.943570 0.273651
v 0.338967 1.035680 0.232317
v 0.318419 0.949935 0.282131
v -0.221394 1.144270 0.584903
v -0.205990 1.105986 0.579927
v -0.210176 1.145047 0.586680
v 0.252405 1.105986 0.576388
v 0.267884 1.144270 0.581126
v 0.256694 1.145047 0.583076
v 0.023272 1.127063 0.586447
v 0.050230 1.127110 0.581941
v 0.023139 1.128373 0.569341
v 0.023139 1.128373 0.569341
v 0.050230 1.127110 0.581941
v 0.049067 1.128102 0.564440
v 0.054116 1.146158 0.567416
v 0.256694 1.145047 0.583076
v 0.254394 1.149314 0.562400
v 0.256694 1.145047 0.583076
v 0.242663 1.024795 0.538247
v 0.254394 1.149314 0.562400
v 0.242663 1.024795 0.538247
v 0.256694 1.145047 0.583076
v 0.240009 1.017746 0.556919
v 0.240426 1.105639 0.132513
v 0.231979 1.128306 0.111447
v 0.258564 1.145877 0.218532
v 0.231979 1.128306 0.111447
v 0.252808 1.165665 0.211005
v 0.258564 1.145877 0.218532
v 0.258564 1.145877 0.218532
v 0.252808 1.165665 0.211005
v 0.265140 1.112560 0.575950
v 0.252808 1.165665 0.211005
v 0.267884 1.144270 0.581126
v 0.265140 1.112560 0.575950
v 0.055306 1.141801 0.582572
v 0.256694 1.145047 0.583076
v 0.054116 1.146158 0.567416
v 0.023272 1.127063 0.586447
v 0.023236 1.102447 0.581846
v 0.047584 1.091867 0.575281
v 0.256694 1.145047 0.583076
v 0.055306 1.141801 0.582572
v 0.234491 1.128659 0.579420
v 0.234491 1.128659 0.579420
v 0.055306 1.141801 0.582572
v 0.068750 1.124904 0.579471
v 0.050230 1.127110 0.581941
v 0.023272 1.127063 0.586447
v 0.047584 1.091867 0.575281
v 0.234491 1.128659 0.579420
v 0.225189 1.034867 0.561012
v 0.240009 1.017746 0.556919
v 0.055306 1.141801 0.582572
v 0.050230 1.127110 0.581941
v 0.068750 1.124904 0.579471
v 0.240009 1.017746 0.556919
v 0.256694 1.145047 0.583076
v 0.234491 1.128659 0.579420
v 0.068750 1.124904 0.579471
v 0.050230 1.127110 0.581941
v 0.069459 1.095722 0.574900
v 0.225189 1.034867 0.561012
v 0.116564 1.029366 0.559953
v 0.240009 1.017746 0.556919
v 0.050230 1.127110 0.581941
v 0.047584 1.091867 0.575281
v 0.069459 1.095722 0.574900
v 0.069459 1.095722 0.574900
v 0.047584 1.091867 0.575281
v 0.116564 1.029366 0.559953
v 0.047584 1.091867 0.575281
v 0.108282 1.012202 0.557305
v 0.116564 1.029366 0.559953
v 0.116564 1.029366 0.559953
v 0.108282 1.012202 0.557305
v 0.240009 1.017746 0.556919
v -0.023865 1.095722 0.575621
v -0.070420 1.029366 0.561397
v -0.062180 1.012202 0.558621
v -0.062180 1.012202 0.558621
v -0.070420 1.029366 0.561397
v -0.179014 1.034867 0.564132
v -0.062180 1.012202 0.558621
v -0.179014 1.034867 0.564132
v -0.193897 1.017746 0.560269
v -0.003402 1.091867 0.575675
v -0.023865 1.095722 0.575621
v -0.062180 1.012202 0.558621
v -0.193897 1.017746 0.560269
v -0.179014 1.034867 0.564132
v -0.213944 1.145466 0.586709
v -0.211963 1.149733 0.566001
v -0.008819 1.141801 0.583066
v -0.007853 1.145947 0.563565
v -0.179014 1.034867 0.564132
v -0.188031 1.128659 0.582682
v -0.213944 1.145466 0.586709
v -0.022309 1.124904 0.580174
v -0.023865 1.095722 0.575621
v -0.003402 1.091867 0.575675
v -0.213944 1.145466 0.586709
v -0.188031 1.128659 0.582682
v -0.022309 1.124904 0.580174
v -0.007853 1.145947 0.563565
v -0.008819 1.141801 0.583066
v -0.003754 1.127110 0.582358
v -0.211963 1.149733 0.566001
v -0.213944 1.145466 0.586709
v -0.008819 1.141801 0.583066
v -0.213944 1.145466 0.586709
v -0.022309 1.124904 0.580174
v -0.008819 1.141801 0.583066
v -0.008819 1.141801 0.583066
v -0.022309 1.124904 0.580174
v -0.003754 1.127110 0.582358
v -0.003754 1.127110 0.582358
v -0.022309 1.124904 0.580174
v -0.003402 1.091867 0.575675
v -0.003402 1.091867 0.575675
v 0.023236 1.102447 0.581846
v -0.003754 1.127110 0.582358
v 0.023236 1.102447 0.581846
v 0.023272 1.127063 0.586447
v -0.003754 1.127110 0.582358
v 0.267884 1.144270 0.581126
v 0.252405 1.105986 0.576388
v 0.265140 1.112560 0.575950
v 0.023139 1.128373 0.569341
v -0.002861 1.128102 0.564841
v 0.023272 1.127063 0.586447
v 0.023272 1.127063 0.586447
v -0.002861 1.128102 0.564841
v -0.003754 1.127110 0.582358
v -0.002861 1.128102 0.564841
v -0.007853 1.145947 0.563565
v -0.003754 1.127110 0.582358
v -0.205990 1.105986 0.579927
v -0.221394 1.144270 0.584903
v -0.218730 1.112560 0.579686
v 0.050230 1.127110 0.581941
v 0.054116 1.146158 0.567416
v 0.049067 1.128102 0.564440
v 0.050230 1.127110 0.581941
v 0.055306 1.141801 0.582572
v 0.054116 1.146158 0.567416
v -0.200866 1.105641 0.135954
v -0.217691 1.146433 0.219819
v -0.192743 1.128244 0.115038
v -0.192743 1.128244 0.115038
v -0.217691 1.146433 0.219819
v -0.212066 1.164723 0.210518
v -0.217691 1.146433 0.219819
v -0.218730 1.112560 0.579686
v -0.212066 1.164723 0.210518
v -0.212066 1.164723 0.210518
v -0.218730 1.112560 0.579686
v -0.221394 1.144270 0.584903
v -0.211963 1.149733 0.566001
v -0.193897 1.017746 0.560269
v -0.213944 1.145466 0.586709
v -0.193897 1.017746 0.560269
v -0.211963 1.149733 0.566001
v -0.196839 1.024795 0.541640
v -0.023150 1.114625 0.536128
v -0.037661 1.164693 0.512870
v -0.044542 1.135745 0.536084
v -0.052305 1.106434 0.544619
v -0.023150 1.114625 0.536128
v -0.044542 1.135745 0.536084
v -0.044542 1.135745 0.536084
v -0.037661 1.164693 0.512870
v -0.093330 1.148961 0.513304
v -0.023150 1.114625 0.536128
v 0.004907 1.124575 0.512546
v -0.037661 1.164693 0.512870
v -0.073760 1.127909 0.536421
v -0.044542 1.135745 0.536084
v -0.093330 1.148961 0.513304
v -0.073760 1.127909 0.536421
v -0.052305 1.106434 0.544619
v -0.044542 1.135745 0.536084
v -0.030977 1.085885 0.536439
v -0.023150 1.114625 0.536128
v -0.052305 1.106434 0.544619
v -0.081587 1.098972 0.536797
v -0.052305 1.106434 0.544619
v -0.073760 1.127909 0.536421
v -0.067494 1.052816 0.513155
v -0.011823 1.067264 0.512724
v -0.060196 1.078356 0.536674
v -0.052305 1.106434 0.544619
v -0.081587 1.098972 0.536797
v -0.060196 1.078356 0.536674
v -0.060196 1.078356 0.536674
v -0.030977 1.085885 0.536439
v -0.052305 1.106434 0.544619
v -0.011823 1.067264 0.512724
v -0.030977 1.085885 0.536439
v -0.060196 1.078356 0.536674
v -0.011823 1.067264 0.512724
v 0.004907 1.124575 0.512546
v -0.030977 1.085885 0.536439
v -0.030977 1.085885 0.536439
v 0.004907 1.124575 0.512546
v -0.023150 1.114625 0.536128
v 0.112618 1.052643 0.511765
v 0.105685 1.078183 0.535394
v 0.056948 1.067091 0.512194
v 0.040216 1.124402 0.512274
v 0.068634 1.114452 0.535420
v 0.082784 1.164520 0.511940
v 0.082784 1.164520 0.511940
v 0.090022 1.135572 0.535045
v 0.138455 1.148787 0.511514
v 0.105685 1.078183 0.535394
v 0.112618 1.052643 0.511765
v 0.127075 1.098799 0.535186
v 0.112618 1.052643 0.511765
v 0.153371 1.092129 0.511408
v 0.127075 1.098799 0.535186
v 0.068634 1.114452 0.535420
v 0.090022 1.135572 0.535045
v 0.082784 1.164520 0.511940
v 0.138455 1.148787 0.511514
v 0.119243 1.127735 0.534931
v 0.153371 1.092129 0.511408
v 0.105685 1.078183 0.535394
v 0.076466 1.085712 0.535609
v 0.056948 1.067091 0.512194
v 0.090022 1.135572 0.535045
v 0.119243 1.127735 0.534931
v 0.138455 1.148787 0.511514
v 0.068634 1.114452 0.535420
v 0.097918 1.106260 0.543459
v 0.090022 1.135572 0.535045
v 0.119243 1.127735 0.534931
v 0.127075 1.098799 0.535186
v 0.153371 1.092129 0.511408
v 0.076466 1.085712 0.535609
v 0.097918 1.106260 0.543459
v 0.068634 1.114452 0.535420
v 0.076466 1.085712 0.535609
v 0.105685 1.078183 0.535394
v 0.097918 1.106260 0.543459
v 0.097918 1.106260 0.543459
v 0.119243 1.127735 0.534931
v 0.090022 1.135572 0.535045
v 0.105685 1.078183 0.535394
v 0.127075 1.098799 0.535186
v 0.097918 1.106260 0.543459
v 0.097918 1.106260 0.543459
v 0.127075 1.098799 0.535186
v 0.119243 1.127735 0.534931
v -0.067494 1.052816 0.513155
v -0.081587 1.098972 0.536797
v -0.108247 1.092302 0.513428
v -0.108247 1.092302 0.513428
v -0.073760 1.127909 0.536421
v -0.093330 1.148961 0.513304
v -0.108247 1.092302 0.513428
v -0.081587 1.098972 0.536797
v -0.073760 1.127909 0.536421
v -0.081587 1.098972 0.536797
v -0.067494 1.052816 0.513155
v -0.060196 1.078356 0.536674
v 0.056948 1.067091 0.512194
v 0.076466 1.085712 0.535609
v 0.040216 1.124402 0.512274
v 0.076466 1.085712 0.535609
v 0.068634 1.114452 0.535420
v 0.040216 1.124402 0.512274
v 0.801453 0.176178 0.437452
v 0.891138 0.132129 0.350231
v 0.982160 0.176178 0.436057
v 0.982160 0.176178 0.436057
v 0.891138 0.132129 0.350231
v 0.980824 0.176178 0.263009
v 0.800117 0.176178 0.264405
v 0.801453 0.176178 0.437452
v 0.980824 0.176178 0.263009
v 0.801453 0.176178 0.437452
v 0.982160 0.176178 0.436057
v 0.980824 0.176178 0.263009
v 0.930256 0.561371 0.374802
v 0.886391 0.623830 0.384494
v 0.842382 0.561371 0.375480
v 0.923225 0.560746 0.134603
v 0.884464 0.620284 0.134902
v 0.930256 0.561371 0.374802
v 0.930256 0.561371 0.374802
v 0.884464 0.620284 0.134902
v 0.886391 0.623830 0.384494
v 0.884464 0.620284 0.134902
v 0.845703 0.560746 0.135201
v 0.886391 0.623830 0.384494
v 0.886391 0.623830 0.384494
v 0.845703 0.560746 0.135201
v 0.842382 0.561371 0.375480
v 0.987002 0.170144 0.438748
v 0.795277 0.171680 0.261710
v 0.799449 0.142733 0.286551
v 0.795277 0.171680 0.261710
v 0.776875 0.103959 0.262932
v 0.799449 0.142733 0.286551
v 0.776875 0.103959 0.262932
v 0.795277 0.171680 0.261710
v 0.765410 0.110615 0.230676
v 0.800518 0.105314 0.237530
v 0.765410 0.110615 0.230676
v 0.823093 0.144088 0.261149
v 0.823093 0.144088 0.261149
v 0.795277 0.171680 0.261710
v 0.982830 0.141197 0.413907
v 0.795277 0.171680 0.261710
v 0.987002 0.170144 0.438748
v 0.982830 0.141197 0.413907
v 0.982830 0.141197 0.413907
v 0.987002 0.170144 0.438748
v 1.005404 0.102423 0.437526
v 0.987002 0.170144 0.438748
v 1.016869 0.109079 0.469783
v 1.005404 0.102423 0.437526
v 0.799449 0.142733 0.286551
v 0.959187 0.142552 0.439309
v 0.987002 0.170144 0.438748
v 0.987002 0.170144 0.438748
v 0.959187 0.142552 0.439309
v 1.016869 0.109079 0.469783
v 0.959187 0.142552 0.439309
v 0.981759 0.103778 0.462928
v 1.016869 0.109079 0.469783
v 0.798638 0.170144 0.442089
v 0.983640 0.171680 0.258371
v 0.957696 0.142733 0.262382
v 1.008887 0.105314 0.263374
v 1.016068 0.110615 0.229749
v 0.984207 0.144088 0.285007
v 1.016068 0.110615 0.229749
v 0.983640 0.171680 0.258371
v 0.984207 0.144088 0.285007
v 0.984207 0.144088 0.285007
v 0.983640 0.171680 0.258371
v 0.824582 0.141197 0.438076
v 0.983640 0.171680 0.258371
v 0.798638 0.170144 0.442089
v 0.824582 0.141197 0.438076
v 0.824582 0.141197 0.438076
v 0.798638 0.170144 0.442089
v 0.801649 0.102846 0.459684
v 0.798638 0.170144 0.442089
v 0.766210 0.109079 0.470711
v 0.801649 0.102846 0.459684
v 0.957696 0.142733 0.262382
v 0.798072 0.142552 0.415452
v 0.798638 0.170144 0.442089
v 0.798072 0.142552 0.415452
v 0.773392 0.103778 0.437084
v 0.766210 0.109079 0.470711
v 0.916888 0.263415 0.322365
v 0.886778 0.263315 0.372231
v 0.916904 0.193800 0.324472
v 0.886778 0.263315 0.372231
v 0.916888 0.263415 0.322365
v 0.855903 0.263415 0.322835
v 0.916904 0.193800 0.324472
v 0.886778 0.263315 0.372231
v 0.886794 0.193923 0.374254
v 0.886794 0.193923 0.374254
v 0.855903 0.263415 0.322835
v 0.855920 0.193800 0.324943
v 0.864461 0.537645 0.430837
v 0.909034 0.537645 0.430493
v 0.865749 0.393172 0.327761
v 0.909034 0.537645 0.430493
v 0.907120 0.393172 0.327443
v 0.865749 0.393172 0.327761
v 0.865749 0.393172 0.327761
v 0.865759 0.146208 0.329193
v 0.886720 0.146479 0.364603
v 0.908593 0.571300 0.373431
v 0.886358 0.608053 0.380151
v 0.909034 0.537645 0.430493
v 0.886358 0.608053 0.380151
v 0.887076 0.538518 0.473211
v 0.909034 0.537645 0.430493
v 0.909034 0.537645 0.430493
v 0.887076 0.538518 0.473211
v 0.907120 0.393172 0.327443
v 0.887076 0.538518 0.473211
v 0.886709 0.387215 0.363230
v 0.907120 0.393172 0.327443
v 0.907120 0.393172 0.327443
v 0.886709 0.387215 0.363230
v 0.907131 0.146208 0.328873
v 0.886709 0.387215 0.363230
v 0.886720 0.146479 0.364603
v 0.907131 0.146208 0.328873
v 0.980824 0.176178 0.263009
v 0.891138 0.132129 0.350231
v 0.800117 0.176178 0.264405
v 0.800117 0.176178 0.264405
v 0.891138 0.132129 0.350231
v 0.801453 0.176178 0.437452
v 0.845703 0.560746 0.135201
v 0.884464 0.620284 0.134902
v 0.923225 0.560746 0.134603
v 0.845703 0.560746 0.135201
v 0.923225 0.560746 0.134603
v 0.842382 0.561371 0.375480
v 0.923225 0.560746 0.134603
v 0.930256 0.561371 0.374802
v 0.842382 0.561371 0.375480
v 0.765410 0.110615 0.230676
v 0.795277 0.171680 0.261710
v 0.823093 0.144088 0.261149
v 0.983640 0.171680 0.258371
v 0.982376 0.103959 0.240750
v 0.957696 0.142733 0.262382
v 0.982376 0.103959 0.240750
v 0.983640 0.171680 0.258371
v 1.016068 0.110615 0.229749
v 0.798638 0.170144 0.442089
v 0.798072 0.142552 0.415452
v 0.766210 0.109079 0.470711
v 0.916904 0.193800 0.324472
v 0.886794 0.193923 0.374254
v 0.855920 0.193800 0.324943
v 0.886778 0.263315 0.372231
v 0.855903 0.263415 0.322835
v 0.886794 0.193923 0.374254
v 0.855903 0.263415 0.322835
v 0.916888 0.263415 0.322365
v 0.855920 0.193800 0.324943
v 0.855920 0.193800 0.324943
v 0.916888 0.263415 0.322365
v 0.916904 0.193800 0.324472
v 0.864020 0.571300 0.373775
v 0.908593 0.571300 0.373431
v 0.864461 0.537645 0.430837
v 0.908593 0.571300 0.373431
v 0.909034 0.537645 0.430493
v 0.864461 0.537645 0.430837
v 0.886358 0.608053 0.380151
v 0.864020 0.571300 0.373775
v 0.887076 0.538518 0.473211
v 0.864020 0.571300 0.373775
v 0.864461 0.537645 0.430837
v 0.887076 0.538518 0.473211
v 0.865749 0.393172 0.327761
v 0.907120 0.393172 0.327443
v 0.865759 0.146208 0.329193
v 0.907120 0.393172 0.327443
v 0.907131 0.146208 0.328873
v 0.865759 0.146208 0.329193
v 0.864461 0.537645 0.430837
v 0.865749 0.393172 0.327761
v 0.886709 0.387215 0.363230
v 0.887076 0.538518 0.473211
v 0.864461 0.537645 0.430837
v 0.886709 0.387215 0.363230
v 0.886709 0.387215 0.363230
v 0.865749 0.393172 0.327761
v 0.886720 0.146479 0.364603
v 1.054516 0.010859 0.222792
v 1.024323 0.010859 0.284482
v 1.007218 -0.007010 0.239200
v 1.007218 -0.007010 0.239200
v 1.024323 0.010859 0.284482
v 0.959920 0.010859 0.255610
v 0.990114 0.097142 0.193918
v 0.937302 0.054001 0.236183
v 0.959921 0.097142 0.255610
v 1.054516 0.010859 0.222792
v 1.058918 0.054001 0.193990
v 1.077135 0.054001 0.242219
v 1.058918 0.054001 0.193990
v 1.054516 0.097142 0.222792
v 1.077135 0.054001 0.242219
v 1.077135 0.054001 0.242219
v 1.024323 0.097142 0.284482
v 1.054396 0.054001 0.288678
v 1.024323 0.097142 0.284482
v 1.077135 0.054001 0.242219
v 1.054516 0.097142 0.222792
v 1.024323 0.010859 0.284482
v 0.955519 0.054001 0.284411
v 0.959920 0.010859 0.255610
v 1.054396 0.054001 0.288678
v 1.004021 0.054001 0.306156
v 1.024323 0.010859 0.284482
v 1.024323 0.010859 0.284482
v 1.004021 0.054001 0.306156
v 0.955519 0.054001 0.284411
v 1.077135 0.054001 0.242219
v 1.054396 0.054001 0.288678
v 1.054516 0.010859 0.222792
v 1.054396 0.054001 0.288678
v 1.024323 0.097142 0.284482
v 1.004021 0.054001 0.306156
v 1.054516 0.010859 0.222792
v 1.054396 0.054001 0.288678
v 1.024323 0.010859 0.284482
v 1.024323 0.097142 0.284482
v 0.959921 0.097142 0.255610
v 1.004021 0.054001 0.306156
v 1.004021 0.054001 0.306156
v 0.959921 0.097142 0.255610
v 0.955519 0.054001 0.284411
v 0.990114 0.097142 0.193918
v 0.959921 0.097142 0.255610
v 1.007218 0.115012 0.239200
v 0.937302 0.054001 0.236183
v 0.990114 0.097142 0.193918
v 0.960042 0.054001 0.189722
v 1.010416 0.054001 0.172246
v 0.990114 0.097142 0.193918
v 1.054516 0.097142 0.222792
v 0.990114 0.097142 0.193918
v 1.007218 0.115012 0.239200
v 1.054516 0.097142 0.222792
v 1.054516 0.097142 0.222792
v 1.007218 0.115012 0.239200
v 1.024323 0.097142 0.284482
v 1.007218 0.115012 0.239200
v 0.959921 0.097142 0.255610
v 1.024323 0.097142 0.284482
v 1.035641 0.010859 0.417425
v 1.051512 0.010859 0.483810
v 1.008909 -0.007010 0.458239
v 1.008909 -0.007010 0.458239
v 1.051512 0.010859 0.483810
v 0.982177 0.010859 0.499053
v 1.051512 0.010859 0.483810
v 0.997229 0.054001 0.524330
v 0.982177 0.010859 0.499053
v 1.051512 0.097142 0.483810
v 1.065965 0.054001 0.419384
v 1.035641 0.097142 0.417425
v 1.051512 0.097142 0.483810
v 1.049446 0.054001 0.512850
v 1.077917 0.054001 0.469380
v 0.966306 0.097142 0.432668
v 0.951854 0.054001 0.497094
v 0.982177 0.097142 0.499053
v 0.982177 0.097142 0.499053
v 0.951854 0.054001 0.497094
v 0.997229 0.054001 0.524330
v 0.951854 0.054001 0.497094
v 0.966306 0.097142 0.432668
v 0.939901 0.054001 0.447098
v 0.966306 0.097142 0.432668
v 1.035641 0.097142 0.417425
v 0.968373 0.054001 0.403628
v 0.968373 0.054001 0.403628
v 1.035641 0.097142 0.417425
v 1.020590 0.054001 0.392149
v 1.065965 0.054001 0.419384
v 1.051512 0.097142 0.483810
v 1.077917 0.054001 0.469380
v 1.051512 0.097142 0.483810
v 1.035641 0.097142 0.417425
v 1.008910 0.115012 0.458239
v 1.065965 0.054001 0.419384
v 1.077917 0.054001 0.469380
v 1.035641 0.010859 0.417425
v 1.035641 0.010859 0.417425
v 1.077917 0.054001 0.469380
v 1.051512 0.010859 0.483810
v 1.049446 0.054001 0.512850
v 1.051512 0.097142 0.483810
v 0.982177 0.097142 0.499053
v 1.077917 0.054001 0.469380
v 1.049446 0.054001 0.512850
v 1.051512 0.010859 0.483810
v 1.051512 0.010859 0.483810
v 1.049446 0.054001 0.512850
v 0.997229 0.054001 0.524330
v 1.051512 0.097142 0.483810
v 1.008910 0.115012 0.458239
v 0.982177 0.097142 0.499053
v 1.049446 0.054001 0.512850
v 0.982177 0.097142 0.499053
v 0.997229 0.054001 0.524330
v 0.966306 0.097142 0.432668
v 0.982177 0.097142 0.499053
v 1.008910 0.115012 0.458239
v 1.035641 0.097142 0.417425
v 0.966306 0.097142 0.432668
v 1.008910 0.115012 0.458239
v 0.795649 0.010859 0.196483
v 0.822832 0.010859 0.259409
v 0.776376 -0.007010 0.240982
v 0.776376 -0.007010 0.240982
v 0.822832 0.010859 0.259409
v 0.757103 0.010859 0.285481
v 0.729921 0.097142 0.222556
v 0.726859 0.054001 0.288380
v 0.757103 0.097142 0.285481
v 0.846366 0.054001 0.240976
v 0.825894 0.054001 0.193585
v 0.822832 0.097142 0.259409
v 0.825894 0.054001 0.193585
v 0.795650 0.097142 0.196483
v 0.822832 0.097142 0.259409
v 0.822832 0.010859 0.259409
v 0.776337 0.054001 0.308005
v 0.757103 0.010859 0.285481
v 0.846366 0.054001 0.240976
v 0.825838 0.054001 0.288370
v 0.822832 0.010859 0.259409
v 0.822832 0.010859 0.259409
v 0.825838 0.054001 0.288370
v 0.776337 0.054001 0.308005
v 0.846366 0.054001 0.240976
v 0.822832 0.097142 0.259409
v 0.825838 0.054001 0.288370
v 0.795649 0.010859 0.196483
v 0.846366 0.054001 0.240976
v 0.822832 0.010859 0.259409
v 0.822832 0.097142 0.259409
v 0.757103 0.097142 0.285481
v 0.825838 0.054001 0.288370
v 0.757103 0.097142 0.285481
v 0.726859 0.054001 0.288380
v 0.776337 0.054001 0.308005
v 0.825838 0.054001 0.288370
v 0.757103 0.097142 0.285481
v 0.776337 0.054001 0.308005
v 0.729921 0.097142 0.222556
v 0.757103 0.097142 0.285481
v 0.776376 0.115012 0.240982
v 0.726859 0.054001 0.288380
v 0.729921 0.097142 0.222556
v 0.706387 0.054001 0.240990
v 0.776416 0.054001 0.173959
v 0.726914 0.054001 0.193595
v 0.795650 0.097142 0.196483
v 0.706387 0.054001 0.240990
v 0.729921 0.097142 0.222556
v 0.726914 0.054001 0.193595
v 0.726914 0.054001 0.193595
v 0.729921 0.097142 0.222556
v 0.795650 0.097142 0.196483
v 0.729921 0.097142 0.222556
v 0.776376 0.115012 0.240982
v 0.795650 0.097142 0.196483
v 0.795650 0.097142 0.196483
v 0.776376 0.115012 0.240982
v 0.822832 0.097142 0.259409
v 0.776376 0.115012 0.240982
v 0.757103 0.097142 0.285481
v 0.822832 0.097142 0.259409
v 0.822919 0.010859 0.481786
v 0.755310 0.010859 0.502987
v 0.778068 -0.007010 0.460021
v 0.778068 -0.007010 0.460021
v 0.800825 0.010859 0.417056
v 0.822919 0.010859 0.481786
v 0.822919 0.010859 0.481786
v 0.772693 0.054001 0.526850
v 0.755310 0.010859 0.502987
v 0.783441 0.054001 0.393193
v 0.732523 0.054001 0.409159
v 0.800389 0.097036 0.417062
v 0.732523 0.054001 0.409159
v 0.732779 0.097036 0.438263
v 0.800389 0.097036 0.417062
v 0.847851 0.054001 0.465122
v 0.823612 0.054001 0.510884
v 0.822919 0.010859 0.481786
v 0.800825 0.010859 0.417056
v 0.847851 0.054001 0.465122
v 0.822919 0.010859 0.481786
v 0.800389 0.097036 0.417062
v 0.822482 0.097036 0.481793
v 0.831210 0.054001 0.416373
v 0.822482 0.097036 0.481793
v 0.823612 0.054001 0.510884
v 0.847851 0.054001 0.465122
v 0.831210 0.054001 0.416373
v 0.822482 0.097036 0.481793
v 0.847851 0.054001 0.465122
v 0.754873 0.097036 0.502993
v 0.822482 0.097036 0.481793
v 0.778067 0.115012 0.460021
v 0.822919 0.010859 0.481786
v 0.823612 0.054001 0.510884
v 0.772693 0.054001 0.526850
v 0.823612 0.054001 0.510884
v 0.822482 0.097036 0.481793
v 0.754873 0.097036 0.502993
v 0.772693 0.054001 0.526850
v 0.823612 0.054001 0.510884
v 0.754873 0.097036 0.502993
v 0.708285 0.054001 0.454921
v 0.724924 0.054001 0.503669
v 0.732779 0.097036 0.438263
v 0.772693 0.054001 0.526850
v 0.754873 0.097036 0.502993
v 0.724924 0.054001 0.503669
v 0.724924 0.054001 0.503669
v 0.754873 0.097036 0.502993
v 0.732779 0.097036 0.438263
v 0.754873 0.097036 0.502993
v 0.778067 0.115012 0.460021
v 0.732779 0.097036 0.438263
v 0.732779 0.097036 0.438263
v 0.778067 0.115012 0.460021
v 0.800389 0.097036 0.417062
v 0.778067 0.115012 0.460021
v 0.822482 0.097036 0.481793
v 0.800389 0.097036 0.417062
v 0.959920 0.010859 0.255610
v 0.990114 0.010859 0.193918
v 1.007218 -0.007010 0.239200
v 0.990114 0.010859 0.193918
v 1.054516 0.010859 0.222792
v 1.007218 -0.007010 0.239200
v 0.959920 0.010859 0.255610
v 0.960042 0.054001 0.189722
v 0.990114 0.010859 0.193918
v 0.955519 0.054001 0.284411
v 0.937302 0.054001 0.236183
v 0.959920 0.010859 0.255610
v 0.959921 0.097142 0.255610
v 0.937302 0.054001 0.236183
v 0.955519 0.054001 0.284411
v 0.959920 0.010859 0.255610
v 0.937302 0.054001 0.236183
v 0.960042 0.054001 0.189722
v 1.054516 0.010859 0.222792
v 0.990114 0.010859 0.193918
v 1.058918 0.054001 0.193990
v 0.990114 0.010859 0.193918
v 1.010416 0.054001 0.172246
v 1.058918 0.054001 0.193990
v 0.990114 0.010859 0.193918
v 0.960042 0.054001 0.189722
v 1.010416 0.054001 0.172246
v 1.058918 0.054001 0.193990
v 1.010416 0.054001 0.172246
v 1.054516 0.097142 0.222792
v 0.960042 0.054001 0.189722
v 0.990114 0.097142 0.193918
v 1.010416 0.054001 0.172246
v 0.982177 0.010859 0.499053
v 0.966306 0.010859 0.432668
v 1.008909 -0.007010 0.458239
v 0.966306 0.010859 0.432668
v 1.035641 0.010859 0.417425
v 1.008909 -0.007010 0.458239
v 0.966306 0.010859 0.432668
v 1.020590 0.054001 0.392149
v 1.035641 0.010859 0.417425
v 0.997229 0.054001 0.524330
v 0.951854 0.054001 0.497094
v 0.982177 0.010859 0.499053
v 0.951854 0.054001 0.497094
v 0.939901 0.054001 0.447098
v 0.982177 0.010859 0.499053
v 0.939901 0.054001 0.447098
v 0.966306 0.097142 0.432668
v 0.968373 0.054001 0.403628
v 0.982177 0.010859 0.499053
v 0.939901 0.054001 0.447098
v 0.966306 0.010859 0.432668
v 0.939901 0.054001 0.447098
v 0.968373 0.054001 0.403628
v 0.966306 0.010859 0.432668
v 0.966306 0.010859 0.432668
v 0.968373 0.054001 0.403628
v 1.020590 0.054001 0.392149
v 1.035641 0.097142 0.417425
v 1.065965 0.054001 0.419384
v 1.020590 0.054001 0.392149
v 1.020590 0.054001 0.392149
v 1.065965 0.054001 0.419384
v 1.035641 0.010859 0.417425
v 0.757103 0.010859 0.285481
v 0.729920 0.010859 0.222556
v 0.776376 -0.007010 0.240982
v 0.729920 0.010859 0.222556
v 0.795649 0.010859 0.196483
v 0.776376 -0.007010 0.240982
v 0.757103 0.010859 0.285481
v 0.706387 0.054001 0.240990
v 0.729920 0.010859 0.222556
v 0.795649 0.010859 0.196483
v 0.776416 0.054001 0.173959
v 0.825894 0.054001 0.193585
v 0.776416 0.054001 0.173959
v 0.795650 0.097142 0.196483
v 0.825894 0.054001 0.193585
v 0.776337 0.054001 0.308005
v 0.726859 0.054001 0.288380
v 0.757103 0.010859 0.285481
v 0.825894 0.054001 0.193585
v 0.846366 0.054001 0.240976
v 0.795649 0.010859 0.196483
v 0.757103 0.010859 0.285481
v 0.726859 0.054001 0.288380
v 0.706387 0.054001 0.240990
v 0.795649 0.010859 0.196483
v 0.729920 0.010859 0.222556
v 0.776416 0.054001 0.173959
v 0.729920 0.010859 0.222556
v 0.726914 0.054001 0.193595
v 0.776416 0.054001 0.173959
v 0.729920 0.010859 0.222556
v 0.706387 0.054001 0.240990
v 0.726914 0.054001 0.193595
v 0.755310 0.010859 0.502987
v 0.733216 0.010859 0.438257
v 0.778068 -0.007010 0.460021
v 0.733216 0.010859 0.438257
v 0.800825 0.010859 0.417056
v 0.778068 -0.007010 0.460021
v 0.733216 0.010859 0.438257
v 0.708285 0.054001 0.454921
v 0.732523 0.054001 0.409159
v 0.708285 0.054001 0.454921
v 0.732779 0.097036 0.438263
v 0.732523 0.054001 0.409159
v 0.783441 0.054001 0.393193
v 0.831210 0.054001 0.416373
v 0.800825 0.010859 0.417056
v 0.800825 0.010859 0.417056
v 0.831210 0.054001 0.416373
v 0.847851 0.054001 0.465122
v 0.783441 0.054001 0.393193
v 0.800389 0.097036 0.417062
v 0.831210 0.054001 0.416373
v 0.732523 0.054001 0.409159
v 0.783441 0.054001 0.393193
v 0.733216 0.010859 0.438257
v 0.733216 0.010859 0.438257
v 0.783441 0.054001 0.393193
v 0.800825 0.010859 0.417056
v 0.733216 0.010859 0.438257
v 0.755310 0.010859 0.502987
v 0.708285 0.054001 0.454921
v 0.755310 0.010859 0.502987
v 0.724924 0.054001 0.503669
v 0.708285 0.054001 0.454921
v 0.755310 0.010859 0.502987
v 0.772693 0.054001 0.526850
v 0.724924 0.054001 0.503669
vn 0.8176 0.0701 -0.5715
vn 0.6302 0.3127 -0.7107
vn 0.5538 0.3285 -0.7651
vn 0.2659 -0.9638 0.0197
vn 0.7377 0.2103 0.6415
vn 0.6471 0.3211 0.6915
vn 0.5390 0.3616 0.7607
vn 0.6470 0.3212 0.6915
vn 0.4230 0.4275 0.7989
vn 0.5390 0.3616 0.7608
vn 0.4230 0.4275 0.7990
vn 0.2963 0.4221 0.8568
vn 0.5389 0.3616 0.7608
vn 0.3510 0.1349 0.9266
vn 0.3651 0.0272 0.9306
vn 0.0554 -0.0261 0.9981
vn 0.0282 0.9642 -0.2637
vn 0.3151 0.8965 -0.3113
vn 0.4097 0.8526 -0.3244
vn 0.6552 0.7062 -0.2685
vn 0.6287 0.7124 -0.3119
vn 0.6766 0.6991 -0.2311
vn 0.6766 0.6992 -0.2311
vn 0.6043 0.7627 -0.2303
vn 0.6551 0.7062 -0.2685
vn 0.4098 0.8525 -0.3244
vn 0.3152 0.8965 -0.3113
vn 0.5935 0.7293 -0.3405
vn 0.6286 0.7124 -0.3119
vn 0.5494 0.2622 0.7934
vn 0.3652 0.0272 0.9305
vn 0.3396 0.4423 -0.8301
vn 0.2649 0.5415 -0.7979
vn 0.4722 0.4697 -0.7459
vn 0.6658 0.2500 0.7030
vn 0.3510 0.1350 0.9266
vn 0.8050 0.1902 0.5619
vn 0.5494 0.2622 0.7933
vn 0.6659 0.2500 0.7029
vn 0.9049 0.0147 0.4254
vn 0.8051 0.1902 0.5619
vn 0.0046 0.5113 0.8594
vn -0.1329 0.5246 0.8409
vn -0.1561 0.1967 0.9680
vn -0.1329 0.5247 0.8408
vn -0.3908 -0.0213 0.9202
vn -0.1562 0.1966 0.9680
vn -0.0350 0.6786 0.7337
vn -0.5155 0.6174 0.5942
vn -0.1648 0.7288 0.6646
vn -0.1647 0.7288 0.6646
vn -0.0351 0.6786 0.7337
vn -0.1535 0.6000 -0.7852
vn -0.1399 0.2185 -0.9658
vn -0.1474 0.3067 -0.9403
vn -0.2079 0.8321 -0.5141
vn -0.2283 0.9001 -0.3711
vn -0.1548 0.9386 -0.3085
vn -0.2284 0.9000 -0.3712
vn -0.2079 0.8321 -0.5142
vn -0.5529 0.6440 -0.5287
vn -0.3837 0.5790 -0.7194
vn -0.6061 0.6385 -0.4743
vn -0.5530 0.6439 -0.5287
vn -0.5530 0.6440 -0.5287
vn -0.1536 0.6000 -0.7851
vn -0.1521 0.8894 -0.4310
vn -0.1535 0.6000 -0.7851
vn -0.1548 0.9385 -0.3085
vn -0.1522 0.8895 -0.4309
vn -0.1394 0.9469 -0.2897
vn -0.1521 0.8895 -0.4310
vn 0.8844 0.0169 -0.4664
vn 0.8973 -0.0699 -0.4359
vn 0.8701 0.0848 -0.4856
vn -0.6723 0.5446 0.5014
vn -0.5156 0.6173 0.5942
vn -0.7362 0.5593 -0.3811
vn -0.7979 0.4816 -0.3626
vn -0.6062 0.6385 -0.4742
vn 0.7864 -0.4570 0.4157
vn 0.7866 -0.4594 0.4126
vn 0.6658 -0.4879 0.5645
vn 0.9344 0.0887 0.3450
vn 0.9268 0.1195 0.3560
vn 0.9304 0.1371 0.3399
vn 0.9180 0.0840 0.3877
vn 0.9226 0.1349 0.3614
vn 0.5366 -0.5443 0.6449
vn 0.2297 0.7504 0.6198
vn 0.2729 0.7576 0.5930
vn 0.2375 0.7177 0.6546
vn -0.8185 0.3028 -0.4882
vn -0.8185 0.3028 -0.4883
vn -0.7953 0.1379 -0.5903
vn 0.5365 -0.5443 0.6449
vn 0.4210 -0.6266 0.6559
vn 0.3856 -0.5603 0.7330
vn 0.2192 0.6960 0.6838
vn 0.2513 0.6475 0.7194
vn 0.3856 -0.5603 0.7331
vn 0.2610 -0.4755 0.8401
vn -0.0448 0.6804 0.7314
vn 0.1195 -0.8593 0.4974
vn 0.0642 -0.9714 0.2285
vn -0.0924 -0.9834 0.1562
vn -0.1826 -0.9133 0.3641
vn -0.5430 0.6914 0.4765
vn 0.9018 0.1338 -0.4108
vn 0.8179 0.2404 -0.5228
vn 0.8700 0.0848 -0.4856
vn -0.5427 0.7466 -0.3848
vn -0.7361 0.5593 -0.3811
vn -0.6061 0.6385 -0.4742
vn -0.5313 0.7545 -0.3852
vn -0.4565 0.8893 0.0263
vn -0.4864 0.8635 0.1333
vn -0.5031 0.8598 0.0877
vn -0.5117 0.8322 0.2135
vn 0.5332 -0.8142 -0.2297
vn 0.5465 -0.7859 -0.2892
vn 0.5061 -0.8595 0.0723
vn 0.5120 0.8340 0.2056
vn 0.5048 0.8601 0.0739
vn 0.4868 0.8648 0.1230
vn -0.5127 0.8131 0.2755
vn -0.5117 0.8322 0.2136
vn -0.5497 0.7496 0.3687
vn -0.5128 0.8131 0.2756
vn 0.5121 0.8152 0.2706
vn 0.5493 0.7514 0.3656
vn 0.5120 0.8340 0.2057
vn 0.0007 0.4473 0.8944
vn -0.1701 0.0034 0.9854
vn -0.2402 -0.0007 0.9707
vn -0.0236 0.0301 0.9993
vn 0.5848 -0.7910 0.1801
vn 0.5510 -0.7454 0.3752
vn 0.5652 -0.7433 0.3577
vn -0.5430 0.6915 0.4765
vn -0.5264 0.6918 0.4944
vn -0.5004 0.7294 0.4664
vn -0.0300 0.0127 0.9995
vn 0.0356 0.0628 0.9974
vn 0.0032 0.0381 0.9993
vn 0.0312 0.0646 0.9974
vn 0.0053 0.0376 0.9993
vn 0.0357 0.0628 0.9974
vn -0.5145 0.7517 0.4127
vn -0.4901 0.7597 0.4275
vn -0.5328 0.7507 0.3907
vn -0.4869 0.7475 0.4519
vn -0.0300 0.0128 0.9995
vn -0.4957 0.7520 0.4344
vn -0.4901 0.7596 0.4275
vn 0.5848 -0.7909 0.1801
vn 0.5845 -0.8112 -0.0144
vn 0.4901 -0.7688 0.4107
vn 0.5061 -0.8594 0.0723
vn -0.4549 0.7788 0.4320
vn -0.4868 0.7475 0.4519
vn -0.5004 0.7295 0.4664
vn 0.5175 -0.7753 0.3621
vn 0.5242 -0.8392 0.1445
vn 0.4764 -0.8012 0.3623
vn 0.5699 -0.7926 -0.2167
vn 0.5845 -0.8112 -0.0145
vn 0.5848 -0.7910 0.1800
vn -0.5191 0.7634 -0.3844
vn -0.4965 0.7785 -0.3839
vn -0.5113 0.7686 -0.3844
vn -0.5426 0.7467 -0.3848
vn -0.5312 0.7543 -0.3858
vn -0.5358 0.7478 -0.3921
vn -0.5386 0.7477 -0.3883
vn 0.5243 -0.8392 0.1445
vn 0.5242 -0.8392 0.1444
vn 0.4763 -0.8012 0.3623
vn 0.5669 -0.7965 -0.2102
vn 0.5846 -0.8112 -0.0145
vn 0.5243 -0.8392 0.1444
vn 0.5060 -0.8595 0.0723
vn 0.5242 -0.8393 0.1444
vn -0.5248 0.7513 -0.4002
vn -0.4408 0.8215 -0.3618
vn -0.6018 0.6710 -0.4332
vn 0.9119 -0.2547 -0.3217
vn 0.7894 -0.5486 -0.2754
vn 0.7894 -0.5487 -0.2754
vn 0.6369 -0.7661 0.0860
vn 0.6812 -0.7123 0.1688
vn -0.5474 0.7426 0.3858
vn -0.5571 0.7364 0.3838
vn -0.5377 0.7487 0.3877
vn 0.6369 -0.7661 0.0861
vn 0.6911 -0.6354 0.3446
vn 0.6813 -0.7123 0.1689
vn 0.6911 -0.6353 0.3445
vn 0.7437 -0.5859 0.3218
vn 0.1687 0.1863 0.9679
vn 0.1621 0.1833 0.9696
vn 0.1554 0.1802 0.9713
vn -0.0846 0.6358 0.7672
vn -0.0991 0.6927 0.7144
vn -0.1150 0.7494 0.6521
vn -0.1160 0.7521 0.6487
vn -0.1197 0.7576 0.6416
vn 0.5271 0.6534 0.5434
vn -0.0305 0.3304 0.9433
vn -0.0444 0.4178 0.9075
vn -0.1150 0.7494 0.6520
vn 0.0104 0.0576 0.9983
vn -0.0444 0.4177 0.9075
vn -0.0305 0.3304 0.9434
vn -0.3234 0.9076 0.2678
vn -0.3234 0.9076 0.2677
vn -0.0601 0.9658 0.2523
vn -0.3951 -0.0822 0.9150
vn -0.1393 0.0835 0.9867
vn -0.5740 0.7123 0.4039
vn -0.5703 0.7501 0.3348
vn -0.3235 0.9076 0.2678
vn -0.5704 0.7501 0.3348
vn 0.9332 -0.2680 0.2394
vn 0.9606 -0.2512 0.1192
vn 0.9757 -0.2133 0.0501
vn 0.9606 -0.2512 0.1191
vn 0.9704 -0.2058 -0.1265
vn 0.9757 -0.2133 0.0500
vn 0.6916 -0.7165 0.0914
vn 0.6272 -0.7658 0.1421
vn 0.3314 -0.9368 0.1123
vn 0.4042 -0.9143 -0.0264
vn 0.3314 -0.9368 0.1124
vn 0.6910 -0.1773 0.7008
vn 0.7938 -0.0407 0.6068
vn 0.8347 0.0384 0.5494
vn 0.8697 -0.2772 0.4084
vn 0.9332 -0.2681 0.2394
vn 0.6905 -0.1908 0.6977
vn 0.6997 -0.5206 0.4893
vn 0.7368 -0.4833 0.4729
vn 0.7716 -0.4445 0.4550
vn 0.7368 -0.4832 0.4729
vn 0.3313 -0.9368 0.1123
vn 0.2009 -0.9778 -0.0593
vn 0.7938 -0.0406 0.6068
vn 0.8697 -0.2771 0.4084
vn 0.8347 0.0385 0.5493
vn 0.4512 -0.8854 -0.1120
vn 0.4454 -0.8850 -0.1357
vn -0.5452 0.7684 -0.3353
vn -0.6259 0.6952 -0.3535
vn -0.4577 0.8322 -0.3129
vn -0.5451 0.7684 -0.3353
vn 0.5973 -0.8020 0.0097
vn 0.5336 -0.8438 -0.0573
vn 0.4812 -0.8699 -0.1083
vn 0.5012 -0.8598 -0.0976
vn 0.4813 -0.8699 -0.1083
vn 0.6820 -0.7287 0.0625
vn 0.5337 -0.8437 -0.0573
vn 0.5973 -0.8019 0.0098
vn -0.0366 0.3416 -0.9391
vn -0.1776 0.4323 -0.8841
vn -0.2941 0.4302 -0.8535
vn -0.8479 0.1332 0.5132
vn -0.7855 0.1839 0.5910
vn -0.6640 0.2753 0.6953
vn -0.0887 -0.0913 0.9919
vn -0.1775 0.4323 -0.8841
vn -0.3584 0.3892 -0.8486
vn 0.6640 -0.7446 0.0684
vn 0.5973 -0.8020 0.0098
vn -0.2728 0.4954 -0.8247
vn 0.6302 0.3128 -0.7107
vn 0.4520 0.3526 -0.8194
vn 0.5537 0.3285 -0.7651
vn -0.1033 0.0547 -0.9931
vn 0.4864 0.2633 -0.8331
vn 0.5691 0.1723 -0.8040
vn -0.5808 -0.8141 0.0022
vn -0.5747 -0.8183 0.0095
vn -0.5686 -0.8225 0.0167
vn -0.4774 -0.8753 -0.0770
vn -0.5824 -0.8061 -0.1052
vn -0.5289 -0.8421 -0.1058
vn -0.4217 -0.9046 -0.0624
vn -0.4773 -0.8753 -0.0770
vn -0.5288 -0.8421 -0.1058
vn -0.1991 0.1427 -0.9695
vn -0.6952 0.4482 -0.5620
vn -0.0621 0.0824 -0.9947
vn -0.0682 0.0277 -0.9973
vn -0.0741 -0.0271 -0.9969
vn 0.4708 0.2242 -0.8533
vn 0.3396 0.4422 -0.8301
vn -0.4866 -0.8736 -0.0025
vn -0.4773 -0.8754 -0.0770
vn 0.2806 0.4106 -0.8675
vn 0.6588 0.2367 -0.7141
vn 0.4723 0.4697 -0.7459
vn -0.5428 -0.8398 0.0055
vn -0.4867 -0.8736 -0.0025
vn -0.5243 -0.8513 0.0185
vn -0.5610 -0.8278 -0.0075
vn 0.1635 -0.9746 -0.1533
vn -0.1473 0.3066 -0.9404
vn -0.1399 0.2184 -0.9658
vn -0.1362 -0.0048 -0.9907
vn -0.9283 -0.0867 -0.3615
vn -0.9496 -0.0173 -0.3129
vn -0.9637 0.0523 -0.2620
vn -0.2989 -0.8853 -0.3563
vn -0.7917 0.2646 -0.5506
vn -0.3537 -0.1981 -0.9141
vn -0.4364 -0.2240 -0.8714
vn -0.0000 -1.0000 -0.0001
vn 0.8973 -0.0700 -0.4358
vn -0.0000 -1.0000 0.0001
vn -0.0000 -1.0000 0.0002
vn -0.0543 -0.3676 -0.9284
vn -0.0601 -0.2529 -0.9656
vn -0.0573 -0.1809 -0.9818
vn -0.0573 -0.1808 -0.9819
vn -0.0581 0.0127 -0.9982
vn -0.8996 -0.0370 -0.4351
vn -0.0647 -0.3903 -0.9184
vn -0.8996 -0.0371 -0.4350
vn -0.8956 -0.1764 -0.4084
vn -0.6470 -0.4972 0.5781
vn -0.5513 -0.6241 0.5537
vn -0.3537 -0.1981 -0.9142
vn -0.1510 -0.0429 -0.9876
vn -0.6087 0.1960 0.7688
vn -0.8997 -0.0371 -0.4350
vn -0.8948 -0.1605 -0.4166
vn -0.6470 -0.4971 0.5781
vn -0.7260 -0.3574 0.5876
vn -0.9210 0.1210 0.3703
vn -0.9210 0.1210 0.3702
vn -0.9261 -0.1582 0.3426
vn -0.8434 0.3907 0.3688
vn -0.9210 0.1211 0.3703
vn -0.7953 0.1378 -0.5903
vn -0.7983 -0.0529 -0.5999
vn -0.7892 0.0156 -0.6139
vn -0.7762 0.0841 -0.6249
vn -0.4035 -0.0137 0.9149
vn 0.0641 -0.9715 0.2284
vn -0.0924 -0.9834 0.1561
vn 0.0030 -0.9982 -0.0606
vn 0.8700 0.0848 -0.4857
vn 0.8179 0.2403 -0.5228
vn 0.7323 -0.0000 -0.6810
vn -0.2547 -0.0972 -0.9621
vn 0.7659 0.1214 -0.6314
vn 0.7109 -0.0287 -0.7027
vn 0.6342 -0.1779 -0.7524
vn -0.1702 0.0034 0.9854
vn -0.2403 -0.0008 0.9707
vn -0.0410 0.0488 -0.9980
vn -0.0374 0.0490 -0.9981
vn -0.1510 -0.0428 -0.9876
vn -0.1986 -0.9362 0.2899
vn -0.0448 0.0401 -0.9982
vn -0.0523 0.0361 -0.9980
vn -0.0504 0.0355 -0.9981
vn -0.0449 0.0400 -0.9982
vn -0.0503 0.0354 -0.9981
vn -0.0483 0.0347 -0.9982
vn -0.7495 -0.6620 0.0100
vn -0.7462 -0.6657 0.0028
vn -0.7452 -0.6666 0.0172
vn -0.7432 -0.6687 0.0214
vn -0.7453 -0.6666 0.0172
vn -0.7493 -0.6613 0.0345
vn -0.7392 -0.6731 0.0228
vn -0.7429 -0.6691 0.0185
vn -0.7429 -0.6694 0.0066
vn -0.7429 -0.6691 0.0184
vn -0.7446 -0.6675 -0.0015
vn -0.7428 -0.6694 0.0066
vn -0.7446 -0.6675 -0.0014
vn -0.7500 -0.6614 0.0093
vn -0.7499 -0.6600 0.0447
vn -0.7430 -0.6691 0.0184
vn -0.7499 -0.6600 0.0448
vn 0.1113 0.1871 -0.9760
vn 0.1103 0.1854 -0.9764
vn 0.1103 0.1855 -0.9764
vn 0.1093 0.1838 -0.9769
vn -0.8470 0.1607 -0.5067
vn -0.8817 0.1733 -0.4389
vn -0.9709 0.1642 -0.1745
vn -0.9146 0.1799 -0.3622
vn -0.9861 0.1507 -0.0700
vn -0.9861 0.1507 -0.0699
vn -0.9675 0.1078 0.2287
vn -0.6121 -0.2400 0.7535
vn -0.3951 -0.0823 0.9149
vn 0.5026 -0.8406 -0.2020
vn 0.4455 -0.8849 -0.1357
vn 0.4512 -0.8854 -0.1121
vn 0.4042 -0.9143 -0.0265
vn 0.3748 -0.8956 -0.2394
vn 0.2010 -0.9778 -0.0593
vn 0.3345 -0.8524 -0.4019
vn 0.3149 -0.8610 -0.3994
vn 0.2065 -0.9309 -0.3015
vn 0.3179 -0.8142 -0.4859
vn 0.2065 -0.9308 -0.3015
vn 0.2064 -0.9309 -0.3014
vn -0.0175 -0.9998 0.0138
vn -0.1775 0.4322 -0.8841
vn -0.0365 0.3416 -0.9391
vn 0.1027 0.2955 -0.9498
vn 0.1026 0.2955 -0.9498
vn 0.0081 0.1440 -0.9895
vn -0.0220 0.0324 -0.9992
vn 0.0081 0.1439 -0.9896
vn -0.8229 0.0954 0.5601
vn -0.7386 0.1874 0.6476
vn -0.7385 0.1875 0.6476
vn -0.6639 0.2753 0.6953
vn -0.9469 -0.0178 0.3212
vn -0.7855 0.1839 0.5909
vn -0.8479 0.1332 0.5131
vn -0.1650 -0.9284 -0.3330
vn -0.3584 0.3891 -0.8486
vn -0.5107 0.2067 -0.8346
vn -0.4421 0.2266 0.8679
vn 0.0351 -0.9965 0.0758
vn 0.2243 -0.6116 0.7587
vn 0.6864 0.4482 -0.5727
vn -0.4147 0.8526 -0.3181
vn -0.4504 0.8795 -0.1537
vn -0.0325 0.9642 -0.2633
vn -0.5986 0.7293 -0.3313
vn -0.6841 0.7249 -0.0804
vn -0.4148 0.8525 -0.3181
vn -0.6841 0.7249 -0.0805
vn -0.7298 0.6665 0.1525
vn -0.4504 0.8795 -0.1536
vn -0.6842 0.7249 -0.0804
vn -0.6592 0.7062 -0.2584
vn -0.0061 0.1627 0.9867
vn -0.0062 0.1627 0.9867
vn -0.1196 0.0851 0.9892
vn 0.1464 0.1224 -0.9816
vn -0.1719 0.1701 -0.9703
vn -0.6250 0.7674 0.1433
vn -0.6205 0.7463 0.2407
vn -0.6206 0.7463 0.2407
vn -0.7298 0.6664 0.1525
vn -0.1686 0.3974 0.9020
vn -0.0061 0.1627 0.9866
vn -0.0061 0.1628 0.9866
vn -0.7025 0.7029 -0.1111
vn -0.6250 0.7673 0.1433
vn -0.3840 0.5920 0.7086
vn -0.6592 0.7061 -0.2583
vn -0.7025 0.7030 -0.1112
vn -0.3839 0.5919 0.7087
vn -0.3925 0.3746 0.8400
vn 0.4126 -0.9081 0.0716
vn 0.4512 -0.8924 -0.0080
vn 0.5468 -0.8372 -0.0057
vn 0.4512 -0.8924 -0.0081
vn 0.5250 -0.8434 -0.1140
vn 0.5469 -0.8372 -0.0058
vn -0.6379 0.7701 0.0010
vn -0.7025 0.7030 -0.1111
vn 0.4762 -0.8771 0.0628
vn 0.3977 -0.9083 0.1298
vn 0.4315 -0.8980 0.0857
vn 0.5134 -0.8576 0.0289
vn 0.4762 -0.8771 0.0627
vn 0.4316 -0.8980 0.0857
vn 0.0258 0.0131 0.9996
vn 0.4394 -0.8974 0.0403
vn -0.6592 0.7062 -0.2583
vn -0.6078 0.7627 -0.2209
vn -0.5498 0.3916 -0.7378
vn -0.5289 0.4484 -0.7205
vn 0.3841 -0.9211 0.0638
vn 0.5135 -0.8576 0.0289
vn 0.0461 0.0330 0.9984
vn -0.2723 0.0996 0.9571
vn -0.2675 0.2164 0.9389
vn -0.3839 0.5920 0.7087
vn -0.4472 0.4010 0.7995
vn 0.4821 -0.8754 -0.0367
vn 0.2845 -0.9547 0.0876
vn 0.3842 -0.9211 0.0638
vn 0.5617 -0.8272 0.0157
vn 0.4995 -0.8663 0.0056
vn 0.4395 -0.8974 0.0403
vn -0.3840 0.5919 0.7086
vn -0.3568 0.5304 0.7690
vn -0.4473 0.4010 0.7995
vn -0.0202 -0.9883 0.1509
vn 0.2844 -0.9547 0.0876
vn -0.2723 0.0996 0.9570
vn -0.4474 0.3453 0.8250
vn -0.2676 0.2164 0.9389
vn -0.5763 0.3005 -0.7600
vn -0.4331 0.3139 -0.8449
vn -0.4789 0.3245 -0.8157
vn 0.5866 -0.8098 0.0008
vn 0.4395 -0.8973 0.0403
vn -0.6452 0.2902 -0.7068
vn -0.5763 0.3006 -0.7600
vn 0.5393 -0.8421 0.0024
vn -0.2675 0.2165 0.9389
vn -0.4474 0.3454 0.8250
vn -0.5048 0.3670 0.7813
vn 0.5927 -0.8054 -0.0072
vn 0.5867 -0.8098 0.0008
vn -0.6200 0.3249 0.7142
vn -0.5049 0.3671 0.7813
vn -0.5049 0.3670 0.7813
vn -0.6200 0.3248 0.7142
vn -0.7174 0.2100 0.6642
vn -0.6888 0.2204 0.6907
vn -0.4265 0.3149 0.8479
vn -0.5876 0.2513 0.7691
vn 0.6181 -0.7859 0.0153
vn 0.4821 -0.8753 -0.0367
vn -0.7960 0.1634 0.5828
vn -0.6888 0.2204 0.6906
vn -0.5877 0.2513 0.7691
vn -0.4034 0.2738 -0.8731
vn -0.3768 0.3793 -0.8451
vn -0.4310 0.3951 -0.8112
vn 0.6342 -0.7732 0.0032
vn -0.3096 0.5748 -0.7575
vn -0.4310 0.3952 -0.8112
vn 0.0887 0.8648 -0.4943
vn -0.2579 0.8902 -0.3756
vn -0.0030 0.9206 -0.3905
vn -0.1804 0.2193 0.9588
vn -0.1864 0.2221 0.9570
vn -0.1922 0.2249 0.9552
vn 0.5540 0.8264 0.1004
vn 0.5763 0.7561 0.3103
vn 0.3685 0.8608 0.3510
vn 0.5540 0.8264 0.1003
vn 0.5099 0.7814 -0.3598
vn 0.5764 0.7560 0.3103
vn 0.5541 0.8264 0.1004
vn 0.7520 0.6091 0.2522
vn 0.5837 0.7105 -0.3931
vn 0.7505 -0.6601 0.0322
vn 0.7417 -0.6706 0.0151
vn 0.7386 -0.6742 0.0035
vn 0.7417 -0.6706 0.0152
vn 0.7381 -0.6747 -0.0030
vn 0.7381 -0.6747 -0.0029
vn 0.7409 -0.6716 -0.0035
vn 0.7494 -0.6620 0.0129
vn 0.7495 -0.6620 -0.0016
vn 0.7462 -0.6657 -0.0087
vn 0.7453 -0.6668 -0.0025
vn 0.5160 0.7673 0.3807
vn 0.5021 0.7608 0.4113
vn 0.7454 -0.6666 0.0056
vn 0.7453 -0.6667 -0.0025
vn 0.5297 0.7478 -0.4003
vn 0.5325 0.7477 -0.3966
vn 0.5187 0.7582 -0.3950
vn 0.7454 -0.6666 0.0057
vn 0.7466 -0.6650 0.0164
vn 0.7497 -0.6613 0.0229
vn 0.7466 -0.6651 0.0164
vn 0.5274 0.7344 0.4273
vn 0.4908 0.7564 0.4324
vn -0.0197 0.0675 0.9975
vn 0.0014 0.0467 0.9989
vn -0.0205 0.0585 0.9981
vn 0.5020 0.7608 0.4113
vn 0.4907 0.7565 0.4324
vn 0.4831 0.7581 0.4380
vn 0.5053 0.7686 -0.3923
vn 0.4938 0.7475 0.4444
vn 0.4832 0.7581 0.4380
vn 0.5133 0.7631 -0.3928
vn 0.0447 0.0134 0.9989
vn 0.0459 0.0121 0.9989
vn 0.0454 0.0127 0.9989
vn 0.5365 0.7467 -0.3931
vn 0.5133 0.7630 -0.3928
vn 0.5430 0.6963 0.4694
vn 0.0015 0.0467 0.9989
vn 0.6427 0.6540 -0.3991
vn 0.0454 0.0128 0.9989
vn 0.0459 0.0122 0.9989
vn 0.1853 0.0034 0.9827
vn 0.0250 0.0661 0.9975
vn 0.3071 -0.0011 0.9517
vn 0.5339 0.6918 0.4862
vn 0.6254 0.6011 0.4976
vn 0.2030 -0.9362 0.2868
vn 0.1854 0.0034 0.9827
vn 0.3072 -0.0011 0.9516
vn 0.2998 0.0819 0.9505
vn 0.2997 0.0819 0.9505
vn 0.3072 -0.0011 0.9517
vn 0.4054 -0.0017 0.9142
vn 0.4208 0.6649 0.6171
vn 0.1777 0.9271 -0.3300
vn 0.0888 0.8648 -0.4942
vn -0.0029 0.9206 -0.3905
vn -0.3108 0.0044 0.9505
vn -0.2984 0.0174 0.9543
vn -0.2948 0.0120 0.9555
vn -0.2868 0.0159 0.9579
vn -0.2948 0.0121 0.9555
vn 0.5954 0.6056 -0.5280
vn 0.6254 0.6010 0.4976
vn 0.7355 0.4390 0.5161
vn 0.7548 -0.2391 0.6108
vn 0.8996 -0.2620 0.3494
vn 0.7079 -0.5209 0.4771
vn 0.9261 -0.0710 0.3705
vn 0.8996 -0.2619 0.3494
vn 0.9290 0.0230 0.3694
vn 0.7392 -0.1118 0.6641
vn -0.0228 -0.3141 0.9491
vn 0.1654 -0.2094 0.9637
vn -0.0132 -0.3470 0.9378
vn 0.7548 -0.2390 0.6108
vn 0.7548 -0.2391 0.6109
vn 0.4310 -0.1415 0.8912
vn 0.7392 -0.1119 0.6642
vn 0.4310 -0.1414 0.8912
vn -0.0228 -0.3140 0.9491
vn 0.6427 0.6539 -0.3991
vn 0.5955 0.6055 -0.5280
vn 0.8101 0.4494 -0.3765
vn 0.2369 0.8247 -0.5136
vn 0.0887 0.8648 -0.4942
vn 0.1809 0.9176 -0.3539
vn 0.1278 0.8983 -0.4205
vn 0.2039 0.9039 -0.3761
vn 0.1809 0.9176 -0.3538
vn 0.8341 0.4207 -0.3568
vn 0.2369 0.8246 -0.5137
vn 0.2933 0.5953 -0.7480
vn 0.5954 0.6055 -0.5280
vn 0.4208 0.6650 0.6171
vn 0.2635 0.7369 0.6225
vn 0.0420 0.6728 0.7387
vn 0.0763 0.6549 0.7519
vn 0.0911 0.4658 0.8802
vn 0.2338 0.5893 -0.7734
vn 0.0887 0.8647 -0.4943
vn 0.0912 0.4658 0.8802
vn 0.0419 0.6728 0.7386
vn 0.0888 0.8647 -0.4943
vn 0.1458 0.5886 -0.7952
vn 0.0095 0.1128 0.9936
vn 0.0911 0.4657 0.8802
vn 0.3022 0.0039 0.9532
vn 0.3199 -0.0003 0.9474
vn 0.2969 0.1225 0.9470
vn 0.2997 0.0820 0.9505
vn 0.0912 0.4657 0.8802
vn 0.9603 -0.1447 0.2385
vn 0.9765 0.0073 0.2155
vn 0.9996 0.0188 -0.0190
vn 0.9380 0.0502 -0.3430
vn 0.9881 -0.0744 -0.1346
vn 0.9527 0.0451 -0.3005
vn -0.3130 -0.0173 0.9496
vn 0.9996 0.0188 -0.0191
vn -0.5088 0.8340 0.2134
vn -0.4849 0.8648 0.1303
vn -0.5037 0.8600 0.0814
vn -0.5078 0.8152 0.2784
vn 0.5043 0.8598 0.0800
vn 0.4884 0.8635 0.1258
vn 0.5149 0.8322 0.2056
vn -0.5436 0.7514 0.3740
vn -0.5079 0.8152 0.2785
vn -0.5088 0.8340 0.2135
vn 0.5169 0.8131 0.2676
vn 0.5149 0.8322 0.2057
vn 0.5553 0.7496 0.3602
vn 0.0131 0.4474 0.8943
vn -0.0606 -0.9714 0.2294
vn -0.1119 -0.8593 0.4990
vn 0.4684 -0.8349 -0.2890
vn 0.6195 -0.7799 -0.0893
vn 0.6635 -0.7412 -0.1016
vn 0.1883 -0.9132 0.3614
vn 0.0929 -0.9834 0.1557
vn 0.3961 0.0075 0.9182
vn 0.3199 -0.0003 0.9475
vn 0.3023 0.0039 0.9532
vn 0.9313 -0.1581 0.3283
vn 0.9266 0.1210 0.3560
vn 0.9996 0.0189 -0.0190
vn 0.9765 0.0074 0.2156
vn 0.9955 0.0941 0.0140
vn 0.4569 0.8893 0.0192
vn 0.0560 0.6804 0.7307
vn -0.9081 0.1338 -0.3968
vn -0.8775 0.0845 -0.4720
vn -0.8114 0.2007 -0.5489
vn 0.9527 0.0451 -0.3004
vn 0.9996 0.0189 -0.0191
vn 0.9564 0.1433 -0.2545
vn 0.8928 -0.0370 -0.4489
vn 0.8883 -0.1603 -0.4304
vn 0.8888 -0.1684 -0.4263
vn 0.9266 0.1211 0.3560
vn 0.8490 0.3907 0.3557
vn -0.2481 -0.4755 0.8440
vn 0.9261 -0.0710 0.3704
vn 0.9290 0.0230 0.3693
vn 0.9745 -0.2167 -0.0580
vn 0.7948 0.1653 -0.5839
vn 0.8163 0.1869 -0.5466
vn 0.8605 0.1467 -0.4879
vn 0.8163 0.1868 -0.5465
vn 0.8605 0.1467 -0.4878
vn 0.8605 0.1466 -0.4879
vn 0.6205 0.1960 0.7593
vn -0.2201 0.7504 0.6233
vn -0.2274 0.7178 0.6581
vn -0.2637 0.7576 0.5971
vn -0.1760 0.7412 0.6478
vn -0.2274 0.7177 0.6581
vn -0.2402 0.6475 0.7232
vn -0.2274 0.7177 0.6582
vn 0.7006 -0.3525 0.6204
vn 0.5599 -0.6240 0.5451
vn 0.6559 -0.4972 0.5680
vn 0.3522 -0.0767 0.9328
vn 0.9441 0.0166 0.3292
vn 0.9437 0.0298 0.3294
vn 0.7477 -0.1436 0.6483
vn 0.7006 -0.3524 0.6205
vn 0.6559 -0.4971 0.5680
vn 0.9955 0.0941 0.0139
vn 0.6635 -0.7412 -0.1015
vn 0.4749 -0.8800 0.0075
vn 0.7442 -0.0280 0.6673
vn 0.7398 -0.0339 0.6719
vn 0.7477 -0.1435 0.6483
vn 0.7398 -0.0339 0.6720
vn -0.4172 -0.1415 0.8978
vn 0.0628 -0.2785 0.9584
vn -0.6436 -0.1429 0.7519
vn 0.0277 -0.3470 0.9375
vn 0.0628 -0.2786 0.9584
vn 0.1207 -0.5287 0.8402
vn -0.0296 -0.1949 0.9804
vn -0.0229 -0.3140 0.9491
vn 0.0091 -0.7280 0.6855
vn -0.1441 -0.8673 0.4764
vn 0.9623 -0.0651 -0.2642
vn 0.9822 -0.0273 -0.1858
vn 0.9397 0.0644 -0.3358
vn 0.0092 -0.7281 0.6855
vn -0.1441 -0.8674 0.4763
vn -0.0792 -0.9750 0.2078
vn 0.9890 0.0652 0.1324
vn 0.9586 0.0841 -0.2720
vn 0.9564 0.1433 -0.2546
vn 0.9586 0.0840 -0.2720
vn -0.9203 -0.0710 0.3847
vn -0.9753 -0.2167 -0.0430
vn -0.8790 -0.2294 0.4181
vn 0.3962 0.0075 0.9181
vn 0.5585 0.1814 0.8094
vn 0.4634 0.0327 0.8855
vn 0.3961 0.0074 0.9182
vn 0.4634 0.0326 0.8856
vn 0.9441 0.0482 0.3261
vn 0.9890 0.0653 0.1325
vn -0.1574 -0.0831 0.9840
vn -0.0228 -0.3140 0.9492
vn 0.3236 -0.9450 0.0470
vn 0.0013 -0.9866 0.1632
vn 0.0008 -0.9944 0.1056
vn 0.1042 -0.9512 0.2904
vn 0.0092 -0.7281 0.6854
vn 0.4748 -0.8801 0.0075
vn 0.0009 -0.9944 0.1056
vn -0.3343 0.1212 0.9346
vn -0.4106 0.0028 0.9118
vn -0.4460 0.0222 0.8947
vn 0.0092 -0.7280 0.6855
vn 0.1207 -0.5288 0.8401
vn 0.0184 -0.0229 0.9996
vn 0.0629 -0.2786 0.9583
vn -0.0295 -0.1949 0.9804
vn 0.7736 -0.5679 -0.2812
vn 0.3236 -0.9450 0.0469
vn 0.4742 -0.8804 0.0069
vn 0.6477 -0.5936 0.4776
vn 0.7078 -0.5209 0.4771
vn 0.0629 -0.2785 0.9584
vn 0.0156 -0.2274 0.9737
vn -0.1008 -0.1263 0.9869
vn -0.0878 -0.2787 0.9564
vn -0.1007 -0.1263 0.9869
vn 0.1501 -0.0173 0.9885
vn 0.0957 -0.3387 0.9360
vn 0.0157 -0.2274 0.9737
vn -0.0205 -0.2438 0.9696
vn 0.0156 -0.2275 0.9737
vn 0.0171 -0.0044 0.9998
vn -0.1480 0.0205 0.9888
vn -0.0205 -0.2437 0.9696
vn -0.1480 0.0206 0.9888
vn -0.0878 -0.2786 0.9564
vn 0.9623 -0.0652 -0.2641
vn 0.9826 -0.1829 -0.0320
vn 0.0074 0.2474 0.9689
vn -0.3208 0.2337 0.9179
vn 0.0957 -0.3388 0.9360
vn 0.1765 -0.1773 0.9682
vn 0.0594 -0.4246 0.9034
vn 0.1394 -0.2263 0.9640
vn 0.2092 -0.0070 0.9779
vn 0.1810 -0.0581 0.9818
vn 0.1395 -0.2262 0.9641
vn 0.1591 -0.0325 0.9867
vn 0.2091 -0.0070 0.9779
vn 0.1394 -0.2262 0.9641
vn 0.1287 -0.0800 0.9885
vn 0.1810 -0.0582 0.9818
vn 0.9826 0.0379 -0.1817
vn 0.1380 -0.1151 0.9837
vn -0.1940 -0.0070 0.9810
vn -0.1438 -0.0325 0.9891
vn -0.1658 -0.0581 0.9844
vn -0.1134 -0.0800 0.9903
vn -0.1615 -0.1773 0.9708
vn -0.1245 -0.2262 0.9661
vn -0.1659 -0.0582 0.9844
vn -0.1246 -0.2262 0.9661
vn -0.1245 -0.2263 0.9661
vn -0.0455 -0.4246 0.9042
vn 0.0075 0.2474 0.9689
vn 0.3349 0.2337 0.9128
vn 0.3568 -0.5988 0.7171
vn 0.1821 0.0802 0.9800
vn 0.0172 -0.0043 0.9998
vn 0.1380 -0.1150 0.9837
vn -0.9692 -0.0958 -0.2269
vn 0.0467 0.0824 -0.9955
vn 0.0528 0.0277 -0.9982
vn 0.0587 -0.0271 -0.9979
vn -0.7699 0.1218 -0.6264
vn -0.6779 0.2304 -0.6981
vn 0.0743 0.0466 -0.9961
vn -0.1053 -0.0717 -0.9919
vn -0.3768 0.3792 -0.8451
vn -0.6778 0.2305 -0.6982
vn -0.4789 0.3244 -0.8157
vn -0.5766 0.1630 -0.8006
vn -0.9283 -0.0500 -0.3685
vn -0.7140 0.0709 0.6965
vn -0.5877 0.2512 0.7691
vn -0.6494 0.1200 0.7509
vn -0.8175 0.0669 -0.5720
vn -0.5764 0.3005 -0.7599
vn -0.6452 0.2901 -0.7068
vn -0.2657 -0.9637 0.0245
vn -0.8889 0.0094 0.4581
vn -0.7961 0.1633 0.5828
vn -0.1592 -0.9737 -0.1628
vn -0.6244 0.2397 -0.7434
vn -0.6652 -0.7367 0.1219
vn -0.7561 -0.6300 0.1771
vn -0.7811 -0.5263 0.3361
vn -0.8822 -0.3846 0.2717
vn -0.7811 -0.5262 0.3360
vn -0.0942 0.1592 -0.9827
vn -0.0934 0.1578 -0.9831
vn -0.0925 0.1563 -0.9834
vn -0.9500 -0.1035 -0.2946
vn -0.6247 -0.7654 -0.1546
vn -0.5687 -0.7942 -0.2142
vn -0.5720 -0.7941 -0.2056
vn 0.0295 0.0400 -0.9988
vn 0.0328 0.0347 -0.9989
vn -0.5861 -0.8057 0.0860
vn -0.5462 -0.7535 0.3660
vn -0.5854 -0.8051 0.0957
vn 0.0369 0.0361 -0.9987
vn 0.0294 0.0400 -0.9988
vn -0.5854 -0.8051 0.0956
vn -0.5720 -0.7941 -0.2055
vn -0.5748 -0.7936 -0.1994
vn -0.5547 -0.7341 0.3917
vn -0.5453 -0.7409 0.3920
vn -0.5383 -0.8395 0.0744
vn -0.5094 -0.8218 -0.2554
vn 0.0257 0.0488 -0.9985
vn 0.1089 -0.0089 -0.9940
vn 0.0220 0.0490 -0.9986
vn 0.1095 -0.0080 -0.9940
vn -0.4758 -0.8633 0.1684
vn -0.5119 -0.7753 0.3701
vn -0.4707 -0.8012 0.3696
vn -0.5382 -0.8395 0.0745
vn -0.5382 -0.8395 0.0744
vn -0.4758 -0.8633 0.1685
vn -0.4837 -0.7688 0.4182
vn 0.4908 -0.2445 -0.8363
vn 0.4421 -0.0462 -0.8958
vn 0.2379 -0.1382 -0.9614
vn 0.4421 -0.0461 -0.8958
vn -0.9566 -0.1205 0.2652
vn -0.9583 -0.1411 0.2485
vn -0.9661 -0.0865 0.2431
vn -0.9882 0.0415 0.1473
vn 0.9009 -0.0137 -0.4337
vn 0.9081 -0.0392 -0.4168
vn 0.8918 -0.2167 -0.3971
vn -0.7294 -0.0339 0.6833
vn -0.7248 -0.0398 0.6878
vn -0.7338 -0.0280 0.6787
vn 0.8613 -0.2994 -0.4106
vn -0.7774 0.2294 -0.5857
vn -0.7575 -0.6005 -0.2560
vn 0.8918 -0.2168 -0.3971
vn 0.8612 -0.2995 -0.4106
vn 0.8102 -0.4277 -0.4008
vn 0.8357 -0.2599 -0.4837
vn 0.8102 -0.4277 -0.4009
vn 0.2421 -0.9165 -0.3184
vn 0.4684 -0.8350 -0.2890
vn 0.4908 -0.2445 -0.8362
vn 0.7299 -0.3097 -0.6093
vn 0.2340 0.3404 -0.9107
vn 0.2339 0.5892 -0.7734
vn 0.1458 0.5885 -0.7952
vn 0.2338 0.5892 -0.7734
vn 0.0470 0.2858 -0.9571
vn 0.0471 0.2858 -0.9571
vn 0.2933 -0.8853 -0.3609
vn 0.2340 0.3403 -0.9107
vn -0.0268 0.0968 -0.9949
vn 0.1880 -0.0008 -0.9822
vn 0.1903 0.0716 -0.9791
vn -0.0267 0.0968 -0.9949
vn -0.9561 0.1790 -0.2319
vn -0.9917 0.1166 0.0550
vn 0.0470 0.2857 -0.9572
vn -0.2058 0.0894 -0.9745
vn -0.9661 -0.0864 0.2431
vn -0.9496 0.0650 0.3065
vn -0.1743 0.0105 -0.9846
vn 0.4452 -0.5655 -0.6942
vn -0.9290 0.0876 0.3594
vn -0.9212 0.1191 0.3703
vn 0.9094 -0.0731 -0.4095
vn -0.0606 -0.9715 0.2293
vn -0.0040 -0.9982 -0.0605
vn 0.0948 -0.9834 0.1548
vn -0.0000 -1.0000 -0.0002
vn -0.0267 0.0969 -0.9949
vn 0.1904 0.0716 -0.9791
vn -0.0202 0.1709 -0.9851
vn -0.8775 0.0844 -0.4721
vn -0.7427 -0.0000 -0.6696
vn -0.8114 0.2006 -0.5490
vn -0.8114 0.2007 -0.5490
vn -0.6592 -0.2184 -0.7196
vn -0.7427 -0.0001 -0.6696
vn -0.6457 -0.1780 -0.7426
vn -0.6591 -0.2184 -0.7196
vn -0.9131 -0.0516 -0.4044
vn -0.9188 -0.0415 -0.3925
vn -0.9229 -0.0472 -0.3821
vn -0.9040 -0.0706 -0.4217
vn -0.8775 0.0844 -0.4720
vn -0.9189 0.1853 0.3482
vn -0.9189 0.1852 0.3483
vn -0.8918 0.0156 -0.4522
vn 0.0421 -0.1809 -0.9826
vn 0.0452 -0.3790 -0.9243
vn 0.0398 -0.3676 -0.9291
vn 0.0426 0.0127 -0.9990
vn 0.0421 -0.1808 -0.9826
vn 0.0505 -0.3903 -0.9193
vn 0.0452 -0.3789 -0.9243
vn -0.9697 0.0295 -0.2424
vn -0.9212 0.1191 0.3704
vn -0.9119 0.0840 0.4018
vn 0.7799 0.0874 -0.6197
vn 0.8163 0.1868 -0.5466
vn 0.7948 0.1652 -0.5840
vn -0.3381 -0.0359 0.9404
vn -0.4105 0.0027 0.9118
vn -0.3131 -0.0173 0.9496
vn -0.7799 -0.4570 0.4278
vn -0.8789 -0.2295 0.4181
vn -0.9882 0.0416 0.1474
vn -0.9917 0.1166 0.0551
vn -0.9496 0.0651 0.3066
vn -0.5884 -0.8086 -0.0022
vn -0.4747 -0.8800 0.0148
vn -0.3229 -0.9450 0.0519
vn 0.7696 0.1572 -0.6189
vn 0.7799 0.0875 -0.6197
vn 0.7664 0.0841 -0.6368
vn -0.5828 -0.4968 0.6430
vn -0.3333 -0.4875 0.8070
vn -0.6471 -0.3364 0.6842
vn -0.6315 -0.7312 -0.2581
vn -0.5884 -0.8085 -0.0022
vn -0.9561 0.1789 -0.2319
vn -0.9616 0.1176 -0.2480
vn -0.6708 -0.7044 -0.2322
vn -0.2275 0.1088 -0.9677
vn -0.5829 -0.4969 0.6430
vn -0.6471 -0.3364 0.6841
vn 0.2258 0.0812 -0.9708
vn -0.0202 0.1710 -0.9851
vn 0.7535 -0.6005 -0.2676
vn -0.4108 -0.6266 0.6623
vn 0.7683 0.2294 -0.5976
vn -0.4746 -0.8801 0.0148
vn -0.3228 -0.9450 0.0520
vn -0.6471 -0.3363 0.6842
vn -0.9203 -0.0710 0.3848
vn -0.2470 -0.9165 -0.3147
vn -0.6314 -0.7312 -0.2581
vn -0.7899 -0.3186 0.5240
vn -0.6472 -0.3363 0.6841
vn -0.4172 -0.1415 0.8977
vn -0.7543 -0.4436 0.4841
vn 0.0012 -0.9866 0.1632
vn -0.4559 -0.5655 -0.6873
vn -0.6591 -0.2185 -0.7196
vn 0.1591 0.0105 -0.9872
vn -0.9148 -0.0228 -0.4034
vn 0.2508 0.2025 -0.9466
vn 0.2572 0.1822 -0.9490
vn -0.8049 -0.3588 -0.4726
vn -0.8828 -0.2183 -0.4160
vn -0.9233 -0.3576 -0.1398
vn -0.9795 0.0713 -0.1883
vn -0.0203 0.1710 -0.9851
vn -0.2761 0.2216 -0.9352
vn -0.9233 -0.3577 -0.1398
vn -0.7880 -0.6121 -0.0662
vn -0.7880 -0.6121 -0.0661
vn -0.7641 -0.6298 0.1397
vn -0.4106 0.0027 0.9118
vn -0.8475 0.0047 0.5308
vn -0.4461 0.0222 0.8947
vn -0.8475 0.0048 0.5308
vn -0.8901 -0.2719 -0.3659
vn -0.9917 0.1165 0.0550
vn -0.9962 0.0728 0.0481
vn -0.8475 0.0048 0.5307
vn -0.9612 0.0738 -0.2660
vn -0.9612 0.0737 -0.2660
vn -0.9962 0.0729 0.0480
vn -0.2542 0.1827 -0.9497
vn -0.8828 -0.2182 -0.4160
vn -0.9192 -0.0156 -0.3935
vn -0.3457 -0.5988 0.7225
vn -0.9853 0.0379 -0.1666
vn -0.9697 0.0295 -0.2423
vn 0.1093 -0.0942 0.9895
vn 0.9373 -0.0174 0.3482
vn 0.8127 0.1541 0.5619
vn 0.7468 0.2102 0.6309
vn 0.8127 0.1541 0.5620
vn 0.6906 0.2419 0.6816
vn 0.7468 0.2103 0.6309
vn 0.6905 0.2419 0.6816
vn 0.7259 0.2052 0.6564
vn 0.6355 0.3606 -0.6827
vn 0.5529 0.4656 -0.6911
vn 0.4802 0.6104 -0.6299
vn -0.2993 -0.9524 0.0581
vn -0.0444 -0.9899 0.1348
vn 0.5529 0.4655 -0.6911
vn 0.6924 0.2226 -0.6863
vn 0.9714 -0.0473 -0.2328
vn 0.5036 0.0832 0.8599
vn 0.2686 0.3910 0.8803
vn 0.1130 0.5222 0.8453
vn 0.2141 0.4670 0.8579
vn 0.2685 0.3910 0.8803
vn 0.1572 0.3706 0.9154
vn 0.6906 0.2418 0.6816
vn 0.8308 0.0929 0.5487
vn 0.7260 0.2052 0.6564
vn 0.9656 -0.0959 -0.2418
vn 0.9180 0.0845 -0.3875
vn 0.9209 0.0330 -0.3885
vn 0.4555 0.2266 0.8610
vn 0.2480 0.6067 0.7553
vn 0.3100 0.5214 0.7950
vn 0.3099 0.5214 0.7950
vn 0.2479 0.6067 0.7552
vn 0.1251 0.7494 0.6502
vn -0.2126 -0.6116 0.7621
vn -0.4701 -0.4227 0.7748
vn 0.7647 0.1349 -0.6301
vn 0.1487 0.2199 0.9641
vn 0.1573 0.3705 0.9154
vn 0.1228 0.7453 0.6554
vn 0.1228 0.7452 0.6554
vn 0.0964 0.6358 0.7658
vn 0.9668 0.1648 -0.1951
vn 0.8869 0.1756 -0.4273
vn 0.9180 0.0846 -0.3875
vn 0.8869 0.1756 -0.4274
vn 0.9208 0.0331 -0.3886
vn 0.9839 0.1518 -0.0941
vn 0.5399 0.7684 -0.3436
vn 0.4528 0.8322 -0.3199
vn 0.4840 0.6837 -0.5462
vn 0.0826 0.5748 0.8141
vn 0.0584 0.4178 0.9067
vn 0.9743 0.1107 0.1963
vn 0.9839 0.1518 -0.0940
vn 0.9669 0.1648 -0.1950
vn 0.0450 0.3304 0.9427
vn 0.0050 0.0576 0.9983
vn 0.0451 0.3304 0.9428
vn 0.0584 0.4177 0.9067
vn 0.1572 0.3705 0.9154
vn 0.1486 0.2199 0.9641
vn 0.0759 0.1299 0.9886
vn -0.5186 0.6534 0.5515
vn -0.1073 -0.9884 -0.1074
vn 0.0048 -0.9975 0.0704
vn -0.4499 -0.8929 0.0176
vn 0.5085 0.8137 0.2816
vn 0.6234 0.7696 0.1381
vn 0.5091 0.8133 0.2817
vn 0.3252 -0.0293 0.9452
vn 0.6389 -0.2521 0.7268
vn 0.4190 -0.0890 0.9036
vn 0.5794 0.7507 0.3176
vn 0.5794 0.7506 0.3176
vn 0.5849 0.7171 0.3790
vn 0.0640 0.9658 0.2514
vn 0.4464 0.8654 0.2274
vn 0.4841 0.6836 -0.5462
vn 0.6203 0.6952 -0.3631
vn 0.0760 0.1299 0.9886
vn 0.3252 -0.0292 0.9452
vn 0.4189 -0.0890 0.9036
vn 0.4465 0.8654 0.2274
vn 0.3251 -0.0292 0.9452
vn 0.2830 0.1124 0.9525
vn 0.2830 0.1123 0.9525
vn -0.0469 0.0437 0.9979
vn 0.8041 0.5784 0.1374
vn 0.6996 0.7005 0.1410
vn 0.7319 0.6660 0.1440
vn 0.6995 0.7006 0.1410
vn 0.6996 0.7005 0.1409
vn 0.6235 0.7696 0.1381
vn 0.7160 0.6980 -0.0112
vn 0.7160 0.6980 -0.0113
vn 0.6379 0.7701 -0.0088
vn 0.2831 0.1124 0.9525
vn 0.5802 0.1681 0.7969
vn 0.1730 -0.9279 -0.3302
vn 0.4840 0.6836 -0.5462
vn 0.2971 0.4080 -0.8633
vn 0.2477 0.4858 -0.8382
vn 0.2273 0.4800 -0.8473
vn 0.2221 0.5231 -0.8228
vn 0.2477 0.4859 -0.8382
vn 0.3837 0.3976 -0.8335
vn 0.5291 0.2073 -0.8228
vn 0.3838 0.3975 -0.8335
vn -0.4981 -0.8645 -0.0674
vn -0.6044 -0.7966 0.0121
vn -0.6036 -0.7972 0.0124
vn -0.6027 -0.7978 0.0126
vn -0.4486 -0.8903 0.0785
vn -0.4883 -0.8716 0.0442
vn -0.5110 -0.8595 0.0107
vn -0.2994 -0.9524 0.0581
vn -0.5328 -0.8460 -0.0229
vn -0.4829 -0.8698 -0.1011
vn -0.4981 -0.8645 -0.0675
vn -0.4023 -0.9110 -0.0907
vn -0.3196 -0.8530 -0.4125
vn -0.2338 -0.9405 -0.2466
vn -0.3090 -0.8531 -0.4203
vn -0.4282 -0.8986 0.0955
vn -0.4621 -0.8854 0.0505
vn -0.1958 -0.9662 -0.1674
vn -0.0339 -0.9965 0.0763
vn -0.2338 -0.9405 -0.2465
vn -0.8281 -0.3623 0.4278
vn -0.9333 -0.2977 0.2008
vn -0.1958 -0.9662 -0.1675
vn -0.4702 -0.4227 0.7748
vn -0.7843 -0.0406 0.6190
vn -0.6804 -0.1638 0.7143
vn -0.6921 -0.5205 0.5001
vn -0.8280 -0.3624 0.4278
vn -0.5024 -0.8599 -0.0899
vn -0.9333 -0.2978 0.2008
vn -0.7750 -0.5476 0.3154
vn -0.1152 0.2941 -0.9488
vn -0.0752 0.2088 -0.9751
vn -0.1766 0.3329 -0.9263
vn -0.9014 0.2374 0.3621
vn -0.3197 -0.8530 -0.4125
vn -0.1073 -0.9884 -0.1075
vn 0.0185 -0.9997 0.0134
vn -0.9469 -0.2141 0.2397
vn -0.9748 -0.2133 0.0652
vn -0.9748 -0.2133 0.0651
vn -0.9722 -0.2058 -0.1115
vn -0.9333 -0.2977 0.2007
vn -0.4547 -0.8804 0.1348
vn -0.4282 -0.8986 0.0956
vn 0.0700 -0.0588 -0.9958
vn -0.3785 -0.8956 -0.2336
vn -0.4500 -0.8929 0.0176
vn -0.4475 -0.8849 -0.1288
vn -0.5057 -0.8406 -0.1942
vn -0.4529 -0.8854 -0.1051
vn -0.0233 0.1440 -0.9893
vn -0.0752 0.2087 -0.9751
vn -0.0233 0.1439 -0.9893
vn 0.0065 0.0324 -0.9995
vn -0.4475 -0.8850 -0.1288
vn -0.4500 -0.8929 0.0177
vn -0.5025 -0.8599 -0.0899
vn -0.5979 -0.7829 0.1722
vn -0.6734 -0.7078 0.2133
vn -0.4139 -0.9103 0.0087
vn -0.4109 -0.9083 0.0779
vn -0.3625 -0.9300 0.0612
vn -0.4087 -0.9057 0.1126
vn -0.4110 -0.9083 0.0779
vn -0.4548 -0.8804 0.1348
vn -0.5978 -0.7829 0.1721
vn -0.2394 0.8858 0.3974
vn -0.4038 0.5354 0.7418
vn -0.3775 0.8369 0.3963
vn -0.1265 0.5974 -0.7919
vn -0.1666 0.5940 -0.7870
vn -0.1174 0.5890 -0.7995
vn -0.0331 0.5834 -0.8115
vn 0.0091 0.9945 0.1044
vn -0.1094 0.9908 0.0797
vn -0.0340 0.9949 0.0953
vn -0.1095 0.9908 0.0796
vn -0.1437 0.9880 0.0572
vn -0.2673 0.5508 0.7907
vn -0.3776 0.8369 0.3963
vn -0.4039 0.5354 0.7418
vn -0.1094 0.9908 0.0796
vn -0.1436 0.9880 0.0572
vn -0.4038 0.5353 0.7419
vn -0.0161 0.6023 0.7981
vn -0.2672 0.5508 0.7907
vn -0.0160 0.6023 0.7981
vn 0.0636 0.5831 0.8099
vn -0.2672 0.5509 0.7907
vn 0.2931 0.4479 0.8447
vn 0.4263 0.1168 0.8970
vn 0.3493 0.3187 0.8812
vn 0.2930 0.4480 0.8447
vn -0.0063 0.5744 -0.8185
vn 0.2930 0.4479 0.8447
vn 0.3492 0.3187 0.8812
vn 0.0636 0.5830 0.8100
vn 0.0325 0.9918 0.1233
vn 0.0341 0.9949 0.0945
vn 0.1482 0.9875 0.0546
vn 0.0091 0.9945 0.1043
vn 0.2589 0.9649 0.0429
vn 0.1483 0.9874 0.0546
vn 0.1487 -0.3691 0.9174
vn 0.1786 -0.2985 0.9375
vn -0.1608 -0.2831 0.9455
vn -0.0385 -0.2682 0.9626
vn 0.0383 -0.2306 0.9723
vn 0.0009 0.9928 0.1198
vn 0.0009 0.9925 0.1220
vn -0.0754 0.9905 0.1150
vn -0.0896 0.9896 0.1124
vn -0.0684 0.9281 0.3660
vn 0.1143 0.5974 -0.7938
vn 0.0740 0.5998 -0.7967
vn 0.1050 0.5890 -0.8012
vn 0.0056 0.7976 0.6032
vn -0.0684 0.9281 0.3661
vn 0.4414 0.3384 0.8310
vn 0.4263 0.1169 0.8970
vn 0.5610 0.3462 0.7520
vn 0.0023 -0.9548 0.2971
vn -0.0090 -0.9548 0.2972
vn 0.0022 -0.9594 0.2821
vn -0.0287 -0.9496 0.3122
vn -0.0384 -0.2682 0.9626
vn 0.0384 -0.2306 0.9723
vn 0.8179 -0.1972 -0.5405
vn 0.8013 -0.0758 -0.5934
vn 0.8341 -0.1311 -0.5358
vn -0.3933 -0.0771 0.9162
vn 0.2532 -0.0930 0.9629
vn 0.1925 -0.2820 0.9399
vn 0.4414 0.3384 0.8311
vn 0.3128 0.3236 0.8930
vn 0.4262 0.1168 0.8970
vn 0.0850 -0.2917 0.9527
vn 0.1924 -0.2820 0.9399
vn 0.0744 -0.9201 0.3846
vn 0.0030 -0.9225 0.3861
vn 0.1050 0.5890 -0.8013
vn -0.0063 0.5744 -0.8186
vn 0.1543 0.5940 -0.7895
vn 0.1051 0.5890 -0.8012
vn 0.0619 -0.9755 0.2109
vn -0.0379 -0.9989 0.0262
vn 0.1163 -0.9883 0.0984
vn -0.0685 -0.9201 0.3857
vn -0.1779 -0.2821 0.9428
vn -0.0703 -0.2917 0.9539
vn 0.9420 0.2580 0.2146
vn 0.9887 -0.0173 0.1489
vn 0.9963 0.0454 0.0727
vn 0.9791 -0.1235 0.1616
vn 0.9887 -0.0174 0.1489
vn 0.9420 -0.2234 0.2506
vn -0.1780 -0.2821 0.9427
vn -0.3277 -0.0771 0.9416
vn 0.1956 -0.9778 -0.0747
vn 0.1164 -0.9883 0.0983
vn 0.0010 0.9928 0.1198
vn 0.0771 0.9905 0.1138
vn 0.0010 0.9925 0.1220
vn 0.0642 0.9566 0.2844
vn 0.2856 -0.9319 -0.2238
vn 0.0306 -0.9971 -0.0695
vn -0.0019 -0.9690 -0.2471
vn 0.0772 0.9905 0.1138
vn 0.0740 0.9281 0.3649
vn 0.0305 -0.9971 -0.0695
vn 0.2856 -0.9318 -0.2238
vn 0.3380 -0.8499 -0.4042
vn 0.0642 0.9565 0.2845
vn 0.0740 0.9280 0.3650
vn 0.0037 0.7975 0.6033
vn -0.3963 0.3395 0.8530
vn -0.3601 0.0817 0.9293
vn -0.2627 0.2524 0.9313
vn 0.9791 -0.1234 0.1615
vn 0.9963 0.0453 0.0727
vn 0.2432 -0.9332 0.2644
vn 0.3698 -0.8954 0.2482
vn 0.0023 -0.9548 0.2972
vn -0.0589 -0.9755 0.2118
vn -0.0380 -0.9989 0.0263
vn 0.1956 -0.9778 -0.0748
vn 0.0306 -0.9971 -0.0696
vn 0.2855 -0.9319 -0.2238
vn 0.2433 -0.9332 0.2644
vn 0.6616 -0.7337 0.1549
vn 0.3699 -0.8953 0.2482
vn 0.9996 -0.0021 0.0283
vn 0.9963 0.0623 0.0593
vn 0.9963 0.0624 0.0593
vn 0.9879 0.1265 0.0902
vn 0.4138 0.1234 0.9020
vn 0.4067 0.1393 0.9029
vn 0.3995 0.1551 0.9035
vn 0.9996 -0.0283 -0.0061
vn -0.4000 0.1235 0.9082
vn -0.3928 0.1393 0.9090
vn -0.3856 0.1551 0.9095
vn -0.0005 0.9882 -0.1531
vn -0.0004 0.9952 -0.0977
vn 0.1249 0.9828 -0.1359
vn 0.1039 0.9921 -0.0706
vn -0.0004 0.9952 -0.0976
vn -0.0002 0.9998 -0.0218
vn -0.0006 0.9882 -0.1531
vn -0.1259 0.9831 -0.1332
vn -0.0005 0.9952 -0.0977
vn -0.1046 0.9922 -0.0683
vn -0.1045 0.9922 -0.0682
vn 0.3163 -0.1443 0.9376
vn 0.3351 -0.3669 0.8678
vn -0.0234 -0.3970 0.9175
vn 0.3350 -0.3670 0.8678
vn 0.0444 -0.5741 0.8175
vn -0.0234 -0.3971 0.9175
vn 0.5596 -0.0116 0.8287
vn 0.3916 -0.4142 0.8216
vn -0.0659 -0.9926 0.1025
vn 0.0132 -0.9942 0.1063
vn 0.3164 -0.1443 0.9376
vn 0.1460 0.9533 0.2645
vn -0.0060 0.9680 0.2509
vn 0.0748 0.9598 0.2704
vn 0.0132 -0.9942 0.1064
vn 0.0437 -0.9915 0.1228
vn -0.0680 0.9581 0.2781
vn 0.0748 0.9598 0.2705
vn 0.0749 0.9598 0.2705
vn 0.2345 0.9234 0.3039
vn 0.1461 0.9532 0.2646
vn 0.0595 -0.8185 0.5714
vn -0.1402 -0.6958 0.7044
vn 0.0444 -0.5742 0.8175
vn 0.0443 -0.5742 0.8175
vn -0.0235 -0.3971 0.9175
vn 0.1158 -0.9868 0.1132
vn 0.0675 -0.9925 0.1015
vn 0.0098 0.9680 0.2508
vn -0.1419 0.9533 0.2668
vn -0.0706 0.9598 0.2716
vn 0.0674 -0.9926 0.1015
vn -0.0115 -0.9942 0.1065
vn -0.1420 0.9532 0.2668
vn -0.2297 0.9234 0.3075
vn -0.0707 0.9598 0.2716
vn 0.2724 0.2492 0.9293
vn 0.3635 0.0695 0.9290
vn 0.4369 0.2089 0.8749
vn -0.3023 -0.1404 0.9428
vn 0.0372 -0.3956 0.9177
vn -0.3283 -0.1413 0.9339
vn 0.3635 0.0694 0.9290
vn 0.2724 0.2492 0.9294
vn -0.3284 -0.1413 0.9339
vn -0.0416 -0.6856 0.7268
vn 0.3328 -0.5440 0.7703
vn -0.0416 -0.6856 0.7267
vn 0.2533 -0.0930 0.9629
vn 0.0649 0.2226 0.9728
vn 0.0723 0.9581 0.2770
vn 0.0099 0.9680 0.2508
vn -0.5351 -0.0419 0.8438
vn -0.3024 -0.1404 0.9428
vn 0.0277 -0.6771 0.7354
vn 0.0592 -0.8186 0.5713
vn 0.9758 -0.0487 -0.2132
vn 0.8341 -0.1312 -0.5358
vn 0.3906 -0.5371 0.7477
vn 0.3351 -0.3670 0.8678
vn 0.3917 -0.4143 0.8215
vn 0.0218 -0.0197 0.9996
vn 0.9963 0.0454 0.0728
vn 0.9725 0.1485 0.1796
vn 0.2721 0.6645 -0.6960
vn -0.2268 0.2204 0.9487
vn -0.2398 0.4121 0.8790
vn 0.9758 -0.0487 -0.2133
vn 0.9580 -0.0931 -0.2713
vn 0.0894 0.1839 0.9789
vn 0.1795 0.2145 0.9601
vn 0.0216 0.1906 0.9814
vn -0.2627 0.2523 0.9313
vn -0.2893 0.1002 0.9520
vn -0.1627 0.0968 0.9819
vn 0.1023 0.4253 0.8992
vn 0.2797 0.5054 0.8163
vn 0.1860 0.2923 0.9380
vn -0.3338 -0.4717 0.8161
vn -0.4417 -0.3625 0.8207
vn -0.3684 -0.4280 0.8253
vn -0.3125 -0.4670 0.8272
vn -0.1990 -0.5618 0.8030
vn -0.0641 -0.4099 0.9099
vn 0.0063 -0.5848 0.8112
vn 0.0277 -0.6770 0.7354
vn 0.0839 0.2540 0.9636
vn -0.0553 0.9984 0.0082
vn -0.0358 0.9740 0.2238
vn -0.1318 0.9781 0.1613
vn 0.0893 0.1839 0.9789
vn 0.0216 0.1907 0.9814
vn -0.0594 0.2661 0.9621
vn -0.2894 0.1002 0.9520
vn -0.3278 -0.0770 0.9416
vn 0.9580 -0.0931 -0.2712
vn -0.0553 0.9984 0.0081
vn -0.0644 0.9925 -0.1036
vn -0.4069 0.1802 0.8955
vn 0.8383 0.5325 0.1170
vn -0.0643 0.9925 -0.1037
vn 0.1016 0.9495 -0.2969
vn -0.3963 0.3396 0.8530
vn -0.4618 0.2065 0.8626
vn -0.0197 -0.5846 0.8111
vn -0.2749 0.4761 0.8353
vn -0.2428 0.5867 0.7726
vn -0.2398 0.4122 0.8790
vn 0.3916 -0.4143 0.8216
vn 0.5595 -0.0116 0.8287
vn 0.5179 -0.1915 0.8337
vn 0.1860 0.2923 0.9381
vn 0.0218 -0.0194 0.9996
vn 0.2558 0.4392 -0.8612
vn 0.0893 0.1838 0.9789
vn 0.0838 0.2540 0.9636
vn -0.3277 -0.0770 0.9416
vn -0.3601 0.0816 0.9293
vn 0.2652 0.2964 0.9175
vn -0.3008 0.8341 0.4624
vn -0.1262 0.8633 0.4887
vn -0.2111 0.8211 0.5303
vn 0.7855 0.1345 -0.6041
vn 0.9336 0.1813 -0.3091
vn 0.9336 0.1812 -0.3091
vn -0.0595 0.2661 0.9621
vn -0.0985 0.2933 0.9509
vn -0.3009 0.8341 0.4624
vn -0.1884 0.8747 0.4465
vn -0.1263 0.8633 0.4887
vn 0.4514 0.6625 0.5978
vn 0.6369 -0.1439 0.7574
vn 0.4693 -0.1324 0.8731
vn 0.5981 -0.1804 0.7808
vn -0.0406 0.2964 0.9542
vn -0.1883 0.8747 0.4466
vn 0.0181 0.8744 0.4849
vn 0.0193 0.4558 0.8899
vn 0.0084 0.3482 0.9374
vn 0.1023 0.4253 0.8993
vn 0.1861 0.2923 0.9380
vn -0.0986 0.2933 0.9509
vn 0.6049 0.1173 0.7876
vn 0.4796 0.1977 0.8549
vn -0.2749 0.4760 0.8354
vn 0.4039 -0.4113 0.8172
vn 0.5981 -0.1804 0.7809
vn 0.0704 0.2897 0.9545
vn 0.0085 0.3482 0.9374
vn 0.3905 -0.5371 0.7476
vn 0.4039 -0.4113 0.8171
vn -0.0407 0.2964 0.9542
vn 0.0194 0.4558 0.8899
vn 0.0541 0.2965 0.9535
vn -0.0487 0.8507 0.5233
vn -0.0138 0.8676 0.4971
vn 0.0038 0.8753 0.4835
vn 0.2779 0.0151 0.9605
vn 0.3039 0.1135 0.9459
vn 0.3400 0.2755 0.8992
vn -0.2461 -0.0915 0.9649
vn -0.0834 -0.0655 0.9944
vn 0.0218 -0.0196 0.9996
vn -0.0091 0.3209 0.9471
vn -0.3015 0.1632 0.9394
vn -0.4523 0.2578 0.8538
vn -0.2386 0.3095 0.9205
vn 0.3668 -0.0704 0.9276
vn 0.4038 -0.4113 0.8172
vn 0.4692 -0.1324 0.8731
vn -0.0877 0.1660 0.9822
vn 0.0704 0.2896 0.9545
vn 0.9336 0.1813 -0.3090
vn 0.9389 0.2318 0.2545
vn -0.0877 0.1659 0.9822
vn 0.0703 0.2896 0.9546
vn 0.5180 -0.1915 0.8337
vn 0.1114 0.8684 0.4832
vn 0.0037 0.8753 0.4835
vn 0.9919 -0.1159 -0.0516
vn 0.6160 0.3744 0.6931
vn 0.5441 0.6070 0.5792
vn -0.4825 0.4635 0.7433
vn 0.4875 -0.4144 0.7685
vn 0.2242 0.6419 -0.7333
vn 0.6435 0.1146 0.7568
vn 0.6160 0.3743 0.6931
vn -0.4461 0.8568 0.2586
vn 0.1141 -0.1212 0.9861
vn 0.0739 0.1870 0.9796
vn 0.4795 0.1978 0.8549
vn 0.3628 0.4167 0.8335
vn 0.3629 0.4154 0.8341
vn 0.3054 0.0310 0.9517
vn -0.0353 -0.1559 0.9871
vn 0.2002 0.1990 0.9593
vn 0.2618 -0.0940 0.9605
vn -0.2557 0.0217 0.9665
vn -0.0878 0.1659 0.9822
vn 0.0217 -0.0197 0.9996
vn 0.9388 0.2319 0.2546
vn 0.9725 0.1485 0.1795
vn 0.2002 0.7169 0.6678
vn 0.0568 0.8507 0.5225
vn 0.0194 0.4558 0.8898
vn 0.2334 -0.4888 0.8406
vn 0.4692 -0.1323 0.8731
vn 0.3522 0.1931 0.9158
vn 0.2266 0.7834 0.5787
vn 0.3669 -0.0704 0.9276
vn 0.3906 -0.5370 0.7477
vn 0.7066 -0.4172 -0.5715
vn 0.7066 -0.4172 -0.5716
vn 0.2724 0.2493 0.9293
vn 0.3628 0.4168 0.8335
vn -0.0235 0.8781 0.4778
vn 0.1113 0.8684 0.4832
vn 0.1114 0.8684 0.4831
vn 0.3341 0.8562 0.3942
vn 0.2594 0.8513 0.4561
vn 0.0648 0.2227 0.9727
vn 0.0076 0.1655 0.9862
vn 0.1821 0.8384 0.5137
vn 0.2593 0.8513 0.4561
vn -0.1389 0.8998 -0.4137
vn 0.1217 0.8833 -0.4527
vn -0.0198 0.8290 -0.5589
vn 0.0288 0.6919 0.7214
vn 0.1973 0.8092 0.5534
vn 0.0289 0.6919 0.7214
vn 0.5180 -0.1914 0.8337
vn 0.0288 0.6918 0.7215
vn -0.1417 0.5258 0.8387
vn 0.1651 0.9616 -0.2194
vn -0.2576 0.9521 -0.1650
vn -0.0409 0.9991 0.0048
vn -0.3054 -0.2275 0.9246
vn 0.2002 0.1991 0.9593
vn -0.0604 0.9636 -0.2604
vn -0.2068 0.9374 -0.2803
vn -0.0281 0.9580 -0.2853
vn -0.7513 0.4561 0.4770
vn -0.6362 0.4308 0.6400
vn 0.3533 0.9346 0.0416
vn 0.1652 0.9616 -0.2194
vn -0.0409 0.9992 0.0049
vn -0.2211 0.9313 -0.2895
vn 0.1651 0.9615 -0.2195
vn -0.0410 0.9991 0.0049
vn -0.6450 0.7537 0.1260
vn -0.7976 0.4618 0.3880
vn -0.7529 0.5137 0.4115
vn 0.2619 -0.0940 0.9605
vn 0.2003 0.1990 0.9593
vn 0.4796 0.1977 0.8550
vn 0.1201 -0.4143 0.9022
vn 0.1146 -0.4145 0.9028
vn 0.1091 -0.4148 0.9034
vn -0.0603 0.9636 -0.2604
vn 0.3425 0.9290 0.1404
vn 0.2817 0.9255 0.2532
vn -0.0987 0.9600 0.2622
vn 0.1340 0.9821 0.1327
vn 0.1341 0.9821 0.1326
vn 0.3424 0.9290 0.1405
vn 0.2380 -0.4654 0.8525
vn 0.1140 -0.1213 0.9860
vn 0.9296 0.1129 0.3508
vn 0.9566 0.1198 0.2655
vn 0.9347 0.1639 0.3155
vn 0.7285 0.6761 -0.1102
vn 0.6514 0.7587 -0.0063
vn 0.5968 0.8024 -0.0041
vn 0.6838 -0.7130 0.1553
vn 0.6290 -0.6462 0.4322
vn 0.9566 0.1199 0.2655
vn 0.8238 0.2335 0.5165
vn 0.9347 0.1638 0.3155
vn 0.3692 0.9188 -0.1396
vn 0.1652 0.9615 -0.2194
vn -0.0059 -0.8636 0.5042
vn -0.0843 -0.9130 0.3993
vn -0.0944 -0.9002 0.4251
vn 0.0173 -0.3338 0.9425
vn -0.5562 0.8110 -0.1817
vn -0.2576 0.9520 -0.1650
vn -0.1390 0.8998 -0.4137
vn -0.2577 0.9520 -0.1650
vn -0.5562 0.8109 -0.1817
vn 0.4260 0.8125 0.3980
vn 0.4267 0.8120 0.3983
vn 0.4266 0.8122 0.3979
vn 0.3425 0.9290 0.1405
vn 0.1341 0.9820 0.1327
vn 0.3425 0.9289 0.1405
vn -0.2626 0.2524 0.9313
vn 0.0648 0.2226 0.9727
vn 0.9631 0.2616 -0.0637
vn 0.9861 0.1511 0.0690
vn 0.9759 -0.1503 0.1581
vn 0.3607 -0.5350 0.7640
vn 0.4260 -0.6683 0.6099
vn 0.3057 -0.6039 0.7361
vn 0.7840 -0.5871 0.2017
vn 0.4260 -0.6684 0.6098
vn 0.4717 -0.7711 0.4277
vn 0.3057 -0.6040 0.7361
vn 0.6589 -0.2948 0.6921
vn -0.5182 0.1965 0.8324
vn 0.6514 0.7588 -0.0063
vn 0.7418 0.6705 -0.0154
vn 0.3056 -0.6039 0.7361
vn 0.0395 -0.4168 0.9081
vn 0.3401 0.2755 0.8991
vn 0.3040 0.1135 0.9459
vn 0.2491 0.3074 0.9184
vn 0.9956 0.0044 -0.0935
vn 0.9948 -0.0699 -0.0740
vn 0.9708 -0.2400 -0.0075
vn 0.7418 0.6704 -0.0154
vn 0.3693 0.9188 -0.1396
vn 0.5146 0.6985 0.4973
vn 0.5009 0.7945 0.3433
vn 0.2817 0.9255 0.2531
vn 0.9738 0.1070 0.2008
vn 0.9389 0.2318 0.2546
vn 0.9725 0.1484 0.1796
vn 0.9296 0.1128 0.3508
vn 0.1651 0.9615 -0.2194
vn 0.3692 0.9188 -0.1397
vn 0.1218 0.8833 -0.4527
vn 0.8209 0.1402 0.5536
vn 0.8238 0.2335 0.5166
vn -0.1415 0.9284 0.3436
vn 0.0076 0.1654 0.9862
vn 0.2490 0.3074 0.9184
vn 0.9861 0.1512 0.0690
vn 0.8209 0.1402 0.5535
vn 0.8247 0.0708 0.5611
vn 0.8247 0.0707 0.5611
vn 0.7778 -0.0307 0.6278
vn -0.7647 0.6237 -0.1620
vn -0.6839 0.6701 -0.2885
vn -0.8925 0.4213 -0.1610
vn -0.7366 0.6349 -0.2331
vn 0.6078 0.7794 0.1517
vn 0.5771 0.8154 0.0451
vn -0.6451 0.7537 0.1260
vn 0.9873 -0.0239 -0.1573
vn 0.9948 -0.0698 -0.0740
vn 0.9956 0.0045 -0.0935
vn 0.7419 0.6704 -0.0154
vn 0.9139 0.3596 -0.1885
vn 0.9317 -0.3288 -0.1542
vn 0.8444 -0.5062 -0.1753
vn 0.6937 -0.7187 -0.0470
vn 0.9668 -0.0020 -0.2557
vn 0.9080 0.0154 -0.4187
vn 0.9537 0.1168 -0.2772
vn 0.6079 0.7794 0.1515
vn 0.5443 0.8266 -0.1429
vn 0.5771 0.8154 0.0450
vn 0.9631 0.2616 -0.0638
vn 0.9240 0.2931 -0.2455
vn 0.9139 0.3596 -0.1886
vn -0.3051 0.2621 -0.9155
vn -0.2815 0.4364 -0.8546
vn -0.0735 0.2398 -0.9680
vn 0.9873 -0.0240 -0.1573
vn 0.9318 -0.3288 -0.1541
vn -0.2816 0.4363 -0.8546
vn -0.3052 0.2621 -0.9155
vn -0.6149 0.0988 -0.7824
vn 0.9080 0.0153 -0.4186
vn 0.8445 -0.5061 -0.1754
vn 0.6589 -0.2947 0.6921
vn 0.8777 0.3456 -0.3320
vn 0.5771 0.8155 0.0450
vn 0.6814 0.6789 -0.2735
vn -0.5563 0.8109 -0.1817
vn 0.3042 0.8344 -0.4596
vn 0.9080 0.0153 -0.4187
vn 0.8777 0.3457 -0.3320
vn 0.6815 0.6788 -0.2735
vn 0.9918 0.0117 0.1275
vn 0.9920 0.0040 0.1259
vn -0.2386 0.3094 0.9205
vn 0.9922 -0.0037 0.1244
vn 0.4913 -0.0246 0.8706
vn 0.4926 -0.0300 0.8698
vn 0.4937 -0.0353 0.8689
vn 0.9967 0.0797 -0.0167
vn 0.9725 0.1484 0.1795
vn 0.9566 0.1199 0.2654
vn 0.9986 0.0517 -0.0047
vn 0.9567 0.1198 0.2654
vn 0.3298 -0.5069 0.7964
vn 0.2381 -0.4654 0.8525
vn -0.8022 0.5729 -0.1684
vn -0.8362 0.4685 -0.2850
vn -0.7611 0.5783 -0.2936
vn -0.0325 -0.9989 0.0346
vn 0.0120 -0.9760 0.2174
vn -0.4352 -0.8969 -0.0786
vn -0.4255 0.5634 0.7082
vn 0.0077 -0.0124 0.9999
vn 0.0072 0.3601 0.9329
vn -0.3859 0.8748 0.2930
vn -0.3859 0.8255 0.4119
vn 0.0071 -0.3962 0.9181
vn -0.1597 -0.2860 0.9448
vn -0.1597 -0.2859 0.9448
vn -0.2763 -0.0032 0.9611
vn -0.7611 0.5784 -0.2936
vn -0.5694 0.8013 0.1835
vn -0.4929 0.8568 -0.1515
vn -0.2763 -0.0031 0.9611
vn -0.7962 0.3804 0.4705
vn -0.5694 0.8013 0.1836
vn -0.3859 0.8748 0.2929
vn -0.4928 0.8568 -0.1515
vn 0.6527 0.7561 0.0474
vn 0.1149 0.5029 -0.8567
vn 0.0277 0.3926 -0.9193
vn 0.1412 0.5138 -0.8462
vn -0.0180 0.3313 -0.9433
vn 0.9603 -0.2760 -0.0413
vn -0.2437 0.5198 0.8188
vn -0.2418 0.5165 0.8215
vn -0.2418 0.5164 0.8215
vn -0.2419 0.5164 0.8215
vn 0.0123 0.4801 -0.8771
vn -0.2032 0.5708 -0.7955
vn 0.0941 0.3336 -0.9380
vn -0.4513 0.8899 0.0668
vn 0.7304 -0.0874 0.6775
vn 0.7361 -0.0232 0.6765
vn 0.7341 0.0077 0.6790
vn 0.7358 0.1049 0.6690
vn 0.7340 0.0077 0.6791
vn 0.7358 0.1049 0.6691
vn 0.7331 0.1367 0.6662
vn 0.6438 0.1160 0.7564
vn 0.6437 0.1160 0.7564
vn 0.5346 0.0253 0.8448
vn 0.6486 0.7610 -0.0094
vn 0.6178 0.7572 -0.2120
vn 0.3734 0.8212 0.4316
vn 0.5424 0.6917 0.4769
vn 0.3942 0.9138 0.0975
vn 0.7118 0.6321 -0.3063
vn 0.6178 0.7573 -0.2120
vn 0.3942 0.9138 0.0974
vn 0.8282 0.4563 -0.3254
vn 0.6948 0.5484 0.4654
vn 0.5423 0.6917 0.4769
vn 0.0488 -0.9794 -0.1958
vn 0.5057 -0.8625 -0.0179
vn -0.0324 -0.9989 0.0345
vn 0.8890 0.3708 -0.2687
vn 0.8282 0.4562 -0.3254
vn 0.5057 -0.8625 -0.0178
vn 0.6357 -0.6713 0.3812
vn 0.7333 -0.6145 0.2911
vn 0.2446 0.2617 0.9337
vn 0.8114 0.4378 0.3874
vn 0.8087 0.3860 0.4439
vn 0.6948 0.5484 0.4653
vn 0.7333 -0.6144 0.2910
vn 0.8156 -0.5448 0.1949
vn 0.8087 0.3859 0.4440
vn 0.5424 0.6916 0.4769
vn 0.6948 0.5483 0.4654
vn -0.0324 -0.9989 0.0346
vn 0.1737 -0.9585 0.2261
vn 0.2911 -0.0031 0.9567
vn 0.1743 -0.2859 0.9423
vn 0.2911 -0.0032 0.9567
vn 0.0078 -0.0124 0.9999
vn 0.0121 -0.9760 0.2174
vn 0.1743 -0.2860 0.9423
vn 0.2490 0.3075 0.9184
vn 0.2003 0.1991 0.9593
vn 0.3400 0.2756 0.8992
vn -0.7924 0.0298 0.6093
vn -0.7974 0.0331 0.6025
vn -0.7942 0.0024 0.6077
vn -0.7867 0.0078 0.6172
vn -0.7867 0.0078 0.6173
vn -0.7921 -0.0086 0.6103
vn -0.7908 0.0038 0.6121
vn -0.7922 -0.0086 0.6103
vn -0.7922 -0.0085 0.6103
vn -0.7832 0.0253 0.6213
vn -0.7814 0.0263 0.6235
vn -0.0060 -0.6227 -0.7824
vn -0.2287 -0.5960 -0.7697
vn -0.0802 -0.5494 -0.8317
vn -0.3016 -0.6132 -0.7300
vn -0.0061 -0.6227 -0.7824
vn -0.3017 -0.6132 -0.7300
vn -0.4036 -0.5039 -0.7636
vn -0.2288 -0.5960 -0.7697
vn -0.6591 -0.7337 0.1651
vn -0.3645 -0.4787 -0.7988
vn -0.8476 -0.1552 -0.5075
vn -0.8753 -0.2210 -0.4301
vn -0.6208 -0.0569 -0.7819
vn -0.5548 0.1907 0.8099
vn -0.3934 -0.0770 0.9161
vn -0.4039 0.5353 0.7418
vn -0.0060 -0.6227 -0.7825
vn 0.0673 -0.5494 -0.8329
vn 0.2904 -0.6132 -0.7346
vn 0.4302 -0.5275 -0.7326
vn 0.3121 -0.5697 -0.7603
vn -0.2635 -0.9499 -0.1681
vn -0.0020 -0.9690 -0.2471
vn -0.2635 -0.9499 -0.1682
vn -0.3442 -0.8499 -0.3990
vn -0.0380 -0.9989 0.0262
vn 0.3120 -0.5697 -0.7603
vn 0.2903 -0.6132 -0.7346
vn 0.3521 -0.4786 -0.8043
vn 0.3120 -0.5696 -0.7604
vn -0.9922 0.0928 0.0838
vn -0.9874 0.1112 0.1122
vn -0.9667 0.1826 0.1795
vn -0.9947 -0.0380 0.0951
vn -0.9388 -0.2065 0.2757
vn -0.9875 0.1111 0.1122
vn -0.1691 -0.9855 -0.0115
vn -0.1676 -0.9803 -0.1049
vn -0.9987 -0.0024 0.0504
vn -0.9947 0.0624 0.0815
vn -0.9855 0.1270 0.1123
vn -0.0587 0.1651 -0.9845
vn -0.0734 0.2397 -0.9681
vn 0.1839 0.1410 -0.9728
vn -0.1140 -0.9868 0.1150
vn -0.0659 -0.9925 0.1025
vn -0.0416 -0.6857 0.7267
vn -0.2695 -0.8725 0.4075
vn -0.0420 -0.9915 0.1235
vn -0.0115 -0.9942 0.1066
vn 0.0365 -0.2707 -0.9620
vn -0.3685 -0.4280 0.8252
vn -0.9886 -0.0047 -0.1502
vn -0.8476 -0.1553 -0.5075
vn -0.4364 -0.2096 0.8750
vn -0.3055 -0.2275 0.9246
vn -0.1990 -0.5619 0.8029
vn -0.5105 0.0706 0.8570
vn -0.3685 -0.4280 0.8253
vn -0.2603 -0.2358 -0.9363
vn -0.1115 -0.4144 -0.9033
vn -0.0870 0.2954 -0.9514
vn -0.8612 0.0508 -0.5058
vn -0.4599 -0.1579 0.8738
vn -0.3339 -0.4717 0.8161
vn -0.3126 -0.4669 0.8272
vn -0.3126 -0.4670 0.8272
vn -0.9887 -0.0047 -0.1501
vn -0.9922 0.0928 0.0837
vn -0.2603 -0.2357 -0.9363
vn -0.3947 -0.0441 -0.9178
vn -0.9418 -0.2041 -0.2672
vn -0.9791 0.1096 0.1711
vn -0.9501 0.1613 0.2671
vn -0.9449 0.2214 0.2410
vn -0.6410 0.0817 0.7631
vn -0.4599 -0.1578 0.8738
vn -0.4598 -0.1579 0.8739
vn -0.2957 -0.2929 0.9093
vn -0.9947 -0.0379 0.0951
vn -0.9978 0.0603 0.0274
vn -0.0677 -0.0573 -0.9961
vn -0.3125 -0.4669 0.8272
vn -0.4079 -0.1550 0.8998
vn -0.5421 -0.5097 0.6681
vn -0.4417 -0.3626 0.8206
vn -0.9792 0.1095 0.1711
vn -0.9667 0.1826 0.1796
vn -0.7555 -0.3661 0.5433
vn -0.9640 -0.2634 -0.0368
vn -0.9649 -0.2545 -0.0646
vn -0.9880 -0.0843 -0.1294
vn -0.9382 -0.3452 0.0259
vn -0.9640 -0.2633 -0.0368
vn -0.9754 0.0476 0.2152
vn -0.9972 -0.0686 -0.0287
vn -0.0735 0.2397 -0.9681
vn 0.3917 0.1005 -0.9146
vn 0.1838 0.1409 -0.9728
vn 0.8013 -0.0757 -0.5934
vn 0.3918 0.1004 -0.9146
vn -0.9381 -0.3453 0.0259
vn 0.3832 -0.2935 -0.8758
vn -0.4619 0.2065 0.8626
vn -0.5030 0.0054 0.8643
vn -0.5905 0.1256 0.7972
vn -0.3066 0.6185 -0.7235
vn -0.7332 0.5721 -0.3676
vn -0.4618 0.2064 0.8626
vn -0.5351 -0.0418 0.8438
vn -0.9307 0.0863 0.3555
vn -0.9308 0.1124 0.3477
vn -0.9754 0.0477 0.2153
vn -0.9272 0.2035 0.3146
vn -0.8329 -0.1960 0.5176
vn -0.8334 0.1492 0.5322
vn -0.9792 0.1095 0.1710
vn -0.9887 -0.0047 -0.1502
vn -0.9229 -0.2969 0.2450
vn -0.8346 -0.5294 0.1525
vn -0.7330 -0.5177 0.4412
vn -0.0640 -0.9357 0.3469
vn -0.0843 -0.9130 0.3992
vn -0.9838 0.1787 0.0112
vn -0.1813 -0.9230 0.3393
vn -0.0944 -0.9002 0.4250
vn -0.8531 0.4132 0.3186
vn -0.7513 0.4560 0.4770
vn -0.7113 0.7027 -0.0159
vn -0.9290 0.2562 0.2671
vn -0.9430 0.1789 0.2805
vn -0.2462 -0.0915 0.9649
vn -0.5029 0.0053 0.8643
vn -0.9527 -0.0264 0.3028
vn -0.9496 -0.0349 0.3115
vn -0.6817 0.3536 0.6405
vn -0.5860 0.1642 0.7935
vn -0.6565 0.1599 0.7372
vn -0.8661 0.4180 0.2741
vn -0.6451 0.7536 0.1260
vn -0.2907 0.2453 -0.9248
vn -0.0735 0.2397 -0.9680
vn -0.3521 0.2038 -0.9135
vn -0.4115 0.1612 -0.8970
vn -0.9496 -0.0349 0.3116
vn -0.9230 -0.2968 0.2451
vn -0.9463 -0.0434 0.3203
vn -0.9977 0.0668 -0.0062
vn -0.9754 0.0477 0.2152
vn -0.9972 -0.0685 -0.0287
vn -0.6314 0.0572 0.7733
vn -0.6565 0.1598 0.7372
vn -0.6315 0.0572 0.7732
vn -0.9754 0.0476 0.2153
vn -0.9791 0.1095 0.1711
vn -0.9501 0.1612 0.2671
vn -0.9431 0.1789 0.2805
vn 0.0753 0.1913 -0.9786
vn 0.1078 0.2224 -0.9690
vn -0.0734 0.2398 -0.9681
vn -0.9972 -0.0686 -0.0288
vn -0.9817 -0.1544 -0.1116
vn -0.8753 -0.2210 -0.4300
vn 0.1548 0.2141 -0.9645
vn 0.8341 -0.1311 -0.5359
vn 0.6033 -0.0148 -0.7974
vn 0.3918 0.1005 -0.9145
vn -0.7893 -0.6138 0.0179
vn -0.9960 0.0606 0.0654
vn -0.4353 -0.8968 -0.0786
vn -0.7334 -0.6733 0.0937
vn -0.6087 -0.6714 -0.4227
vn -0.3887 -0.8790 -0.2763
vn 0.0487 -0.9794 -0.1958
vn -0.3886 -0.8790 -0.2762
vn -0.8363 0.4684 -0.2850
vn -0.8489 0.3520 -0.3942
vn -0.7612 0.5783 -0.2937
vn -0.4353 -0.8969 -0.0786
vn -0.5609 -0.7624 0.3227
vn -0.7452 -0.5011 0.4400
vn -0.1796 -0.9532 0.2432
vn -0.8360 0.3493 0.4232
vn -0.9989 0.0236 0.0398
vn -0.2666 -0.5009 -0.8234
vn -0.1985 -0.4698 -0.8601
vn 0.0649 -0.9785 0.1955
vn -0.7154 0.0647 0.6957
vn -0.7612 0.0196 0.6482
vn -0.7871 -0.0182 0.6166
vn -0.7824 0.0002 0.6228
vn -0.7612 0.0195 0.6482
vn -0.7823 0.0002 0.6228
vn -0.7579 0.0532 0.6502
vn -0.7475 0.0737 0.6602
vn -0.7579 0.0531 0.6502
vn -0.7475 0.0738 0.6602
vn -0.7071 0.1402 0.6931
vn 0.0276 0.3925 -0.9193
vn -0.1724 -0.1691 -0.9704
vn -0.0181 0.3313 -0.9434
vn -0.1724 -0.1692 -0.9704
vn -0.1289 -0.4355 -0.8909
vn -0.1984 -0.4698 -0.8602
vn -0.9989 0.0235 0.0397
vn -0.4619 0.2064 0.8626
vn -0.5183 0.1964 0.8324
vn 0.2271 0.3600 -0.9049
vn 0.0124 0.4801 -0.8771
vn 0.0941 0.3335 -0.9380
vn 0.2439 0.0186 -0.9696
vn 0.1981 -0.2381 -0.9508
vn 0.1999 -0.5055 -0.8394
vn 0.1386 -0.4785 -0.8671
vn -0.8847 -0.4466 -0.1338
vn 0.0941 -0.9553 0.2804
vn 0.5266 -0.7420 -0.4149
vn 0.6003 -0.6816 -0.4184
vn 0.6107 -0.6514 -0.4502
vn -0.9894 0.0119 0.1450
vn -0.9895 0.0072 0.1441
vn -0.9895 0.0071 0.1441
vn -0.9897 0.0024 0.1431
vn -0.4762 -0.0216 0.8791
vn -0.4778 -0.0285 0.8780
vn -0.4793 -0.0354 0.8769
vn 0.1999 -0.5055 -0.8393
vn 0.2600 -0.5299 -0.8072
vn -0.1267 -0.1767 0.9761
vn -0.1444 -0.1832 0.9724
vn 0.1418 -0.1767 0.9740
vn 0.1595 -0.1833 0.9700
vn -0.0066 0.9975 0.0697
vn 0.0163 0.9977 0.0657
vn 0.0028 0.9976 0.0694
vn 0.0028 0.9976 0.0693
vn 0.0209 0.9983 0.0552
vn -0.0136 0.9706 0.2405
vn -0.0103 0.9791 0.2032
vn 0.9941 -0.1063 -0.0197
vn 0.9902 -0.0677 -0.1220
vn 0.9941 -0.1063 -0.0196
vn 0.9862 -0.1436 0.0829
vn 0.9606 0.1158 -0.2526
vn 0.9559 0.1440 -0.2561
vn 0.9670 0.1901 -0.1696
vn 0.9869 0.1262 -0.1003
vn 0.9670 0.1902 -0.1696
vn 0.9670 0.1902 -0.1695
vn 0.9869 0.1263 -0.1002
vn 0.9947 0.1016 -0.0183
vn 0.9869 0.1261 -0.1002
vn 0.9960 -0.0772 -0.0444
vn 0.9947 0.1015 -0.0183
vn -0.0167 0.9606 0.2774
vn 0.0676 -0.1879 0.9799
vn -0.0403 -0.1849 0.9819
vn 0.1023 -0.1862 0.9772
vn -0.0068 -0.2093 0.9778
vn 0.0433 -0.1608 0.9860
vn 0.0087 -0.1982 0.9801
vn 0.0814 -0.1379 0.9871
vn 0.1142 -0.1552 0.9813
vn 0.0231 -0.2137 0.9766
vn 0.0103 -0.1960 0.9805
vn 0.1142 -0.1551 0.9813
vn 0.0724 -0.1754 0.9818
vn 0.0300 -0.1881 0.9817
vn 0.1022 -0.1862 0.9772
vn 0.0335 -0.1679 0.9852
vn 0.0299 -0.1881 0.9817
vn 0.0334 -0.1679 0.9852
vn -0.0384 -0.1718 0.9844
vn -0.0137 -0.1658 0.9861
vn -0.0157 -0.1843 0.9827
vn 0.0077 -0.1927 0.9812
vn 0.0077 -0.1928 0.9812
vn -0.0078 -0.2139 0.9768
vn -0.0801 -0.1771 0.9809
vn 0.0087 -0.1988 0.9800
vn 0.0213 0.9783 0.2063
vn 0.0211 0.9777 0.2089
vn 0.0193 -0.2050 0.9786
vn -0.0425 -0.1647 0.9854
vn -0.0383 -0.1718 0.9844
vn -0.0800 -0.1770 0.9809
vn 0.9528 0.2906 0.0876
vn 0.9431 0.3130 0.1122
vn 0.0214 0.9788 0.2037
vn -0.0474 -0.1325 0.9900
vn -0.1275 -0.1596 0.9789
vn -0.1275 -0.1597 0.9789
vn -0.0404 -0.1849 0.9819
vn 0.0675 -0.1879 0.9799
vn 0.1417 -0.1767 0.9740
vn 0.1239 -0.1701 0.9776
vn -0.0156 0.9977 0.0664
vn -0.0155 0.9977 0.0663
vn -0.0068 0.9984 0.0562
vn 0.9614 0.2678 0.0630
vn -0.1266 -0.1767 0.9761
vn -0.1087 -0.1701 0.9794
vn -0.9648 0.2515 0.0772
vn -0.9522 0.2812 0.1194
vn -0.9369 0.3101 0.1613
vn -0.9632 0.1130 -0.2440
vn -0.9683 0.1933 -0.1580
vn -0.9593 0.1366 -0.2472
vn -0.9683 0.1934 -0.1580
vn -0.9877 0.1303 -0.0860
vn -0.9935 0.1136 -0.0014
vn -0.9877 0.1302 -0.0860
vn -0.9935 0.1135 -0.0014
vn -0.9966 -0.0773 -0.0284
vn -0.9912 -0.1324 -0.0087
vn -0.9912 -0.1325 -0.0087
vn -0.9848 -0.1269 -0.1182
vn -0.9855 -0.1365 0.1009
vn 0.4548 0.1977 0.8684
vn 0.2696 0.5611 0.7826
vn 0.0594 0.4844 0.8728
vn 0.0085 0.0045 1.0000
vn 0.4547 0.1977 0.8684
vn 0.0593 0.4844 0.8728
vn 0.2696 0.5612 0.7826
vn -0.1748 0.6473 0.7419
vn 0.4548 0.1978 0.8684
vn 0.4659 0.4781 0.7445
vn 0.2697 0.5611 0.7826
vn -0.4001 0.2985 0.8665
vn -0.4000 0.2985 0.8666
vn 0.4151 -0.3047 0.8573
vn 0.0086 0.0045 1.0000
vn -0.4639 -0.2044 0.8620
vn -0.4001 0.2984 0.8665
vn 0.1891 -0.6933 0.6954
vn 0.1887 -0.6939 0.6949
vn -0.0512 -0.5143 0.8561
vn 0.0085 0.0044 1.0000
vn -0.4639 -0.2045 0.8619
vn -0.0512 -0.5142 0.8561
vn 0.4150 -0.3047 0.8573
vn 0.1888 -0.6939 0.6949
vn 0.6891 -0.1948 0.6980
vn 0.6831 -0.1838 0.7069
vn 0.4151 -0.3047 0.8572
vn -0.1784 -0.6933 0.6982
vn 0.0645 -0.5143 0.8552
vn -0.1780 -0.6939 0.6977
vn -0.4543 0.4781 0.7516
vn -0.4413 0.1978 0.8753
vn -0.2575 0.5611 0.7866
vn -0.2575 0.5611 0.7867
vn -0.0458 0.4844 0.8736
vn 0.1863 0.6473 0.7391
vn 0.0645 -0.5142 0.8552
vn 0.5084 -0.5086 0.6949
vn 0.4772 -0.2045 0.8547
vn 0.5093 -0.5086 0.6942
vn -0.0459 0.4844 0.8736
vn 0.6847 0.1752 0.7075
vn 0.6885 0.1824 0.7020
vn 0.0644 -0.5143 0.8552
vn -0.3204 -0.3283 0.8886
vn 0.1955 0.3590 0.9126
vn 0.1862 0.6473 0.7391
vn -0.4412 0.1977 0.8753
vn 0.0069 0.0045 1.0000
vn -0.0459 0.4844 0.8737
vn 0.4772 -0.2044 0.8547
vn -0.3204 -0.3282 0.8886
vn -0.4413 0.1977 0.8753
vn 0.0644 -0.5142 0.8552
vn 0.0070 0.0044 1.0000
vn 0.0070 0.0045 1.0000
vn 0.1955 0.3589 0.9127
vn -0.4976 -0.5086 0.7026
vn -0.4640 -0.2045 0.8619
vn -0.4985 -0.5086 0.7020
vn -0.6776 0.1824 0.7125
vn -0.6737 0.1752 0.7180
vn -0.0513 -0.5143 0.8561
vn -0.6782 -0.1948 0.7085
vn -0.6721 -0.1838 0.7173
vn -0.3205 -0.3282 0.8886
vn 0.0035 -0.8912 0.4537
vn -0.2332 -0.9421 0.2411
vn 0.2369 -0.9421 0.2374
vn 0.2332 -0.9421 -0.2410
vn -0.0000 1.0000 -0.0000
vn 0.0076 -0.1481 0.9889
vn 0.8429 0.5374 -0.0257
vn 0.8330 0.5528 -0.0201
vn 0.8330 0.5529 -0.0201
vn 0.8229 0.5681 -0.0144
vn -0.8432 0.5375 -0.0012
vn -0.8329 0.5534 -0.0068
vn -0.8222 0.5690 -0.0125
vn -0.5043 0.4640 0.7283
vn -0.8100 0.3251 0.4881
vn -0.6995 0.4382 0.5646
vn -0.8101 0.3250 0.4880
vn -0.8865 0.2430 0.3937
vn -0.6995 0.4382 0.5645
vn -0.8866 0.2430 0.3937
vn -0.8986 0.2456 0.3636
vn 0.2384 0.4025 -0.8838
vn 0.2696 0.3589 -0.8936
vn 0.3819 0.4445 -0.8103
vn 0.5078 0.4647 -0.7254
vn 0.7023 0.4383 -0.5609
vn 0.8112 0.3238 -0.4869
vn 0.7024 0.4382 -0.5609
vn 0.8113 0.3238 -0.4868
vn 0.8865 0.2429 -0.3937
vn 0.8986 0.2456 -0.3635
vn 0.8865 0.2430 -0.3937
vn -0.3802 0.4428 0.8120
vn -0.5042 0.4641 0.7283
vn -0.5042 0.4640 0.7283
vn -0.3801 0.4427 0.8121
vn -0.2696 0.3589 0.8936
vn -0.3801 0.4428 0.8121
vn -0.2384 0.4025 0.8838
vn -0.7175 0.4659 -0.5178
vn -0.5316 0.3604 -0.7665
vn -0.5505 0.4371 -0.7113
vn 0.8782 0.4089 0.2480
vn 0.8880 0.3646 0.2803
vn 0.8024 0.4485 0.3938
vn 0.7147 0.4665 0.5212
vn 0.8023 0.4485 0.3938
vn 0.7146 0.4665 0.5212
vn 0.5494 0.4399 0.7104
vn 0.4704 0.3283 0.8191
vn 0.5494 0.4398 0.7104
vn 0.3769 0.2497 0.8920
vn 0.3338 0.2521 0.9083
vn -0.8041 0.4468 -0.3921
vn -0.7175 0.4659 -0.5177
vn -0.8042 0.4468 -0.3921
vn -0.8782 0.4089 -0.2480
vn -0.8880 0.3646 -0.2803
vn 0.8607 0.0156 0.5088
vn 0.8606 0.0153 0.5091
vn -0.0000 1.0000 0.0020
vn 0.8604 0.0150 0.5094
vn -0.8524 0.0156 0.5226
vn -0.8526 0.0153 0.5223
vn -0.0063 0.5807 -0.8141
vn -0.0070 0.4026 -0.9154
vn -0.0073 0.3022 -0.9532
vn -0.0071 0.4026 -0.9154
vn -0.8652 0.0028 0.5014
vn -0.8651 0.0029 0.5015
vn 0.8505 0.4559 0.2623
vn 0.8131 0.4859 0.3208
vn 0.8130 0.4859 0.3208
vn 0.7709 0.5131 0.3774
vn 0.8441 -0.3186 0.4312
vn 0.8476 -0.3144 0.4274
vn 0.8662 -0.2111 0.4529
vn 0.8476 -0.3143 0.4274
vn 0.8756 -0.1027 0.4719
vn 0.8662 -0.2110 0.4529
vn 0.8756 -0.1026 0.4719
vn 0.8729 0.0028 0.4880
vn 0.8728 0.0028 0.4881
vn 0.2332 -0.9421 -0.2411
vn -0.2369 -0.9421 -0.2374
vn -0.2332 -0.9421 0.2410
vn -0.4457 -0.8952 0.0034
vn -0.0077 -0.0000 -1.0000
vn -0.0000 -1.0000 0.0026
vn 0.5077 0.4647 -0.7254
vn -0.5316 0.3603 -0.7666
vn -0.3799 0.2394 -0.8935
vn -0.5505 0.4370 -0.7113
vn -0.3798 0.2395 -0.8935
vn -0.3504 0.2419 -0.9048
vn -0.7176 0.4659 -0.5177
vn -0.0000 -1.0000 0.0025
vn -0.8528 0.0150 0.5220
vn -0.0077 -0.0303 -0.9995
vn -0.0039 -0.8614 -0.5080
vn -0.8343 0.4385 0.3341
vn -0.7778 0.5227 0.3490
vn -0.7777 0.5228 0.3490
vn -0.7130 0.6015 0.3603
vn -0.0071 0.4025 -0.9154
vn -0.0073 0.3021 -0.9533
vn -0.0077 -0.0058 -1.0000
vn -0.8398 -0.3190 0.4393
vn -0.8429 -0.3173 0.4345
vn -0.8587 -0.2143 0.4655
vn -0.8367 -0.3206 0.4440
vn -0.8398 -0.3190 0.4392
vn 0.6592 -0.6825 0.3158
vn 0.6030 -0.7436 0.2889
vn 0.1164 -0.9378 0.3270
vn 0.1163 -0.9378 0.3270
vn -0.3061 -0.6779 0.6684
vn -0.2803 -0.7395 0.6120
vn -0.6592 0.6824 -0.3158
vn -0.7535 0.5494 -0.3610
vn -0.6031 0.7435 -0.2889
vn 0.8919 -0.3093 -0.3300
vn 0.9379 -0.0001 -0.3470
vn 0.9379 0.0001 -0.3470
vn 0.8919 0.3093 -0.3300
vn 0.7535 0.5494 0.3610
vn 0.6592 0.6824 0.3158
vn 0.7535 0.5495 0.3610
vn 0.6031 0.7435 0.2889
vn -0.3494 -0.5441 0.7628
vn -0.2803 -0.7395 0.6121
vn 0.3339 -0.0000 0.9426
vn 0.3180 -0.3045 0.8979
vn 0.7535 -0.5494 0.3610
vn 0.6592 -0.6824 0.3158
vn 0.3180 0.3045 0.8979
vn 0.7535 -0.5495 0.3610
vn 0.6031 -0.7435 0.2889
vn -0.3494 0.5441 0.7628
vn -0.3061 0.6779 0.6684
vn -0.6592 0.6825 -0.3158
vn -0.6030 0.7436 -0.2889
vn -0.3208 0.9398 0.1181
vn 0.3494 0.5441 -0.7628
vn 0.2804 0.7394 -0.6121
vn 0.2803 0.7394 -0.6121
vn 0.2803 0.7395 -0.6120
vn 0.3208 0.9397 -0.1182
vn 0.6030 0.7436 0.2889
vn 0.3208 0.9397 -0.1181
vn 0.6592 0.6825 0.3158
vn -0.3208 0.9398 0.1182
vn -0.3061 0.6779 0.6683
vn -0.1929 0.8863 0.4211
vn 0.7107 -0.6835 -0.1665
vn 0.6501 -0.7445 -0.1523
vn 0.2892 -0.9393 0.1845
vn 0.2892 -0.9393 0.1846
vn 0.1476 -0.7386 0.6578
vn -0.1814 -0.9383 0.2945
vn 0.1838 -0.5429 0.8194
vn 0.7108 0.6834 -0.1665
vn 0.8127 0.5507 -0.1904
vn 0.6501 0.7444 -0.1523
vn 0.8008 0.3082 0.5135
vn 0.8418 -0.0000 0.5398
vn -0.7108 0.6834 0.1665
vn -0.8127 0.5507 0.1904
vn -0.4977 0.3056 0.8117
vn -0.5227 0.0001 0.8525
vn -0.1476 0.7385 -0.6578
vn -0.1612 0.6769 -0.7182
vn -0.1838 0.5430 -0.8194
vn -0.1611 0.6769 -0.7182
vn 0.7107 0.6835 -0.1665
vn 0.6501 0.7445 -0.1522
vn 0.1815 0.9383 -0.2945
vn 0.8127 -0.5507 -0.1904
vn 0.7108 -0.6834 -0.1665
vn 0.6501 -0.7444 -0.1523
vn 0.1838 0.5430 0.8194
vn 0.1612 0.6769 0.7182
vn 0.8418 -0.0000 0.5397
vn 0.8008 -0.3082 0.5135
vn 0.1016 0.8857 0.4530
vn -0.1814 0.9383 0.2945
vn 0.1611 0.6769 0.7182
vn -0.7107 0.6835 0.1665
vn -0.4449 0.8895 0.1042
vn -0.1476 0.7386 -0.6578
vn 0.1814 0.9383 -0.2945
vn 0.6729 -0.6828 -0.2847
vn 0.6155 -0.7439 -0.2604
vn 0.3152 -0.9397 0.1330
vn 0.2761 -0.6776 0.6816
vn 0.2528 -0.7392 0.6242
vn -0.6729 0.6827 0.2847
vn -0.7692 0.5499 0.3255
vn -0.6156 0.7438 0.2604
vn 0.7692 0.5499 -0.3255
vn 0.6729 0.6827 -0.2847
vn 0.6156 0.7438 -0.2604
vn 0.2761 -0.6776 0.6817
vn 0.3150 -0.5437 0.7779
vn 0.2528 -0.7392 0.6243
vn 0.9207 -0.0001 0.3903
vn 0.8756 -0.3090 0.3712
vn 0.9207 0.0001 0.3903
vn 0.8756 0.3090 0.3712
vn 0.6729 -0.6827 -0.2847
vn 0.7692 -0.5499 -0.3255
vn 0.6156 -0.7438 -0.2605
vn 0.3150 0.5437 0.7779
vn 0.2761 0.6776 0.6817
vn -0.3577 0.3047 0.8827
vn -0.3756 -0.0000 0.9268
vn -0.6729 0.6828 0.2847
vn -0.6155 0.7438 0.2604
vn -0.1308 0.9379 0.3212
vn -0.3150 0.5437 -0.7779
vn -0.2761 0.6776 -0.6817
vn -0.9207 -0.0000 -0.3903
vn -0.8756 0.3090 -0.3712
vn -0.2761 0.6775 -0.6817
vn -0.1740 0.8861 -0.4296
vn 0.1307 0.9379 -0.3213
vn -0.2760 0.6776 -0.6816
vn 0.6155 0.7438 -0.2604
vn 0.1308 0.9379 -0.3212
vn 0.6729 0.6828 -0.2847
vn -0.1307 0.9379 0.3213
vn 0.2760 0.6776 0.6816
vn 0.1740 0.8861 0.4296
vn 0.2054 -0.7389 0.6417
vn 0.3044 -0.9395 0.1571
vn 0.3044 -0.9395 0.1570
vn 0.6926 -0.6831 -0.2316
vn 0.6335 -0.7442 -0.2118
vn 0.2054 -0.7389 0.6418
vn 0.2560 -0.5433 0.7996
vn -0.2561 0.5426 -0.8000
vn -0.2245 0.6765 -0.7014
vn -0.2057 0.7382 -0.6425
vn 0.8878 0.0043 0.4603
vn 0.8444 -0.3087 0.4378
vn 0.7919 -0.5503 -0.2648
vn 0.6336 -0.7441 -0.2118
vn 0.6334 0.7443 -0.2118
vn 0.6908 0.6852 -0.2310
vn 0.7878 0.5567 -0.2634
vn 0.8420 0.3169 0.4366
vn 0.8878 0.0044 0.4603
vn 0.6908 0.6852 -0.2309
vn 0.2241 0.6779 0.7001
vn 0.2055 0.7387 0.6420
vn 0.3086 0.9380 0.1580
vn 0.2559 -0.5433 0.7996
vn 0.2554 0.5460 0.7979
vn 0.2055 0.7386 0.6421
vn 0.2241 0.6779 0.7002
vn -0.7947 0.5457 0.2657
vn -0.6946 0.6809 0.2322
vn -0.4442 -0.0017 0.8959
vn -0.4235 0.3019 0.8542
vn -0.7948 0.5457 0.2657
vn -0.4318 0.8904 0.1444
vn -0.3035 0.9397 -0.1578
vn -0.6945 0.6810 0.2322
vn -0.2056 0.7383 -0.6424
vn -0.3034 0.9397 -0.1579
vn -0.2245 0.6766 -0.7013
vn 0.3086 0.9380 0.1579
vn 0.6907 0.6852 -0.2309
vn -0.6030 -0.7436 -0.2889
vn -0.1164 -0.9378 -0.3270
vn 0.3061 -0.6779 -0.6684
vn 0.2803 -0.7395 -0.6120
vn -0.1163 -0.9378 -0.3270
vn -0.6031 -0.7435 -0.2889
vn -0.7535 -0.5495 -0.3610
vn -0.8919 -0.3093 0.3300
vn -0.9379 -0.0000 0.3470
vn -0.8919 0.3093 0.3300
vn -0.9379 0.0001 0.3470
vn -0.7535 -0.5494 -0.3610
vn 0.2803 -0.7395 -0.6121
vn 0.3062 -0.6779 -0.6684
vn 0.3494 -0.5441 -0.7628
vn -0.3180 -0.3045 -0.8979
vn -0.3339 -0.0000 -0.9426
vn -0.3180 0.3045 -0.8979
vn -0.3338 -0.0000 -0.9426
vn -0.6501 -0.7445 0.1523
vn -0.2892 -0.9393 -0.1845
vn -0.1476 -0.7386 -0.6578
vn -0.2892 -0.9393 -0.1846
vn -0.1476 -0.7385 -0.6579
vn -0.1838 -0.5429 -0.8194
vn -0.5227 -0.0001 0.8525
vn -0.4977 -0.3056 0.8117
vn -0.8127 -0.5507 0.1904
vn -0.8418 -0.0000 -0.5398
vn -0.8008 0.3082 -0.5135
vn -0.6501 -0.7444 0.1523
vn -0.8009 -0.3082 -0.5135
vn 0.4977 0.3056 -0.8117
vn 0.5227 0.0001 -0.8525
vn 0.5227 -0.0001 -0.8525
vn 0.4977 -0.3056 -0.8118
vn -0.6155 -0.7439 0.2604
vn -0.3152 -0.9397 -0.1330
vn -0.2761 -0.6776 -0.6816
vn -0.2528 -0.7392 -0.6242
vn -0.6156 -0.7438 0.2604
vn -0.7692 -0.5499 0.3255
vn 0.3577 -0.3047 -0.8827
vn 0.3756 -0.0000 -0.9268
vn 0.3577 0.3048 -0.8827
vn -0.3577 -0.3047 0.8827
vn 0.7693 -0.5498 -0.3254
vn -0.7692 -0.5498 0.3255
vn -0.2528 -0.7391 -0.6243
vn -0.2761 -0.6776 -0.6817
vn -0.3150 -0.5437 -0.7779
vn -0.8756 -0.3090 -0.3712
vn -0.6926 -0.6831 0.2316
vn -0.6335 -0.7442 0.2118
vn -0.3044 -0.9395 -0.1570
vn -0.2243 -0.6773 -0.7007
vn -0.2054 -0.7389 -0.6417
vn -0.3044 -0.9395 -0.1571
vn -0.8444 -0.3087 -0.4378
vn -0.8878 -0.0037 -0.4603
vn -0.8878 -0.0036 -0.4603
vn -0.8464 0.3018 -0.4388
vn 0.4442 0.0024 -0.8959
vn 0.4230 -0.3051 -0.8532
vn 0.4442 0.0025 -0.8959
vn 0.4223 0.3097 -0.8519
vn 0.4441 0.0025 -0.8959
vn -0.2559 -0.5433 -0.7996
vn -0.2243 -0.6772 -0.7007
vn -0.2054 -0.7388 -0.6418
vn -0.6336 -0.7441 0.2118
vn -0.6927 -0.6831 0.2316
vn -0.7919 -0.5503 0.2648
vn -0.4230 -0.3051 0.8532
vt 0.021165 0.987431
vt 0.020794 0.991726
vt 0.017752 0.987431
vt 0.665488 0.968421
vt 0.668777 0.964421
vt 0.668777 0.972918
vt 0.987130 0.845568
vt 0.984662 0.847926
vt 0.984662 0.842188
vt 0.955753 0.126719
vt 0.952730 0.133185
vt 0.952730 0.121842
vt 0.591315 0.935923
vt 0.597843 0.935610
vt 0.597843 0.943709
vt 0.398818 0.896410
vt 0.404715 0.886634
vt 0.406419 0.896410
vt 0.810260 0.807715
vt 0.821121 0.804694
vt 0.821121 0.818926
vt 0.291967 0.973639
vt 0.291967 0.964421
vt 0.295199 0.968422
vt 0.217555 0.964421
vt 0.222256 0.970421
vt 0.216266 0.970421
vt 0.563097 0.165233
vt 0.557644 0.152612
vt 0.569749 0.152612
vt 0.234042 0.833628
vt 0.223206 0.830553
vt 0.234042 0.821273
vt 0.295200 0.942076
vt 0.299373 0.935610
vt 0.299373 0.947028
vt 0.908712 0.191237
vt 0.908712 0.178881
vt 0.913206 0.186930
vt 0.952730 0.622847
vt 0.952730 0.613274
vt 0.956527 0.617075
vt 0.816247 0.945546
vt 0.816247 0.935610
vt 0.820904 0.940111
vt 0.955871 0.597085
vt 0.952730 0.602929
vt 0.952730 0.592344
vt 0.987483 0.699692
vt 0.984662 0.701242
vt 0.984662 0.695555
vt 0.318918 0.027917
vt 0.337463 0.005172
vt 0.337463 0.048041
vt 0.440967 0.391349
vt 0.454646 0.411867
vt 0.440967 0.434218
vt 0.436689 0.223703
vt 0.436689 0.264789
vt 0.421751 0.239528
vt 0.116182 0.621146
vt 0.130271 0.603967
vt 0.130271 0.630540
vt 0.509271 0.081296
vt 0.519342 0.056705
vt 0.519342 0.103622
vt 0.327132 0.063203
vt 0.344149 0.072357
vt 0.327132 0.108058
vt 0.381547 0.617431
vt 0.381547 0.589526
vt 0.395722 0.598791
vt 0.668855 0.278691
vt 0.668855 0.306596
vt 0.657645 0.291409
vt 0.590566 0.722249
vt 0.595622 0.741947
vt 0.583152 0.741947
vt 0.257205 0.379034
vt 0.272675 0.341651
vt 0.272675 0.386506
vt 0.095173 0.699933
vt 0.096722 0.718745
vt 0.082053 0.718745
vt 0.414883 0.326728
vt 0.430329 0.287582
vt 0.430329 0.328039
vt 0.371845 0.105286
vt 0.354494 0.066998
vt 0.371845 0.063203
vt 0.241347 0.077042
vt 0.260237 0.063203
vt 0.260237 0.113998
vt 0.398956 0.223703
vt 0.411407 0.244795
vt 0.398956 0.274498
vt 0.071665 0.720035
vt 0.071665 0.743881
vt 0.061877 0.722279
vt 0.196624 0.715220
vt 0.199031 0.737307
vt 0.188023 0.737307
vt 0.151830 0.769561
vt 0.160786 0.775961
vt 0.151830 0.790355
vt 0.760823 0.738412
vt 0.768475 0.757747
vt 0.760823 0.763596
vt 0.815145 0.716563
vt 0.809671 0.723199
vt 0.809671 0.698871
vt 0.698675 0.428256
vt 0.689477 0.424226
vt 0.698675 0.399184
vt 0.206852 0.587814
vt 0.206852 0.609909
vt 0.188023 0.599314
vt 0.420292 0.755115
vt 0.420292 0.779442
vt 0.412589 0.759621
vt 0.839704 0.364744
vt 0.839704 0.386759
vt 0.835353 0.368752
vt 0.484343 0.080906
vt 0.498926 0.056705
vt 0.498926 0.094066
vt 0.558663 0.751528
vt 0.558663 0.729981
vt 0.569517 0.732925
vt 0.694590 0.702881
vt 0.694590 0.729558
vt 0.685686 0.709372
vt 0.847580 0.423503
vt 0.847580 0.399184
vt 0.850098 0.413574
vt 0.774381 0.084600
vt 0.779688 0.056705
vt 0.780296 0.084600
vt 0.802427 0.407888
vt 0.809642 0.399184
vt 0.809642 0.420590
vt 0.698836 0.117511
vt 0.705607 0.145087
vt 0.698836 0.151911
vt 0.671912 0.574136
vt 0.671912 0.539268
vt 0.679311 0.568748
vt 0.609408 0.525215
vt 0.609408 0.493811
vt 0.621334 0.506959
vt 0.129373 0.640885
vt 0.129373 0.665919
vt 0.116182 0.644578
vt 0.658714 0.765404
vt 0.666364 0.757850
vt 0.666364 0.781553
vt 0.427264 0.024732
vt 0.409316 0.042104
vt 0.409316 0.005172
vt 0.517229 0.005172
vt 0.531299 0.019997
vt 0.517229 0.040883
vt 0.598262 0.117511
vt 0.598262 0.153222
vt 0.587334 0.131124
vt 0.638170 0.399184
vt 0.638169 0.428137
vt 0.625770 0.404618
vt 0.139953 0.480344
vt 0.116182 0.460043
vt 0.139953 0.455563
vt 0.527470 0.600678
vt 0.509450 0.594633
vt 0.527470 0.576728
vt 0.577516 0.501228
vt 0.577516 0.528924
vt 0.560538 0.508041
vt 0.470658 0.530466
vt 0.492482 0.530466
vt 0.482420 0.553112
vt 0.730158 0.358111
vt 0.720851 0.339585
vt 0.730158 0.332592
vt 0.206002 0.658239
vt 0.206002 0.676533
vt 0.188023 0.663916
vt 0.070806 0.783244
vt 0.067225 0.800826
vt 0.060415 0.783244
vt 0.558663 0.835011
vt 0.558663 0.818185
vt 0.566245 0.826870
vt 0.381547 0.665574
vt 0.399456 0.659919
vt 0.399456 0.678009
vt 0.470658 0.475148
vt 0.484331 0.444562
vt 0.489438 0.475148
vt 0.626626 0.539268
vt 0.640382 0.550674
vt 0.626626 0.565790
vt 0.685686 0.747341
vt 0.695776 0.739903
vt 0.695776 0.761705
vt 0.151830 0.453710
vt 0.170703 0.422993
vt 0.170703 0.456392
vt 0.414558 0.450423
vt 0.430532 0.440994
vt 0.430532 0.477046
vt 0.277127 0.396850
vt 0.262289 0.430429
vt 0.257205 0.396850
vt 0.652789 0.506803
vt 0.665052 0.493811
vt 0.665052 0.520333
vt 0.005172 0.731055
vt 0.015461 0.723707
vt 0.015461 0.746488
vt 0.470144 0.205229
vt 0.454009 0.213015
vt 0.454009 0.176304
vt 0.097006 0.547207
vt 0.082053 0.521398
vt 0.097006 0.513704
vt 0.536020 0.727465
vt 0.546152 0.741801
vt 0.536020 0.750247
vt 0.515625 0.736459
vt 0.515625 0.758807
vt 0.505779 0.744114
vt 0.223206 0.730825
vt 0.233012 0.722088
vt 0.233012 0.745819
vt 0.251753 0.708817
vt 0.261977 0.723946
vt 0.251753 0.732547
vt 0.767426 0.493966
vt 0.767426 0.515535
vt 0.757468 0.501609
vt 0.322784 0.475983
vt 0.322784 0.439129
vt 0.338750 0.464324
vt 0.286650 0.738442
vt 0.300012 0.738442
vt 0.288844 0.755811
vt 0.126290 0.740236
vt 0.126290 0.757693
vt 0.113025 0.756062
vt 0.479426 0.374183
vt 0.462528 0.343257
vt 0.479426 0.340221
vt 0.767397 0.712474
vt 0.757509 0.720440
vt 0.757509 0.698871
vt 0.755377 0.194185
vt 0.745273 0.202713
vt 0.745273 0.180364
vt 0.305039 0.451351
vt 0.287995 0.425284
vt 0.305039 0.414497
vt 0.721935 0.295751
vt 0.711174 0.302515
vt 0.711174 0.278691
vt 0.723058 0.233614
vt 0.723058 0.257438
vt 0.712320 0.240393
vt 0.571883 0.719636
vt 0.558663 0.699667
vt 0.571883 0.699491
vt 0.476258 0.038015
vt 0.463479 0.005172
vt 0.480986 0.005172
vt 0.149989 0.836930
vt 0.155021 0.854508
vt 0.149505 0.854508
vt 0.864717 0.402139
vt 0.860442 0.417469
vt 0.860442 0.399184
vt 0.850048 0.382934
vt 0.852677 0.364744
vt 0.855144 0.382934
vt 0.845549 0.789222
vt 0.842949 0.769589
vt 0.847914 0.769589
vt 0.848832 0.200103
vt 0.848832 0.180364
vt 0.853251 0.182032
vt 0.843629 0.698871
vt 0.848101 0.718097
vt 0.842904 0.718097
vt 0.286650 0.862937
vt 0.286650 0.844752
vt 0.291412 0.861531
vt 0.863109 0.350444
vt 0.858586 0.333598
vt 0.863109 0.331900
vt 0.864123 0.593103
vt 0.868683 0.577135
vt 0.868683 0.594653
vt 0.865489 0.382263
vt 0.865489 0.364744
vt 0.870020 0.365949
vt 0.969179 0.049294
vt 0.969179 0.039526
vt 0.971224 0.045175
vt 0.952730 0.785816
vt 0.952730 0.775436
vt 0.955693 0.777797
vt 0.706151 0.865185
vt 0.701660 0.849266
vt 0.706151 0.847400
vt 0.955594 0.204064
vt 0.955594 0.215552
vt 0.952730 0.207840
vt 0.952730 0.759896
vt 0.955746 0.754712
vt 0.955746 0.765091
vt 0.955978 0.803718
vt 0.952730 0.806054
vt 0.952730 0.796160
vt 0.902936 0.917929
vt 0.898477 0.925266
vt 0.898477 0.913777
vt 0.468214 0.786638
vt 0.468214 0.769982
vt 0.479931 0.785566
vt 0.351548 0.964421
vt 0.351548 0.973351
vt 0.348227 0.970636
vt 0.911647 0.241365
vt 0.914656 0.233614
vt 0.914656 0.248279
vt 0.165785 0.742560
vt 0.165785 0.759216
vt 0.151830 0.747067
vt 0.005172 0.756833
vt 0.016929 0.769685
vt 0.005172 0.774618
vt 0.299164 0.796214
vt 0.299164 0.809871
vt 0.286651 0.798653
vt 0.956167 0.897569
vt 0.952730 0.904903
vt 0.952730 0.895370
vt 0.138681 0.886612
vt 0.133063 0.891768
vt 0.133063 0.878911
vt 0.969179 0.012571
vt 0.969179 0.005172
vt 0.972913 0.006643
vt 0.172505 0.838024
vt 0.166256 0.846284
vt 0.166256 0.828866
vt 0.969179 0.713918
vt 0.972162 0.708149
vt 0.972162 0.715548
vt 0.939147 0.329802
vt 0.939147 0.341437
vt 0.935866 0.333041
vt 0.940717 0.799781
vt 0.935866 0.792665
vt 0.940717 0.790767
vt 0.261485 0.826679
vt 0.251753 0.835080
vt 0.251753 0.821690
vt 0.955146 0.085324
vt 0.952730 0.093842
vt 0.952730 0.081428
vt 0.198587 0.758159
vt 0.188023 0.768124
vt 0.188023 0.747652
vt 0.969179 0.122412
vt 0.972172 0.117705
vt 0.972172 0.126007
vt 0.449950 0.970486
vt 0.446954 0.964421
vt 0.452532 0.964421
vt 0.941256 0.774943
vt 0.935866 0.780423
vt 0.935866 0.772048
vt 0.367182 0.970921
vt 0.361892 0.970921
vt 0.361902 0.964421
vt 0.893077 0.709400
vt 0.889447 0.714792
vt 0.889447 0.698871
vt 0.878172 0.749991
vt 0.873532 0.747832
vt 0.878172 0.734070
vt 0.957573 0.941060
vt 0.952730 0.941060
vt 0.954319 0.933540
vt 0.377526 0.964421
vt 0.382938 0.968824
vt 0.377526 0.970773
vt 0.971307 0.635449
vt 0.969179 0.639492
vt 0.969179 0.630733
vt 0.936721 0.434368
vt 0.941988 0.442178
vt 0.935866 0.442178
vt 0.829288 0.968382
vt 0.833459 0.964421
vt 0.833459 0.971513
vt 0.205922 0.964421
vt 0.205244 0.971237
vt 0.200697 0.964421
vt 0.969179 0.484513
vt 0.972677 0.488254
vt 0.969179 0.491605
vt 0.580970 0.938559
vt 0.576133 0.945771
vt 0.576133 0.935610
vt 0.869702 0.896890
vt 0.861955 0.896890
vt 0.863871 0.887282
vt 0.259516 0.916815
vt 0.251753 0.910259
vt 0.259516 0.908850
vt 0.558663 0.903539
vt 0.558663 0.892300
vt 0.564789 0.898567
vt 0.701244 0.904757
vt 0.706515 0.899964
vt 0.706515 0.911392
vt 0.903422 0.710300
vt 0.903422 0.698871
vt 0.909064 0.705248
vt 0.952730 0.148713
vt 0.956125 0.143530
vt 0.956125 0.154268
vt 0.066698 0.973769
vt 0.066698 0.964421
vt 0.070065 0.969993
vt 0.940553 0.048277
vt 0.940553 0.058025
vt 0.935866 0.054460
vt 0.443269 0.854113
vt 0.449576 0.842607
vt 0.449576 0.858216
vt 0.637796 0.850384
vt 0.632132 0.863459
vt 0.632132 0.847184
vt 0.468214 0.825451
vt 0.476700 0.825052
vt 0.476700 0.839338
vt 0.149161 0.910336
vt 0.155217 0.915145
vt 0.149161 0.920084
vt 0.952730 0.407053
vt 0.958430 0.407106
vt 0.952730 0.414515
vt 0.309718 0.935610
vt 0.316893 0.935610
vt 0.311174 0.943288
vt 0.984662 0.969889
vt 0.987179 0.971920
vt 0.984662 0.975262
vt 0.846612 0.945754
vt 0.846612 0.935610
vt 0.851078 0.941588
vt 0.248321 0.939208
vt 0.253447 0.935610
vt 0.253447 0.945754
vt 0.913305 0.968950
vt 0.916368 0.964421
vt 0.916368 0.972763
vt 0.125624 0.215356
vt 0.146728 0.181907
vt 0.146728 0.230224
vt 0.214184 0.187487
vt 0.213601 0.235519
vt 0.193254 0.187487
vt 0.105970 0.230500
vt 0.086702 0.218396
vt 0.105970 0.178337
vt 0.547846 0.584222
vt 0.541619 0.606527
vt 0.541619 0.558492
vt 0.505779 0.696903
vt 0.520720 0.679209
vt 0.522616 0.696903
vt 0.487674 0.648649
vt 0.470658 0.655252
vt 0.470658 0.634915
vt 0.691131 0.017858
vt 0.682703 0.036484
vt 0.682703 0.005172
vt 0.401483 0.432973
vt 0.401483 0.464285
vt 0.381547 0.433782
vt 0.306408 0.261611
vt 0.287995 0.277237
vt 0.287995 0.230165
vt 0.723961 0.625962
vt 0.732625 0.648038
vt 0.723961 0.652508
vt 0.005172 0.103170
vt 0.032297 0.064699
vt 0.032297 0.108781
vt 0.115279 0.167992
vt 0.086702 0.167992
vt 0.095048 0.128827
vt 0.501232 0.117511
vt 0.501232 0.157556
vt 0.488080 0.141470
vt 0.769186 0.005172
vt 0.769186 0.030016
vt 0.761381 0.008763
vt 0.064992 0.542223
vt 0.044866 0.531852
vt 0.064992 0.516673
vt 0.621788 0.585174
vt 0.621788 0.621854
vt 0.612586 0.590225
vt 0.762859 0.684331
vt 0.762859 0.659487
vt 0.770628 0.680718
vt 0.658195 0.180364
vt 0.658195 0.213305
vt 0.648947 0.212059
vt 0.453594 0.701555
vt 0.453594 0.725718
vt 0.443269 0.711723
vt 0.412589 0.605684
vt 0.427320 0.594906
vt 0.427320 0.621788
vt 0.038513 0.690629
vt 0.048671 0.707208
vt 0.038513 0.716885
vt 0.616281 0.539268
vt 0.616281 0.572284
vt 0.604827 0.546937
vt 0.352121 0.637956
vt 0.357246 0.614343
vt 0.367791 0.637956
vt 0.513493 0.707248
vt 0.519564 0.726114
vt 0.505779 0.726114
vt 0.800265 0.493966
vt 0.800265 0.520554
vt 0.795097 0.500185
vt 0.531812 0.433028
vt 0.520714 0.402412
vt 0.531812 0.391349
vt 0.477736 0.148275
vt 0.464132 0.159190
vt 0.464132 0.117511
vt 0.470657 0.725928
vt 0.470658 0.701268
vt 0.480807 0.703910
vt 0.495392 0.765977
vt 0.490275 0.748979
vt 0.495392 0.736273
vt 0.205061 0.477649
vt 0.205061 0.509993
vt 0.188023 0.491674
vt 0.169436 0.633480
vt 0.151830 0.633480
vt 0.153246 0.612019
vt 0.576989 0.142267
vt 0.557644 0.142267
vt 0.573385 0.117511
vt 0.661567 0.539268
vt 0.661567 0.568605
vt 0.650727 0.540222
vt 0.773731 0.197351
vt 0.765721 0.204609
vt 0.765721 0.180364
vt 0.713617 0.646009
vt 0.702743 0.652508
vt 0.702743 0.627452
vt 0.782641 0.559955
vt 0.782641 0.535702
vt 0.789742 0.543756
vt 0.512104 0.251430
vt 0.500422 0.273596
vt 0.498781 0.251430
vt 0.242727 0.401437
vt 0.224528 0.426486
vt 0.224528 0.388678
vt 0.044866 0.349175
vt 0.067236 0.379655
vt 0.044866 0.382444
vt 0.116182 0.576670
vt 0.129846 0.562183
vt 0.129846 0.593622
vt 0.352121 0.477202
vt 0.358445 0.446406
vt 0.371203 0.477202
vt 0.005172 0.430737
vt 0.024655 0.425480
vt 0.024655 0.457786
vt 0.624505 0.476868
vt 0.624505 0.444562
vt 0.635194 0.459534
vt 0.381547 0.498207
vt 0.400109 0.474630
vt 0.400109 0.504833
vt 0.412589 0.487391
vt 0.430532 0.494555
vt 0.412589 0.517594
vt 0.621762 0.193211
vt 0.621762 0.222413
vt 0.608606 0.208081
vt 0.678373 0.193423
vt 0.668539 0.210371
vt 0.668539 0.180364
vt 0.188023 0.854202
vt 0.193044 0.838606
vt 0.193044 0.856688
vt 0.833418 0.025247
vt 0.838824 0.042502
vt 0.833418 0.045375
vt 0.973102 0.543792
vt 0.969179 0.546535
vt 0.969179 0.540030
vt 0.973531 0.211335
vt 0.973531 0.217840
vt 0.969179 0.213650
vt 0.969179 0.524522
vt 0.972315 0.522153
vt 0.972315 0.529685
vt 0.984662 0.077355
vt 0.987696 0.070461
vt 0.987696 0.077382
vt 0.952730 0.552408
vt 0.958835 0.552408
vt 0.957239 0.559272
vt 0.717163 0.774111
vt 0.726563 0.764427
vt 0.726563 0.784900
vt 0.698867 0.106340
vt 0.688147 0.095993
vt 0.698867 0.092950
vt 0.974317 0.264335
vt 0.974317 0.269932
vt 0.969179 0.264679
vt 0.546069 0.935610
vt 0.552610 0.938960
vt 0.546069 0.943806
vt 0.971431 0.252537
vt 0.969179 0.253990
vt 0.969179 0.244715
vt 0.883765 0.423749
vt 0.883765 0.433025
vt 0.875062 0.426402
vt 0.969179 0.163406
vt 0.969179 0.156429
vt 0.973147 0.159981
vt 0.890028 0.968210
vt 0.886587 0.972274
vt 0.886587 0.964421
vt 0.637974 0.964421
vt 0.642837 0.964421
vt 0.642282 0.970987
vt 0.572965 0.966431
vt 0.568794 0.971863
vt 0.568794 0.964421
vt 0.682210 0.973181
vt 0.679122 0.968914
vt 0.682210 0.964421
vt 0.109624 0.991168
vt 0.111566 0.987431
vt 0.111566 0.993111
vt 0.986857 0.543867
vt 0.984662 0.547576
vt 0.984662 0.540726
vt 0.240054 0.991092
vt 0.243225 0.987431
vt 0.243225 0.991103
vt 0.047995 0.991417
vt 0.044376 0.990193
vt 0.047995 0.987431
vt 0.984662 0.359478
vt 0.986713 0.354755
vt 0.989184 0.359478
vt 0.988055 0.894414
vt 0.984662 0.890049
vt 0.988055 0.889861
vt 0.746780 0.843268
vt 0.740112 0.838657
vt 0.746780 0.826461
vt 0.477167 0.814707
vt 0.468214 0.804616
vt 0.477167 0.796983
vt 0.796166 0.159114
vt 0.804678 0.150221
vt 0.804678 0.169934
vt 0.286650 0.766156
vt 0.296448 0.776595
vt 0.286650 0.785869
vt 0.516277 0.769152
vt 0.516277 0.787654
vt 0.505779 0.777920
vt 0.897845 0.121444
vt 0.903239 0.115446
vt 0.903239 0.127756
vt 0.466087 0.968147
vt 0.462876 0.973351
vt 0.462876 0.964421
vt 0.941920 0.500322
vt 0.935866 0.500322
vt 0.941590 0.492478
vt 0.912964 0.776395
vt 0.916029 0.769589
vt 0.916029 0.783955
vt 0.898362 0.629901
vt 0.898362 0.615534
vt 0.902400 0.616832
vt 0.952731 0.431945
vt 0.952731 0.424860
vt 0.958748 0.425945
vt 0.247925 0.971555
vt 0.247925 0.964421
vt 0.252818 0.970948
vt 0.740474 0.165665
vt 0.734022 0.169418
vt 0.734022 0.160129
vt 0.534689 0.972488
vt 0.530971 0.967659
vt 0.534689 0.964421
vt 0.941953 0.241028
vt 0.935866 0.241028
vt 0.938884 0.233084
vt 0.935866 0.894080
vt 0.941733 0.898220
vt 0.935866 0.901705
vt 0.939503 0.257146
vt 0.935866 0.262510
vt 0.935866 0.251373
vt 0.913281 0.911726
vt 0.919736 0.917880
vt 0.913281 0.920918
vt 0.543873 0.898610
vt 0.544119 0.907041
vt 0.536020 0.907041
vt 0.908124 0.311694
vt 0.902506 0.318402
vt 0.902506 0.306880
vt 0.259319 0.898506
vt 0.251753 0.898506
vt 0.253603 0.888705
vt 0.918984 0.092664
vt 0.914014 0.086656
vt 0.918984 0.081473
vt 0.958825 0.104187
vt 0.955737 0.111498
vt 0.952730 0.104187
vt 0.862502 0.964421
vt 0.862502 0.970472
vt 0.857479 0.969071
vt 0.358721 0.923487
vt 0.352121 0.923756
vt 0.352121 0.915008
vt 0.891155 0.014396
vt 0.891155 0.005172
vt 0.899217 0.012944
vt 0.111751 0.970508
vt 0.111751 0.964421
vt 0.117775 0.968643
vt 0.956679 0.357105
vt 0.952730 0.352516
vt 0.956679 0.347378
vt 0.068688 0.939836
vt 0.063809 0.946355
vt 0.063809 0.935610
vt 0.773731 0.214954
vt 0.773731 0.223259
vt 0.765494 0.215683
vt 0.973805 0.228184
vt 0.973805 0.234370
vt 0.969179 0.233904
vt 0.971579 0.784609
vt 0.969179 0.788669
vt 0.969179 0.780526
vt 0.886857 0.908815
vt 0.886998 0.917753
vt 0.880111 0.917753
vt 0.407989 0.943385
vt 0.407989 0.935610
vt 0.415031 0.937795
vt 0.024662 0.901354
vt 0.018403 0.895537
vt 0.024662 0.890079
vt 0.957899 0.033070
vt 0.952730 0.032028
vt 0.957899 0.024672
vt 0.432152 0.914018
vt 0.432152 0.921951
vt 0.424738 0.915653
vt 0.390757 0.935610
vt 0.397644 0.935610
vt 0.391485 0.943554
vt 0.291979 0.902836
vt 0.286183 0.908675
vt 0.286183 0.897400
vt 0.952731 0.386657
vt 0.956407 0.393642
vt 0.952731 0.396708
vt 0.214061 0.987431
vt 0.217244 0.991008
vt 0.213915 0.991008
vt 0.743037 0.945699
vt 0.738415 0.940455
vt 0.743037 0.935610
vt 0.671434 0.943528
vt 0.664829 0.943528
vt 0.665305 0.935610
vt 0.146104 0.971020
vt 0.143307 0.974510
vt 0.143307 0.964421
vt 0.861423 0.939885
vt 0.867340 0.935610
vt 0.867340 0.943912
vt 0.145782 0.939884
vt 0.140484 0.945624
vt 0.140484 0.935610
vt 0.319724 0.964421
vt 0.323595 0.969924
vt 0.319724 0.972723
vt 0.515331 0.533435
vt 0.515331 0.501228
vt 0.531274 0.517940
vt 0.432395 0.860423
vt 0.427913 0.863204
vt 0.427913 0.844958
vt 0.868717 0.296087
vt 0.864542 0.279828
vt 0.868717 0.277842
vt 0.777255 0.850294
vt 0.777255 0.830025
vt 0.781448 0.850073
vt 0.174416 0.714456
vt 0.177584 0.711701
vt 0.177584 0.730461
vt 0.855772 0.444562
vt 0.855772 0.465635
vt 0.852181 0.447384
vt 0.877404 0.331900
vt 0.877404 0.349118
vt 0.873454 0.347105
vt 0.669559 0.411587
vt 0.679133 0.399184
vt 0.679133 0.429627
vt 0.440966 0.485338
vt 0.458896 0.493532
vt 0.440966 0.515781
vt 0.116182 0.551839
vt 0.126215 0.525084
vt 0.134784 0.551839
vt 0.628078 0.056705
vt 0.640817 0.071276
vt 0.628078 0.084799
vt 0.597984 0.191419
vt 0.584702 0.207439
vt 0.584702 0.176304
vt 0.562228 0.415858
vt 0.542157 0.415858
vt 0.556677 0.391349
vt 0.306853 0.491863
vt 0.287995 0.491863
vt 0.299150 0.461696
vt 0.572808 0.562262
vt 0.560538 0.574701
vt 0.560538 0.539268
vt 0.243418 0.443111
vt 0.224528 0.469143
vt 0.224528 0.436830
vt 0.642439 0.617486
vt 0.632132 0.599489
vt 0.642439 0.585174
vt 0.044866 0.578630
vt 0.044866 0.552568
vt 0.062825 0.556517
vt 0.458781 0.067929
vt 0.473998 0.056705
vt 0.473998 0.095389
vt 0.432371 0.056705
vt 0.448436 0.086395
vt 0.432371 0.095389
vt 0.544930 0.794233
vt 0.544930 0.812621
vt 0.536020 0.795732
vt 0.571206 0.479995
vt 0.558840 0.457800
vt 0.571206 0.444562
vt 0.801826 0.350995
vt 0.792535 0.348368
vt 0.801826 0.331900
vt 0.792735 0.583647
vt 0.785607 0.600301
vt 0.785607 0.577135
vt 0.740868 0.005172
vt 0.751037 0.013617
vt 0.740868 0.027773
vt 0.794534 0.138612
vt 0.787430 0.132054
vt 0.794534 0.115446
vt 0.394541 0.723715
vt 0.394541 0.742623
vt 0.381547 0.727390
vt 0.315494 0.739526
vt 0.325821 0.724284
vt 0.325821 0.746885
vt 0.619419 0.682150
vt 0.609406 0.697185
vt 0.609406 0.669296
vt 0.609406 0.755774
vt 0.619533 0.741588
vt 0.619533 0.763215
vt 0.038513 0.667315
vt 0.055819 0.661602
vt 0.055819 0.680284
vt 0.204316 0.704875
vt 0.188023 0.704875
vt 0.195544 0.686877
vt 0.762461 0.256720
vt 0.753353 0.239941
vt 0.762461 0.233614
vt 0.632132 0.774445
vt 0.639881 0.757446
vt 0.639881 0.781045
vt 0.126290 0.729892
vt 0.116182 0.708567
vt 0.126290 0.705525
vt 0.800516 0.619556
vt 0.793077 0.637589
vt 0.793077 0.615534
vt 0.594482 0.539268
vt 0.594482 0.574829
vt 0.583152 0.555700
vt 0.436522 0.361232
vt 0.452183 0.340221
vt 0.452183 0.379522
vt 0.414558 0.391349
vt 0.430622 0.413063
vt 0.414558 0.430650
vt 0.022112 0.607078
vt 0.005172 0.610102
vt 0.005172 0.584922
vt 0.688147 0.056705
vt 0.699109 0.075842
vt 0.688147 0.082606
vt 0.667813 0.722628
vt 0.667813 0.747506
vt 0.658714 0.724027
vt 0.826589 0.256771
vt 0.821677 0.254527
vt 0.826589 0.233614
vt 0.750478 0.752376
vt 0.740112 0.759925
vt 0.740112 0.738412
vt 0.713011 0.498252
vt 0.713011 0.524536
vt 0.702696 0.518201
vt 0.305686 0.586908
vt 0.286650 0.596930
vt 0.286650 0.573773
vt 0.586514 0.585174
vt 0.602242 0.607556
vt 0.583152 0.607556
vt 0.398679 0.105498
vt 0.382189 0.083671
vt 0.398679 0.063203
vt 0.659905 0.241391
vt 0.649637 0.264382
vt 0.649637 0.233614
vt 0.318770 0.128351
vt 0.318770 0.165959
vt 0.294946 0.139559
vt 0.336428 0.533019
vt 0.317231 0.548696
vt 0.317231 0.522367
vt 0.164071 0.718691
vt 0.151830 0.732215
vt 0.151830 0.711701
vt 0.522616 0.659812
vt 0.509450 0.668864
vt 0.509450 0.644080
vt 0.028142 0.682498
vt 0.028142 0.713267
vt 0.023565 0.700326
vt 0.740503 0.332518
vt 0.749147 0.349506
vt 0.740503 0.358111
vt 0.583167 0.691701
vt 0.597248 0.711904
vt 0.583152 0.711904
vt 0.224528 0.541653
vt 0.246587 0.529151
vt 0.246587 0.551728
vt 0.020689 0.620447
vt 0.020689 0.643484
vt 0.005172 0.640799
vt 0.020884 0.373095
vt 0.005172 0.415135
vt 0.005172 0.372039
vt 0.302590 0.502207
vt 0.306853 0.528553
vt 0.286650 0.528553
vt 0.344803 0.271386
vt 0.362554 0.230165
vt 0.362554 0.271996
vt 0.188023 0.406364
vt 0.211590 0.400171
vt 0.211590 0.429032
vt 0.139022 0.514739
vt 0.116182 0.512239
vt 0.139022 0.490689
vt 0.116182 0.445218
vt 0.116182 0.418289
vt 0.140396 0.425224
vt 0.443664 0.202808
vt 0.418477 0.202808
vt 0.437627 0.176304
vt 0.151830 0.384495
vt 0.177274 0.384495
vt 0.176387 0.412648
vt 0.121087 0.049666
vt 0.138851 0.005172
vt 0.146882 0.049666
vt 0.356923 0.190803
vt 0.375821 0.176304
vt 0.375821 0.215437
vt 0.541644 0.026164
vt 0.554001 0.005172
vt 0.554001 0.042530
vt 0.193254 0.245864
vt 0.213761 0.245864
vt 0.206655 0.289044
vt 0.322784 0.410004
vt 0.343256 0.395703
vt 0.343256 0.428785
vt 0.509450 0.543779
vt 0.531274 0.543779
vt 0.520661 0.566383
vt 0.327029 0.614718
vt 0.317231 0.592098
vt 0.335308 0.592098
vt 0.725652 0.187470
vt 0.734928 0.180364
vt 0.734928 0.205596
vt 0.005172 0.672154
vt 0.017281 0.653829
vt 0.023249 0.672154
vt 0.740112 0.789542
vt 0.740112 0.770270
vt 0.749795 0.773926
vt 0.666296 0.828403
vt 0.658714 0.836527
vt 0.658714 0.819714
vt 0.334783 0.655130
vt 0.322087 0.673943
vt 0.317231 0.655130
vt 0.664055 0.585174
vt 0.664055 0.613468
vt 0.652783 0.607182
vt 0.591894 0.038403
vt 0.591894 0.005172
vt 0.603906 0.012108
vt 0.140396 0.407944
vt 0.117420 0.377081
vt 0.140396 0.376884
vt 0.547336 0.717121
vt 0.536020 0.710383
vt 0.547336 0.693554
vt 0.044866 0.262179
vt 0.064182 0.241679
vt 0.064182 0.287052
vt 0.741213 0.468497
vt 0.731400 0.449502
vt 0.741213 0.444562
vt 0.679199 0.310514
vt 0.686164 0.278691
vt 0.686164 0.313793
vt 0.497737 0.417592
vt 0.510370 0.391349
vt 0.510370 0.432096
vt 0.044866 0.038980
vt 0.072654 0.005172
vt 0.072654 0.052858
vt 0.609406 0.632198
vt 0.621788 0.636685
vt 0.609406 0.658951
vt 0.082053 0.782328
vt 0.082053 0.757353
vt 0.089258 0.763371
vt 0.685492 0.444562
vt 0.692351 0.451103
vt 0.685492 0.479664
vt 0.515331 0.452787
vt 0.525170 0.444562
vt 0.525170 0.490883
vt 0.386165 0.196634
vt 0.408132 0.176304
vt 0.408132 0.208622
vt 0.587574 0.056705
vt 0.600192 0.063096
vt 0.587574 0.089023
vt 0.693353 0.614009
vt 0.693353 0.585174
vt 0.702508 0.610312
vt 0.720762 0.019860
vt 0.730523 0.005172
vt 0.730523 0.030012
vt 0.021189 0.809407
vt 0.027665 0.814256
vt 0.021189 0.828868
vt 0.742970 0.652508
vt 0.742970 0.624421
vt 0.750056 0.648605
vt 0.174861 0.643824
vt 0.177657 0.654449
vt 0.174861 0.669025
vt 0.685686 0.663857
vt 0.695375 0.671139
vt 0.685686 0.692536
vt 0.378139 0.005172
vt 0.398971 0.037521
vt 0.376091 0.037521
vt 0.257205 0.230166
vt 0.277651 0.254495
vt 0.257205 0.275538
vt 0.558663 0.645185
vt 0.569693 0.624223
vt 0.569693 0.653785
vt 0.044866 0.063203
vt 0.076358 0.063203
vt 0.067910 0.104951
vt 0.553299 0.337998
vt 0.565019 0.332592
vt 0.565019 0.369569
vt 0.541619 0.527165
vt 0.550194 0.501228
vt 0.550194 0.548147
vt 0.247961 0.128827
vt 0.249083 0.169964
vt 0.225397 0.169964
vt 0.355817 0.329877
vt 0.355817 0.287582
vt 0.372979 0.307985
vt 0.352121 0.708304
vt 0.352121 0.681643
vt 0.362265 0.701918
vt 0.614161 0.444562
vt 0.611120 0.478113
vt 0.602503 0.444562
vt 0.212748 0.749859
vt 0.209375 0.727655
vt 0.212748 0.715220
vt 0.116182 0.695180
vt 0.117417 0.676264
vt 0.132144 0.695180
vt 0.536020 0.657634
vt 0.547846 0.657634
vt 0.546127 0.683209
vt 0.159669 0.188965
vt 0.182910 0.188965
vt 0.171951 0.232729
vt 0.705719 0.666311
vt 0.710530 0.663857
vt 0.710530 0.703204
vt 0.260242 0.043059
vt 0.279706 0.005172
vt 0.279706 0.050627
vt 0.558810 0.063528
vt 0.550327 0.102067
vt 0.550327 0.056705
vt 0.598785 0.278691
vt 0.610065 0.298478
vt 0.598785 0.313320
vt 0.470657 0.502604
vt 0.485847 0.485493
vt 0.485847 0.520121
vt 0.409233 0.364174
vt 0.426177 0.340221
vt 0.426177 0.380080
vt 0.355732 0.396203
vt 0.371203 0.413285
vt 0.355732 0.436062
vt 0.182910 0.322140
vt 0.158155 0.324950
vt 0.158155 0.291262
vt 0.284601 0.177143
vt 0.266792 0.132127
vt 0.284601 0.128351
vt 0.412589 0.660130
vt 0.412589 0.632133
vt 0.424331 0.634905
vt 0.422027 0.099135
vt 0.409023 0.105498
vt 0.409023 0.056705
vt 0.210713 0.520338
vt 0.203359 0.543042
vt 0.188023 0.520338
vt 0.782105 0.772907
vt 0.778820 0.760844
vt 0.782105 0.738412
vt 0.224528 0.365631
vt 0.243068 0.338758
vt 0.243068 0.378334
vt 0.613449 0.399184
vt 0.615426 0.432293
vt 0.603768 0.432293
vt 0.788020 0.278691
vt 0.788020 0.312816
vt 0.785135 0.279122
vt 0.531673 0.176304
vt 0.531673 0.223269
vt 0.522449 0.212112
vt 0.273151 0.821602
vt 0.273151 0.795969
vt 0.276003 0.820988
vt 0.347807 0.005172
vt 0.365747 0.018709
vt 0.347807 0.046606
vt 0.458896 0.533172
vt 0.445443 0.560327
vt 0.445443 0.526126
vt 0.538181 0.265941
vt 0.522449 0.265941
vt 0.527015 0.233614
vt 0.055819 0.651257
vt 0.044866 0.649368
vt 0.055819 0.621112
vt 0.044866 0.322959
vt 0.064076 0.297396
vt 0.064076 0.338831
vt 0.555192 0.184890
vt 0.542018 0.211905
vt 0.542018 0.176304
vt 0.547299 0.153112
vt 0.533660 0.146432
vt 0.547299 0.117511
vt 0.715308 0.183216
vt 0.707545 0.210510
vt 0.707545 0.180364
vt 0.389036 0.147931
vt 0.403165 0.117511
vt 0.403165 0.164791
vt 0.005172 0.228598
vt 0.024874 0.255457
vt 0.005172 0.275878
vt 0.525527 0.859353
vt 0.525527 0.878310
vt 0.522624 0.868147
vt 0.212727 0.841544
vt 0.203401 0.852468
vt 0.203401 0.840613
vt 0.013220 0.713362
vt 0.005172 0.711456
vt 0.013220 0.682498
vt 0.799585 0.847777
vt 0.792450 0.841452
vt 0.799585 0.831975
vt 0.841142 0.318019
vt 0.832269 0.320319
vt 0.832269 0.306880
vt 0.867562 0.842693
vt 0.861955 0.854906
vt 0.861955 0.839104
vt 0.851487 0.315743
vt 0.858543 0.306880
vt 0.858543 0.321121
vt 0.658714 0.860696
vt 0.665290 0.846872
vt 0.665290 0.861735
vt 0.443269 0.832263
vt 0.443269 0.814981
vt 0.450899 0.819508
vt 0.675148 0.477928
vt 0.666861 0.448696
vt 0.675148 0.444562
vt 0.660848 0.337231
vt 0.650833 0.363456
vt 0.650833 0.332592
vt 0.223206 0.843973
vt 0.230349 0.853068
vt 0.223206 0.858338
vt 0.359812 0.814623
vt 0.359812 0.832015
vt 0.352121 0.819055
vt 0.827501 0.060227
vt 0.836026 0.056705
vt 0.836026 0.071070
vt 0.658404 0.388685
vt 0.654166 0.373810
vt 0.660827 0.373810
vt 0.691316 0.859992
vt 0.685686 0.863552
vt 0.685686 0.847400
vt 0.817286 0.845422
vt 0.810260 0.835880
vt 0.817286 0.829270
vt 0.261125 0.856733
vt 0.251753 0.856733
vt 0.252445 0.845425
vt 0.886768 0.243658
vt 0.881527 0.247532
vt 0.881527 0.233614
vt 0.146728 0.240568
vt 0.146728 0.273282
vt 0.117420 0.256312
vt 0.210020 0.467305
vt 0.188023 0.467305
vt 0.190865 0.439376
vt 0.985420 0.716098
vt 0.984662 0.711587
vt 0.988452 0.711587
vt 0.493796 0.858038
vt 0.488120 0.861385
vt 0.488120 0.844931
vt 0.724651 0.837849
vt 0.717163 0.825875
vt 0.724651 0.821394
vt 0.722344 0.944320
vt 0.722344 0.935610
vt 0.728070 0.940794
vt 0.833871 0.885230
vt 0.836149 0.894931
vt 0.828319 0.894931
vt 0.333058 0.897354
vt 0.333058 0.886528
vt 0.339784 0.892831
vt 0.476392 0.945321
vt 0.471071 0.940324
vt 0.476392 0.935610
vt 0.156449 0.968390
vt 0.161721 0.964421
vt 0.161721 0.971266
vt 0.102496 0.915359
vt 0.097298 0.910131
vt 0.102496 0.904183
vt 0.987229 0.575550
vt 0.987229 0.581854
vt 0.984662 0.577713
vt 0.176372 0.987431
vt 0.179935 0.990417
vt 0.176372 0.991102
vt 0.921157 0.644185
vt 0.916547 0.649042
vt 0.916547 0.637696
vt 0.984662 0.728174
vt 0.986852 0.726442
vt 0.986852 0.732794
vt 0.971721 0.598104
vt 0.969179 0.602384
vt 0.969179 0.594158
vt 0.984662 0.957833
vt 0.986734 0.953464
vt 0.986734 0.959545
vt 0.971779 0.840599
vt 0.969179 0.844308
vt 0.969179 0.836496
vt 0.203570 0.987431
vt 0.203570 0.992208
vt 0.201263 0.989706
vt 0.371089 0.859599
vt 0.366760 0.860749
vt 0.366760 0.842360
vt 0.844547 0.752564
vt 0.844547 0.734070
vt 0.850048 0.735017
vt 0.097350 0.853838
vt 0.102496 0.854172
vt 0.097350 0.870013
vt 0.844145 0.115446
vt 0.844145 0.135403
vt 0.839195 0.131348
vt 0.087006 0.839871
vt 0.081252 0.841897
vt 0.081252 0.822928
vt 0.858260 0.134402
vt 0.854490 0.115446
vt 0.858969 0.115446
vt 0.480489 0.188453
vt 0.496427 0.176304
vt 0.496427 0.211292
vt 0.117420 0.328346
vt 0.137097 0.356006
vt 0.117420 0.366540
vt 0.352121 0.537595
vt 0.370387 0.537595
vt 0.357713 0.563811
vt 0.104058 0.424486
vt 0.082053 0.424097
vt 0.104058 0.392880
vt 0.151830 0.466737
vt 0.167503 0.488483
vt 0.151830 0.501724
vt 0.733402 0.251744
vt 0.743008 0.233614
vt 0.743008 0.257776
vt 0.098336 0.557551
vt 0.098336 0.585220
vt 0.082053 0.581692
vt 0.631679 0.511239
vt 0.642444 0.493811
vt 0.642444 0.525208
vt 0.381547 0.706617
vt 0.392525 0.688353
vt 0.392525 0.713371
vt 0.558663 0.664129
vt 0.570542 0.670619
vt 0.558663 0.689147
vt 0.352121 0.718648
vt 0.361734 0.724721
vt 0.352121 0.742810
vt 0.674400 0.585174
vt 0.683009 0.591398
vt 0.674400 0.616571
vt 0.790641 0.104542
vt 0.790641 0.087881
vt 0.801564 0.101386
vt 0.443269 0.788436
vt 0.454298 0.788436
vt 0.449534 0.804637
vt 0.412589 0.803460
vt 0.422499 0.789786
vt 0.422499 0.807288
vt 0.352121 0.787743
vt 0.362943 0.787743
vt 0.357856 0.804278
vt 0.645539 0.458716
vt 0.656516 0.444562
vt 0.656516 0.474092
vt 0.416108 0.551507
vt 0.412589 0.527939
vt 0.433899 0.527939
vt 0.487393 0.417442
vt 0.464991 0.417442
vt 0.486998 0.391349
vt 0.102982 0.503359
vt 0.082053 0.503359
vt 0.082207 0.476275
vt 0.621146 0.128944
vt 0.631549 0.117511
vt 0.631549 0.150536
vt 0.249897 0.046550
vt 0.226612 0.046550
vt 0.235372 0.005172
vt 0.565536 0.176304
vt 0.574357 0.199256
vt 0.565536 0.220157
vt 0.257205 0.562501
vt 0.257205 0.532507
vt 0.272842 0.533413
vt 0.439855 0.129821
vt 0.453788 0.117511
vt 0.453788 0.160437
vt 0.327580 0.287582
vt 0.345472 0.315517
vt 0.327580 0.330508
vt 0.641893 0.134528
vt 0.646595 0.117511
vt 0.646595 0.164276
vt 0.044866 0.392788
vt 0.064389 0.395837
vt 0.044866 0.428106
vt 0.352121 0.487547
vt 0.364292 0.505726
vt 0.352121 0.527250
vt 0.648514 0.399184
vt 0.659214 0.413549
vt 0.648514 0.429161
vt 0.617741 0.263591
vt 0.604531 0.252487
vt 0.617741 0.233614
vt 0.316753 0.268064
vt 0.334459 0.230165
vt 0.334459 0.275802
vt 0.355817 0.340221
vt 0.371203 0.348038
vt 0.355817 0.385858
vt 0.534425 0.356205
vt 0.542954 0.332592
vt 0.542954 0.380003
vt 0.157227 0.046002
vt 0.157227 0.005172
vt 0.183095 0.045561
vt 0.125623 0.131116
vt 0.151400 0.128827
vt 0.151400 0.171563
vt 0.066855 0.128176
vt 0.044866 0.166808
vt 0.044866 0.115296
vt 0.193254 0.128827
vt 0.215052 0.142763
vt 0.193254 0.177143
vt 0.346578 0.197606
vt 0.327762 0.217087
vt 0.327762 0.176304
vt 0.182910 0.280917
vt 0.158979 0.280917
vt 0.180267 0.243074
vt 0.224528 0.199769
vt 0.256447 0.187487
vt 0.256447 0.219821
vt 0.753860 0.444562
vt 0.760430 0.468493
vt 0.751557 0.468493
vt 0.113025 0.768038
vt 0.126922 0.775891
vt 0.113025 0.782659
vt 0.782190 0.344798
vt 0.777088 0.361592
vt 0.777088 0.331900
vt 0.686867 0.345242
vt 0.695347 0.332592
vt 0.695347 0.363711
vt 0.082053 0.434831
vt 0.102124 0.434831
vt 0.083147 0.465931
vt 0.290050 0.036545
vt 0.308573 0.005172
vt 0.308573 0.051970
vt 0.005172 0.206317
vt 0.026447 0.169252
vt 0.026447 0.218254
vt 0.266792 0.187487
vt 0.284528 0.194554
vt 0.266792 0.218325
vt 0.224528 0.586479
vt 0.241379 0.562072
vt 0.241379 0.588736
vt 0.678074 0.120671
vt 0.688492 0.117511
vt 0.688492 0.145216
vt 0.082998 0.005172
vt 0.110742 0.005172
vt 0.101271 0.048255
vt 0.643821 0.388671
vt 0.629385 0.377446
vt 0.643821 0.373810
vt 0.710417 0.034172
vt 0.701476 0.032029
vt 0.710417 0.005172
vt 0.777771 0.493966
vt 0.784753 0.502660
vt 0.777771 0.518783
vt 0.724167 0.145817
vt 0.715952 0.120863
vt 0.724167 0.117511
vt 0.772296 0.535702
vt 0.772296 0.559663
vt 0.764097 0.557097
vt 0.005172 0.526228
vt 0.027891 0.514372
vt 0.027891 0.537284
vt 0.775262 0.577135
vt 0.775262 0.600080
vt 0.766713 0.577697
vt 0.005172 0.153108
vt 0.033297 0.119126
vt 0.033297 0.158908
vt 0.122133 0.793004
vt 0.122133 0.811214
vt 0.113025 0.804779
vt 0.352121 0.658586
vt 0.366366 0.648301
vt 0.366366 0.671298
vt 0.352121 0.574155
vt 0.366108 0.574155
vt 0.363817 0.603998
vt 0.311822 0.328187
vt 0.311822 0.360595
vt 0.287995 0.359231
vt 0.489771 0.340222
vt 0.503011 0.363966
vt 0.489771 0.380003
vt 0.171131 0.784859
vt 0.177468 0.769561
vt 0.177468 0.793711
vt 0.398888 0.381004
vt 0.381547 0.362330
vt 0.398888 0.340222
vt 0.569155 0.056705
vt 0.577229 0.090553
vt 0.569155 0.102447
vt 0.440967 0.474994
vt 0.443978 0.444562
vt 0.460313 0.474994
vt 0.804960 0.667774
vt 0.797476 0.681098
vt 0.797476 0.659487
vt 0.601497 0.332592
vt 0.601044 0.365270
vt 0.589083 0.332592
vt 0.170694 0.114715
vt 0.150008 0.101030
vt 0.170694 0.063203
vt 0.658714 0.653512
vt 0.669628 0.627831
vt 0.671129 0.653512
vt 0.086703 0.097231
vt 0.109045 0.063203
vt 0.109045 0.118482
vt 0.751017 0.117511
vt 0.759911 0.125111
vt 0.751017 0.141660
vt 0.005172 0.015115
vt 0.034521 0.005172
vt 0.034521 0.054355
vt 0.372898 0.259128
vt 0.388611 0.230165
vt 0.388611 0.274498
vt 0.740984 0.666053
vt 0.752514 0.663857
vt 0.752514 0.684331
vt 0.381547 0.391349
vt 0.404214 0.391349
vt 0.395338 0.422629
vt 0.224528 0.513563
vt 0.237574 0.479488
vt 0.237574 0.518806
vt 0.767280 0.416550
vt 0.774452 0.399184
vt 0.774452 0.424739
vt 0.579518 0.298009
vt 0.588440 0.278691
vt 0.588440 0.320987
vt 0.829297 0.351425
vt 0.834498 0.331900
vt 0.834498 0.352962
vt 0.286650 0.607274
vt 0.305985 0.607274
vt 0.302648 0.627203
vt 0.337395 0.581753
vt 0.317231 0.578204
vt 0.337395 0.559041
vt 0.286650 0.707123
vt 0.298955 0.707123
vt 0.288581 0.728097
vt 0.099078 0.376087
vt 0.082053 0.382535
vt 0.082053 0.340647
vt 0.216268 0.005172
vt 0.216268 0.050534
vt 0.193440 0.020871
vt 0.082053 0.240845
vt 0.105970 0.279500
vt 0.082053 0.280290
vt 0.575363 0.407494
vt 0.593423 0.429419
vt 0.575363 0.432293
vt 0.161744 0.131923
vt 0.182910 0.128827
vt 0.182910 0.178620
vt 0.158155 0.374151
vt 0.158155 0.335294
vt 0.177274 0.352099
vt 0.181038 0.112029
vt 0.186953 0.063203
vt 0.202596 0.112029
vt 0.705692 0.332592
vt 0.710506 0.335090
vt 0.705692 0.372054
vt 0.800760 0.738412
vt 0.800760 0.759244
vt 0.792450 0.754615
vt 0.044866 0.177152
vt 0.063270 0.188378
vt 0.044866 0.231335
vt 0.031229 0.409315
vt 0.031229 0.372039
vt 0.034227 0.373064
vt 0.822839 0.426612
vt 0.819987 0.427991
vt 0.819987 0.399184
vt 0.427917 0.561852
vt 0.432696 0.584561
vt 0.412589 0.584561
vt 0.506884 0.016786
vt 0.491331 0.040187
vt 0.491331 0.005172
vt 0.460232 0.608672
vt 0.460232 0.631234
vt 0.443384 0.627752
vt 0.272162 0.522162
vt 0.257205 0.508702
vt 0.272162 0.487147
vt 0.316787 0.111114
vt 0.299030 0.104902
vt 0.316787 0.063203
vt 0.288686 0.071986
vt 0.270582 0.111114
vt 0.270582 0.063203
vt 0.212941 0.105918
vt 0.231002 0.063203
vt 0.231002 0.117385
vt 0.119390 0.063203
vt 0.139663 0.076771
vt 0.119390 0.118482
vt 0.526100 0.633735
vt 0.509450 0.629401
vt 0.526100 0.611022
vt 0.883421 0.839104
vt 0.883421 0.853039
vt 0.877906 0.849599
vt 0.325821 0.688374
vt 0.317231 0.713939
vt 0.317231 0.684287
vt 0.831248 0.945029
vt 0.831248 0.935610
vt 0.836267 0.941625
vt 0.073811 0.990674
vt 0.071478 0.992750
vt 0.071478 0.987431
vt 0.971433 0.451269
vt 0.969179 0.455346
vt 0.969179 0.446451
vt 0.736843 0.964421
vt 0.736843 0.973316
vt 0.733941 0.967844
vt 0.952730 0.376312
vt 0.952730 0.367449
vt 0.957309 0.370654
vt 0.971902 0.583813
vt 0.969179 0.578397
vt 0.971902 0.575770
vt 0.941051 0.473270
vt 0.941051 0.482133
vt 0.935866 0.477394
vt 0.988246 0.375561
vt 0.984662 0.370056
vt 0.988246 0.369823
vt 0.162403 0.991059
vt 0.162403 0.987431
vt 0.166027 0.990462
vt 0.773067 0.971019
vt 0.773067 0.964421
vt 0.777711 0.970150
vt 0.096546 0.971796
vt 0.096546 0.964421
vt 0.101407 0.967508
vt 0.935866 0.815232
vt 0.940321 0.810126
vt 0.940321 0.819537
vt 0.988466 0.759493
vt 0.988466 0.763844
vt 0.984662 0.760635
vt 0.121911 0.991246
vt 0.121911 0.987431
vt 0.125467 0.988535
vt 0.872847 0.967365
vt 0.876242 0.964421
vt 0.876242 0.972400
vt 0.984662 0.862742
vt 0.984662 0.858271
vt 0.988225 0.858284
vt 0.794583 0.921401
vt 0.794583 0.910396
vt 0.799514 0.916397
vt 0.935866 0.556879
vt 0.935866 0.548490
vt 0.941362 0.555159
vt 0.802487 0.964421
vt 0.805966 0.967192
vt 0.802487 0.972400
vt 0.984662 0.011063
vt 0.986789 0.005172
vt 0.986789 0.013489
vt 0.176049 0.968167
vt 0.172066 0.972797
vt 0.172066 0.964421
vt 0.599518 0.972797
vt 0.596093 0.968032
vt 0.599518 0.964421
vt 0.476432 0.964421
vt 0.479457 0.968287
vt 0.476432 0.973593
vt 0.972475 0.886165
vt 0.972475 0.892941
vt 0.969179 0.890315
vt 0.952730 0.816399
vt 0.955917 0.819068
vt 0.952730 0.826368
vt 0.503314 0.973284
vt 0.503314 0.964421
vt 0.506511 0.973018
vt 0.955553 0.267224
vt 0.955553 0.278745
vt 0.952730 0.274672
vt 0.274576 0.921084
vt 0.270128 0.925171
vt 0.270128 0.913650
vt 0.935866 0.920691
vt 0.935866 0.912049
vt 0.940862 0.915412
vt 0.847105 0.661781
vt 0.852482 0.659487
vt 0.852482 0.677547
vt 0.656939 0.156688
vt 0.666809 0.161793
vt 0.656939 0.169538
vt 0.957690 0.309864
vt 0.957690 0.318300
vt 0.952730 0.313081
vt 0.952731 0.878079
vt 0.958229 0.879006
vt 0.952731 0.885025
vt 0.935866 0.601257
vt 0.935866 0.590046
vt 0.939268 0.596069
vt 0.389016 0.782413
vt 0.392821 0.798857
vt 0.381547 0.798857
vt 0.988086 0.204550
vt 0.984662 0.206730
vt 0.984662 0.200506
vt 0.406194 0.973337
vt 0.406194 0.964421
vt 0.409463 0.970550
vt 0.803992 0.022465
vt 0.793517 0.009168
vt 0.803992 0.005172
vt 0.489801 0.968215
vt 0.492969 0.964421
vt 0.492969 0.973337
vt 0.184774 0.897956
vt 0.191438 0.888925
vt 0.193044 0.897956
vt 0.495432 0.711201
vt 0.495432 0.725741
vt 0.491222 0.712952
vt 0.772828 0.819680
vt 0.760770 0.818611
vt 0.772828 0.806216
vt 0.637535 0.942490
vt 0.635414 0.950150
vt 0.635414 0.935610
vt 0.952731 0.923196
vt 0.952731 0.915248
vt 0.957256 0.920751
vt 0.942293 0.097825
vt 0.935866 0.094747
vt 0.942293 0.090182
vt 0.917781 0.615534
vt 0.917781 0.626758
vt 0.912744 0.622593
vt 0.984662 0.439018
vt 0.987456 0.435866
vt 0.987456 0.442216
vt 0.036318 0.967207
vt 0.042292 0.964421
vt 0.042292 0.970649
vt 0.333939 0.967694
vt 0.337882 0.964421
vt 0.337882 0.972516
vt 0.843803 0.972516
vt 0.843803 0.964421
vt 0.847134 0.968453
vt 0.031510 0.987431
vt 0.034031 0.989350
vt 0.031510 0.992661
vt 0.132962 0.971760
vt 0.128120 0.971217
vt 0.132962 0.964421
vt 0.190352 0.964421
vt 0.190352 0.972765
vt 0.186394 0.967566
vt 0.284855 0.942537
vt 0.280015 0.946093
vt 0.280015 0.935610
vt 0.700881 0.935610
vt 0.700881 0.946093
vt 0.696485 0.939059
vt 0.281622 0.965054
vt 0.276915 0.971760
vt 0.276915 0.964421
vt 0.952730 0.676938
vt 0.958199 0.671576
vt 0.958199 0.678910
vt 0.445748 0.935610
vt 0.445748 0.946242
vt 0.441102 0.939182
vt 0.984662 0.405365
vt 0.988573 0.402957
vt 0.988573 0.408245
vt 0.851610 0.839104
vt 0.851610 0.857039
vt 0.846572 0.847334
vt 0.972097 0.612729
vt 0.972097 0.620388
vt 0.969179 0.615519
vt 0.969179 0.175688
vt 0.972169 0.173750
vt 0.972169 0.181986
vt 0.419808 0.964421
vt 0.423549 0.970883
vt 0.419808 0.972656
vt 0.935866 0.688411
vt 0.939654 0.690082
vt 0.935866 0.698957
vt 0.709886 0.969866
vt 0.706428 0.972615
vt 0.706428 0.964421
vt 0.859601 0.822628
vt 0.859601 0.804694
vt 0.864202 0.807131
vt 0.969179 0.379038
vt 0.973025 0.375291
vt 0.973025 0.382186
vt 0.653182 0.966850
vt 0.655143 0.964421
vt 0.655143 0.974966
vt 0.984662 0.326859
vt 0.987041 0.321555
vt 0.987041 0.328956
vt 0.814337 0.005172
vt 0.823141 0.007809
vt 0.814337 0.014588
vt 0.754609 0.152005
vt 0.764775 0.167767
vt 0.751017 0.167767
vt 0.315494 0.783385
vt 0.329118 0.795593
vt 0.315494 0.797142
vt 0.460726 0.941942
vt 0.456092 0.946242
vt 0.456092 0.935610
vt 0.880111 0.889420
vt 0.888348 0.896717
vt 0.880111 0.898471
vt 0.833127 0.211000
vt 0.842537 0.216570
vt 0.833127 0.222790
vt 0.223206 0.792310
vt 0.232049 0.802790
vt 0.223206 0.810928
vt 0.945084 0.968563
vt 0.941667 0.972242
vt 0.941667 0.964421
vt 0.623251 0.970902
vt 0.622686 0.964421
vt 0.627630 0.964421
vt 0.038513 0.800913
vt 0.047293 0.793831
vt 0.047293 0.812449
vt 0.899393 0.779831
vt 0.902620 0.769589
vt 0.902620 0.785416
vt 0.887749 0.331900
vt 0.891518 0.345898
vt 0.887749 0.347727
vt 0.922727 0.159024
vt 0.920123 0.146863
vt 0.924176 0.146863
vt 0.342293 0.935610
vt 0.348670 0.935821
vt 0.342293 0.944125
vt 0.952730 0.071084
vt 0.952730 0.061631
vt 0.957057 0.067386
vt 0.080409 0.968582
vt 0.086201 0.964421
vt 0.086201 0.970784
vt 0.535725 0.948047
vt 0.532313 0.942676
vt 0.535725 0.935610
vt 0.301757 0.866143
vt 0.301757 0.844751
vt 0.304410 0.859048
vt 0.794583 0.900052
vt 0.797749 0.887153
vt 0.799585 0.900052
vt 0.611664 0.825979
vt 0.607052 0.845777
vt 0.606662 0.825979
vt 0.881568 0.577751
vt 0.879028 0.596663
vt 0.879028 0.577135
vt 0.903670 0.083116
vt 0.900526 0.097295
vt 0.900526 0.081473
vt 0.890181 0.081473
vt 0.890181 0.097295
vt 0.886358 0.083266
vt 0.867635 0.233614
vt 0.871183 0.252818
vt 0.867635 0.252827
vt 0.829754 0.756704
vt 0.829754 0.734070
vt 0.834202 0.754655
vt 0.352121 0.843544
vt 0.356415 0.842360
vt 0.356415 0.861573
vt 0.904726 0.746887
vt 0.906740 0.734070
vt 0.909309 0.746887
vt 0.858258 0.788989
vt 0.861898 0.769589
vt 0.861898 0.790188
vt 0.589821 0.826914
vt 0.583152 0.826244
vt 0.589821 0.807041
vt 0.844503 0.493966
vt 0.849086 0.493966
vt 0.847675 0.514320
vt 0.881808 0.070954
vt 0.884420 0.052357
vt 0.884420 0.071070
vt 0.876013 0.099848
vt 0.872468 0.100010
vt 0.872468 0.081473
vt 0.205961 0.935610
vt 0.205961 0.949141
vt 0.203007 0.937576
vt 0.689656 0.574136
vt 0.689656 0.535702
vt 0.695095 0.555162
vt 0.470658 0.690924
vt 0.470658 0.665597
vt 0.482232 0.671473
vt 0.117420 0.318001
vt 0.123186 0.283627
vt 0.143747 0.318001
vt 0.082053 0.596535
vt 0.097269 0.595564
vt 0.097269 0.621706
vt 0.487287 0.324096
vt 0.487287 0.284041
vt 0.500497 0.297816
vt 0.835263 0.596938
vt 0.839974 0.577135
vt 0.839974 0.598619
vt 0.935866 0.829881
vt 0.936940 0.842695
vt 0.935866 0.845129
vt 0.806823 0.388691
vt 0.798698 0.378600
vt 0.806823 0.368485
vt 0.309981 0.404153
vt 0.287995 0.372062
vt 0.309981 0.370939
vt 0.437609 0.023550
vt 0.453135 0.005172
vt 0.453135 0.044072
vt 0.535515 0.480815
vt 0.535732 0.444562
vt 0.548495 0.480815
vt 0.626128 0.005172
vt 0.626128 0.035736
vt 0.614251 0.020968
vt 0.557477 0.320987
vt 0.557477 0.284041
vt 0.569174 0.306505
vt 0.953785 0.706315
vt 0.953785 0.720385
vt 0.952731 0.719910
vt 0.060415 0.878177
vt 0.060415 0.866187
vt 0.067965 0.867649
vt 0.140872 0.640951
vt 0.139717 0.660965
vt 0.139717 0.640885
vt 0.274145 0.692924
vt 0.274118 0.674378
vt 0.276266 0.674378
vt 0.815304 0.680971
vt 0.815304 0.659487
vt 0.821629 0.661706
vt 0.102377 0.893838
vt 0.097494 0.880357
vt 0.102496 0.880357
vt 0.103035 0.317701
vt 0.082053 0.330302
vt 0.082053 0.290635
vt 0.177657 0.679369
vt 0.177657 0.697883
vt 0.175655 0.680149
vt 0.276071 0.658516
vt 0.274917 0.658610
vt 0.274917 0.638338
vt 0.717163 0.754083
vt 0.717163 0.735449
vt 0.729767 0.740160
vt 0.586260 0.796696
vt 0.583152 0.781252
vt 0.595378 0.781252
vt 0.952730 0.485350
vt 0.953782 0.484864
vt 0.953782 0.499487
vt 0.205225 0.389826
vt 0.193254 0.350673
vt 0.211590 0.350673
vt 0.317417 0.202948
vt 0.294946 0.215037
vt 0.294946 0.176304
vt 0.524033 0.284041
vt 0.524033 0.322775
vt 0.510842 0.296833
vt 0.327580 0.340852
vt 0.343255 0.380988
vt 0.327580 0.385358
vt 0.583798 0.643943
vt 0.583152 0.617900
vt 0.596789 0.617900
vt 0.212721 0.299389
vt 0.193827 0.340328
vt 0.193254 0.299389
vt 0.378692 0.117511
vt 0.378692 0.162017
vt 0.362682 0.131935
vt 0.953932 0.730730
vt 0.953932 0.744367
vt 0.952731 0.742664
vt 0.299474 0.650591
vt 0.286651 0.663433
vt 0.286651 0.637547
vt 0.793518 0.042033
vt 0.806289 0.032809
vt 0.806289 0.046272
vt 0.404539 0.321715
vt 0.383324 0.296159
vt 0.404539 0.287582
vt 0.069706 0.438450
vt 0.069706 0.463520
vt 0.044866 0.440110
vt 0.352338 0.162017
vt 0.329114 0.136079
vt 0.352338 0.128351
vt 0.246861 0.230165
vt 0.231746 0.272645
vt 0.224528 0.230165
vt 0.082053 0.632050
vt 0.096064 0.632050
vt 0.086751 0.656498
vt 0.787131 0.683192
vt 0.780972 0.685720
vt 0.780972 0.659487
vt 0.729767 0.725104
vt 0.720874 0.703973
vt 0.729767 0.698871
vt 0.038513 0.729967
vt 0.048304 0.727230
vt 0.048304 0.750594
vt 0.470658 0.736273
vt 0.479931 0.755823
vt 0.470658 0.759637
vt 0.151830 0.679787
vt 0.165293 0.679787
vt 0.158399 0.701356
vt 0.720874 0.685791
vt 0.730639 0.663857
vt 0.730639 0.688527
vt 0.632132 0.747101
vt 0.632132 0.722431
vt 0.641361 0.726353
vt 0.662248 0.682718
vt 0.658714 0.663857
vt 0.675341 0.663857
vt 0.619533 0.773559
vt 0.612069 0.788417
vt 0.606662 0.773559
vt 0.328882 0.773040
vt 0.315494 0.764316
vt 0.328882 0.757229
vt 0.241379 0.638446
vt 0.223206 0.651386
vt 0.223206 0.632285
vt 0.392713 0.772069
vt 0.381547 0.764490
vt 0.392713 0.752968
vt 0.759699 0.384436
vt 0.745578 0.376818
vt 0.759699 0.368455
vt 0.984662 0.288331
vt 0.986891 0.287013
vt 0.986891 0.294653
vt 0.969179 0.762542
vt 0.971937 0.769731
vt 0.969179 0.770182
vt 0.971557 0.565425
vt 0.969179 0.559306
vt 0.971557 0.556879
vt 0.935866 0.311343
vt 0.941758 0.312628
vt 0.935866 0.319458
vt 0.984662 0.615370
vt 0.984662 0.608805
vt 0.986999 0.609920
vt 0.263791 0.935610
vt 0.269670 0.939530
vt 0.263791 0.944765
vt 0.935866 0.529126
vt 0.940863 0.529309
vt 0.935866 0.538145
vt 0.952730 0.043415
vt 0.958346 0.045256
vt 0.952730 0.051287
vt 0.957198 0.014327
vt 0.952730 0.005172
vt 0.957309 0.005172
vt 0.986665 0.816383
vt 0.984662 0.817244
vt 0.984662 0.810812
vt 0.061134 0.987431
vt 0.058364 0.992287
vt 0.058340 0.987431
vt 0.654485 0.938489
vt 0.647880 0.943566
vt 0.647880 0.935610
vt 0.107225 0.935610
vt 0.114029 0.938269
vt 0.107225 0.943884
vt 0.941978 0.197891
vt 0.935866 0.190762
vt 0.941978 0.189935
vt 0.172708 0.938887
vt 0.177505 0.935610
vt 0.177505 0.946291
vt 0.164517 0.643824
vt 0.164517 0.669442
vt 0.151830 0.656438
vt 0.984662 0.275354
vt 0.986887 0.268985
vt 0.986887 0.276669
vt 0.827503 0.641152
vt 0.827503 0.615534
vt 0.830794 0.634202
vt 0.969966 0.677582
vt 0.969179 0.669938
vt 0.972002 0.669938
vt 0.135812 0.992023
vt 0.136059 0.987431
vt 0.138635 0.992023
vt 0.841138 0.634490
vt 0.841138 0.615534
vt 0.846521 0.621490
vt 0.089258 0.793262
vt 0.081252 0.812583
vt 0.081252 0.792672
vt 0.952730 0.328645
vt 0.957701 0.330419
vt 0.952730 0.337033
vt 0.987042 0.425521
vt 0.984662 0.419598
vt 0.987042 0.418590
vt 0.970665 0.659594
vt 0.969179 0.655567
vt 0.970665 0.649837
vt 0.317231 0.625063
vt 0.335529 0.625063
vt 0.334261 0.644785
vt 0.952730 0.445577
vt 0.956930 0.442290
vt 0.956930 0.451540
vt 0.954819 0.582000
vt 0.952730 0.574588
vt 0.954819 0.569616
vt 0.429528 0.670475
vt 0.424679 0.688618
vt 0.412589 0.670475
vt 0.984662 0.873087
vt 0.986546 0.874212
vt 0.984662 0.879517
vt 0.053464 0.954076
vt 0.052663 0.946207
vt 0.053464 0.935610
vt 0.685686 0.796427
vt 0.694506 0.796427
vt 0.686550 0.814704
vt 0.935866 0.934467
vt 0.939786 0.931035
vt 0.939786 0.941105
vt 0.808105 0.555988
vt 0.800087 0.555988
vt 0.801133 0.535702
vt 0.969179 0.736322
vt 0.969179 0.725892
vt 0.970197 0.732759
vt 0.025974 0.964421
vt 0.025974 0.971475
vt 0.020773 0.968934
vt 0.799585 0.876809
vt 0.796484 0.872476
vt 0.799585 0.858122
vt 0.956239 0.299519
vt 0.952730 0.298801
vt 0.956239 0.289089
vt 0.366043 0.987431
vt 0.366043 0.992640
vt 0.365204 0.990570
vt 0.987058 0.743536
vt 0.984662 0.749148
vt 0.984662 0.743138
vt 0.494012 0.829615
vt 0.488120 0.834586
vt 0.488120 0.815008
vt 0.536020 0.828712
vt 0.541614 0.822966
vt 0.541614 0.842222
vt 0.046757 0.760939
vt 0.046757 0.783486
vt 0.038513 0.780350
vt 0.414840 0.990122
vt 0.412417 0.989950
vt 0.414840 0.987431
vt 0.969179 0.504733
vt 0.970771 0.501950
vt 0.970771 0.511809
vt 0.747188 0.966540
vt 0.749049 0.964421
vt 0.749049 0.974910
vt 0.190280 0.992213
vt 0.190919 0.987431
vt 0.190919 0.994828
vt 0.865389 0.553994
vt 0.865389 0.535702
vt 0.869521 0.543095
vt 0.956186 0.164612
vt 0.956186 0.175240
vt 0.952730 0.165554
vt 0.096881 0.939410
vt 0.096124 0.954076
vt 0.096124 0.935610
vt 0.987014 0.256189
vt 0.984662 0.258640
vt 0.984662 0.251049
vt 0.007802 0.886441
vt 0.005172 0.880017
vt 0.007802 0.867916
vt 0.984662 0.190161
vt 0.984662 0.183414
vt 0.987678 0.187543
vt 0.369506 0.886764
vt 0.371089 0.871093
vt 0.371089 0.888340
vt 0.151830 0.819689
vt 0.155021 0.800699
vt 0.155021 0.826585
vt 0.938517 0.567223
vt 0.938517 0.579702
vt 0.935866 0.573435
vt 0.397962 0.627775
vt 0.397962 0.649574
vt 0.381547 0.643110
vt 0.984662 0.795809
vt 0.985651 0.792526
vt 0.985651 0.800467
vt 0.322714 0.807487
vt 0.316740 0.826132
vt 0.315494 0.807487
vt 0.558663 0.761976
vt 0.568890 0.761873
vt 0.568890 0.781227
vt 0.952731 0.854669
vt 0.954092 0.863342
vt 0.952731 0.867734
vt 0.973209 0.430283
vt 0.973907 0.436106
vt 0.969179 0.436106
vt 0.704851 0.813674
vt 0.704851 0.796428
vt 0.706532 0.796723
vt 0.223206 0.692389
vt 0.237960 0.697685
vt 0.223206 0.711744
vt 0.354860 0.987431
vt 0.354860 0.991821
vt 0.353302 0.988037
vt 0.759393 0.964421
vt 0.762723 0.971040
vt 0.759393 0.972667
vt 0.792143 0.964421
vt 0.792143 0.971641
vt 0.788056 0.964630
vt 0.939803 0.873679
vt 0.939803 0.883735
vt 0.935866 0.875766
vt 0.696083 0.964421
vt 0.696083 0.972537
vt 0.692554 0.970936
vt 0.985654 0.774189
vt 0.985654 0.782182
vt 0.984662 0.778811
vt 0.720231 0.966640
vt 0.723596 0.964421
vt 0.723596 0.972667
vt 0.187849 0.935610
vt 0.192662 0.941091
vt 0.187849 0.946213
vt 0.331139 0.991252
vt 0.329530 0.991821
vt 0.329530 0.987431
vt 0.341484 0.991183
vt 0.342958 0.987431
vt 0.342958 0.991971
vt 0.306172 0.991523
vt 0.304165 0.987451
vt 0.306172 0.987431
vt 0.855044 0.558448
vt 0.852190 0.538269
vt 0.855044 0.535702
vt 0.082053 0.666843
vt 0.095322 0.680102
vt 0.082053 0.689589
vt 0.919409 0.702756
vt 0.922112 0.698871
vt 0.922112 0.713509
vt 0.113025 0.901668
vt 0.113025 0.890509
vt 0.119306 0.895096
vt 0.194529 0.808607
vt 0.194529 0.828261
vt 0.188023 0.825953
vt 0.430637 0.772326
vt 0.430637 0.755114
vt 0.432619 0.772011
vt 0.899306 0.535702
vt 0.899306 0.550507
vt 0.895358 0.549241
vt 0.585748 0.964421
vt 0.585748 0.974271
vt 0.583309 0.966659
vt 0.711226 0.937650
vt 0.711999 0.935610
vt 0.711999 0.952822
vt 0.893766 0.837105
vt 0.897154 0.844287
vt 0.893766 0.853039
vt 0.339635 0.813446
vt 0.333058 0.827141
vt 0.333058 0.807487
vt 0.010428 0.964421
vt 0.010428 0.971448
vt 0.005172 0.969368
vt 0.594322 0.681357
vt 0.583152 0.669357
vt 0.594322 0.654288
vt 0.969179 0.136352
vt 0.971184 0.144062
vt 0.969179 0.146084
vt 0.449287 0.990633
vt 0.449287 0.987431
vt 0.450018 0.989230
vt 0.952730 0.509831
vt 0.954746 0.514809
vt 0.952730 0.522497
vt 0.432751 0.822365
vt 0.430507 0.833297
vt 0.430507 0.817632
vt 0.438943 0.988864
vt 0.436841 0.990287
vt 0.436841 0.987431
vt 0.984662 0.460508
vt 0.984662 0.452561
vt 0.986297 0.452758
vt 0.377261 0.990343
vt 0.376388 0.992409
vt 0.376388 0.987431
vt 0.970255 0.799013
vt 0.970255 0.809297
vt 0.969179 0.803659
vt 0.752041 0.223120
vt 0.745273 0.213057
vt 0.754295 0.213057
vt 0.545034 0.969562
vt 0.545936 0.964421
vt 0.545936 0.977086
vt 0.638321 0.895929
vt 0.638321 0.906909
vt 0.632132 0.900506
vt 0.935866 0.148456
vt 0.940097 0.150990
vt 0.935866 0.158792
vt 0.826375 0.499411
vt 0.834159 0.493966
vt 0.834159 0.510905
vt 0.984662 0.627231
vt 0.986258 0.625715
vt 0.986258 0.633270
vt 0.498573 0.566540
vt 0.496287 0.590526
vt 0.496287 0.563457
vt 0.985430 0.512761
vt 0.984662 0.508720
vt 0.985430 0.503681
vt 0.987234 0.598460
vt 0.984662 0.596378
vt 0.987234 0.592199
vt 0.227588 0.992293
vt 0.227588 0.987431
vt 0.229709 0.988275
vt 0.358979 0.901438
vt 0.352121 0.904663
vt 0.352121 0.894368
vt 0.400403 0.987431
vt 0.402073 0.988729
vt 0.400403 0.991326
vt 0.870387 0.455913
vt 0.866117 0.462452
vt 0.866117 0.444562
vt 0.263773 0.684807
vt 0.251753 0.698472
vt 0.251753 0.674378
vt 0.067628 0.827880
vt 0.060416 0.811170
vt 0.068646 0.811170
vt 0.804878 0.134700
vt 0.813043 0.115446
vt 0.813043 0.135055
vt 0.644795 0.684119
vt 0.632132 0.670809
vt 0.644795 0.659859
vt 0.824918 0.577135
vt 0.824918 0.604198
vt 0.821555 0.590739
vt 0.606662 0.815634
vt 0.606662 0.798762
vt 0.616097 0.804735
vt 0.085442 0.918306
vt 0.078373 0.923694
vt 0.078373 0.915541
vt 0.819410 0.738412
vt 0.819410 0.756704
vt 0.811105 0.748118
vt 0.338750 0.512023
vt 0.317231 0.490298
vt 0.338750 0.486328
vt 0.939343 0.755395
vt 0.935866 0.761703
vt 0.935866 0.750724
vt 0.260761 0.785625
vt 0.251753 0.769750
vt 0.264318 0.769750
vt 0.675396 0.519366
vt 0.675396 0.493811
vt 0.687060 0.506003
vt 0.264572 0.660692
vt 0.251753 0.664033
vt 0.251753 0.638339
vt 0.474893 0.624570
vt 0.470658 0.602432
vt 0.488910 0.602432
vt 0.257205 0.310617
vt 0.275183 0.285883
vt 0.275183 0.331306
vt 0.173712 0.568153
vt 0.151830 0.568153
vt 0.155914 0.545661
vt 0.257281 0.593935
vt 0.251753 0.572845
vt 0.272842 0.572845
vt 0.648197 0.712086
vt 0.632132 0.712086
vt 0.634145 0.694463
vt 0.894121 0.516618
vt 0.896922 0.525072
vt 0.888674 0.525072
vt 0.740672 0.117511
vt 0.740672 0.148858
vt 0.734512 0.147182
vt 0.776490 0.444562
vt 0.776490 0.473276
vt 0.770775 0.447407
vt 0.558663 0.807840
vt 0.558663 0.791572
vt 0.569385 0.794916
vt 0.133063 0.796418
vt 0.141343 0.794110
vt 0.141343 0.813292
vt 0.188023 0.647894
vt 0.188023 0.620254
vt 0.200612 0.631368
vt 0.005172 0.911591
vt 0.005172 0.896786
vt 0.007915 0.900686
vt 0.034081 0.550122
vt 0.033162 0.573700
vt 0.033162 0.547629
vt 0.849340 0.277842
vt 0.854197 0.283170
vt 0.849340 0.296535
vt 0.663273 0.056705
vt 0.663273 0.083693
vt 0.651161 0.074138
vt 0.536020 0.768527
vt 0.543874 0.760592
vt 0.543874 0.783888
vt 0.306700 0.555562
vt 0.286651 0.563428
vt 0.286651 0.538898
vt 0.819990 0.104542
vt 0.811909 0.096770
vt 0.819990 0.086272
vt 0.224528 0.328413
vt 0.224528 0.282990
vt 0.243306 0.308925
vt 0.821234 0.467629
vt 0.821234 0.444562
vt 0.826330 0.452508
vt 0.451691 0.778091
vt 0.443269 0.762561
vt 0.456461 0.762561
vt 0.188023 0.553387
vt 0.207389 0.558074
vt 0.188023 0.577470
vt 0.241379 0.621941
vt 0.223640 0.612868
vt 0.241379 0.599081
vt 0.856866 0.637174
vt 0.856866 0.615534
vt 0.860096 0.630820
vt 0.562091 0.922176
vt 0.558663 0.913884
vt 0.565791 0.913884
vt 0.069521 0.772899
vt 0.060415 0.754226
vt 0.071665 0.754226
vt 0.805908 0.281833
vt 0.798364 0.300141
vt 0.798364 0.278691
vt 0.832269 0.296535
vt 0.832269 0.278691
vt 0.838996 0.287348
vt 0.790641 0.062149
vt 0.799006 0.056705
vt 0.799006 0.077536
vt 0.412589 0.744770
vt 0.415540 0.726303
vt 0.425878 0.744770
vt 0.823074 0.046272
vt 0.816633 0.045623
vt 0.823074 0.025247
vt 0.969179 0.875821
vt 0.972712 0.870360
vt 0.973613 0.875821
vt 0.333058 0.864194
vt 0.340659 0.867347
vt 0.333058 0.876183
vt 0.133063 0.836556
vt 0.139005 0.823636
vt 0.139005 0.842132
vt 0.831970 0.169934
vt 0.831970 0.148294
vt 0.836798 0.155847
vt 0.846605 0.905951
vt 0.850479 0.891836
vt 0.850479 0.905988
vt 0.857291 0.251992
vt 0.852437 0.236292
vt 0.857291 0.233614
vt 0.875722 0.776957
vt 0.872243 0.788300
vt 0.872243 0.769589
vt 0.749917 0.813520
vt 0.740112 0.816117
vt 0.740112 0.799886
vt 0.846572 0.820085
vt 0.849256 0.804694
vt 0.849256 0.828759
vt 0.504363 0.877948
vt 0.512280 0.877948
vt 0.510969 0.888006
vt 0.760401 0.624421
vt 0.768720 0.643906
vt 0.760401 0.648487
vt 0.779344 0.248145
vt 0.772805 0.260390
vt 0.772805 0.233614
vt 0.536642 0.617293
vt 0.547846 0.616871
vt 0.547846 0.647289
vt 0.859083 0.098376
vt 0.862124 0.081473
vt 0.862124 0.103011
vt 0.044959 0.822793
vt 0.044959 0.840802
vt 0.038513 0.832898
vt 0.639576 0.836839
vt 0.632132 0.831895
vt 0.639576 0.819858
vt 0.664783 0.791898
vt 0.668408 0.809370
vt 0.658714 0.809370
vt 0.825008 0.383765
vt 0.817168 0.386759
vt 0.817168 0.368485
vt 0.832604 0.787863
vt 0.825660 0.779670
vt 0.832604 0.769589
vt 0.341777 0.763088
vt 0.339465 0.784348
vt 0.339465 0.753155
vt 0.444467 0.570672
vt 0.458896 0.598327
vt 0.443384 0.598327
vt 0.777255 0.882203
vt 0.783841 0.892522
vt 0.777255 0.893589
vt 0.756936 0.423267
vt 0.747923 0.410925
vt 0.756936 0.399184
vt 0.774790 0.301158
vt 0.765864 0.296663
vt 0.774790 0.278691
vt 0.140190 0.586044
vt 0.140190 0.562183
vt 0.140782 0.578606
vt 0.505779 0.833226
vt 0.512280 0.826034
vt 0.512280 0.843150
vt 0.417568 0.862579
vt 0.412589 0.852548
vt 0.417568 0.844958
vt 0.737579 0.425960
vt 0.729133 0.421216
vt 0.737579 0.399184
vt 0.680990 0.233614
vt 0.674852 0.261580
vt 0.670250 0.233614
vt 0.474885 0.873852
vt 0.474683 0.885614
vt 0.468214 0.873852
vt 0.599063 0.493811
vt 0.599063 0.528924
vt 0.587861 0.506752
vt 0.534378 0.304283
vt 0.547132 0.284041
vt 0.547132 0.321347
vt 0.816031 0.517827
vt 0.810609 0.510681
vt 0.816031 0.493966
vt 0.460232 0.641579
vt 0.447203 0.661645
vt 0.443269 0.641579
vt 0.799327 0.707792
vt 0.794956 0.727503
vt 0.794956 0.698871
vt 0.558450 0.966874
vt 0.556281 0.974733
vt 0.556281 0.964421
vt 0.494012 0.804663
vt 0.490275 0.787475
vt 0.494012 0.776321
vt 0.136634 0.705525
vt 0.141343 0.718095
vt 0.136634 0.740637
vt 0.816668 0.201749
vt 0.816668 0.180364
vt 0.822782 0.188270
vt 0.705440 0.535702
vt 0.713660 0.557146
vt 0.705440 0.566120
vt 0.721392 0.585174
vt 0.721392 0.612906
vt 0.712853 0.594364
vt 0.192001 0.798263
vt 0.188023 0.778469
vt 0.196993 0.778469
vt 0.746706 0.577135
vt 0.756368 0.591832
vt 0.746706 0.600163
vt 0.212727 0.828792
vt 0.207337 0.830268
vt 0.207337 0.808607
vt 0.412589 0.817632
vt 0.420162 0.829530
vt 0.412589 0.834614
vt 0.828850 0.137106
vt 0.823387 0.116272
vt 0.828850 0.115446
vt 0.005172 0.809407
vt 0.010844 0.809479
vt 0.005172 0.830472
vt 0.821625 0.148841
vt 0.821625 0.169934
vt 0.815022 0.169560
vt 0.957657 0.844325
vt 0.952730 0.844325
vt 0.954480 0.836713
vt 0.836934 0.233614
vt 0.842093 0.245927
vt 0.836934 0.253223
vt 0.701976 0.259824
vt 0.691334 0.243989
vt 0.701976 0.233614
vt 0.391234 0.809201
vt 0.389669 0.823980
vt 0.381547 0.809201
vt 0.600777 0.387764
vt 0.589083 0.388138
vt 0.589083 0.375614
vt 0.028142 0.741594
vt 0.026065 0.734662
vt 0.028142 0.723611
vt 0.876937 0.035934
vt 0.881229 0.025247
vt 0.881229 0.041318
vt 0.327237 0.940081
vt 0.331948 0.935610
vt 0.331948 0.946224
vt 0.766505 0.905300
vt 0.758556 0.910395
vt 0.758556 0.901910
vt 0.907475 0.288300
vt 0.907475 0.276342
vt 0.912313 0.283540
vt 0.149161 0.893978
vt 0.155647 0.888960
vt 0.155647 0.899991
vt 0.908746 0.375769
vt 0.909131 0.364744
vt 0.914164 0.375769
vt 0.865610 0.065686
vt 0.871464 0.056062
vt 0.871464 0.071070
vt 0.583152 0.894888
vt 0.583152 0.885447
vt 0.591118 0.885755
vt 0.952730 0.185584
vt 0.957991 0.189035
vt 0.952730 0.193719
vt 0.358814 0.874114
vt 0.352121 0.884023
vt 0.352121 0.871917
vt 0.855241 0.058965
vt 0.855265 0.071070
vt 0.846370 0.071070
vt 0.286650 0.834407
vt 0.286650 0.820216
vt 0.296025 0.829843
vt 0.837235 0.410715
vt 0.833184 0.422255
vt 0.833184 0.399184
vt 0.792082 0.399184
vt 0.792082 0.422255
vt 0.784797 0.403636
vt 0.777741 0.724008
vt 0.777741 0.698871
vt 0.784612 0.704873
vt 0.395849 0.967678
vt 0.393283 0.974444
vt 0.393283 0.964421
vt 0.952730 0.640804
vt 0.957273 0.633192
vt 0.957273 0.641661
vt 0.622288 0.935610
vt 0.625069 0.945240
vt 0.622288 0.948933
vt 0.841836 0.452082
vt 0.836674 0.464364
vt 0.836674 0.444562
vt 0.352121 0.753155
vt 0.359908 0.757244
vt 0.352121 0.777398
vt 0.651161 0.106452
vt 0.655962 0.094037
vt 0.662549 0.106452
vt 0.005172 0.849318
vt 0.010812 0.840816
vt 0.010812 0.857571
vt 0.777088 0.371936
vt 0.788354 0.375095
vt 0.777088 0.388691
vt 0.443269 0.752216
vt 0.450399 0.736063
vt 0.458363 0.752216
vt 0.299511 0.673777
vt 0.299511 0.696778
vt 0.286650 0.686385
vt 0.786835 0.467783
vt 0.786835 0.444562
vt 0.793932 0.462393
vt 0.909778 0.146863
vt 0.909778 0.159637
vt 0.905213 0.154499
vt 0.915282 0.441358
vt 0.915282 0.452826
vt 0.910278 0.445943
vt 0.450788 0.868561
vt 0.450788 0.880242
vt 0.443269 0.872545
vt 0.210775 0.894192
vt 0.203401 0.894192
vt 0.203981 0.883949
vt 0.939353 0.073119
vt 0.935866 0.079838
vt 0.935866 0.068370
vt 0.784220 0.904210
vt 0.777255 0.912985
vt 0.777255 0.903934
vt 0.750366 0.096281
vt 0.750366 0.106996
vt 0.740553 0.099596
vt 0.805903 0.943632
vt 0.799671 0.939010
vt 0.805903 0.935610
vt 0.590930 0.913718
vt 0.583152 0.909082
vt 0.590930 0.905233
vt 0.925522 0.500219
vt 0.920970 0.505304
vt 0.920970 0.493966
vt 0.516856 0.972443
vt 0.516856 0.964421
vt 0.520626 0.967195
vt 0.660590 0.904757
vt 0.658714 0.894571
vt 0.665570 0.894571
vt 0.914851 0.546947
vt 0.909651 0.539539
vt 0.914851 0.535702
vt 0.888858 0.208070
vt 0.895021 0.213185
vt 0.888858 0.219817
vt 0.908214 0.579308
vt 0.913145 0.577135
vt 0.913145 0.588882
vt 0.915371 0.481001
vt 0.915371 0.469756
vt 0.920290 0.476761
vt 0.802124 0.214551
vt 0.808546 0.223197
vt 0.800345 0.223197
vt 0.609862 0.974162
vt 0.609862 0.964421
vt 0.612341 0.971184
vt 0.565789 0.939641
vt 0.562955 0.948960
vt 0.562955 0.935610
vt 0.971826 0.944772
vt 0.969179 0.942767
vt 0.971826 0.937190
vt 0.956247 0.695970
vt 0.952730 0.689254
vt 0.958700 0.689254
vt 0.130139 0.945062
vt 0.124373 0.943518
vt 0.130139 0.935610
vt 0.952730 0.225897
vt 0.955419 0.227529
vt 0.952730 0.237672
vt 0.430757 0.939535
vt 0.425376 0.945287
vt 0.425376 0.935610
vt 0.436609 0.974098
vt 0.433894 0.969052
vt 0.436609 0.964421
vt 0.810860 0.637434
vt 0.810860 0.615534
vt 0.817158 0.634376
vt 0.800345 0.180364
vt 0.806324 0.183138
vt 0.800345 0.204206
vt 0.862122 0.211923
vt 0.852881 0.222060
vt 0.852881 0.211000
vt 0.664316 0.029348
vt 0.658959 0.005172
vt 0.672359 0.005172
vt 0.935866 0.222019
vt 0.937621 0.208236
vt 0.937621 0.222739
vt 0.005172 0.547629
vt 0.022818 0.562285
vt 0.005172 0.574578
vt 0.594890 0.767486
vt 0.583152 0.770907
vt 0.583152 0.752292
vt 0.812171 0.331900
vt 0.818952 0.333641
vt 0.812171 0.352731
vt 0.723677 0.157213
vt 0.715952 0.169418
vt 0.715952 0.156161
vt 0.005172 0.497910
vt 0.020252 0.468130
vt 0.020252 0.504028
vt 0.044866 0.473864
vt 0.061983 0.485382
vt 0.044866 0.506328
vt 0.429510 0.117511
vt 0.429510 0.157894
vt 0.413509 0.128598
vt 0.768475 0.773941
vt 0.761941 0.795871
vt 0.760770 0.773941
vt 0.935866 0.037932
vt 0.935866 0.023853
vt 0.937903 0.036953
vt 0.005172 0.799063
vt 0.005172 0.784963
vt 0.018416 0.792121
vt 0.696038 0.786083
vt 0.685686 0.772050
vt 0.699553 0.772050
vt 0.177468 0.812606
vt 0.166256 0.818522
vt 0.166256 0.804055
vt 0.447034 0.223703
vt 0.464564 0.253783
vt 0.447034 0.258623
vt 0.005172 0.361694
vt 0.025546 0.326828
vt 0.027480 0.361694
vt 0.789688 0.257409
vt 0.795310 0.233614
vt 0.795310 0.259825
vt 0.759492 0.358111
vt 0.759492 0.331900
vt 0.766743 0.336665
vt 0.063897 0.610767
vt 0.044866 0.610767
vt 0.059155 0.588974
vt 0.656939 0.125468
vt 0.667730 0.117511
vt 0.667730 0.146343
vt 0.941678 0.518781
vt 0.935866 0.513284
vt 0.941678 0.510667
vt 0.988503 0.829368
vt 0.984662 0.831844
vt 0.984662 0.827589
vt 0.935866 0.179591
vt 0.935866 0.169137
vt 0.940008 0.171163
vt 0.969179 0.746667
vt 0.973679 0.751845
vt 0.969179 0.752197
vt 0.971566 0.068860
vt 0.969179 0.066145
vt 0.971566 0.059638
vt 0.381547 0.569703
vt 0.401668 0.556244
vt 0.401668 0.579182
vt 0.266570 0.964421
vt 0.266570 0.973442
vt 0.263163 0.968720
vt 0.956907 0.536150
vt 0.952730 0.542063
vt 0.952730 0.532841
vt 0.969179 0.911282
vt 0.969179 0.903286
vt 0.971560 0.906006
vt 0.984662 0.470853
vt 0.987984 0.473260
vt 0.984662 0.476482
vt 0.278362 0.987431
vt 0.281197 0.988938
vt 0.278362 0.990649
vt 0.792450 0.772598
vt 0.799915 0.769589
vt 0.799915 0.791831
vt 0.121461 0.880164
vt 0.113025 0.880164
vt 0.116912 0.869901
vt 0.359015 0.941325
vt 0.363459 0.935610
vt 0.363459 0.946585
vt 0.709019 0.424987
vt 0.709019 0.399184
vt 0.718788 0.407263
vt 0.984662 0.219979
vt 0.987559 0.217075
vt 0.987559 0.223951
vt 0.969179 0.694768
vt 0.970538 0.687926
vt 0.970538 0.697805
vt 0.836526 0.554800
vt 0.836069 0.535702
vt 0.841845 0.535702
vt 0.988849 0.344410
vt 0.984662 0.342294
vt 0.988849 0.339301
vt 0.969179 0.337401
vt 0.971913 0.341761
vt 0.969179 0.345837
vt 0.230060 0.756163
vt 0.230060 0.781966
vt 0.223206 0.777746
vt 0.984662 0.643614
vt 0.987115 0.646049
vt 0.984662 0.649959
vt 0.521968 0.939836
vt 0.520080 0.950902
vt 0.520080 0.935610
vt 0.237580 0.970614
vt 0.232601 0.971475
vt 0.232601 0.964421
vt 0.735233 0.385956
vt 0.720851 0.372545
vt 0.735233 0.368455
vt 0.952730 0.471135
vt 0.954786 0.461885
vt 0.954786 0.474520
vt 0.632132 0.791389
vt 0.641533 0.791389
vt 0.632187 0.809513
vt 0.836228 0.807893
vt 0.831465 0.826496
vt 0.831465 0.804693
vt 0.784076 0.180364
vt 0.790001 0.201347
vt 0.784076 0.206279
vt 0.692399 0.653512
vt 0.681473 0.635223
vt 0.692399 0.627452
vt 0.620409 0.278691
vt 0.630663 0.296383
vt 0.620409 0.312415
vt 0.825724 0.538255
vt 0.818450 0.554855
vt 0.818450 0.535702
vt 0.257205 0.462691
vt 0.273433 0.440773
vt 0.273433 0.476803
vt 0.558663 0.585046
vt 0.572808 0.602027
vt 0.558663 0.613878
vt 0.648615 0.019724
vt 0.636473 0.033211
vt 0.636473 0.005172
vt 0.817156 0.070671
vt 0.809351 0.075909
vt 0.809351 0.056705
vt 0.984662 0.909286
vt 0.987562 0.904759
vt 0.987562 0.909858
vt 0.935866 0.138112
vt 0.935866 0.127672
vt 0.940029 0.130215
vt 0.099279 0.992961
vt 0.097170 0.992954
vt 0.099279 0.987431
vt 0.984662 0.940541
vt 0.986181 0.936259
vt 0.986181 0.943120
vt 0.230039 0.915528
vt 0.223206 0.920302
vt 0.223206 0.911375
vt 0.140616 0.605840
vt 0.141423 0.603967
vt 0.141423 0.625846
vt 0.632132 0.649515
vt 0.635052 0.627831
vt 0.648370 0.649515
vt 0.848241 0.331900
vt 0.848241 0.354193
vt 0.844843 0.339679
vt 0.267794 0.604280
vt 0.267794 0.627994
vt 0.251753 0.615655
vt 0.095655 0.747008
vt 0.082053 0.747008
vt 0.094300 0.729089
vt 0.815315 0.776409
vt 0.810260 0.794349
vt 0.810260 0.769589
vt 0.548526 0.247301
vt 0.569851 0.233614
vt 0.569851 0.256681
vt 0.381547 0.846841
vt 0.381547 0.834325
vt 0.391176 0.839206
vt 0.514716 0.797999
vt 0.514716 0.815690
vt 0.505779 0.801037
vt 0.727865 0.811050
vt 0.717163 0.811050
vt 0.724991 0.795244
vt 0.747164 0.728068
vt 0.740112 0.708934
vt 0.747164 0.698871
vt 0.888017 0.617827
vt 0.884509 0.632156
vt 0.884509 0.615534
vt 0.862827 0.676988
vt 0.862827 0.659487
vt 0.867451 0.666071
vt 0.621146 0.169745
vt 0.621146 0.160880
vt 0.629746 0.163827
vt 0.005172 0.944583
vt 0.005172 0.935610
vt 0.011500 0.939599
vt 0.565607 0.850539
vt 0.558663 0.859711
vt 0.558663 0.845356
vt 0.776810 0.169934
vt 0.775119 0.152005
vt 0.785821 0.152005
vt 0.640488 0.343461
vt 0.629385 0.363466
vt 0.629385 0.332592
vt 0.581551 0.481868
vt 0.581551 0.444562
vt 0.592158 0.452874
vt 0.120505 0.837959
vt 0.113025 0.837959
vt 0.120368 0.821558
vt 0.210957 0.632846
vt 0.212617 0.620254
vt 0.212617 0.646168
vt 0.339324 0.850401
vt 0.333058 0.853849
vt 0.333058 0.837485
vt 0.032456 0.584922
vt 0.034399 0.601171
vt 0.032456 0.606284
vt 0.803080 0.596959
vt 0.803080 0.577135
vt 0.811210 0.595432
vt 0.401793 0.857186
vt 0.401793 0.876289
vt 0.398818 0.864813
vt 0.639293 0.242829
vt 0.628086 0.264336
vt 0.628086 0.233614
vt 0.397969 0.545899
vt 0.381547 0.531109
vt 0.397969 0.515178
vt 0.740265 0.288554
vt 0.732279 0.305963
vt 0.732279 0.278691
vt 0.238761 0.661730
vt 0.238761 0.682045
vt 0.223206 0.663440
vt 0.564345 0.014904
vt 0.581549 0.005172
vt 0.581549 0.031710
vt 0.741720 0.539101
vt 0.753753 0.535702
vt 0.753753 0.555468
vt 0.866005 0.151639
vt 0.860463 0.162862
vt 0.860463 0.146863
vt 0.619708 0.717994
vt 0.609406 0.731244
vt 0.609406 0.707530
vt 0.874546 0.804694
vt 0.880756 0.809091
vt 0.874546 0.817960
vt 0.900350 0.475368
vt 0.905026 0.469756
vt 0.905026 0.483023
vt 0.305544 0.970255
vt 0.309380 0.964421
vt 0.309380 0.972800
vt 0.486737 0.943639
vt 0.486737 0.935610
vt 0.493475 0.939420
vt 0.740112 0.879069
vt 0.746905 0.878191
vt 0.746905 0.889484
vt 0.909744 0.939118
vt 0.915135 0.935610
vt 0.915135 0.944488
vt 0.052637 0.964421
vt 0.056353 0.968302
vt 0.052637 0.973299
vt 0.681779 0.946224
vt 0.681779 0.935610
vt 0.686140 0.941303
vt 0.782443 0.942983
vt 0.782443 0.935610
vt 0.789327 0.939944
vt 0.694172 0.388165
vt 0.686867 0.388740
vt 0.686867 0.374056
vt 0.102008 0.822927
vt 0.102008 0.843493
vt 0.097350 0.839399
vt 0.021845 0.944718
vt 0.023216 0.935610
vt 0.028030 0.944718
vt 0.021188 0.850574
vt 0.025979 0.839213
vt 0.025979 0.857604
vt 0.825490 0.698871
vt 0.832559 0.703084
vt 0.825490 0.717262
vt 0.688718 0.193745
vt 0.697200 0.180364
vt 0.697200 0.210934
vt 0.723355 0.493966
vt 0.730171 0.506313
vt 0.723355 0.524536
vt 0.792450 0.821630
vt 0.792450 0.802175
vt 0.799764 0.818014
vt 0.265660 0.742892
vt 0.265660 0.759406
vt 0.251753 0.757257
vt 0.412589 0.698963
vt 0.429103 0.698963
vt 0.424170 0.715958
vt 0.836228 0.841862
vt 0.829653 0.852730
vt 0.829653 0.836841
vt 0.938733 0.721291
vt 0.935866 0.713463
vt 0.938733 0.709301
vt 0.805655 0.243242
vt 0.811332 0.233614
vt 0.811332 0.257858
vt 0.673418 0.712284
vt 0.658714 0.696453
vt 0.673418 0.693063
vt 0.443269 0.671990
vt 0.459111 0.679699
vt 0.443269 0.691211
vt 0.777085 0.115446
vt 0.777085 0.141660
vt 0.770256 0.118852
vt 0.899399 0.942735
vt 0.892393 0.942735
vt 0.898906 0.935610
vt 0.772098 0.946814
vt 0.768271 0.942023
vt 0.772098 0.935610
vt 0.874541 0.483421
vt 0.866117 0.483421
vt 0.867968 0.472797
vt 0.913791 0.058780
vt 0.909439 0.064849
vt 0.909439 0.052357
vt 0.831973 0.679152
vt 0.836760 0.659487
vt 0.836760 0.681094
vt 0.830335 0.104542
vt 0.830335 0.082935
vt 0.835232 0.084234
vt 0.816253 0.301234
vt 0.816253 0.278691
vt 0.821924 0.301174
vt 0.809836 0.467073
vt 0.804277 0.444562
vt 0.810890 0.444562
vt 0.060415 0.855843
vt 0.060415 0.838224
vt 0.065719 0.850882
vt 0.986562 0.523106
vt 0.986562 0.530382
vt 0.984662 0.523682
vt 0.984662 0.565206
vt 0.984662 0.557921
vt 0.986527 0.558490
vt 0.084155 0.990947
vt 0.086826 0.987431
vt 0.086826 0.992330
vt 0.149542 0.987431
vt 0.152058 0.991634
vt 0.148979 0.991634
vt 0.779531 0.038094
vt 0.779531 0.005172
vt 0.783173 0.005673
vt 0.276003 0.832109
vt 0.272310 0.853029
vt 0.272310 0.831947
vt 0.850318 0.598094
vt 0.853779 0.577135
vt 0.853779 0.598537
vt 0.863008 0.714174
vt 0.858446 0.717374
vt 0.858446 0.698871
vt 0.874164 0.634037
vt 0.870441 0.616462
vt 0.874164 0.615534
vt 0.578738 0.395324
vt 0.575363 0.397150
vt 0.575363 0.332592
vt 0.506772 0.241086
vt 0.506772 0.176304
vt 0.512104 0.176749
vt 0.099603 0.790179
vt 0.099801 0.757353
vt 0.102311 0.790179
vt 0.984662 0.165483
vt 0.987096 0.169114
vt 0.984662 0.173069
vt 0.495432 0.665597
vt 0.495432 0.700857
vt 0.492576 0.669549
vt 0.212192 0.760204
vt 0.212192 0.791641
vt 0.209375 0.789084
vt 0.969179 0.022915
vt 0.973859 0.022915
vt 0.969583 0.029182
vt 0.879062 0.276342
vt 0.881499 0.292923
vt 0.879062 0.296087
vt 0.291542 0.987431
vt 0.293820 0.988918
vt 0.291542 0.991236
vt 0.031034 0.643297
vt 0.031034 0.620447
vt 0.034515 0.623862
vt 0.984662 0.488841
vt 0.987213 0.486827
vt 0.987213 0.493337
vt 0.863187 0.736924
vt 0.860392 0.755762
vt 0.860392 0.734070
vt 0.969179 0.819641
vt 0.972805 0.824768
vt 0.969179 0.826151
vt 0.896842 0.443702
vt 0.899934 0.441358
vt 0.899934 0.457739
vt 0.889049 0.769589
vt 0.889049 0.787268
vt 0.886066 0.785696
vt 0.850118 0.168350
vt 0.847143 0.169934
vt 0.847143 0.146863
vt 0.522624 0.888655
vt 0.525191 0.902816
vt 0.522624 0.904987
vt 0.869313 0.115446
vt 0.872018 0.117442
vt 0.869313 0.136265
vt 0.845577 0.081473
vt 0.848738 0.102050
vt 0.845577 0.104542
vt 0.879346 0.178881
vt 0.882637 0.180456
vt 0.879346 0.196454
vt 0.525670 0.849009
vt 0.522624 0.846377
vt 0.525670 0.826034
vt 0.141343 0.783765
vt 0.137882 0.751354
vt 0.141343 0.750982
vt 0.862873 0.514536
vt 0.859431 0.498153
vt 0.862873 0.493966
vt 0.984662 0.385906
vt 0.987454 0.390264
vt 0.984662 0.392612
vt 0.076101 0.210861
vt 0.073615 0.206045
vt 0.076101 0.177152
vt 0.268017 0.992148
vt 0.266025 0.989275
vt 0.268017 0.987431
vt 0.782732 0.647923
vt 0.779065 0.648487
vt 0.779065 0.615534
vt 0.033639 0.504015
vt 0.030597 0.470444
vt 0.033639 0.468130
vt 0.319185 0.987987
vt 0.316517 0.990724
vt 0.316517 0.987431
vt 0.984662 0.304998
vt 0.987955 0.304998
vt 0.985431 0.311211
vt 0.931322 0.968657
vt 0.926713 0.970830
vt 0.926713 0.964421
vt 0.987914 0.240705
vt 0.984662 0.237783
vt 0.987914 0.234296
vt 0.986296 0.677925
vt 0.986296 0.685210
vt 0.984662 0.683324
vt 0.007407 0.989443
vt 0.005172 0.993143
vt 0.005172 0.987431
vt 0.987042 0.920202
vt 0.987042 0.925915
vt 0.984662 0.923964
vt 0.255680 0.989673
vt 0.253569 0.992148
vt 0.253569 0.987431
vt 0.984662 0.667580
vt 0.984662 0.660304
vt 0.986320 0.665692
vt 0.387605 0.987431
vt 0.390058 0.990365
vt 0.387605 0.990486
vt 0.425185 0.987431
vt 0.426497 0.988815
vt 0.425185 0.991255
vt 0.862792 0.041306
vt 0.866593 0.025247
vt 0.866593 0.044377
vt 0.876350 0.165993
vt 0.876350 0.146863
vt 0.879159 0.148029
vt 0.608606 0.180761
vt 0.610801 0.117511
vt 0.610801 0.182867
vt 0.504986 0.510238
vt 0.499782 0.445089
vt 0.504986 0.444562
vt 0.276002 0.708817
vt 0.276002 0.730929
vt 0.272322 0.709278
vt 0.849168 0.047359
vt 0.849168 0.025247
vt 0.852447 0.046070
vt 0.969179 0.419939
vt 0.969179 0.411134
vt 0.971581 0.415252
vt 0.989096 0.152452
vt 0.984662 0.155138
vt 0.984662 0.149872
vt 0.935866 0.275912
vt 0.940230 0.272854
vt 0.940230 0.282923
vt 0.940057 0.359526
vt 0.935866 0.362032
vt 0.935866 0.351782
vt 0.969179 0.396986
vt 0.971969 0.392531
vt 0.971969 0.400789
vt 0.989277 0.057559
vt 0.984662 0.060117
vt 0.984662 0.054987
vt 0.989139 0.108480
vt 0.984662 0.105861
vt 0.989139 0.103248
vt 0.973825 0.926845
vt 0.969179 0.924127
vt 0.973825 0.921627
vt 0.935866 0.401317
vt 0.935866 0.391268
vt 0.940192 0.398686
vt 0.969179 0.970781
vt 0.973780 0.973575
vt 0.969179 0.976011
vt 0.989217 0.044642
vt 0.984662 0.041988
vt 0.989217 0.039412
vt 0.969179 0.299261
vt 0.971827 0.303290
vt 0.969179 0.307848
vt 0.935866 0.462926
vt 0.935866 0.452522
vt 0.939909 0.460300
vt 0.969179 0.364947
vt 0.969179 0.356181
vt 0.971656 0.360389
vt 0.935866 0.611602
vt 0.940821 0.611602
vt 0.940358 0.620621
vt 0.757927 0.945804
vt 0.753382 0.942958
vt 0.757927 0.935610
vt 0.939953 0.678067
vt 0.935866 0.675358
vt 0.939953 0.667931
vt 0.971632 0.322751
vt 0.969179 0.327056
vt 0.969179 0.318193
vt 0.957394 0.256879
vt 0.952730 0.248160
vt 0.957394 0.248016
vt 0.971828 0.288917
vt 0.969179 0.284402
vt 0.971828 0.280277
vt 0.877684 0.935610
vt 0.882049 0.938397
vt 0.877684 0.945877
vt 0.900372 0.964421
vt 0.902960 0.969030
vt 0.900372 0.973452
vt 0.971671 0.474168
vt 0.969179 0.469489
vt 0.971671 0.465691
vt 0.989242 0.029068
vt 0.984662 0.026277
vt 0.989242 0.023834
vt 0.969179 0.192330
vt 0.971871 0.196841
vt 0.969179 0.200990
vt 0.969179 0.857449
vt 0.973705 0.854652
vt 0.973705 0.860016
vt 0.973697 0.960436
vt 0.969179 0.957692
vt 0.973697 0.955116
vt 0.984662 0.123948
vt 0.984662 0.118825
vt 0.989239 0.121498
vt 0.984662 0.092903
vt 0.984662 0.087727
vt 0.989195 0.090353
vt 0.989132 0.136796
vt 0.984662 0.139527
vt 0.984662 0.134292
vt 0.936242 0.740379
vt 0.935866 0.731635
vt 0.940976 0.731635
vt 0.936063 0.657586
vt 0.935866 0.648530
vt 0.940780 0.648530
vt 0.971660 0.088263
vt 0.969179 0.083796
vt 0.971660 0.079205
vt 0.971864 0.098608
vt 0.971864 0.107360
vt 0.969179 0.103068
vt 0.940990 0.117328
vt 0.935866 0.117328
vt 0.935987 0.108170
vt 0.818944 0.973580
vt 0.816311 0.969092
vt 0.818944 0.964421
vt 0.170414 0.601674
vt 0.151830 0.601674
vt 0.153604 0.578498
vt 0.151830 0.515529
vt 0.174815 0.512069
vt 0.174815 0.535317
vt 0.005172 0.316483
vt 0.005172 0.286223
vt 0.034412 0.315646
vt 0.287995 0.288419
vt 0.317235 0.287582
vt 0.317235 0.317842
vt 0.251753 0.795969
vt 0.262806 0.803623
vt 0.251753 0.811346
vt 0.523315 0.159443
vt 0.511576 0.159443
vt 0.522378 0.117511
vt 0.476943 0.284041
vt 0.471795 0.327036
vt 0.464341 0.284041
vt 0.539983 0.100275
vt 0.529687 0.100275
vt 0.538176 0.056705
vt 0.524081 0.335614
vt 0.524081 0.380003
vt 0.513356 0.339409
vt 0.677803 0.056705
vt 0.677803 0.101131
vt 0.673617 0.098644
vt 0.952730 0.661231
vt 0.952730 0.652006
vt 0.956684 0.655927
vt 0.935866 0.013509
vt 0.939818 0.005172
vt 0.941713 0.013509
vt 0.923605 0.741599
vt 0.919653 0.746516
vt 0.919653 0.734070
vt 0.736361 0.607829
vt 0.731736 0.612906
vt 0.731736 0.577135
vt 0.066163 0.709690
vt 0.066163 0.672542
vt 0.071665 0.674344
vt 0.918468 0.311722
vt 0.922603 0.306880
vt 0.922603 0.319177
vt 0.891843 0.289110
vt 0.891843 0.276342
vt 0.897130 0.278007
vt 0.700829 0.320838
vt 0.696509 0.283366
vt 0.700829 0.278691
vt 0.613148 0.887820
vt 0.606662 0.889933
vt 0.606662 0.878247
vt 0.611944 0.947296
vt 0.608188 0.940654
vt 0.611944 0.935610
vt 0.706494 0.444562
vt 0.706494 0.487907
vt 0.702696 0.482989
vt 0.042318 0.943232
vt 0.038374 0.947758
vt 0.038374 0.935610
vt 0.665300 0.884227
vt 0.658714 0.873210
vt 0.665300 0.872079
vt 0.755520 0.307397
vt 0.750610 0.311929
vt 0.750610 0.278691
vt 0.709454 0.091598
vt 0.709454 0.056705
vt 0.715127 0.058847
vt 0.216305 0.941009
vt 0.220496 0.935610
vt 0.220496 0.947086
vt 0.895809 0.865251
vt 0.901825 0.875065
vt 0.895809 0.876726
vt 0.721055 0.483176
vt 0.716839 0.446765
vt 0.721055 0.444562
vt 0.938687 0.424024
vt 0.935866 0.416773
vt 0.938687 0.411662
vt 0.315494 0.842424
vt 0.322416 0.836477
vt 0.322416 0.852076
vt 0.765864 0.316197
vt 0.774541 0.311503
vt 0.774541 0.321375
vt 0.583152 0.852858
vt 0.583152 0.837259
vt 0.590041 0.846887
vt 0.138475 0.852477
vt 0.138475 0.868566
vt 0.133063 0.859047
vt 0.724005 0.538114
vt 0.731376 0.535702
vt 0.731376 0.564933
vt 0.740553 0.056705
vt 0.747395 0.083698
vt 0.740553 0.085936
vt 0.071627 0.662198
vt 0.066163 0.623811
vt 0.071627 0.621112
vt 0.878329 0.504371
vt 0.873217 0.509575
vt 0.873217 0.493966
vt 0.833127 0.200656
vt 0.833127 0.180364
vt 0.838487 0.185997
vt 0.725472 0.062872
vt 0.730209 0.056705
vt 0.730209 0.092720
vt 0.336166 0.684287
vt 0.340906 0.715860
vt 0.336166 0.720302
vt 0.632107 0.180364
vt 0.638602 0.180364
vt 0.634148 0.222413
vt 0.641008 0.278691
vt 0.647301 0.319242
vt 0.641008 0.320974
vt 0.485943 0.592088
vt 0.470657 0.574572
vt 0.485943 0.563457
vt 0.594186 0.263801
vt 0.580196 0.249754
vt 0.594186 0.233614
vt 0.688388 0.169049
vt 0.678074 0.162498
vt 0.688388 0.155561
vt 0.486662 0.264135
vt 0.474909 0.267701
vt 0.474909 0.223703
vt 0.453996 0.328039
vt 0.440674 0.288083
vt 0.453996 0.284041
vt 0.223206 0.881402
vt 0.223206 0.868682
vt 0.229736 0.870807
vt 0.922143 0.331900
vt 0.922143 0.344107
vt 0.917940 0.336934
vt 0.891574 0.036161
vt 0.897042 0.025247
vt 0.897042 0.037754
vt 0.664871 0.924277
vt 0.658714 0.923850
vt 0.664871 0.915102
vt 0.812171 0.316808
vt 0.820586 0.311585
vt 0.820586 0.321555
vt 0.869002 0.189845
vt 0.863596 0.196454
vt 0.863596 0.180364
vt 0.628078 0.095144
vt 0.638686 0.095382
vt 0.628078 0.107150
vt 0.685686 0.836817
vt 0.696294 0.825049
vt 0.696294 0.837055
vt 0.887501 0.124474
vt 0.882363 0.129319
vt 0.882363 0.115446
vt 0.690824 0.887770
vt 0.685686 0.878742
vt 0.690824 0.873897
vt 0.766911 0.847552
vt 0.760770 0.847552
vt 0.764598 0.830025
vt 0.883432 0.382685
vt 0.880365 0.372540
vt 0.883432 0.364744
vt 0.610536 0.056705
vt 0.617733 0.056845
vt 0.610536 0.099456
vt 0.618209 0.332592
vt 0.619040 0.375335
vt 0.611842 0.375335
vt 0.764037 0.056705
vt 0.764037 0.085096
vt 0.757739 0.083611
vt 0.740515 0.493966
vt 0.747124 0.496960
vt 0.740515 0.523791
vt 0.676522 0.370010
vt 0.671192 0.373678
vt 0.671192 0.332592
vt 0.880810 0.014458
vt 0.872038 0.006586
vt 0.880810 0.005172
vt 0.907387 0.032424
vt 0.912626 0.025247
vt 0.912626 0.036674
vt 0.149505 0.878615
vt 0.149505 0.864853
vt 0.155647 0.868648
vt 0.162364 0.935610
vt 0.162364 0.944467
vt 0.156127 0.939026
vt 0.905868 0.427477
vt 0.905868 0.418450
vt 0.913158 0.423557
vt 0.888516 0.746404
vt 0.888516 0.734070
vt 0.894381 0.740361
vt 0.206331 0.862813
vt 0.212302 0.873605
vt 0.203401 0.873605
vt 0.740112 0.867847
vt 0.740112 0.853612
vt 0.746615 0.858313
vt 0.130840 0.905806
vt 0.138681 0.902112
vt 0.138681 0.910700
vt 0.540918 0.888265
vt 0.536020 0.881211
vt 0.540918 0.874031
vt 0.270128 0.898268
vt 0.275793 0.891434
vt 0.275793 0.903305
vt 0.545539 0.426202
vt 0.550059 0.434183
vt 0.542157 0.434183
vt 0.025979 0.879735
vt 0.018403 0.870596
vt 0.025979 0.867948
vt 0.424738 0.882182
vt 0.432396 0.873548
vt 0.432396 0.884136
vt 0.018403 0.911698
vt 0.025428 0.919619
vt 0.018403 0.920389
vt 0.078373 0.884270
vt 0.087006 0.876361
vt 0.087006 0.885665
vt 0.898402 0.364744
vt 0.898402 0.378507
vt 0.893777 0.372251
vt 0.785935 0.871858
vt 0.777255 0.871858
vt 0.780938 0.860638
vt 0.341280 0.742366
vt 0.336166 0.735272
vt 0.341280 0.730647
vt 0.914540 0.671195
vt 0.909692 0.666291
vt 0.914540 0.659487
vt 0.758556 0.891565
vt 0.759694 0.882331
vt 0.766911 0.891565
vt 0.770256 0.105101
vt 0.777911 0.095960
vt 0.779336 0.105101
vt 0.078373 0.905197
vt 0.079459 0.896010
vt 0.086011 0.905197
vt 0.166256 0.868937
vt 0.166256 0.856629
vt 0.174063 0.859818
vt 0.475323 0.849683
vt 0.475323 0.863507
vt 0.468214 0.858675
vt 0.861955 0.916178
vt 0.861955 0.907234
vt 0.869061 0.910896
vt 0.867216 0.876937
vt 0.861955 0.865251
vt 0.869766 0.865251
vt 0.595250 0.099368
vt 0.590244 0.107118
vt 0.587574 0.099368
vt 0.894868 0.146863
vt 0.894868 0.159679
vt 0.889504 0.154100
vt 0.606662 0.867902
vt 0.606662 0.856121
vt 0.614909 0.867698
vt 0.879865 0.549916
vt 0.879865 0.535702
vt 0.885013 0.542690
vt 0.880111 0.879075
vt 0.880111 0.865251
vt 0.885464 0.872303
vt 0.917791 0.889420
vt 0.917791 0.901381
vt 0.913281 0.895412
vt 0.886946 0.314189
vt 0.892162 0.306880
vt 0.892162 0.320311
vt 0.381547 0.870617
vt 0.381547 0.857186
vt 0.388473 0.860912
vt 0.878513 0.222060
vt 0.872467 0.218440
vt 0.878513 0.208070
vt 0.503820 0.940986
vt 0.509736 0.935610
vt 0.509736 0.944567
vt 0.894553 0.506274
vt 0.888674 0.500834
vt 0.894553 0.493966
vt 0.511863 0.907426
vt 0.504363 0.907426
vt 0.504864 0.898350
vt 0.890970 0.413174
vt 0.890970 0.399184
vt 0.895524 0.405364
vt 0.717163 0.881946
vt 0.717163 0.869984
vt 0.724112 0.875842
vt 0.443269 0.902047
vt 0.443269 0.890586
vt 0.449291 0.897607
vt 0.852829 0.013070
vt 0.861694 0.005172
vt 0.861694 0.014456
vt 0.223206 0.901030
vt 0.223206 0.891747
vt 0.231042 0.899941
vt 0.189894 0.878580
vt 0.185198 0.867032
vt 0.193044 0.867032
vt 0.890005 0.477124
vt 0.884886 0.483421
vt 0.884886 0.469756
vt 0.817057 0.869432
vt 0.810260 0.864128
vt 0.817057 0.855767
vt 0.251753 0.867077
vt 0.259783 0.875134
vt 0.251753 0.878360
vt 0.486306 0.923581
vt 0.486306 0.915029
vt 0.493016 0.920640
vt 0.740112 0.900269
vt 0.748142 0.899829
vt 0.748142 0.908326
vt 0.614607 0.908829
vt 0.606662 0.904662
vt 0.614607 0.900277
vt 0.875728 0.318720
vt 0.868887 0.306880
vt 0.876601 0.306880
vt 0.875062 0.409000
vt 0.880625 0.399184
vt 0.880625 0.413405
vt 0.914966 0.808031
vt 0.907683 0.813535
vt 0.907683 0.804694
vt 0.897113 0.247835
vt 0.897113 0.233614
vt 0.901302 0.240442
vt 0.841137 0.014377
vt 0.833485 0.005172
vt 0.842485 0.005172
vt 0.899348 0.659487
vt 0.899348 0.671953
vt 0.893874 0.666650
vt 0.706515 0.882949
vt 0.701660 0.889619
vt 0.701660 0.875530
vt 0.935866 0.293267
vt 0.942120 0.293267
vt 0.939888 0.300999
vt 0.766911 0.871987
vt 0.760464 0.866754
vt 0.766911 0.857897
vt 0.891101 0.804693
vt 0.897339 0.811595
vt 0.891101 0.816145
vt 0.916701 0.877221
vt 0.912170 0.870969
vt 0.916701 0.865251
vt 0.901863 0.338838
vt 0.907595 0.331900
vt 0.907595 0.343351
vt 0.425939 0.894480
vt 0.432526 0.903673
vt 0.424738 0.903673
vt 0.565610 0.876195
vt 0.558663 0.881956
vt 0.558663 0.870056
vt 0.828319 0.874885
vt 0.828319 0.863074
vt 0.836228 0.866328
vt 0.851610 0.874543
vt 0.846605 0.881491
vt 0.846605 0.867383
vt 0.512280 0.867603
vt 0.505634 0.862721
vt 0.512280 0.853495
vt 0.230841 0.943400
vt 0.233772 0.935610
vt 0.237976 0.943400
vt 0.590903 0.875102
vt 0.583152 0.863963
vt 0.590903 0.863203
vt 0.080063 0.860935
vt 0.087006 0.852242
vt 0.087006 0.866016
vt 0.905868 0.399184
vt 0.913283 0.404323
vt 0.905868 0.408105
vt 0.286183 0.887056
vt 0.286183 0.873281
vt 0.291412 0.880509
vt 0.380539 0.903589
vt 0.387519 0.912667
vt 0.380196 0.912667
vt 0.897869 0.588946
vt 0.891913 0.583579
vt 0.897869 0.577135
vt 0.879103 0.713077
vt 0.873353 0.709006
vt 0.879103 0.698871
vt 0.899095 0.058930
vt 0.894765 0.066562
vt 0.894765 0.052357
vt 0.892982 0.186110
vt 0.898368 0.178881
vt 0.898368 0.191487
vt 0.184774 0.908301
vt 0.192032 0.911346
vt 0.184774 0.916877
vt 0.315494 0.862420
vt 0.322645 0.865427
vt 0.315494 0.875026
vt 0.711174 0.314288
vt 0.720146 0.312859
vt 0.720146 0.322212
vt 0.468214 0.905311
vt 0.468214 0.895958
vt 0.475762 0.896698
vt 0.913584 0.121268
vt 0.918025 0.115446
vt 0.918025 0.127415
vt 0.322254 0.905525
vt 0.314906 0.914301
vt 0.314906 0.905480
vt 0.067965 0.889687
vt 0.059925 0.897807
vt 0.059925 0.888521
vt 0.717163 0.848194
vt 0.726213 0.858352
vt 0.717163 0.859639
vt 0.406645 0.906755
vt 0.406645 0.915038
vt 0.398818 0.910241
vt 0.942386 0.630966
vt 0.942386 0.638185
vt 0.935866 0.631959
vt 0.877795 0.659487
vt 0.883529 0.666656
vt 0.877795 0.673092
vt 0.275762 0.870712
vt 0.270128 0.881090
vt 0.270128 0.867077
vt 0.902936 0.903432
vt 0.898693 0.897236
vt 0.902936 0.889420
vt 0.450779 0.912391
vt 0.446182 0.920314
vt 0.443269 0.912391
vt 0.387519 0.886653
vt 0.381547 0.893244
vt 0.381547 0.880962
vt 0.905366 0.213171
vt 0.913011 0.208070
vt 0.913011 0.216750
vt 0.828411 0.905275
vt 0.835638 0.914130
vt 0.828319 0.914130
vt 0.914585 0.837403
vt 0.907499 0.846185
vt 0.907499 0.837105
vt 0.638814 0.885585
vt 0.632132 0.877286
vt 0.638814 0.873804
vt 0.340837 0.907698
vt 0.340837 0.915896
vt 0.333058 0.910954
vt 0.493959 0.878766
vt 0.488120 0.885091
vt 0.488120 0.871730
vt 0.935866 0.855473
vt 0.941549 0.855473
vt 0.938527 0.863334
vt 0.115026 0.848304
vt 0.122229 0.859557
vt 0.113025 0.859557
vt 0.907267 0.515867
vt 0.914311 0.520256
vt 0.907267 0.525072
vt 0.119707 0.920311
vt 0.113025 0.920885
vt 0.113025 0.912013
vt 0.810260 0.903795
vt 0.817932 0.908886
vt 0.810260 0.912474
vt 0.717163 0.920253
vt 0.717163 0.911784
vt 0.724215 0.917599
vt 0.909651 0.557292
vt 0.916591 0.565578
vt 0.909651 0.566305
vt 0.710530 0.713548
vt 0.710530 0.724886
vt 0.705082 0.717758
vt 0.046054 0.851146
vt 0.046054 0.864160
vt 0.038513 0.858890
vt 0.748781 0.046196
vt 0.740868 0.046196
vt 0.744877 0.038118
vt 0.486306 0.899914
vt 0.493959 0.895436
vt 0.493959 0.904685
vt 0.038513 0.897862
vt 0.046447 0.901763
vt 0.038513 0.906516
vt 0.810260 0.887168
vt 0.815290 0.879776
vt 0.815290 0.893450
vt 0.038513 0.874504
vt 0.044192 0.881686
vt 0.038513 0.887517
vt 0.725076 0.892290
vt 0.719050 0.901439
vt 0.717163 0.892290
vt 0.380413 0.942212
vt 0.373804 0.943861
vt 0.373804 0.935610
vt 0.683031 0.898115
vt 0.690824 0.903004
vt 0.683031 0.906906
vt 0.910625 0.493966
vt 0.910625 0.505086
vt 0.904898 0.500855
vt 0.916534 0.005294
vt 0.909561 0.014197
vt 0.909561 0.005172
vt 0.166256 0.903196
vt 0.173976 0.908211
vt 0.166256 0.911879
vt 0.935866 0.372377
vt 0.941365 0.374778
vt 0.935866 0.380924
vt 0.059925 0.916949
vt 0.059925 0.908152
vt 0.067000 0.913811
vt 0.171375 0.892852
vt 0.166256 0.886637
vt 0.171375 0.879281
vt 0.906203 0.649042
vt 0.898362 0.645190
vt 0.906203 0.640245
vt 0.079033 0.944046
vt 0.080501 0.935610
vt 0.085780 0.944046
vt 0.316822 0.895136
vt 0.314906 0.885370
vt 0.322645 0.885370
vt 0.536020 0.863687
vt 0.536020 0.852567
vt 0.545092 0.862123
vt 0.880732 0.444562
vt 0.886497 0.451665
vt 0.880732 0.457739
vt 0.203401 0.913088
vt 0.203401 0.904536
vt 0.211195 0.908117
s 1
usemtl Material.003
f 1/1/1 2/2/2 3/3/3
f 4/4/4 5/5/4 6/6/4
f 7/7/5 8/8/6 9/9/7
f 10/10/8 11/11/9 12/12/10
f 13/13/11 14/14/12 15/15/13
f 16/16/14 17/17/15 18/18/16
f 19/19/17 20/20/18 21/21/19
f 22/22/20 23/23/21 24/24/22
f 25/25/23 26/26/24 27/27/25
f 28/28/26 29/29/27 30/30/21
f 31/31/28 32/32/26 33/33/29
f 34/34/30 35/35/31 36/36/14
f 37/37/28 38/38/21 39/39/25
f 40/40/32 41/41/33 42/42/34
f 43/43/35 44/44/30 45/45/36
f 46/46/37 47/47/38 48/48/39
f 49/49/40 50/50/41 51/51/39
f 52/52/42 53/53/43 54/54/44
f 55/55/45 56/56/46 57/57/47
f 58/58/48 59/59/45 60/60/42
f 61/61/49 62/62/45 63/63/50
f 64/64/51 65/65/45 66/66/52
f 67/67/53 68/68/54 69/69/55
f 70/70/56 71/71/57 72/72/58
f 73/73/59 74/74/60 75/75/61
f 76/76/62 77/77/63 78/78/64
f 79/79/62 80/80/53 81/81/55
f 82/82/65 83/83/60 84/84/62
f 85/85/60 86/86/66 87/87/62
f 88/88/60 89/89/67 90/90/68
f 91/91/56 92/92/69 93/93/70
f 94/94/71 95/95/71 96/96/72
f 97/97/73 98/98/74 99/99/75
f 100/100/76 101/101/77 102/102/76
f 103/103/78 104/104/79 105/105/64
f 106/106/78 107/107/64 108/108/80
f 109/109/81 110/110/82 111/111/83
f 112/112/84 113/113/85 114/114/86
f 115/115/85 116/116/87 117/117/88
f 118/118/83 119/119/82 120/120/89
f 121/121/90 122/122/91 123/123/92
f 124/124/93 125/125/94 126/126/95
f 127/127/96 128/128/97 129/129/98
f 130/130/86 131/131/85 132/132/88
f 133/133/99 134/134/92 135/135/100
f 136/136/92 137/137/99 138/138/90
f 139/139/83 140/140/96 141/141/101
f 142/142/102 143/143/102 144/144/102
f 145/145/103 146/146/103 147/147/103
f 148/148/104 149/149/104 150/150/105
f 151/151/106 152/152/107 153/153/107
f 154/154/108 155/155/76 156/156/76
f 157/157/109 158/158/110 159/159/111
f 160/160/112 161/161/113 162/162/114
f 163/163/112 164/164/80 165/165/115
f 166/166/116 167/167/116 168/168/116
f 169/169/117 170/170/118 171/171/119
f 172/172/120 173/173/121 174/174/122
f 175/175/123 176/176/124 177/177/125
f 178/178/126 179/179/117 180/180/119
f 181/181/127 182/182/128 183/183/129
f 184/184/123 185/185/125 186/186/130
f 187/187/131 188/188/132 189/189/130
f 190/190/133 191/191/133 192/192/133
f 193/193/134 194/194/135 195/195/136
f 196/196/137 197/197/138 198/198/139
f 199/199/140 200/200/141 201/201/142
f 202/202/143 203/203/134 204/204/136
f 205/205/144 206/206/145 207/207/146
f 208/208/147 209/209/145 210/210/148
f 211/211/149 212/212/150 213/213/151
f 214/214/152 215/215/140 216/216/142
f 217/217/147 218/218/153 219/219/145
f 220/220/154 221/221/155 222/222/149
f 223/223/156 224/224/157 225/225/138
f 226/226/143 227/227/136 228/228/145
f 229/229/158 230/230/159 231/231/158
f 232/232/160 233/233/160 234/234/150
f 235/235/161 236/236/162 237/237/150
f 238/238/163 239/239/164 240/240/165
f 241/241/166 242/242/167 243/243/168
f 244/244/169 245/245/170 246/246/171
f 247/247/172 248/248/173 249/249/171
f 250/250/174 251/251/175 252/252/174
f 253/253/157 254/254/176 255/255/138
f 256/256/177 257/257/122 258/258/178
f 259/259/166 260/260/179 261/261/180
f 262/262/179 263/263/120 264/264/180
f 265/265/180 266/266/120 267/267/181
f 268/268/120 269/269/182 270/270/183
f 271/271/175 272/272/169 273/273/171
f 274/274/184 275/275/184 276/276/185
f 277/277/186 278/278/184 279/279/184
f 280/280/187 281/281/187 282/282/188
f 283/283/189 284/284/190 285/285/191
f 286/286/192 287/287/192 288/288/193
f 289/289/192 290/290/192 291/291/194
f 292/292/195 293/293/196 294/294/197
f 295/295/197 296/296/198 297/297/199
f 298/298/200 299/299/201 300/300/201
f 301/301/201 302/302/201 303/303/202
f 304/304/203 305/305/204 306/306/205
f 307/307/205 308/308/206 309/309/207
f 310/310/208 311/311/208 312/312/208
f 313/313/209 314/314/210 315/315/203
f 316/316/204 317/317/206 318/318/211
f 319/319/210 320/320/204 321/321/203
f 322/322/212 323/323/213 324/324/214
f 325/325/215 326/326/216 327/327/217
f 328/328/218 329/329/219 330/330/218
f 331/331/220 332/332/220 333/333/221
f 334/334/222 335/335/222 336/336/223
f 337/337/224 338/338/225 339/339/226
f 340/340/227 341/341/228 342/342/229
f 343/343/230 344/344/231 345/345/232
f 346/346/231 347/347/233 348/348/234
f 349/349/235 350/350/236 351/351/237
f 352/352/238 353/353/225 354/354/239
f 355/355/240 356/356/236 357/357/235
f 358/358/241 359/359/238 360/360/242
f 361/361/238 362/362/243 363/363/244
f 364/364/245 365/365/233 366/366/246
f 367/367/247 368/368/248 369/369/249
f 370/370/233 371/371/250 372/372/251
f 373/373/252 374/374/252 375/375/253
f 376/376/254 377/377/255 378/378/255
f 379/379/256 380/380/257 381/381/258
f 382/382/257 383/383/259 384/384/258
f 385/385/260 386/386/259 387/387/233
f 388/388/259 389/389/250 390/390/233
f 391/391/261 392/392/262 393/393/263
f 394/394/264 395/395/265 396/396/266
f 397/397/267 398/398/268 399/399/269
f 400/400/270 401/401/270 402/402/270
f 403/403/266 404/404/271 405/405/272
f 406/406/273 407/407/261 408/408/274
f 409/409/265 410/410/275 411/411/272
f 412/412/276 413/413/277 414/414/278
f 415/415/279 416/416/279 417/417/279
f 418/418/3 419/419/277 420/420/280
f 421/421/277 422/422/281 423/423/280
f 424/424/282 425/425/283 426/426/283
f 427/427/283 428/428/283 429/429/284
f 430/430/285 431/431/286 432/432/287
f 433/433/288 434/434/289 435/435/290
f 436/436/291 437/437/291 438/438/291
f 439/439/292 440/440/292 441/441/292
f 442/442/293 443/443/294 444/444/294
f 445/445/294 446/446/295 447/447/294
f 448/448/296 449/449/296 450/450/297
f 451/451/298 452/452/299 453/453/288
f 454/454/300 455/455/33 456/456/297
f 457/457/301 458/458/301 459/459/302
f 460/460/303 461/461/304 462/462/305
f 463/463/306 464/464/304 465/465/303
f 466/466/307 467/467/307 468/468/307
f 469/469/308 470/470/309 471/471/310
f 472/472/311 473/473/312 474/474/312
f 475/475/312 476/476/313 477/477/312
f 478/478/314 479/479/314 480/480/314
f 481/481/315 482/482/315 483/483/62
f 484/484/316 485/485/316 486/486/317
f 487/487/318 488/488/318 489/489/318
f 490/490/318 491/491/318 492/492/318
f 493/493/318 494/494/318 495/495/318
f 496/496/75 497/497/319 498/498/109
f 499/499/318 500/500/318 501/501/318
f 502/502/320 503/503/320 504/504/320
f 505/505/321 506/506/321 507/507/321
f 508/508/322 509/509/323 510/510/324
f 511/511/325 512/512/323 513/513/326
f 514/514/93 515/515/93 516/516/327
f 517/517/323 518/518/328 519/519/328
f 520/520/329 521/521/330 522/522/330
f 523/523/331 524/524/331 525/525/332
f 526/526/333 527/527/333 528/528/334
f 529/529/335 530/530/335 531/531/335
f 532/532/336 533/533/337 534/534/337
f 535/535/338 536/536/338 537/537/339
f 538/538/340 539/539/341 540/540/342
f 541/541/343 542/542/344 543/543/344
f 544/544/345 545/545/346 546/546/347
f 547/547/348 548/548/95 549/549/347
f 550/550/46 551/551/349 552/552/349
f 553/553/350 554/554/351 555/555/352
f 556/556/353 557/557/354 558/558/355
f 559/559/356 560/560/356 561/561/334
f 562/562/357 563/563/358 564/564/355
f 565/565/355 566/566/358 567/567/359
f 568/568/360 569/569/46 570/570/361
f 571/571/362 572/572/363 573/573/364
f 574/574/365 575/575/365 576/576/365
f 577/577/364 578/578/363 579/579/366
f 580/580/367 581/581/368 582/582/369
f 583/583/369 584/584/370 585/585/371
f 586/586/372 587/587/373 588/588/373
f 589/589/373 590/590/373 591/591/374
f 592/592/375 593/593/375 594/594/376
f 595/595/376 596/596/377 597/597/377
f 598/598/378 599/599/379 600/600/380
f 601/601/381 602/602/382 603/603/383
f 604/604/380 605/605/384 606/606/385
f 607/607/386 608/608/387 609/609/388
f 610/610/389 611/611/390 612/612/390
f 613/613/391 614/614/391 615/615/392
f 616/616/393 617/617/394 618/618/394
f 619/619/394 620/620/394 621/621/395
f 622/622/396 623/623/397 624/624/395
f 625/625/395 626/626/398 627/627/399
f 628/628/400 629/629/401 630/630/401
f 631/631/402 632/632/403 633/633/404
f 634/634/405 635/635/406 636/636/407
f 637/637/408 638/638/409 639/639/409
f 640/640/409 641/641/409 642/642/410
f 643/643/411 644/644/411 645/645/412
f 646/646/413 647/647/245 648/648/414
f 649/649/415 650/650/416 651/651/417
f 652/652/418 653/653/264 654/654/419
f 655/655/420 656/656/420 657/657/421
f 658/658/422 659/659/423 660/660/422
f 661/661/268 662/662/424 663/663/425
f 664/664/426 665/665/427 666/666/428
f 667/667/429 668/668/429 669/669/429
f 670/670/430 671/671/431 672/672/431
f 673/673/432 674/674/432 675/675/432
f 676/676/433 677/677/433 678/678/433
f 679/679/434 680/680/434 681/681/434
f 682/682/435 683/683/435 684/684/435
f 685/685/436 686/686/437 687/687/438
f 688/688/439 689/689/440 690/690/441
f 691/691/442 692/692/437 693/693/441
f 694/694/443 695/695/444 696/696/445
f 697/697/446 698/698/442 699/699/439
f 700/700/447 701/701/448 702/702/449
f 703/703/450 704/704/450 705/705/451
f 706/706/452 707/707/453 708/708/440
f 709/709/445 710/710/454 711/711/455
f 712/712/456 713/713/457 714/714/458
f 715/715/459 716/716/460 717/717/445
f 718/718/453 719/719/452 720/720/461
f 721/721/462 722/722/463 723/723/445
f 724/724/464 725/725/456 726/726/465
f 727/727/466 728/728/467 729/729/468
f 730/730/469 731/731/470 732/732/471
f 733/733/472 734/734/452 735/735/473
f 736/736/474 737/737/475 738/738/476
f 739/739/477 740/740/478 741/741/479
f 742/742/480 743/743/480 744/744/480
f 745/745/481 746/746/467 747/747/466
f 748/748/482 749/749/483 750/750/463
f 751/751/484 752/752/485 753/753/484
f 754/754/486 755/755/478 756/756/487
f 757/757/488 758/758/489 759/759/490
f 760/760/456 761/761/491 762/762/492
f 763/763/493 764/764/470 765/765/469
f 766/766/494 767/767/495 768/768/496
f 769/769/497 770/770/498 771/771/466
f 772/772/499 773/773/500 774/774/501
f 775/775/502 776/776/486 777/777/503
f 778/778/504 779/779/505 780/780/506
f 781/781/507 782/782/508 783/783/509
f 784/784/510 785/785/511 786/786/497
f 787/787/512 788/788/513 789/789/509
f 790/790/514 791/791/493 792/792/467
f 793/793/515 794/794/516 795/795/517
f 796/796/518 797/797/519 798/798/518
f 799/799/505 800/800/520 801/801/521
f 802/802/522 803/803/523 804/804/524
f 805/805/525 806/806/526 807/807/527
f 808/808/528 809/809/529 810/810/514
f 811/811/530 812/812/531 813/813/532
f 814/814/533 815/815/534 816/816/535
f 817/817/536 818/818/528 819/819/514
f 820/820/534 821/821/537 822/822/538
f 823/823/539 824/824/540 825/825/541
f 826/826/542 827/827/543 828/828/543
f 829/829/543 830/830/544 831/831/543
f 832/832/545 833/833/546 834/834/547
f 835/835/548 836/836/549 837/837/549
f 838/838/550 839/839/551 840/840/552
f 841/841/549 842/842/553 843/843/549
f 844/844/554 845/845/555 846/846/556
f 847/847/557 848/848/558 849/849/556
f 850/850/556 851/851/559 852/852/560
f 853/853/559 854/854/561 855/855/560
f 856/856/562 857/857/563 858/858/564
f 859/859/565 860/860/565 861/861/566
f 862/862/563 863/863/567 864/864/568
f 865/865/569 866/866/570 867/867/571
f 868/868/568 869/869/572 870/870/573
f 871/871/572 872/872/574 873/873/575
f 874/874/576 875/875/577 876/876/566
f 877/877/578 878/878/578 879/879/579
f 880/880/580 881/881/580 882/882/579
f 883/883/581 884/884/582 885/885/583
f 886/886/570 887/887/584 888/888/571
f 889/889/577 890/890/585 891/891/586
f 892/892/571 893/893/584 894/894/587
f 895/895/588 896/896/589 897/897/590
f 898/898/584 899/899/591 900/900/592
f 901/901/586 902/902/585 903/903/593
f 904/904/594 905/905/588 906/906/590
f 907/907/592 908/908/591 909/909/595
f 910/910/596 911/911/597 912/912/598
f 913/913/599 914/914/600 915/915/598
f 916/916/601 917/917/602 918/918/593
f 919/919/603 920/920/603 921/921/603
f 922/922/604 923/923/605 924/924/606
f 925/925/607 926/926/608 927/927/609
f 928/928/593 929/929/602 930/930/610
f 931/931/611 932/932/612 933/933/613
f 934/934/614 935/935/615 936/936/616
f 937/937/615 938/938/617 939/939/618
f 940/940/591 941/941/619 942/942/595
f 943/943/610 944/944/620 945/945/621
f 946/946/622 947/947/623 948/948/624
f 949/949/625 950/950/626 951/951/622
f 952/952/627 953/953/625 954/954/628
f 955/955/629 956/956/630 957/957/631
f 958/958/628 959/959/625 960/960/632
f 961/961/633 962/962/634 963/963/635
f 964/964/636 965/965/630 966/966/637
f 967/967/638 968/968/639 969/969/640
f 970/970/641 971/971/642 972/972/611
f 973/973/643 974/974/641 975/975/611
f 976/976/644 977/977/645 978/978/643
f 979/979/645 980/980/641 981/981/646
f 982/982/640 983/983/639 984/984/647
f 985/985/648 986/986/649 987/987/650
f 988/988/651 989/989/652 990/990/652
f 991/991/653 992/992/654 993/993/655
f 994/994/619 995/995/656 996/996/648
f 997/997/656 998/998/657 999/999/641
f 1000/1000/658 1001/1001/610 1002/1002/659
f 1003/1003/660 1004/1004/656 1005/1005/661
f 1006/1006/607 1007/1007/662 1008/1008/663
f 1009/1009/664 1010/1010/665 1011/1011/666
f 1012/1012/665 1013/1013/607 1014/1014/666
f 1015/1015/666 1016/1016/667 1017/1017/668
f 1018/1018/669 1019/1019/670 1020/1020/671
f 1021/1021/672 1022/1022/673 1023/1023/674
f 1024/1024/616 1025/1025/617 1026/1026/675
f 1027/1027/673 1028/1028/669 1029/1029/671
f 1030/1030/673 1031/1031/676 1032/1032/674
f 1033/1033/677 1034/1034/678 1035/1035/679
f 1036/1036/680 1037/1037/678 1038/1038/677
f 1039/1039/681 1040/1040/682 1041/1041/683
f 1042/1042/684 1043/1043/685 1044/1044/686
f 1045/1045/682 1046/1046/687 1047/1047/683
f 1048/1048/688 1049/1049/687 1050/1050/689
f 1051/1051/690 1052/1052/690 1053/1053/690
f 1054/1054/691 1055/1055/692 1056/1056/692
f 1057/1057/693 1058/1058/694 1059/1059/695
f 1060/1060/696 1061/1061/696 1062/1062/697
f 1063/1063/698 1064/1064/699 1065/1065/700
f 1066/1066/701 1067/1067/702 1068/1068/702
f 1069/1069/703 1070/1070/704 1071/1071/705
f 1072/1072/706 1073/1073/706 1074/1074/706
f 1075/1075/707 1076/1076/707 1077/1077/707
f 1078/1078/708 1079/1079/709 1080/1080/710
f 1081/1081/711 1082/1082/712 1083/1083/713
f 1084/1084/714 1085/1085/715 1086/1086/716
f 1087/1087/717 1088/1088/718 1089/1089/717
f 1090/1090/719 1091/1091/719 1092/1092/719
f 1093/1093/720 1094/1094/721 1095/1095/722
f 1096/1096/723 1097/1097/724 1098/1098/725
f 1099/1099/726 1100/1100/714 1101/1101/727
f 1102/1102/728 1103/1103/714 1104/1104/716
f 1105/1105/729 1106/1106/729 1107/1107/729
f 1108/1108/730 1109/1109/731 1110/1110/732
f 1111/1111/730 1112/1112/733 1113/1113/734
f 1114/1114/735 1115/1115/735 1116/1116/736
f 1117/1117/737 1118/1118/738 1119/1119/739
f 1120/1120/665 1121/1121/698 1122/1122/740
f 1123/1123/741 1124/1124/742 1125/1125/705
f 1126/1126/743 1127/1127/744 1128/1128/745
f 1129/1129/712 1130/1130/746 1131/1131/713
f 1132/1132/747 1133/1133/694 1134/1134/748
f 1135/1135/749 1136/1136/750 1137/1137/751
f 1138/1138/752 1139/1139/744 1140/1140/751
f 1141/1141/753 1142/1142/754 1143/1143/755
f 1144/1144/756 1145/1145/757 1146/1146/758
f 1147/1147/759 1148/1148/760 1149/1149/761
f 1150/1150/629 1151/1151/762 1152/1152/761
f 1153/1153/763 1154/1154/764 1155/1155/765
f 1156/1156/766 1157/1157/767 1158/1158/768
f 1159/1159/746 1160/1160/769 1161/1161/770
f 1162/1162/626 1163/1163/720 1164/1164/722
f 1165/1165/771 1166/1166/746 1167/1167/772
f 1168/1168/773 1169/1169/774 1170/1170/775
f 1171/1171/776 1172/1172/777 1173/1173/778
f 1174/1174/740 1175/1175/779 1176/1176/780
f 1177/1177/705 1178/1178/742 1179/1179/769
f 1180/1180/781 1181/1181/781 1182/1182/782
f 1183/1183/783 1184/1184/784 1185/1185/759
f 1186/1186/785 1187/1187/786 1188/1188/787
f 1189/1189/788 1190/1190/788 1191/1191/789
f 1192/1192/790 1193/1193/785 1194/1194/791
f 1195/1195/792 1196/1196/793 1197/1197/794
f 1198/1198/795 1199/1199/796 1200/1200/757
f 1201/1201/797 1202/1202/783 1203/1203/759
f 1204/1204/798 1205/1205/799 1206/1206/795
f 1207/1207/800 1208/1208/722 1209/1209/800
f 1210/1210/694 1211/1211/801 1212/1212/802
f 1213/1213/803 1214/1214/804 1215/1215/803
f 1216/1216/797 1217/1217/799 1218/1218/805
f 1219/1219/806 1220/1220/807 1221/1221/797
f 1222/1222/807 1223/1223/783 1224/1224/797
f 1225/1225/808 1226/1226/809 1227/1227/806
f 1228/1228/810 1229/1229/797 1230/1230/805
f 1231/1231/811 1232/1232/806 1233/1233/810
f 1234/1234/812 1235/1235/797 1236/1236/810
f 1237/1237/813 1238/1238/808 1239/1239/814
f 1240/1240/815 1241/1241/816 1242/1242/817
f 1243/1243/818 1244/1244/819 1245/1245/817
f 1246/1246/764 1247/1247/820 1248/1248/821
f 1249/1249/822 1250/1250/823 1251/1251/822
f 1252/1252/817 1253/1253/814 1254/1254/824
f 1255/1255/825 1256/1256/826 1257/1257/827
f 1258/1258/828 1259/1259/825 1260/1260/829
f 1261/1261/829 1262/1262/825 1263/1263/830
f 1264/1264/831 1265/1265/832 1266/1266/829
f 1267/1267/833 1268/1268/834 1269/1269/835
f 1270/1270/834 1271/1271/831 1272/1272/829
f 1273/1273/836 1274/1274/764 1275/1275/836
f 1276/1276/837 1277/1277/817 1278/1278/811
f 1279/1279/838 1280/1280/839 1281/1281/840
f 1282/1282/839 1283/1283/841 1284/1284/840
f 1285/1285/842 1286/1286/838 1287/1287/840
f 1288/1288/841 1289/1289/843 1290/1290/840
f 1291/1291/844 1292/1292/845 1293/1293/842
f 1294/1294/846 1295/1295/847 1296/1296/842
f 1297/1297/848 1298/1298/848 1299/1299/849
f 1300/1300/850 1301/1301/850 1302/1302/850
f 1303/1303/851 1304/1304/852 1305/1305/853
f 1306/1306/852 1307/1307/817 1308/1308/853
f 1309/1309/854 1310/1310/854 1311/1311/854
f 1312/1312/855 1313/1313/856 1314/1314/856
f 1315/1315/856 1316/1316/857 1317/1317/856
f 1318/1318/858 1319/1319/858 1320/1320/859
f 1321/1321/860 1322/1322/860 1323/1323/860
f 1324/1324/861 1325/1325/861 1326/1326/861
f 1327/1327/862 1328/1328/533 1329/1329/451
f 1330/1330/863 1331/1331/484 1332/1332/484
f 1333/1333/864 1334/1334/865 1335/1335/865
f 1336/1336/866 1337/1337/866 1338/1338/866
f 1339/1339/501 1340/1340/867 1341/1341/867
f 1342/1342/868 1343/1343/869 1344/1344/869
f 1345/1345/870 1346/1346/871 1347/1347/872
f 1348/1348/873 1349/1349/873 1350/1350/873
f 1351/1351/874 1352/1352/531 1353/1353/875
f 1354/1354/876 1355/1355/876 1356/1356/876
f 1357/1357/535 1358/1358/877 1359/1359/877
f 1360/1360/878 1361/1361/879 1362/1362/880
f 1363/1363/879 1364/1364/881 1365/1365/882
f 1366/1366/883 1367/1367/883 1368/1368/884
f 1369/1369/885 1370/1370/885 1371/1371/884
f 1372/1372/886 1373/1373/886 1374/1374/886
f 1375/1375/887 1376/1376/879 1377/1377/878
f 1378/1378/888 1379/1379/888 1380/1380/889
f 1381/1381/890 1382/1382/891 1383/1383/891
f 1384/1384/892 1385/1385/893 1386/1386/894
f 1387/1387/895 1388/1388/896 1389/1389/895
f 1390/1390/892 1391/1391/897 1392/1392/898
f 1393/1393/889 1394/1394/897 1395/1395/899
f 1396/1396/900 1397/1397/901 1398/1398/894
f 1399/1399/899 1400/1400/902 1401/1401/903
f 1402/1402/904 1403/1403/905 1404/1404/906
f 1405/1405/907 1406/1406/896 1407/1407/906
f 1408/1408/894 1409/1409/902 1410/1410/899
f 1411/1411/902 1412/1412/908 1413/1413/903
f 1414/1414/894 1415/1415/901 1416/1416/902
f 1417/1417/909 1418/1418/910 1419/1419/911
f 1420/1420/912 1421/1421/910 1422/1422/913
f 1423/1423/914 1424/1424/914 1425/1425/913
f 1426/1426/915 1427/1427/916 1428/1428/917
f 1429/1429/918 1430/1430/905 1431/1431/917
f 1432/1432/919 1433/1433/920 1434/1434/921
f 1435/1435/920 1436/1436/922 1437/1437/921
f 1438/1438/923 1439/1439/924 1440/1440/925
f 1441/1441/926 1442/1442/927 1443/1443/926
f 1444/1444/926 1445/1445/928 1446/1446/926
f 1447/1447/924 1448/1448/929 1449/1449/925
f 1450/1450/930 1451/1451/930 1452/1452/930
f 1453/1453/931 1454/1454/931 1455/1455/931
f 1456/1456/932 1457/1457/933 1458/1458/934
f 1459/1459/933 1460/1460/935 1461/1461/936
f 1462/1462/937 1463/1463/938 1464/1464/937
f 1465/1465/918 1466/1466/939 1467/1467/940
f 1468/1468/941 1469/1469/942 1470/1470/918
f 1471/1471/943 1472/1472/944 1473/1473/945
f 1474/1474/944 1475/1475/941 1476/1476/946
f 1477/1477/947 1478/1478/947 1479/1479/947
f 1480/1480/945 1481/1481/948 1482/1482/949
f 1483/1483/950 1484/1484/951 1485/1485/952
f 1486/1486/922 1487/1487/953 1488/1488/954
f 1489/1489/955 1490/1490/949 1491/1491/956
f 1492/1492/957 1493/1493/922 1494/1494/958
f 1495/1495/959 1496/1496/959 1497/1497/959
f 1498/1498/960 1499/1499/960 1500/1500/960
f 1501/1501/961 1502/1502/962 1503/1503/961
f 1504/1504/763 1505/1505/924 1506/1506/963
f 1507/1507/964 1508/1508/965 1509/1509/966
f 1510/1510/318 1511/1511/318 1512/1512/318
f 1513/1513/318 1514/1514/318 1515/1515/318
f 1516/1516/967 1517/1517/967 1518/1518/321
f 1519/1519/968 1520/1520/969 1521/1521/970
f 1522/1522/971 1523/1523/972 1524/1524/973
f 1525/1525/974 1526/1526/972 1527/1527/975
f 1528/1528/976 1529/1529/977 1530/1530/978
f 1531/1531/318 1532/1532/318 1533/1533/318
f 1534/1534/979 1535/1535/980 1536/1536/981
f 1537/1537/708 1538/1538/982 1539/1539/983
f 1540/1540/984 1541/1541/985 1542/1542/962
f 1543/1543/982 1544/1544/986 1545/1545/709
f 1546/1546/987 1547/1547/988 1548/1548/989
f 1549/1549/990 1550/1550/991 1551/1551/990
f 1552/1552/992 1553/1553/993 1554/1554/992
f 1555/1555/321 1556/1556/321 1557/1557/321
f 1558/1558/980 1559/1559/994 1560/1560/981
f 1561/1561/995 1562/1562/996 1563/1563/996
f 1564/1564/997 1565/1565/998 1566/1566/999
f 1567/1567/1000 1568/1568/1001 1569/1569/1002
f 1570/1570/320 1571/1571/320 1572/1572/320
f 1573/1573/1003 1574/1574/1003 1575/1575/1004
f 1576/1576/1005 1577/1577/1006 1578/1578/1007
f 1579/1579/1008 1580/1580/1009 1581/1581/1010
f 1582/1582/1011 1583/1583/1012 1584/1584/1013
f 1585/1585/1014 1586/1586/1015 1587/1587/1016
f 1588/1588/1017 1589/1589/1009 1590/1590/1018
f 1591/1591/1019 1592/1592/1020 1593/1593/954
f 1594/1594/1021 1595/1595/1021 1596/1596/1017
f 1597/1597/956 1598/1598/949 1599/1599/1022
f 1600/1600/1023 1601/1601/1024 1602/1602/1004
f 1603/1603/1025 1604/1604/1025 1605/1605/1026
f 1606/1606/1027 1607/1607/1027 1608/1608/1027
f 1609/1609/1028 1610/1610/1028 1611/1611/1016
f 1612/1612/1029 1613/1613/1012 1614/1614/1011
f 1615/1615/1030 1616/1616/787 1617/1617/1031
f 1618/1618/775 1619/1619/1032 1620/1620/1033
f 1621/1621/1034 1622/1622/1034 1623/1623/1035
f 1624/1624/773 1625/1625/755 1626/1626/1036
f 1627/1627/1037 1628/1628/755 1629/1629/1033
f 1630/1630/1016 1631/1631/1038 1632/1632/755
f 1633/1633/1039 1634/1634/1039 1635/1635/1036
f 1636/1636/787 1637/1637/1040 1638/1638/1031
f 1639/1639/1041 1640/1640/1041 1641/1641/1042
f 1642/1642/1043 1643/1643/1043 1644/1644/1043
f 1645/1645/1044 1646/1646/980 1647/1647/979
f 1648/1648/1045 1649/1649/1046 1650/1650/1045
f 1651/1651/1017 1652/1652/1047 1653/1653/1048
f 1654/1654/1026 1655/1655/1045 1656/1656/1045
f 1657/1657/773 1658/1658/1049 1659/1659/774
f 1660/1660/1050 1661/1661/1050 1662/1662/994
f 1663/1663/1051 1664/1664/1052 1665/1665/1052
f 1666/1666/774 1667/1667/1053 1668/1668/1054
f 1669/1669/1055 1670/1670/1056 1671/1671/1056
f 1672/1672/1057 1673/1673/1058 1674/1674/1059
f 1675/1675/1007 1676/1676/1006 1677/1677/1060
f 1678/1678/1061 1679/1679/1061 1680/1680/1048
f 1681/1681/1062 1682/1682/1063 1683/1683/1064
f 1684/1684/1020 1685/1685/1065 1686/1686/1066
f 1687/1687/954 1688/1688/1020 1689/1689/1067
f 1690/1690/1068 1691/1691/1051 1692/1692/1068
f 1693/1693/949 1694/1694/1051 1695/1695/1022
f 1696/1696/1069 1697/1697/1044 1698/1698/1070
f 1699/1699/1071 1700/1700/1071 1701/1701/1071
f 1702/1702/1072 1703/1703/1072 1704/1704/1073
f 1705/1705/1074 1706/1706/1074 1707/1707/1074
f 1708/1708/1075 1709/1709/1076 1710/1710/1077
f 1711/1711/1078 1712/1712/1079 1713/1713/1080
f 1714/1714/1080 1715/1715/1081 1716/1716/1082
f 1717/1717/1083 1718/1718/1084 1719/1719/1085
f 1720/1720/1086 1721/1721/1087 1722/1722/1087
f 1723/1723/1088 1724/1724/1083 1725/1725/1089
f 1726/1726/1090 1727/1727/1090 1728/1728/1090
f 1729/1729/1091 1730/1730/1091 1731/1731/1092
f 1732/1732/1093 1733/1733/1094 1734/1734/1095
f 1735/1735/1095 1736/1736/1094 1737/1737/1096
f 1738/1738/1097 1739/1739/1098 1740/1740/1099
f 1741/1741/1100 1742/1742/1101 1743/1743/1102
f 1744/1744/1103 1745/1745/1104 1746/1746/1105
f 1747/1747/1106 1748/1748/1107 1749/1749/1108
f 1750/1750/1109 1751/1751/1110 1752/1752/1110
f 1753/1753/1083 1754/1754/1111 1755/1755/1089
f 1756/1756/1094 1757/1757/1112 1758/1758/1113
f 1759/1759/1107 1760/1760/1114 1761/1761/1108
f 1762/1762/1108 1763/1763/1115 1764/1764/1116
f 1765/1765/1117 1766/1766/1118 1767/1767/1119
f 1768/1768/1120 1769/1769/1121 1770/1770/1119
f 1771/1771/1122 1772/1772/1118 1773/1773/1117
f 1774/1774/1123 1775/1775/1124 1776/1776/1125
f 1777/1777/1126 1778/1778/1127 1779/1779/1116
f 1780/1780/1128 1781/1781/1129 1782/1782/1130
f 1783/1783/1127 1784/1784/1131 1785/1785/1116
f 1786/1786/1132 1787/1787/1133 1788/1788/1134
f 1789/1789/1135 1790/1790/1136 1791/1791/1137
f 1792/1792/1138 1793/1793/1138 1794/1794/1138
f 1795/1795/1139 1796/1796/1140 1797/1797/1141
f 1798/1798/1142 1799/1799/1143 1800/1800/1144
f 1801/1801/1145 1802/1802/1146 1803/1803/1147
f 1804/1804/1148 1805/1805/1149 1806/1806/1150
f 1807/1807/1151 1808/1808/1152 1809/1809/1151
f 1810/1810/1153 1811/1811/1154 1812/1812/1123
f 1813/1813/1155 1814/1814/1156 1815/1815/1157
f 1816/1816/1158 1817/1817/1148 1818/1818/1148
f 1819/1819/1136 1820/1820/1159 1821/1821/1137
f 1822/1822/1160 1823/1823/1161 1824/1824/1162
f 1825/1825/1163 1826/1826/1164 1827/1827/1165
f 1828/1828/1166 1829/1829/1158 1830/1830/1165
f 1831/1831/1143 1832/1832/1166 1833/1833/1144
f 1834/1834/1167 1835/1835/1168 1836/1836/1169
f 1837/1837/1170 1838/1838/1143 1839/1839/1171
f 1840/1840/1172 1841/1841/1172 1842/1842/1173
f 1843/1843/1174 1844/1844/1174 1845/1845/1174
f 1846/1846/1175 1847/1847/1176 1848/1848/1177
f 1849/1849/1178 1850/1850/1179 1851/1851/1177
f 1852/1852/1180 1853/1853/1179 1854/1854/1181
f 1855/1855/1182 1856/1856/1182 1857/1857/1183
f 1858/1858/1184 1859/1859/1185 1860/1860/1186
f 1861/1861/1186 1862/1862/1187 1863/1863/1187
f 1864/1864/1188 1865/1865/1189 1866/1866/1190
f 1867/1867/1190 1868/1868/1191 1869/1869/1192
f 1870/1870/1193 1871/1871/1194 1872/1872/1195
f 1873/1873/1196 1874/1874/1197 1875/1875/1198
f 1876/1876/1199 1877/1877/1188 1878/1878/1200
f 1879/1879/1201 1880/1880/1202 1881/1881/1203
f 1882/1882/1204 1883/1883/1205 1884/1884/1204
f 1885/1885/1197 1886/1886/1196 1887/1887/1206
f 1888/1888/1207 1889/1889/1207 1890/1890/1208
f 1891/1891/1209 1892/1892/1209 1893/1893/1208
f 1894/1894/1210 1895/1895/1211 1896/1896/1211
f 1897/1897/1212 1898/1898/1194 1899/1899/1193
f 1900/1900/1213 1901/1901/1214 1902/1902/1214
f 1903/1903/1215 1904/1904/1216 1905/1905/1217
f 1906/1906/1208 1907/1907/1218 1908/1908/1218
f 1909/1909/1219 1910/1910/1198 1911/1911/1220
f 1912/1912/1221 1913/1913/1140 1914/1914/1220
f 1915/1915/1222 1916/1916/1223 1917/1917/1205
f 1918/1918/1224 1919/1919/1225 1920/1920/1226
f 1921/1921/1227 1922/1922/1188 1923/1923/1228
f 1924/1924/1229 1925/1925/1229 1926/1926/1229
f 1927/1927/1230 1928/1928/1230 1929/1929/1231
f 1930/1930/1232 1931/1931/1233 1932/1932/1234
f 1933/1933/1215 1934/1934/1235 1935/1935/1236
f 1936/1936/1237 1937/1937/1238 1938/1938/1236
f 1939/1939/1141 1940/1940/1239 1941/1941/1234
f 1942/1942/1193 1943/1943/1240 1944/1944/1241
f 1945/1945/1240 1946/1946/1234 1947/1947/1212
f 1948/1948/1240 1949/1949/1242 1950/1950/1243
f 1951/1951/1244 1952/1952/1245 1953/1953/1246
f 1954/1954/1246 1955/1955/1245 1956/1956/1247
f 1957/1957/1247 1958/1958/1248 1959/1959/1240
f 1960/1960/1240 1961/1961/1249 1962/1962/1250
usemtl Material_1
f 1963/1963/1251 1964/1964/1252 1965/1965/1253
f 1966/1966/1254 1967/1967/1255 1968/1968/1256
f 1969/1969/1256 1970/1970/1257 1971/1971/1254
f 1972/1972/1258 1973/1973/1259 1974/1974/1260
f 1975/1975/1261 1976/1976/1253 1977/1977/1262
f 1978/1978/1263 1979/1979/1264 1980/1980/1265
f 1981/1981/1260 1982/1982/1266 1983/1983/1267
f 1984/1984/1268 1985/1985/1269 1986/1986/1270
f 1987/1987/1271 1988/1988/1272 1989/1989/1273
f 1990/1990/1274 1991/1991/1275 1992/1992/1276
f 1993/1993/1271 1994/1994/1277 1995/1995/1272
f 1996/1996/1278 1997/1997/1257 1998/1998/1256
f 1999/1999/1279 2000/2000/1280 2001/2001/1281
f 2002/2002/1282 2003/2003/1283 2004/2004/1258
f 2005/2005/1283 2006/2006/1284 2007/2007/1285
f 2008/2008/1286 2009/2009/1286 2010/2010/1287
f 2011/2011/1288 2012/2012/1289 2013/2013/1288
f 2014/2014/1290 2015/2015/1291 2016/2016/1292
f 2017/2017/1293 2018/2018/1294 2019/2019/1295
f 2020/2020/1296 2021/2021/1297 2022/2022/1295
f 2023/2023/1295 2024/2024/1294 2025/2025/1296
f 2026/2026/1298 2027/2027/1299 2028/2028/1300
f 2029/2029/1301 2030/2030/1301 2031/2031/1302
f 2032/2032/1303 2033/2033/1304 2034/2034/1305
f 2035/2035/1306 2036/2036/1307 2037/2037/1308
f 2038/2038/1309 2039/2039/1307 2040/2040/1306
f 2041/2041/1310 2042/2042/1289 2043/2043/1311
f 2044/2044/1312 2045/2045/1313 2046/2046/1314
f 2047/2047/1315 2048/2048/1291 2049/2049/1290
f 2050/2050/1275 2051/2051/1316 2052/2052/1317
f 2053/2053/1318 2054/2054/1319 2055/2055/1320
f 2056/2056/1316 2057/2057/1321 2058/2058/1322
f 2059/2059/1323 2060/2060/1324 2061/2061/1324
f 2062/2062/1325 2063/2063/1257 2064/2064/1326
f 2065/2065/1327 2066/2066/1298 2067/2067/1328
f 2068/2068/1329 2069/2069/1330 2070/2070/1331
f 2071/2071/1324 2072/2072/1332 2073/2073/1324
f 2074/2074/1333 2075/2075/1333 2076/2076/1334
f 2077/2077/1335 2078/2078/1336 2079/2079/1337
f 2080/2080/1338 2081/2081/1339 2082/2082/1340
f 2083/2083/1341 2084/2084/1341 2085/2085/1342
f 2086/2086/1330 2087/2087/1343 2088/2088/1344
f 2089/2089/1345 2090/2090/1346 2091/2091/1294
f 2092/2092/1347 2093/2093/1346 2094/2094/1348
f 2095/2095/1349 2096/2096/1350 2097/2097/1351
f 2098/2098/1352 2099/2099/1353 2100/2100/1348
f 2101/2101/1354 2102/2102/1343 2103/2103/1330
f 2104/2104/1355 2105/2105/1351 2106/2106/1356
f 2107/2107/1357 2108/2108/1358 2109/2109/1359
f 2110/2110/1360 2111/2111/1361 2112/2112/1362
f 2113/2113/1336 2114/2114/1363 2115/2115/1364
f 2116/2116/1306 2117/2117/1308 2118/2118/1365
f 2119/2119/1366 2120/2120/1367 2121/2121/1365
f 2122/2122/1368 2123/2123/1369 2124/2124/1368
f 2125/2125/1370 2126/2126/1371 2127/2127/1372
f 2128/2128/1373 2129/2129/1374 2130/2130/1375
f 2131/2131/1376 2132/2132/1377 2133/2133/1377
f 2134/2134/1378 2135/2135/1379 2136/2136/1378
f 2137/2137/1380 2138/2138/1381 2139/2139/1381
f 2140/2140/1381 2141/2141/1382 2142/2142/1381
f 2143/2143/1364 2144/2144/1383 2145/2145/1383
f 2146/2146/1384 2147/2147/1385 2148/2148/1385
f 2149/2149/1385 2150/2150/1385 2151/2151/1386
f 2152/2152/1387 2153/2153/1388 2154/2154/1389
f 2155/2155/1389 2156/2156/1388 2157/2157/1390
f 2158/2158/1391 2159/2159/1392 2160/2160/1390
f 2161/2161/1393 2162/2162/1394 2163/2163/1395
f 2164/2164/1394 2165/2165/1396 2166/2166/1388
f 2167/2167/1391 2168/2168/1397 2169/2169/1392
f 2170/2170/1398 2171/2171/1399 2172/2172/1400
f 2173/2173/1401 2174/2174/1402 2175/2175/1403
f 2176/2176/1399 2177/2177/1404 2178/2178/1405
f 2179/2179/1406 2180/2180/1407 2181/2181/1407
f 2182/2182/1404 2183/2183/1399 2184/2184/1408
f 2185/2185/1409 2186/2186/1410 2187/2187/1411
f 2188/2188/1412 2189/2189/1413 2190/2190/1412
f 2191/2191/1410 2192/2192/1414 2193/2193/1415
f 2194/2194/1416 2195/2195/1417 2196/2196/1418
f 2197/2197/1419 2198/2198/1420 2199/2199/1421
f 2200/2200/1422 2201/2201/1420 2202/2202/1423
f 2203/2203/1424 2204/2204/1425 2205/2205/1425
f 2206/2206/1426 2207/2207/1427 2208/2208/1428
f 2209/2209/1429 2210/2210/1430 2211/2211/1429
f 2212/2212/1431 2213/2213/1432 2214/2214/1433
f 2215/2215/1434 2216/2216/1435 2217/2217/1436
f 2218/2218/1437 2219/2219/1438 2220/2220/1439
f 2221/2221/1440 2222/2222/1441 2223/2223/1275
f 2224/2224/1442 2225/2225/1438 2226/2226/1443
f 2227/2227/1438 2228/2228/1444 2229/2229/1445
f 2230/2230/1275 2231/2231/1434 2232/2232/1446
f 2233/2233/1441 2234/2234/1447 2235/2235/1316
f 2236/2236/1448 2237/2237/1449 2238/2238/1428
f 2239/2239/1450 2240/2240/1451 2241/2241/1442
f 2242/2242/1452 2243/2243/1453 2244/2244/1421
f 2245/2245/1454 2246/2246/1312 2247/2247/1455
f 2248/2248/1456 2249/2249/1457 2250/2250/1458
f 2251/2251/1402 2252/2252/1457 2253/2253/1459
f 2254/2254/1335 2255/2255/1460 2256/2256/1461
f 2257/2257/1462 2258/2258/1462 2259/2259/1462
f 2260/2260/1442 2261/2261/1463 2262/2262/1464
f 2263/2263/1465 2264/2264/1466 2265/2265/1312
f 2266/2266/1467 2267/2267/1468 2268/2268/1469
f 2269/2269/1470 2270/2270/1471 2271/2271/1472
f 2272/2272/1473 2273/2273/1474 2274/2274/1475
f 2275/2275/1476 2276/2276/1477 2277/2277/1478
f 2278/2278/1479 2279/2279/1480 2280/2280/1481
f 2281/2281/1482 2282/2282/1483 2283/2283/1421
f 2284/2284/1468 2285/2285/1467 2286/2286/1484
f 2287/2287/1485 2288/2288/1486 2289/2289/1487
f 2290/2290/1488 2291/2291/1489 2292/2292/1490
f 2293/2293/1491 2294/2294/1470 2295/2295/1492
f 2296/2296/1364 2297/2297/1493 2298/2298/1454
f 2299/2299/1494 2300/2300/1487 2301/2301/1495
f 2302/2302/1496 2303/2303/1496 2304/2304/1496
f 2305/2305/1497 2306/2306/1497 2307/2307/1497
f 2308/2308/1498 2309/2309/1499 2310/2310/1494
f 2311/2311/1500 2312/2312/1362 2313/2313/1501
f 2314/2314/1482 2315/2315/1502 2316/2316/1483
f 2317/2317/1503 2318/2318/1504 2319/2319/1505
f 2320/2320/1506 2321/2321/1507 2322/2322/1508
f 2323/2323/1509 2324/2324/1421 2325/2325/1510
f 2326/2326/1511 2327/2327/1511 2328/2328/1511
f 2329/2329/1512 2330/2330/1490 2331/2331/1513
f 2332/2332/1514 2333/2333/1470 2334/2334/1515
f 2335/2335/1516 2336/2336/1516 2337/2337/1516
f 2338/2338/1517 2339/2339/1518 2340/2340/1519
f 2341/2341/1520 2342/2342/1521 2343/2343/1522
f 2344/2344/1523 2345/2345/1489 2346/2346/1524
f 2347/2347/1525 2348/2348/1526 2349/2349/1527
f 2350/2350/1528 2351/2351/1528 2352/2352/1528
f 2353/2353/1529 2354/2354/1530 2355/2355/1531
f 2356/2356/1513 2357/2357/1490 2358/2358/1532
f 2359/2359/1533 2360/2360/1534 2361/2361/1518
f 2362/2362/1535 2363/2363/1523 2364/2364/1536
f 2365/2365/1536 2366/2366/1537 2367/2367/1538
f 2368/2368/1523 2369/2369/1539 2370/2370/1536
f 2371/2371/1540 2372/2372/1541 2373/2373/1404
f 2374/2374/1536 2375/2375/1542 2376/2376/1537
f 2377/2377/1530 2378/2378/1543 2379/2379/1544
f 2380/2380/1545 2381/2381/1546 2382/2382/1509
f 2383/2383/1547 2384/2384/1506 2385/2385/1548
f 2386/2386/1549 2387/2387/1523 2388/2388/1535
f 2389/2389/1546 2390/2390/1545 2391/2391/1550
f 2392/2392/1550 2393/2393/1545 2394/2394/1551
f 2395/2395/1518 2396/2396/1552 2397/2397/1553
f 2398/2398/1553 2399/2399/1554 2400/2400/1518
f 2401/2401/1555 2402/2402/1556 2403/2403/1557
f 2404/2404/1558 2405/2405/1559 2406/2406/1559
f 2407/2407/1560 2408/2408/1545 2409/2409/1509
f 2410/2410/1545 2411/2411/1561 2412/2412/1551
f 2413/2413/1562 2414/2414/1563 2415/2415/1564
f 2416/2416/1565 2417/2417/1566 2418/2418/1567
f 2419/2419/1568 2420/2420/1561 2421/2421/1569
f 2422/2422/1570 2423/2423/1570 2424/2424/1571
f 2425/2425/1572 2426/2426/1573 2427/2427/1560
f 2428/2428/1566 2429/2429/1506 2430/2430/1574
f 2431/2431/1575 2432/2432/1576 2433/2433/1553
f 2434/2434/1577 2435/2435/1577 2436/2436/1577
f 2437/2437/1578 2438/2438/1579 2439/2439/1579
f 2440/2440/1580 2441/2441/1580 2442/2442/1580
f 2443/2443/1581 2444/2444/1581 2445/2445/1581
f 2446/2446/1582 2447/2447/1582 2448/2448/1582
f 2449/2449/1583 2450/2450/1584 2451/2451/1583
f 2452/2452/1585 2453/2453/1585 2454/2454/1585
f 2455/2455/1586 2456/2456/1587 2457/2457/1587
f 2458/2458/1588 2459/2459/1589 2460/2460/1590
f 2461/2461/1565 2462/2462/1591 2463/2463/1591
f 2464/2464/1592 2465/2465/1593 2466/2466/1594
f 2467/2467/1595 2468/2468/1596 2469/2469/1597
f 2470/2470/1598 2471/2471/1335 2472/2472/1599
f 2473/2473/1600 2474/2474/1600 2475/2475/1600
f 2476/2476/1601 2477/2477/1575 2478/2478/1602
f 2479/2479/1603 2480/2480/1603 2481/2481/1603
f 2482/2482/1565 2483/2483/1604 2484/2484/1605
f 2485/2485/1606 2486/2486/1606 2487/2487/1606
f 2488/2488/1607 2489/2489/1608 2490/2490/1543
f 2491/2491/1609 2492/2492/1610 2493/2493/1610
f 2494/2494/1588 2495/2495/1611 2496/2496/1612
f 2497/2497/1613 2498/2498/1614 2499/2499/1613
f 2500/2500/1615 2501/2501/1616 2502/2502/1617
f 2503/2503/1618 2504/2504/1434 2505/2505/1619
f 2506/2506/1620 2507/2507/1575 2508/2508/1621
f 2509/2509/1622 2510/2510/1623 2511/2511/1624
f 2512/2512/1625 2513/2513/1626 2514/2514/1627
f 2515/2515/1404 2516/2516/1541 2517/2517/1628
f 2518/2518/1629 2519/2519/1629 2520/2520/1630
f 2521/2521/1631 2522/2522/1632 2523/2523/1633
f 2524/2524/1634 2525/2525/1635 2526/2526/1592
f 2527/2527/1636 2528/2528/1637 2529/2529/1638
f 2530/2530/1639 2531/2531/1640 2532/2532/1640
f 2533/2533/1641 2534/2534/1642 2535/2535/1643
f 2536/2536/1644 2537/2537/1637 2538/2538/1636
f 2539/2539/1632 2540/2540/1645 2541/2541/1622
f 2542/2542/1646 2543/2543/1632 2544/2544/1647
f 2545/2545/1599 2546/2546/1337 2547/2547/1454
f 2548/2548/1648 2549/2549/1639 2550/2550/1649
f 2551/2551/1650 2552/2552/1651 2553/2553/1652
f 2554/2554/1653 2555/2555/1653 2556/2556/1654
f 2557/2557/1655 2558/2558/1655 2559/2559/1654
f 2560/2560/1656 2561/2561/1638 2562/2562/1657
f 2563/2563/1658 2564/2564/1659 2565/2565/1660
f 2566/2566/1661 2567/2567/1656 2568/2568/1662
f 2569/2569/1663 2570/2570/1664 2571/2571/1663
f 2572/2572/1665 2573/2573/1666 2574/2574/1667
f 2575/2575/1668 2576/2576/1669 2577/2577/1670
f 2578/2578/1671 2579/2579/1671 2580/2580/1671
f 2581/2581/1672 2582/2582/1672 2583/2583/1672
f 2584/2584/1673 2585/2585/1674 2586/2586/1675
f 2587/2587/1676 2588/2588/1677 2589/2589/1641
f 2590/2590/1622 2591/2591/1631 2592/2592/1623
f 2593/2593/1678 2594/2594/1679 2595/2595/1680
f 2596/2596/1681 2597/2597/1681 2598/2598/1681
f 2599/2599/1682 2600/2600/1683 2601/2601/1684
f 2602/2602/1685 2603/2603/1686 2604/2604/1647
f 2605/2605/1687 2606/2606/1688 2607/2607/1689
f 2608/2608/1690 2609/2609/1687 2610/2610/1689
f 2611/2611/1691 2612/2612/1692 2613/2613/1658
f 2614/2614/1619 2615/2615/1693 2616/2616/1694
f 2617/2617/1695 2618/2618/1696 2619/2619/1697
f 2620/2620/1698 2621/2621/1699 2622/2622/1700
f 2623/2623/1701 2624/2624/1701 2625/2625/1701
f 2626/2626/1702 2627/2627/1703 2628/2628/1704
f 2629/2629/1705 2630/2630/1548 2631/2631/1574
f 2632/2632/1706 2633/2633/1500 2634/2634/1501
f 2635/2635/1670 2636/2636/1707 2637/2637/1708
f 2638/2638/1709 2639/2639/1710 2640/2640/1710
f 2641/2641/1711 2642/2642/1712 2643/2643/1713
f 2644/2644/1714 2645/2645/1715 2646/2646/1716
f 2647/2647/1717 2648/2648/1718 2649/2649/1670
f 2650/2650/1719 2651/2651/1720 2652/2652/1719
f 2653/2653/1689 2654/2654/1688 2655/2655/1690
f 2656/2656/1690 2657/2657/1720 2658/2658/1721
f 2659/2659/1722 2660/2660/1722 2661/2661/1722
f 2662/2662/1723 2663/2663/1724 2664/2664/1725
f 2665/2665/1726 2666/2666/1727 2667/2667/1728
f 2668/2668/1729 2669/2669/1730 2670/2670/1666
f 2671/2671/1731 2672/2672/1731 2673/2673/1731
f 2674/2674/1732 2675/2675/1733 2676/2676/1556
f 2677/2677/1734 2678/2678/1695 2679/2679/1717
f 2680/2680/1735 2681/2681/1736 2682/2682/1730
f 2683/2683/1737 2684/2684/1738 2685/2685/1730
f 2686/2686/1739 2687/2687/1740 2688/2688/1741
f 2689/2689/1741 2690/2690/1740 2691/2691/1742
f 2692/2692/1730 2693/2693/1743 2694/2694/1744
f 2695/2695/1684 2696/2696/1740 2697/2697/1686
f 2698/2698/1686 2699/2699/1739 2700/2700/1745
f 2701/2701/1746 2702/2702/1747 2703/2703/1748
f 2704/2704/1749 2705/2705/1695 2706/2706/1750
f 2707/2707/1751 2708/2708/1752 2709/2709/1753
f 2710/2710/1461 2711/2711/1666 2712/2712/1665
f 2713/2713/1754 2714/2714/1755 2715/2715/1756
f 2716/2716/1757 2717/2717/1758 2718/2718/1759
f 2719/2719/1760 2720/2720/1761 2721/2721/1762
f 2722/2722/1763 2723/2723/1764 2724/2724/1765
f 2725/2725/1766 2726/2726/1767 2727/2727/1715
f 2728/2728/1768 2729/2729/1769 2730/2730/1770
f 2731/2731/1751 2732/2732/1771 2733/2733/1772
f 2734/2734/1574 2735/2735/1541 2736/2736/1773
f 2737/2737/1755 2738/2738/1774 2739/2739/1756
f 2740/2740/1775 2741/2741/1758 2742/2742/1776
f 2743/2743/1740 2744/2744/1739 2745/2745/1777
f 2746/2746/1778 2747/2747/1778 2748/2748/1728
f 2749/2749/1314 2750/2750/1771 2751/2751/1766
f 2752/2752/1779 2753/2753/1751 2754/2754/1766
f 2755/2755/1780 2756/2756/1755 2757/2757/1781
f 2758/2758/1782 2759/2759/1783 2760/2760/1783
f 2761/2761/1562 2762/2762/1784 2763/2763/1732
f 2764/2764/1783 2765/2765/1785 2766/2766/1783
f 2767/2767/1786 2768/2768/1787 2769/2769/1787
f 2770/2770/1787 2771/2771/1788 2772/2772/1787
f 2773/2773/1635 2774/2774/1611 2775/2775/1588
f 2776/2776/1441 2777/2777/1733 2778/2778/1619
f 2779/2779/1454 2780/2780/1789 2781/2781/1599
f 2782/2782/1790 2783/2783/1789 2784/2784/1791
f 2785/2785/1789 2786/2786/1792 2787/2787/1793
f 2788/2788/1794 2789/2789/1795 2790/2790/1795
f 2791/2791/1796 2792/2792/1797 2793/2793/1798
f 2794/2794/1799 2795/2795/1800 2796/2796/1801
f 2797/2797/1802 2798/2798/1803 2799/2799/1804
f 2800/2800/1805 2801/2801/1802 2802/2802/1806
f 2803/2803/1807 2804/2804/1803 2805/2805/1808
f 2806/2806/1809 2807/2807/1803 2808/2808/1810
f 2809/2809/1811 2810/2810/1812 2811/2811/1813
f 2812/2812/1803 2813/2813/1802 2814/2814/1814
f 2815/2815/1815 2816/2816/1802 2817/2817/1812
f 2818/2818/1802 2819/2819/1805 2820/2820/1816
f 2821/2821/1812 2822/2822/1817 2823/2823/1818
f 2824/2824/1819 2825/2825/1819 2826/2826/1819
f 2827/2827/1820 2828/2828/1821 2829/2829/1822
f 2830/2830/1822 2831/2831/1821 2832/2832/1823
f 2833/2833/1824 2834/2834/1824 2835/2835/1824
f 2836/2836/1825 2837/2837/1826 2838/2838/1564
f 2839/2839/1827 2840/2840/1501 2841/2841/1362
f 2842/2842/1564 2843/2843/1828 2844/2844/1362
f 2845/2845/1784 2846/2846/1693 2847/2847/1619
f 2848/2848/1829 2849/2849/1830 2850/2850/1831
f 2851/2851/1832 2852/2852/1832 2853/2853/1832
f 2854/2854/1833 2855/2855/1834 2856/2856/1835
f 2857/2857/1834 2858/2858/1836 2859/2859/1835
f 2860/2860/1837 2861/2861/1838 2862/2862/1839
f 2863/2863/1838 2864/2864/1840 2865/2865/1839
f 2866/2866/1841 2867/2867/1842 2868/2868/1842
f 2869/2869/1843 2870/2870/1844 2871/2871/1843
f 2872/2872/1845 2873/2873/1846 2874/2874/1847
f 2875/2875/1848 2876/2876/1849 2877/2877/1850
f 2878/2878/1851 2879/2879/1844 2880/2880/1848
f 2881/2881/1852 2882/2882/1853 2883/2883/1845
f 2884/2884/1854 2885/2885/1855 2886/2886/1856
f 2887/2887/1857 2888/2888/1858 2889/2889/1848
f 2890/2890/1859 2891/2891/1860 2892/2892/1861
f 2893/2893/1803 2894/2894/1862 2895/2895/1804
f 2896/2896/1863 2897/2897/1864 2898/2898/1865
f 2899/2899/1855 2900/2900/1866 2901/2901/1867
f 2902/2902/1868 2903/2903/1869 2904/2904/1870
f 2905/2905/1871 2906/2906/1859 2907/2907/1872
f 2908/2908/1873 2909/2909/1862 2910/2910/1803
f 2911/2911/1874 2912/2912/1875 2913/2913/1876
f 2914/2914/1871 2915/2915/1872 2916/2916/1877
f 2917/2917/1878 2918/2918/1803 2919/2919/1807
f 2920/2920/1879 2921/2921/1880 2922/2922/1881
f 2923/2923/1880 2924/2924/1879 2925/2925/1611
f 2926/2926/1882 2927/2927/1883 2928/2928/1884
f 2929/2929/1882 2930/2930/1884 2931/2931/1885
f 2932/2932/1886 2933/2933/1884 2934/2934/1887
f 2935/2935/1884 2936/2936/1888 2937/2937/1889
f 2938/2938/1890 2939/2939/1888 2940/2940/1891
f 2941/2941/1888 2942/2942/1892 2943/2943/1891
f 2944/2944/1893 2945/2945/1894 2946/2946/1895
f 2947/2947/1896 2948/2948/1894 2949/2949/1897
f 2950/2950/1898 2951/2951/1899 2952/2952/1900
f 2953/2953/1901 2954/2954/1901 2955/2955/1901
f 2956/2956/1899 2957/2957/1902 2958/2958/1902
f 2959/2959/1903 2960/2960/1904 2961/2961/1905
f 2962/2962/1906 2963/2963/1907 2964/2964/1908
f 2965/2965/1909 2966/2966/1910 2967/2967/1910
f 2968/2968/1911 2969/2969/1912 2970/2970/1913
f 2971/2971/1354 2972/2972/1914 2973/2973/1915
f 2974/2974/1916 2975/2975/1917 2976/2976/1351
f 2977/2977/1918 2978/2978/1914 2979/2979/1354
f 2980/2980/1919 2981/2981/1893 2982/2982/1920
f 2983/2983/1921 2984/2984/1922 2985/2985/1921
f 2986/2986/1923 2987/2987/1924 2988/2988/1925
f 2989/2989/1926 2990/2990/1927 2991/2991/1927
f 2992/2992/1923 2993/2993/1926 2994/2994/1928
f 2995/2995/1918 2996/2996/1929 2997/2997/1930
f 2998/2998/1914 2999/2999/1918 3000/3000/1930
f 3001/3001/1931 3002/3002/1932 3003/3003/1932
f 3004/3004/1932 3005/3005/1932 3006/3006/1933
f 3007/3007/1905 3008/3008/1763 3009/3009/1934
f 3010/3010/1934 3011/3011/1935 3012/3012/1936
f 3013/3013/1937 3014/3014/1937 3015/3015/1938
f 3016/3016/1939 3017/3017/1940 3018/3018/1940
f 3019/3019/1941 3020/3020/1941 3021/3021/1942
f 3022/3022/1943 3023/3023/1943 3024/3024/1943
f 3025/3025/1944 3026/3026/1450 3027/3027/1442
f 3028/3028/1945 3029/3029/1904 3030/3030/1946
f 3031/3031/1947 3032/3032/1948 3033/3033/1947
f 3034/3034/1479 3035/3035/1944 3036/3036/1949
f 3037/3037/1950 3038/3038/1450 3039/3039/1951
f 3040/3040/1952 3041/3041/1952 3042/3042/1953
f 3043/3043/1954 3044/3044/1954 3045/3045/1954
f 3046/3046/1955 3047/3047/1945 3048/3048/1903
f 3049/3049/1956 3050/3050/1957 3051/3051/1958
f 3052/3052/1944 3053/3053/1959 3054/3054/1476
f 3055/3055/1960 3056/3056/1926 3057/3057/1961
f 3058/3058/1962 3059/3059/1962 3060/3060/1963
f 3061/3061/1964 3062/3062/1964 3063/3063/1964
f 3064/3064/1965 3065/3065/1966 3066/3066/1967
f 3067/3067/1968 3068/3068/1968 3069/3069/1969
f 3070/3070/1970 3071/3071/1971 3072/3072/1957
f 3073/3073/1972 3074/3074/1960 3075/3075/1973
f 3076/3076/1974 3077/3077/1974 3078/3078/1974
f 3079/3079/1956 3080/3080/1975 3081/3081/1976
f 3082/3082/1977 3083/3083/1978 3084/3084/1957
f 3085/3085/1979 3086/3086/1923 3087/3087/1980
f 3088/3088/1981 3089/3089/1981 3090/3090/1981
f 3091/3091/1982 3092/3092/1983 3093/3093/1984
f 3094/3094/1985 3095/3095/1986 3096/3096/1987
f 3097/3097/1987 3098/3098/1986 3099/3099/1988
f 3100/3100/1763 3101/3101/1989 3102/3102/1934
f 3103/3103/1770 3104/3104/1769 3105/3105/1905
f 3106/3106/1986 3107/3107/1984 3108/3108/1988
f 3109/3109/1904 3110/3110/1770 3111/3111/1905
f 3112/3112/1935 3113/3113/1990 3114/3114/1991
f 3115/3115/1992 3116/3116/1993 3117/3117/1314
f 3118/3118/1983 3119/3119/1982 3120/3120/1994
f 3121/3121/1995 3122/3122/1995 3123/3123/1995
f 3124/3124/1996 3125/3125/1997 3126/3126/1998
f 3127/3127/1999 3128/3128/1999 3129/3129/1999
f 3130/3130/2000 3131/3131/2000 3132/3132/2000
f 3133/3133/1950 3134/3134/2001 3135/3135/2002
f 3136/3136/2003 3137/3137/2004 3138/3138/2005
f 3139/3139/2005 3140/3140/2006 3141/3141/2006
f 3142/3142/2007 3143/3143/2008 3144/3144/2008
f 3145/3145/2009 3146/3146/2010 3147/3147/1961
f 3148/3148/2011 3149/3149/2012 3150/3150/2012
f 3151/3151/2013 3152/3152/2013 3153/3153/2007
f 3154/3154/2014 3155/3155/2015 3156/3156/2014
f 3157/3157/1983 3158/3158/2016 3159/3159/1741
f 3160/3160/2015 3161/3161/2017 3162/3162/2018
f 3163/3163/1648 3164/3164/2019 3165/3165/2020
f 3166/3166/1984 3167/3167/1983 3168/3168/1741
f 3169/3169/2021 3170/3170/2021 3171/3171/2021
f 3172/3172/1965 3173/3173/2022 3174/3174/2023
f 3175/3175/2001 3176/3176/2024 3177/3177/2025
f 3178/3178/2026 3179/3179/2026 3180/3180/2027
f 3181/3181/2028 3182/3182/2029 3183/3183/2030
f 3184/3184/2031 3185/3185/2019 3186/3186/2032
f 3187/3187/2033 3188/3188/2034 3189/3189/2035
f 3190/3190/1989 3191/3191/2036 3192/3192/2035
f 3193/3193/2037 3194/3194/2038 3195/3195/2039
f 3196/3196/2040 3197/3197/2041 3198/3198/2042
f 3199/3199/2029 3200/3200/2043 3201/3201/2044
f 3202/3202/2044 3203/3203/2045 3204/3204/2046
f 3205/3205/2047 3206/3206/2003 3207/3207/2005
f 3208/3208/2048 3209/3209/2047 3210/3210/2049
f 3211/3211/2050 3212/3212/1990 3213/3213/2051
f 3214/3214/1990 3215/3215/2052 3216/3216/2051
f 3217/3217/2053 3218/3218/2054 3219/3219/2055
f 3220/3220/2056 3221/3221/1990 3222/3222/2056
f 3223/3223/1993 3224/3224/1755 3225/3225/2057
f 3226/3226/2058 3227/3227/1779 3228/3228/2059
f 3229/3229/2060 3230/3230/1983 3231/3231/2060
f 3232/3232/2061 3233/3233/1945 3234/3234/2009
f 3235/3235/2062 3236/3236/2063 3237/3237/2064
f 3238/3238/2065 3239/3239/2062 3240/3240/2064
f 3241/3241/2066 3242/3242/1799 3243/3243/2067
f 3244/3244/2067 3245/3245/1856 3246/3246/1801
f 3247/3247/2068 3248/3248/2069 3249/3249/2070
f 3250/3250/2071 3251/3251/2072 3252/3252/2063
f 3253/3253/2072 3254/3254/2073 3255/3255/2063
f 3256/3256/1801 3257/3257/2074 3258/3258/2072
f 3259/3259/2075 3260/3260/1815 3261/3261/2075
f 3262/3262/2076 3263/3263/2061 3264/3264/2009
f 3265/3265/2077 3266/3266/2078 3267/3267/2077
f 3268/3268/2079 3269/3269/2079 3270/3270/2079
f 3271/3271/2080 3272/3272/2080 3273/3273/2081
f 3274/3274/2082 3275/3275/2083 3276/3276/2081
f 3277/3277/2084 3278/3278/2085 3279/3279/2086
f 3280/3280/2083 3281/3281/2087 3282/3282/2088
f 3283/3283/2086 3284/3284/2089 3285/3285/2090
f 3286/3286/2091 3287/3287/2092 3288/3288/2093
f 3289/3289/2094 3290/3290/2095 3291/3291/2096
f 3292/3292/1987 3293/3293/2097 3294/3294/2009
f 3295/3295/2098 3296/3296/1477 3297/3297/2099
f 3298/3298/2100 3299/3299/2101 3300/3300/2102
f 3301/3301/2102 3302/3302/2103 3303/3303/2104
f 3304/3304/2104 3305/3305/2105 3306/3306/2106
f 3307/3307/2107 3308/3308/2107 3309/3309/2107
f 3310/3310/2108 3311/3311/2108 3312/3312/2108
f 3313/3313/2066 3314/3314/2109 3315/3315/1855
f 3316/3316/2109 3317/3317/2110 3318/3318/2110
f 3319/3319/1859 3320/3320/2109 3321/3321/2111
f 3322/3322/2112 3323/3323/2113 3324/3324/2113
f 3325/3325/2114 3326/3326/2114 3327/3327/2115
f 3328/3328/2116 3329/3329/2117 3330/3330/2117
f 3331/3331/2117 3332/3332/2117 3333/3333/2118
f 3334/3334/2119 3335/3335/2120 3336/3336/2120
usemtl Material_2.001
f 3337/3337/2121 3338/3338/2121 3339/3339/2122
f 3340/3340/2123 3341/3341/2123 3342/3342/2124
f 3343/3343/2125 3344/3344/2126 3345/3345/2127
f 3346/3346/2128 3347/3347/2126 3348/3348/2129
f 3349/3349/2130 3350/3350/2130 3351/3351/2131
f 3352/3352/2132 3353/3353/2132 3354/3354/2133
f 3355/3355/2134 3356/3356/2134 3357/3357/2135
f 3358/3358/2136 3359/3359/2137 3360/3360/2138
f 3361/3361/2137 3362/3362/2139 3363/3363/2140
f 3364/3364/2141 3365/3365/2142 3366/3366/2143
f 3367/3367/2144 3368/3368/2145 3369/3369/2146
f 3370/3370/2147 3371/3371/2130 3372/3372/2130
f 3373/3373/2148 3374/3374/2149 3375/3375/2150
f 3376/3376/2151 3377/3377/2152 3378/3378/2153
f 3379/3379/2153 3380/3380/2152 3381/3381/2154
f 3382/3382/2155 3383/3383/2148 3384/3384/2150
f 3385/3385/2153 3386/3386/2156 3387/3387/2157
f 3388/3388/2152 3389/3389/2158 3390/3390/2154
f 3391/3391/2157 3392/3392/2151 3393/3393/2153
f 3394/3394/2154 3395/3395/2155 3396/3396/2159
f 3397/3397/2156 3398/3398/2160 3399/3399/2157
f 3400/3400/2155 3401/3401/2161 3402/3402/2159
f 3403/3403/2159 3404/3404/2161 3405/3405/2160
f 3406/3406/2161 3407/3407/2162 3408/3408/2160
f 3409/3409/2163 3410/3410/2164 3411/3411/2157
f 3412/3412/2165 3413/3413/2166 3414/3414/2167
f 3415/3415/2167 3416/3416/2166 3417/3417/2168
f 3418/3418/2167 3419/3419/2169 3420/3420/2170
f 3421/3421/2171 3422/3422/2165 3423/3423/2167
f 3424/3424/2170 3425/3425/2169 3426/3426/2172
f 3427/3427/2173 3428/3428/2173 3429/3429/2174
f 3430/3430/2169 3431/3431/2175 3432/3432/2172
f 3433/3433/2176 3434/3434/2177 3435/3435/2178
f 3436/3436/2172 3437/3437/2175 3438/3438/2176
f 3439/3439/2179 3440/3440/2180 3441/3441/2180
f 3442/3442/2173 3443/3443/2181 3444/3444/2173
f 3445/3445/2172 3446/3446/2176 3447/3447/2182
f 3448/3448/2182 3449/3449/2176 3450/3450/2183
f 3451/3451/2184 3452/3452/2176 3453/3453/2178
f 3454/3454/2171 3455/3455/2185 3456/3456/2183
f 3457/3457/2185 3458/3458/2186 3459/3459/2183
f 3460/3460/2187 3461/3461/2187 3462/3462/2188
f 3463/3463/2128 3464/3464/2189 3465/3465/2125
f 3466/3466/2125 3467/3467/2190 3468/3468/2191
f 3469/3469/2192 3470/3470/2179 3471/3471/2192
f 3472/3472/2193 3473/3473/2193 3474/3474/2194
f 3475/3475/2195 3476/3476/2196 3477/3477/2195
f 3478/3478/2197 3479/3479/2197 3480/3480/2196
f 3481/3481/2198 3482/3482/2199 3483/3483/2200
f 3484/3484/2200 3485/3485/2201 3486/3486/2202
f 3487/3487/2201 3488/3488/2203 3489/3489/2202
f 3490/3490/2204 3491/3491/2205 3492/3492/2206
f 3493/3493/2207 3494/3494/2208 3495/3495/2209
f 3496/3496/2208 3497/3497/2208 3498/3498/2210
f 3607/3607/2278 3608/3608/2279 3609/3609/2280
f 3610/3610/2280 3611/3611/2281 3612/3612/2281
f 3613/3613/2282 3614/3614/2282 3615/3615/2282
f 3616/3616/2282 3617/3617/2282 3618/3618/2282
f 3619/3619/2283 3620/3620/2283 3621/3621/2283
f 3622/3622/2284 3623/3623/2285 3624/3624/2285
f 3625/3625/2286 3626/3626/2286 3627/3627/2287
f 3628/3628/2288 3629/3629/2289 3630/3630/2289
f 3631/3631/2289 3632/3632/2289 3633/3633/2290
f 3634/3634/2291 3635/3635/2292 3636/3636/2293
f 3637/3637/2294 3638/3638/2295 3639/3639/2296
f 3640/3640/2297 3641/3641/2294 3642/3642/2298
f 3643/3643/2299 3644/3644/2300 3645/3645/2301
f 3646/3646/2301 3647/3647/2302 3648/3648/2303
f 3649/3649/2302 3650/3650/2304 3651/3651/2303
f 3652/3652/2305 3653/3653/2306 3654/3654/2307
f 3655/3655/2306 3656/3656/2308 3657/3657/2309
f 3658/3658/2293 3659/3659/2310 3660/3660/2311
f 3661/3661/2312 3662/3662/2313 3663/3663/2314
f 3664/3664/2315 3665/3665/2316 3666/3666/2314
f 3667/3667/2317 3668/3668/2318 3669/3669/2319
f 3670/3670/2320 3671/3671/2321 3672/3672/2322
f 3673/3673/2321 3674/3674/2323 3675/3675/2322
f 3676/3676/2324 3677/3677/2325 3678/3678/2326
f 3679/3679/2325 3680/3680/2327 3681/3681/2328
f 3682/3682/2328 3683/3683/2327 3684/3684/2329
f 3685/3685/2327 3686/3686/2330 3687/3687/2329
f 3688/3688/2319 3689/3689/2331 3690/3690/2332
f 3691/3691/2333 3692/3692/2334 3693/3693/2335
f 3694/3694/2336 3695/3695/2337 3696/3696/2337
f 3697/3697/2338 3698/3698/2338 3699/3699/2338
f 3700/3700/2337 3701/3701/2337 3702/3702/2339
f 3703/3703/2340 3704/3704/2341 3705/3705/2340
f 3706/3706/2342 3707/3707/2342 3708/3708/2343
f 3709/3709/2342 3710/3710/2344 3711/3711/2345
f 3712/3712/2346 3713/3713/2347 3714/3714/2346
f 3715/3715/2348 3716/3716/2349 3717/3717/2349
f 3718/3718/2350 3719/3719/2351 3720/3720/2350
f 3721/3721/2352 3722/3722/2353 3723/3723/2354
f 3724/3724/2355 3725/3725/2356 3726/3726/2354
f 3727/3727/2357 3728/3728/2358 3729/3729/2359
f 3730/3730/2358 3731/3731/2360 3732/3732/2359
f 3733/3733/2361 3734/3734/2361 3735/3735/2362
f 3736/3736/2362 3737/3737/2363 3738/3738/2364
f 3739/3739/2365 3740/3740/2365 3741/3741/2365
f 3742/3742/2366 3743/3743/2366 3744/3744/2366
f 3745/3745/2366 3746/3746/2366 3747/3747/2366
f 3748/3748/2300 3749/3749/2367 3750/3750/2301
f 3751/3751/2368 3752/3752/2369 3753/3753/2370
f 3754/3754/2371 3755/3755/2372 3756/3756/2372
f 3757/3757/2373 3758/3758/2331 3759/3759/2335
f 3760/3760/2374 3761/3761/2374 3762/3762/2374
f 3763/3763/2375 3764/3764/2341 3765/3765/2375
f 3766/3766/2376 3767/3767/2376 3768/3768/2376
f 3769/3769/2376 3770/3770/2376 3771/3771/2376
f 3772/3772/2377 3773/3773/2377 3774/3774/2377
f 3775/3775/2377 3776/3776/2377 3777/3777/2377
f 3778/3778/2378 3779/3779/2379 3780/3780/2379
f 3781/3781/2380 3782/3782/2381 3783/3783/2380
f 3784/3784/2382 3785/3785/2383 3786/3786/2384
f 3787/3787/2384 3788/3788/2384 3789/3789/2384
f 3790/3790/2385 3791/3791/2386 3792/3792/2387
f 3793/3793/2388 3794/3794/2389 3795/3795/2387
f 3796/3796/2387 3797/3797/2346 3798/3798/2346
usemtl Material_3
f 3499/3499/2211 3500/3500/2212 3501/3501/2213
f 3502/3502/2214 3503/3503/2215 3504/3504/2213
f 3505/3505/2216 3506/3506/2217 3507/3507/2218
f 3508/3508/2219 3509/3509/2220 3510/3510/2221
f 3511/3511/2222 3512/3512/2216 3513/3513/2218
f 3514/3514/2223 3515/3515/2214 3516/3516/2216
f 3517/3517/2224 3518/3518/2211 3519/3519/2225
f 3520/3520/2226 3521/3521/2214 3522/3522/2227
f 3523/3523/2228 3524/3524/2229 3525/3525/2230
f 3526/3526/2231 3527/3527/2232 3528/3528/2233
f 3529/3529/2233 3530/3530/2234 3531/3531/2231
f 3532/3532/2235 3533/3533/2234 3534/3534/2230
f 3535/3535/2236 3536/3536/2237 3537/3537/2238
f 3538/3538/2238 3539/3539/2237 3540/3540/2211
f 3541/3541/2239 3542/3542/2240 3543/3543/2241
f 3544/3544/2242 3545/3545/2243 3546/3546/2244
f 3547/3547/2245 3548/3548/2246 3549/3549/2247
f 3550/3550/2248 3551/3551/2249 3552/3552/2250
f 3553/3553/2249 3554/3554/2251 3555/3555/2250
f 3556/3556/2243 3557/3557/2252 3558/3558/2244
f 3559/3559/2253 3560/3560/2254 3561/3561/2254
f 3562/3562/2255 3563/3563/2256 3564/3564/2241
f 3565/3565/2246 3566/3566/2257 3567/3567/2258
f 3568/3568/2259 3569/3569/2260 3570/3570/2261
f 3571/3571/2254 3572/3572/2262 3573/3573/2254
f 3574/3574/2263 3575/3575/2260 3576/3576/2264
f 3577/3577/2263 3578/3578/2265 3579/3579/2266
f 3580/3580/2260 3581/3581/2257 3582/3582/2246
f 3583/3583/2248 3584/3584/2250 3585/3585/2267
f 3586/3586/2267 3587/3587/2262 3588/3588/2268
f 3589/3589/2269 3590/3590/2270 3591/3591/2271
f 3592/3592/2272 3593/3593/2222 3594/3594/2273
f 3595/3595/2272 3596/3596/2226 3597/3597/2222
f 3598/3598/2270 3599/3599/2269 3600/3600/2274
f 3601/3601/2275 3602/3602/2275 3603/3603/2276
f 3604/3604/2277 3605/3605/2264 3606/3606/2276
usemtl Material_4.001
f 3799/3799/2390 3800/3800/2391 3801/3801/2392
f 3802/3802/2393 3803/3803/2394 3804/3804/2395
f 3805/3805/2396 3806/3806/2397 3807/3807/2398
f 3808/3808/2399 3809/3809/2400 3810/3810/2400
f 3811/3811/2401 3812/3812/2402 3813/3813/2401
f 3814/3814/2403 3815/3815/2404 3816/3816/2405
f 3817/3817/2404 3818/3818/2405 3819/3819/2406
f 3820/3820/2394 3821/3821/2407 3822/3822/2408
f 3823/3823/2409 3824/3824/2409 3825/3825/2410
f 3826/3826/2394 3827/3827/2407 3828/3828/2407
f 3829/3829/2411 3830/3830/2411 3831/3831/2412
f 3832/3832/2409 3833/3833/2413 3834/3834/2409
f 3835/3835/2412 3836/3836/2414 3837/3837/2415
f 3838/3838/2416 3839/3839/2417 3840/3840/2416
f 3841/3841/2416 3842/3842/2417 3843/3843/2416
f 3844/3844/2418 3845/3845/2419 3846/3846/2420
f 3847/3847/2397 3848/3848/2396 3849/3849/2397
f 3850/3850/2421 3851/3851/2422 3852/3852/2423
f 3853/3853/2424 3854/3854/2425 3855/3855/2424
f 3856/3856/2426 3857/3857/2427 3858/3858/2428
f 3859/3859/2429 3860/3860/2430 3861/3861/2431
f 3862/3862/2432 3863/3863/2433 3864/3864/2434
f 3865/3865/2435 3866/3866/2436 3867/3867/2437
f 3868/3868/2436 3869/3869/2438 3870/3870/2438
f 3871/3871/2439 3872/3872/2440 3873/3873/2441
f 3874/3874/2442 3875/3875/2443 3876/3876/2443
f 3877/3877/2444 3878/3878/2445 3879/3879/2445
f 3880/3880/2446 3881/3881/2447 3882/3882/2447
f 3883/3883/2445 3884/3884/2444 3885/3885/2445
f 3886/3886/2448 3887/3887/2449 3888/3888/2450
f 3889/3889/2450 3890/3890/2451 3891/3891/2450
f 3892/3892/2440 3893/3893/2439 3894/3894/2440
f 3895/3895/2452 3896/3896/2453 3897/3897/2454
f 3898/3898/2455 3899/3899/2455 3900/3900/2456
f 3901/3901/2456 3902/3902/2455 3903/3903/2457
f 3904/3904/2458 3905/3905/2458 3906/3906/2459
f 3907/3907/2443 3908/3908/2460 3909/3909/2461
f 3910/3910/2438 3911/3911/2438 3912/3912/2438
f 3913/3913/2462 3914/3914/2463 3915/3915/2464
f 3916/3916/2458 3917/3917/2464 3918/3918/2458
f 3919/3919/2465 3920/3920/2466 3921/3921/2463
f 3922/3922/2451 3923/3923/2467 3924/3924/2468
f 3925/3925/2469 3926/3926/2470 3927/3927/2471
f 3928/3928/2471 3929/3929/2472 3930/3930/2473
f 3931/3931/2474 3932/3932/2475 3933/3933/2476
f 3934/3934/2477 3935/3935/2477 3936/3936/2478
f 3937/3937/2477 3938/3938/2479 3939/3939/2478
f 3940/3940/2480 3941/3941/2481 3942/3942/2482
f 3943/3943/2483 3944/3944/2483 3945/3945/2484
f 3946/3946/2480 3947/3947/2481 3948/3948/2481
f 3949/3949/2485 3950/3950/2486 3951/3951/2485
f 3952/3952/2487 3953/3953/2488 3954/3954/2489
f 3955/3955/2490 3956/3956/2491 3957/3957/2490
f 3958/3958/2492 3959/3959/2493 3960/3960/2493
f 3961/3961/2490 3962/3962/2491 3963/3963/2490
f 3964/3964/2494 3965/3965/2495 3966/3966/2496
f 3967/3967/2475 3968/3968/2474 3969/3969/2475
f 3970/3970/2497 3971/3971/2497 3972/3972/2498
f 3973/3973/2499 3974/3974/2500 3975/3975/2500
f 3976/3976/2497 3977/3977/2497 3978/3978/2501
f 3979/3979/2502 3980/3980/2503 3981/3981/2504
f 3982/3982/2505 3983/3983/2506 3984/3984/2507
f 3985/3985/2508 3986/3986/2509 3987/3987/2510
f 3988/3988/2511 3989/3989/2511 3990/3990/2512
f 3991/3991/2513 3992/3992/2514 3993/3993/2515
f 3994/3994/2516 3995/3995/2517 3996/3996/2516
f 3997/3997/2518 3998/3998/2518 3999/3999/2519
f 4000/4000/2518 4001/4001/2520 4002/4002/2519
f 4003/4003/2521 4004/4004/2521 4005/4005/2522
f 4006/4006/2514 4007/4007/2523 4008/4008/2524
f 4009/4009/2525 4010/4010/2526 4011/4011/2527
f 4012/4012/2528 4013/4013/2529 4014/4014/2529
f 4015/4015/2527 4016/4016/2530 4017/4017/2527
f 4018/4018/2531 4019/4019/2532 4020/4020/2533
f 4021/4021/2534 4022/4022/2534 4023/4023/2534
f 4024/4024/2535 4025/4025/2536 4026/4026/2537
f 4027/4027/2535 4028/4028/2535 4029/4029/2537
f 4030/4030/2538 4031/4031/2538 4032/4032/2539
f 4033/4033/2540 4034/4034/2541 4035/4035/2541
f 4036/4036/2542 4037/4037/2542 4038/4038/2539
f 4039/4039/2543 4040/4040/2544 4041/4041/2545
f 4042/4042/2546 4043/4043/2547 4044/4044/2548
f 4045/4045/2549 4046/4046/2550 4047/4047/2525
f 4048/4048/2551 4049/4049/2551 4050/4050/2552
f 4051/4051/2553 4052/4052/2554 4053/4053/2555
f 4054/4054/2556 4055/4055/2557 4056/4056/2556
f 4057/4057/2558 4058/4058/2559 4059/4059/2558
f 4060/4060/2560 4061/4061/2561 4062/4062/2560
f 4063/4063/2557 4064/4064/2557 4065/4065/2562
f 4066/4066/2563 4067/4067/2564 4068/4068/2565
f 4069/4069/2553 4070/4070/2565 4071/4071/2565
f 4072/4072/2566 4073/4073/2566 4074/4074/2567
f 4075/4075/2421 4076/4076/2421 4077/4077/2421
f 4078/4078/2568 4079/4079/2568 4080/4080/2569
f 4081/4081/2437 4082/4082/2570 4083/4083/2571
f 4084/4084/2572 4085/4085/2572 4086/4086/2573
f 4087/4087/2574 4088/4088/2575 4089/4089/2574
f 4090/4090/2576 4091/4091/2576 4092/4092/2577
f 4093/4093/2578 4094/4094/2578 4095/4095/2578
f 4096/4096/2579 4097/4097/2580 4098/4098/2579
f 4099/4099/2578 4100/4100/2578 4101/4101/2581
f 4102/4102/2579 4103/4103/2579 4104/4104/2582
f 4105/4105/2575 4106/4106/2575 4107/4107/2575
f 4108/4108/2583 4109/4109/2583 4110/4110/2584
f 4111/4111/2585 4112/4112/2586 4113/4113/2586
f 4114/4114/2587 4115/4115/2587 4116/4116/2588
f 4117/4117/2589 4118/4118/2590 4119/4119/2588
f 4120/4120/2591 4121/4121/2592 4122/4122/2591
f 4123/4123/2593 4124/4124/2594 4125/4125/2594
f 4126/4126/2594 4127/4127/2595 4128/4128/2594
f 4129/4129/2493 4130/4130/2493 4131/4131/2596
f 4132/4132/2488 4133/4133/2597 4134/4134/2487
f 4135/4135/2598 4136/4136/2598 4137/4137/2598
f 4138/4138/2599 4139/4139/2600 4140/4140/2601
f 4141/4141/2600 4142/4142/2601 4143/4143/2601
f 4144/4144/2602 4145/4145/2499 4146/4146/2602
f 4147/4147/2603 4148/4148/2604 4149/4149/2605
f 4150/4150/2606 4151/4151/2607 4152/4152/2608
f 4153/4153/2609 4154/4154/2610 4155/4155/2610
f 4156/4156/2611 4157/4157/2612 4158/4158/2611
f 4159/4159/2613 4160/4160/2613 4161/4161/2614
f 4162/4162/2514 4163/4163/2523 4164/4164/2523
f 4165/4165/2615 4166/4166/2616 4167/4167/2617
f 4168/4168/2618 4169/4169/2618 4170/4170/2619
f 4171/4171/2619 4172/4172/2618 4173/4173/2620
f 4174/4174/2621 4175/4175/2622 4176/4176/2623
f 4177/4177/2622 4178/4178/2623 4179/4179/2623
f 4180/4180/2624 4181/4181/2540 4182/4182/2624
