mtllib DogFBX.mtl
o Dog
usemtl BlackDog
v -9.925121452634942e-15 2.0557980909292715 0.2689756028486476
v -0.2579984173356841 1.9884255185110784 0.26897561190074015
v -0.30898442169895374 1.972603521068006 0.7239416096032536
v -9.925121452634942e-15 2.0557980909292715 0.2689756028486476
v -0.30898442169895374 1.972603521068006 0.7239416096032536
v -2.783787926552994e-14 2.039976097581238 0.7544199707204111
v -2.783787926552994e-14 2.039976097581238 0.7544199707204111
v -0.30898442169895374 1.972603521068006 0.7239416096032536
v -0.4201368714883007 1.9240579453102074 0.992722182953719
v -2.783787926552994e-14 2.039976097581238 0.7544199707204111
v -0.4201368714883007 1.9240579453102074 0.992722182953719
v -3.6615976926377894e-14 1.9446755798329158 0.9923106428537904
v -0.5332645535485326 1.5624450115849207 0.2483738735104388
v -0.2579984173356841 1.9884255185110784 0.26897561190074015
v -0.2579984173356662 2.004247557769122 -0.21646875597102966
v -0.5332645535485326 1.5624450115849207 0.2483738735104388
v -0.2579984173356662 2.004247557769122 -0.21646875597102966
v -0.5972043426978028 1.6462118699145805 -0.22714498887494308
v -0.2579984173356437 2.2164422107009245 -0.8265603424505901
v 3.049984109183174e-14 2.2838147831191176 -0.8265603515026826
v 3.4027395521229907e-14 2.3446710595112052 -0.9221587735352875
v -0.2579984173356437 2.2164422107009245 -0.8265603424505901
v 3.4027395521229907e-14 2.3446710595112052 -0.9221587735352875
v -0.25799841733564016 2.277298487093012 -0.9221587644831949
v -0.3891444928469026 1.220335587248316 0.6700355542167914
v -2.4724120476749073e-14 1.142923643389905 0.6700355646177864
v -4.5957274024725866e-14 1.543382173121519 1.2454642766598285
v -0.3891444928469026 1.220335587248316 0.6700355542167914
v -4.5957274024725866e-14 1.543382173121519 1.2454642766598285
v -0.5211674954594406 1.5293617902392032 1.2489821789710471
v -0.5986719020780048 1.4786781475165034 0.7238926899858067
v -0.3891444928469026 1.220335587248316 0.6700355542167914
v -0.5211674954594406 1.5293617902392032 1.2489821789710471
v -0.2579984173356662 2.004247557769122 -0.21646875597102966
v 7.987636360260362e-15 2.0716201301873145 -0.21646876502312223
v 3.049984109183174e-14 2.2838147831191176 -0.8265603515026826
v -0.2579984173356662 2.004247557769122 -0.21646875597102966
v 3.049984109183174e-14 2.2838147831191176 -0.8265603515026826
v -0.2579984173356437 2.2164422107009245 -0.8265603424505901
v -0.32447092400751404 1.1359510201215315 0.19777627922516433
v -7.297888980185767e-15 1.0585390992181258 0.19777628962615382
v -2.4724120476749073e-14 1.142923643389905 0.6700355646177864
v -0.32447092400751404 1.1359510201215315 0.19777627922516433
v -2.4724120476749073e-14 1.142923643389905 0.6700355646177864
v -0.3891444928469026 1.220335587248316 0.6700355542167914
v -4.5957274024725866e-14 1.543382173121519 1.2454642766598285
v -3.6615976926377894e-14 1.9446755798329158 0.9923106428537904
v -0.4201368714883007 1.9240579453102074 0.992722182953719
v -4.5957274024725866e-14 1.543382173121519 1.2454642766598285
v -0.4201368714883007 1.9240579453102074 0.992722182953719
v -0.5211674954594406 1.5293617902392032 1.2489821789710471
v -0.5972043426978028 1.6462118699145805 -0.22714498887494308
v -0.2579984173356662 2.004247557769122 -0.21646875597102966
v -0.2579984173356437 2.2164422107009245 -0.8265603424505901
v -0.5972043426978028 1.6462118699145805 -0.22714498887494308
v -0.2579984173356437 2.2164422107009245 -0.8265603424505901
v -0.5454692247010952 1.8240564344723305 -0.9286718648870494
v 1.0128342516377234e-14 0.9741545091363364 -0.27448298536547255
v -0.3891444928468678 1.0515664529947473 -0.27448299576646756
v -0.3891444928468348 1.2268428085672505 -1.169372366138032
v 1.0128342516377234e-14 0.9741545091363364 -0.27448298536547255
v -0.3891444928468348 1.2268428085672505 -1.169372366138032
v 4.314950363301746e-14 1.1494308647088396 -1.169372355737037
v -0.25799841733564016 2.277298487093012 -0.9221587644831949
v 3.4027395521229907e-14 2.3446710595112052 -0.9221587735352875
v 4.2672018341611134e-14 2.281910758862531 -1.1564322206526554
v -0.25799841733564016 2.277298487093012 -0.9221587644831949
v 4.2672018341611134e-14 2.281910758862531 -1.1564322206526554
v -0.22538752720114627 2.2145381864443383 -1.1564322116005616
v 4.314950363301746e-14 1.1494308647088396 -1.169372355737037
v -0.3891444928468348 1.2268428085672505 -1.169372366138032
v -0.3891444928468252 1.4986603853049985 -1.428465911463717
v 4.314950363301746e-14 1.1494308647088396 -1.169372355737037
v -0.3891444928468252 1.4986603853049985 -1.428465911463717
v 5.2709981534770714e-14 1.4212484357078365 -1.4284659010627212
v -0.5454692247010952 1.8240564344723305 -0.9286718648870494
v -0.2579984173356437 2.2164422107009245 -0.8265603424505901
v -0.25799841733564016 2.277298487093012 -0.9221587644831949
v -0.5454692247010952 1.8240564344723305 -0.9286718648870494
v -0.25799841733564016 2.277298487093012 -0.9221587644831949
v -0.503390910031161 1.8654641337405413 -1.1582095248271338
v -0.4431811714656238 1.876306074591839 -1.3769075518356326
v -0.22538752720114627 2.2145381864443383 -1.1564322116005616
v 4.2672018341611134e-14 2.281910758862531 -1.1564322206526554
v -0.4431811714656238 1.876306074591839 -1.3769075518356326
v 4.2672018341611134e-14 2.281910758862531 -1.1564322206526554
v 5.0684793415936435e-14 1.9632083984374766 -1.3735823014862647
v 5.2709981534770714e-14 1.4212484357078365 -1.4284659010627212
v -0.3891444928468252 1.4986603853049985 -1.428465911463717
v -0.4431811714656238 1.876306074591839 -1.3769075518356326
v 5.2709981534770714e-14 1.4212484357078365 -1.4284659010627212
v -0.4431811714656238 1.876306074591839 -1.3769075518356326
v 5.0684793415936435e-14 1.9632083984374766 -1.3735823014862647
v -0.503390910031161 1.8654641337405413 -1.1582095248271338
v -0.25799841733564016 2.277298487093012 -0.9221587644831949
v -0.22538752720114627 2.2145381864443383 -1.1564322116005616
v -0.503390910031161 1.8654641337405413 -1.1582095248271338
v -0.22538752720114627 2.2145381864443383 -1.1564322116005616
v -0.4431811714656238 1.876306074591839 -1.3769075518356326
v -0.32447092400751404 1.1359510201215315 0.19777627922516433
v -0.5332645535485326 1.5624450115849207 0.2483738735104388
v -0.5972043426978028 1.6462118699145805 -0.22714498887494308
v -0.32447092400751404 1.1359510201215315 0.19777627922516433
v -0.5972043426978028 1.6462118699145805 -0.22714498887494308
v -0.3891444928468678 1.0515664529947473 -0.27448299576646756
v -0.3891444928468678 1.0515664529947473 -0.27448299576646756
v -0.5972043426978028 1.6462118699145805 -0.22714498887494308
v -0.5454692247010952 1.8240564344723305 -0.9286718648870494
v -0.3891444928468678 1.0515664529947473 -0.27448299576646756
v -0.5454692247010952 1.8240564344723305 -0.9286718648870494
v -0.3891444928468348 1.2268428085672505 -1.169372366138032
v -0.3891444928468348 1.2268428085672505 -1.169372366138032
v -0.5454692247010952 1.8240564344723305 -0.9286718648870494
v -0.503390910031161 1.8654641337405413 -1.1582095248271338
v -0.3891444928468348 1.2268428085672505 -1.169372366138032
v -0.503390910031161 1.8654641337405413 -1.1582095248271338
v -0.3891444928468252 1.4986603853049985 -1.428465911463717
v -0.3891444928468252 1.4986603853049985 -1.428465911463717
v -0.503390910031161 1.8654641337405413 -1.1582095248271338
v -0.4431811714656238 1.876306074591839 -1.3769075518356326
v -0.5986719020780048 1.4786781475165034 0.7238926899858067
v -0.5211674954594406 1.5293617902392032 1.2489821789710471
v -0.4201368714883007 1.9240579453102074 0.992722182953719
v -0.3891444928469026 1.220335587248316 0.6700355542167914
v -0.5986719020780048 1.4786781475165034 0.7238926899858067
v -0.5332645535485326 1.5624450115849207 0.2483738735104388
v -0.3891444928469026 1.220335587248316 0.6700355542167914
v -0.5332645535485326 1.5624450115849207 0.2483738735104388
v -0.32447092400751404 1.1359510201215315 0.19777627922516433
v -0.3891444928468678 1.0515664529947473 -0.27448299576646756
v 1.0128342516377234e-14 0.9741545091363364 -0.27448298536547255
v -7.297888980185767e-15 1.0585390992181258 0.19777628962615382
v -0.3891444928468678 1.0515664529947473 -0.27448299576646756
v -7.297888980185767e-15 1.0585390992181258 0.19777628962615382
v -0.32447092400751404 1.1359510201215315 0.19777627922516433
v -0.5986719020780048 1.4786781475165034 0.7238926899858067
v -0.30898442169895374 1.972603521068006 0.7239416096032536
v -0.2579984173356841 1.9884255185110784 0.26897561190074015
v -0.5986719020780048 1.4786781475165034 0.7238926899858067
v -0.2579984173356841 1.9884255185110784 0.26897561190074015
v -0.5332645535485326 1.5624450115849207 0.2483738735104388
v 7.987636360260362e-15 2.0716201301873145 -0.21646876502312223
v -0.2579984173356662 2.004247557769122 -0.21646875597102966
v -0.2579984173356841 1.9884255185110784 0.26897561190074015
v 7.987636360260362e-15 2.0716201301873145 -0.21646876502312223
v -0.2579984173356841 1.9884255185110784 0.26897561190074015
v -9.925121452634942e-15 2.0557980909292715 0.2689756028486476
v -9.925121452634942e-15 2.0557980909292715 0.2689756028486476
v -2.783787926552994e-14 2.039976097581238 0.7544199707204111
v 0.30898442169890034 1.972603521068006 0.7239416096032765
v -9.925121452634942e-15 2.0557980909292715 0.2689756028486476
v 0.30898442169890034 1.972603521068006 0.7239416096032765
v 0.25799841733566425 1.9884255185110784 0.26897561190075914
v -2.783787926552994e-14 2.039976097581238 0.7544199707204111
v -3.6615976926377894e-14 1.9446755798329158 0.9923106428537904
v 0.4201368714882274 1.9240579453102074 0.99272218295375
v -2.783787926552994e-14 2.039976097581238 0.7544199707204111
v 0.4201368714882274 1.9240579453102074 0.99272218295375
v 0.30898442169890034 1.972603521068006 0.7239416096032765
v 0.5332645535485142 1.5624450115849207 0.24837387351047815
v 0.5972043426978194 1.6462118699145805 -0.227144988874899
v 0.2579984173356822 2.004247557769122 -0.21646875597101062
v 0.5332645535485142 1.5624450115849207 0.24837387351047815
v 0.2579984173356822 2.004247557769122 -0.21646875597101062
v 0.25799841733566425 1.9884255185110784 0.26897561190075914
v 0.25799841733570467 2.2164422107009245 -0.826560342450571
v 0.2579984173357082 2.277298487093012 -0.9221587644831758
v 3.4027395521229907e-14 2.3446710595112052 -0.9221587735352875
v 0.25799841733570467 2.2164422107009245 -0.826560342450571
v 3.4027395521229907e-14 2.3446710595112052 -0.9221587735352875
v 3.049984109183174e-14 2.2838147831191176 -0.8265603515026826
v 0.3891444928468532 1.220335587248316 0.67003555421682
v 0.5211674954593485 1.5293617902392032 1.2489821789710858
v -4.5957274024725866e-14 1.543382173121519 1.2454642766598285
v 0.3891444928468532 1.220335587248316 0.67003555421682
v -4.5957274024725866e-14 1.543382173121519 1.2454642766598285
v -2.4724120476749073e-14 1.142923643389905 0.6700355646177864
v 0.5986719020779513 1.4786781475165034 0.7238926899858509
v 0.5211674954593485 1.5293617902392032 1.2489821789710858
v 0.3891444928468532 1.220335587248316 0.67003555421682
v 0.2579984173356822 2.004247557769122 -0.21646875597101062
v 0.25799841733570467 2.2164422107009245 -0.826560342450571
v 3.049984109183174e-14 2.2838147831191176 -0.8265603515026826
v 0.2579984173356822 2.004247557769122 -0.21646875597101062
v 3.049984109183174e-14 2.2838147831191176 -0.8265603515026826
v 7.987636360260362e-15 2.0716201301873145 -0.21646876502312223
v 0.3244709240074995 1.1359510201215315 0.19777627922518826
v 0.3891444928468532 1.220335587248316 0.67003555421682
v -2.4724120476749073e-14 1.142923643389905 0.6700355646177864
v 0.3244709240074995 1.1359510201215315 0.19777627922518826
v -2.4724120476749073e-14 1.142923643389905 0.6700355646177864
v -7.297888980185767e-15 1.0585390992181258 0.19777628962615382
v -4.5957274024725866e-14 1.543382173121519 1.2454642766598285
v 0.5211674954593485 1.5293617902392032 1.2489821789710858
v 0.4201368714882274 1.9240579453102074 0.99272218295375
v -4.5957274024725866e-14 1.543382173121519 1.2454642766598285
v 0.4201368714882274 1.9240579453102074 0.99272218295375
v -3.6615976926377894e-14 1.9446755798329158 0.9923106428537904
v 0.5972043426978194 1.6462118699145805 -0.227144988874899
v 0.5454692247011638 1.8240564344723305 -0.9286718648870093
v 0.25799841733570467 2.2164422107009245 -0.826560342450571
v 0.5972043426978194 1.6462118699145805 -0.227144988874899
v 0.25799841733570467 2.2164422107009245 -0.826560342450571
v 0.2579984173356822 2.004247557769122 -0.21646875597101062
v 1.0128342516377234e-14 0.9741545091363364 -0.27448298536547255
v 4.314950363301746e-14 1.1494308647088396 -1.169372355737037
v 0.38914449284692104 1.2268428085672505 -1.169372366138003
v 1.0128342516377234e-14 0.9741545091363364 -0.27448298536547255
v 0.38914449284692104 1.2268428085672505 -1.169372366138003
v 0.389144492846888 1.0515664529947473 -0.2744829957664388
v 0.2579984173357082 2.277298487093012 -0.9221587644831758
v 0.2253875272012316 2.2145381864443383 -1.1564322116005452
v 4.2672018341611134e-14 2.281910758862531 -1.1564322206526554
v 0.2579984173357082 2.277298487093012 -0.9221587644831758
v 4.2672018341611134e-14 2.281910758862531 -1.1564322206526554
v 3.4027395521229907e-14 2.3446710595112052 -0.9221587735352875
v 4.314950363301746e-14 1.1494308647088396 -1.169372355737037
v 5.2709981534770714e-14 1.4212484357078365 -1.4284659010627212
v 0.38914449284693065 1.4986603853049985 -1.4284659114636882
v 4.314950363301746e-14 1.1494308647088396 -1.169372355737037
v 0.38914449284693065 1.4986603853049985 -1.4284659114636882
v 0.38914449284692104 1.2268428085672505 -1.169372366138003
v 0.5454692247011638 1.8240564344723305 -0.9286718648870093
v 0.5033909100312465 1.8654641337405413 -1.1582095248270965
v 0.2579984173357082 2.277298487093012 -0.9221587644831758
v 0.5454692247011638 1.8240564344723305 -0.9286718648870093
v 0.2579984173357082 2.277298487093012 -0.9221587644831758
v 0.25799841733570467 2.2164422107009245 -0.826560342450571
v 0.4431811714657254 1.876306074591839 -1.3769075518355998
v 5.0684793415936435e-14 1.9632083984374766 -1.3735823014862647
v 4.2672018341611134e-14 2.281910758862531 -1.1564322206526554
v 0.4431811714657254 1.876306074591839 -1.3769075518355998
v 4.2672018341611134e-14 2.281910758862531 -1.1564322206526554
v 0.2253875272012316 2.2145381864443383 -1.1564322116005452
v 5.2709981534770714e-14 1.4212484357078365 -1.4284659010627212
v 5.0684793415936435e-14 1.9632083984374766 -1.3735823014862647
v 0.4431811714657254 1.876306074591839 -1.3769075518355998
v 5.2709981534770714e-14 1.4212484357078365 -1.4284659010627212
v 0.4431811714657254 1.876306074591839 -1.3769075518355998
v 0.38914449284693065 1.4986603853049985 -1.4284659114636882
v 0.5033909100312465 1.8654641337405413 -1.1582095248270965
v 0.4431811714657254 1.876306074591839 -1.3769075518355998
v 0.2253875272012316 2.2145381864443383 -1.1564322116005452
v 0.5033909100312465 1.8654641337405413 -1.1582095248270965
v 0.2253875272012316 2.2145381864443383 -1.1564322116005452
v 0.2579984173357082 2.277298487093012 -0.9221587644831758
v 0.3244709240074995 1.1359510201215315 0.19777627922518826
v 0.389144492846888 1.0515664529947473 -0.2744829957664388
v 0.5972043426978194 1.6462118699145805 -0.227144988874899
v 0.3244709240074995 1.1359510201215315 0.19777627922518826
v 0.5972043426978194 1.6462118699145805 -0.227144988874899
v 0.5332645535485142 1.5624450115849207 0.24837387351047815
v 0.389144492846888 1.0515664529947473 -0.2744829957664388
v 0.38914449284692104 1.2268428085672505 -1.169372366138003
v 0.5454692247011638 1.8240564344723305 -0.9286718648870093
v 0.389144492846888 1.0515664529947473 -0.2744829957664388
v 0.5454692247011638 1.8240564344723305 -0.9286718648870093
v 0.5972043426978194 1.6462118699145805 -0.227144988874899
v 0.38914449284692104 1.2268428085672505 -1.169372366138003
v 0.38914449284693065 1.4986603853049985 -1.4284659114636882
v 0.5033909100312465 1.8654641337405413 -1.1582095248270965
v 0.38914449284692104 1.2268428085672505 -1.169372366138003
v 0.5033909100312465 1.8654641337405413 -1.1582095248270965
v 0.5454692247011638 1.8240564344723305 -0.9286718648870093
v 0.38914449284693065 1.4986603853049985 -1.4284659114636882
v 0.4431811714657254 1.876306074591839 -1.3769075518355998
v 0.5033909100312465 1.8654641337405413 -1.1582095248270965
v 0.4201368714882274 1.9240579453102074 0.99272218295375
v 0.5211674954593485 1.5293617902392032 1.2489821789710858
v 0.5986719020779513 1.4786781475165034 0.7238926899858509
v 0.3891444928468532 1.220335587248316 0.67003555421682
v 0.3244709240074995 1.1359510201215315 0.19777627922518826
v 0.5332645535485142 1.5624450115849207 0.24837387351047815
v 0.3891444928468532 1.220335587248316 0.67003555421682
v 0.5332645535485142 1.5624450115849207 0.24837387351047815
v 0.5986719020779513 1.4786781475165034 0.7238926899858509
v 0.389144492846888 1.0515664529947473 -0.2744829957664388
v 0.3244709240074995 1.1359510201215315 0.19777627922518826
v -7.297888980185767e-15 1.0585390992181258 0.19777628962615382
v 0.389144492846888 1.0515664529947473 -0.2744829957664388
v -7.297888980185767e-15 1.0585390992181258 0.19777628962615382
v 1.0128342516377234e-14 0.9741545091363364 -0.27448298536547255
v 0.5986719020779513 1.4786781475165034 0.7238926899858509
v 0.5332645535485142 1.5624450115849207 0.24837387351047815
v 0.25799841733566425 1.9884255185110784 0.26897561190075914
v 0.5986719020779513 1.4786781475165034 0.7238926899858509
v 0.25799841733566425 1.9884255185110784 0.26897561190075914
v 0.30898442169890034 1.972603521068006 0.7239416096032765
v 7.987636360260362e-15 2.0716201301873145 -0.21646876502312223
v -9.925121452634942e-15 2.0557980909292715 0.2689756028486476
v 0.25799841733566425 1.9884255185110784 0.26897561190075914
v 7.987636360260362e-15 2.0716201301873145 -0.21646876502312223
v 0.25799841733566425 1.9884255185110784 0.26897561190075914
v 0.2579984173356822 2.004247557769122 -0.21646875597101062
v -0.5920395583910919 1.5030240455398698 1.218674046657644
v -0.5920395583910851 1.658260042696415 1.0346877324413333
v -0.5920395583910742 1.6613379250883777 0.7410373914041898
v -0.5920395583910919 1.5030240455398698 1.218674046657644
v -0.5920395583910742 1.6613379250883777 0.7410373914041898
v -0.592039558391071 1.3995164547501928 0.654005820595159
v -0.592039558391071 1.3995164547501928 0.654005820595159
v -0.5920395583910742 1.6613379250883777 0.7410373914041898
v -0.2481374981044136 1.7295887503822687 0.6992395777253703
v -0.592039558391071 1.3995164547501928 0.654005820595159
v -0.2481374981044136 1.7295887503822687 0.6992395777253703
v -0.24813749810440977 1.4180392306893201 0.5956780226715132
v -0.24813749810440977 1.4180392306893201 0.5956780226715132
v -0.2481374981044136 1.7295887503822687 0.6992395777253703
v -0.24813749810442648 1.725926280371402 1.0486631894987153
v -0.24813749810440977 1.4180392306893201 0.5956780226715132
v -0.24813749810442648 1.725926280371402 1.0486631894987153
v -0.24813749810443456 1.5412062137826665 1.2675942790801236
v -0.24813749810443456 1.5412062137826665 1.2675942790801236
v -0.24813749810442648 1.725926280371402 1.0486631894987153
v -0.5920395583910851 1.658260042696415 1.0346877324413333
v -0.24813749810443456 1.5412062137826665 1.2675942790801236
v -0.5920395583910851 1.658260042696415 1.0346877324413333
v -0.5920395583910919 1.5030240455398698 1.218674046657644
v -0.5920395583910913 1.2730956030030263 1.202634956451427
v -0.5920395583910721 1.1138937358988836 0.6838956628119478
v -0.592039558391083 0.8145727682417848 0.979176767207738
v -0.5920395583910913 1.2730956030030263 1.202634956451427
v -0.592039558391083 0.8145727682417848 0.979176767207738
v -0.5920395583910902 0.9922421459574161 1.1747334610594988
v -0.2481374981044136 1.7295887503822687 0.6992395777253703
v -0.5920395583910742 1.6613379250883777 0.7410373914041898
v -0.5920395583910851 1.658260042696415 1.0346877324413333
v -0.2481374981044136 1.7295887503822687 0.6992395777253703
v -0.5920395583910851 1.658260042696415 1.0346877324413333
v -0.24813749810442648 1.725926280371402 1.0486631894987153
v -0.24813749810443386 1.2676071363342012 1.248508790116831
v -0.24813749810443456 1.5412062137826665 1.2675942790801236
v -0.5920395583910919 1.5030240455398698 1.218674046657644
v -0.24813749810443386 1.2676071363342012 1.248508790116831
v -0.5920395583910919 1.5030240455398698 1.218674046657644
v -0.5920395583910913 1.2730956030030263 1.202634956451427
v -0.24813749810441108 1.078167890420732 0.6312448744655961
v -0.24813749810440977 1.4180392306893201 0.5956780226715132
v -0.24813749810443456 1.5412062137826665 1.2675942790801236
v -0.24813749810441108 1.078167890420732 0.6312448744655961
v -0.24813749810443456 1.5412062137826665 1.2675942790801236
v -0.24813749810443386 1.2676071363342012 1.248508790116831
v -0.5920395583910721 1.1138937358988836 0.6838956628119478
v -0.592039558391071 1.3995164547501928 0.654005820595159
v -0.24813749810440977 1.4180392306893201 0.5956780226715132
v -0.5920395583910721 1.1138937358988836 0.6838956628119478
v -0.24813749810440977 1.4180392306893201 0.5956780226715132
v -0.24813749810441108 1.078167890420732 0.6312448744655961
v -0.5920395583910913 1.2730956030030263 1.202634956451427
v -0.5920395583910919 1.5030240455398698 1.218674046657644
v -0.592039558391071 1.3995164547501928 0.654005820595159
v -0.5920395583910913 1.2730956030030263 1.202634956451427
v -0.592039558391071 1.3995164547501928 0.654005820595159
v -0.5920395583910721 1.1138937358988836 0.6838956628119478
v -0.24813749810442404 0.7219965189862366 0.982609011994976
v -0.24813749810443264 0.9334108608941617 1.2153080012558726
v -0.295007670069764 0.8591967800643141 1.2248415002670436
v -0.24813749810442404 0.7219965189862366 0.982609011994976
v -0.295007670069764 0.8591967800643141 1.2248415002670436
v -0.2950076700697578 0.7054094717206759 1.0555712221812361
v -0.24813749810441108 1.078167890420732 0.6312448744655961
v -0.24813749810443386 1.2676071363342012 1.248508790116831
v -0.24813749810443264 0.9334108608941617 1.2153080012558726
v -0.24813749810441108 1.078167890420732 0.6312448744655961
v -0.24813749810443264 0.9334108608941617 1.2153080012558726
v -0.24813749810442404 0.7219965189862366 0.982609011994976
v -0.24813749810443386 1.2676071363342012 1.248508790116831
v -0.5920395583910913 1.2730956030030263 1.202634956451427
v -0.5920395583910902 0.9922421459574161 1.1747334610594988
v -0.24813749810443386 1.2676071363342012 1.248508790116831
v -0.5920395583910902 0.9922421459574161 1.1747334610594988
v -0.24813749810443264 0.9334108608941617 1.2153080012558726
v -0.5920395583910721 1.1138937358988836 0.6838956628119478
v -0.24813749810441108 1.078167890420732 0.6312448744655961
v -0.24813749810442404 0.7219965189862366 0.982609011994976
v -0.5920395583910721 1.1138937358988836 0.6838956628119478
v -0.24813749810442404 0.7219965189862366 0.982609011994976
v -0.592039558391083 0.8145727682417848 0.979176767207738
v -0.5451694323357649 0.7054094717206759 1.0555712221812268
v -0.2950076700697578 0.7054094717206759 1.0555712221812361
v -0.295007670069764 0.8591967800643141 1.2248415002670436
v -0.5451694323357649 0.7054094717206759 1.0555712221812268
v -0.295007670069764 0.8591967800643141 1.2248415002670436
v -0.5451694323357711 0.8591967800643141 1.2248415002670343
v -0.5920395583910902 0.9922421459574161 1.1747334610594988
v -0.592039558391083 0.8145727682417848 0.979176767207738
v -0.5451694323357649 0.7054094717206759 1.0555712221812268
v -0.5920395583910902 0.9922421459574161 1.1747334610594988
v -0.5451694323357649 0.7054094717206759 1.0555712221812268
v -0.5451694323357711 0.8591967800643141 1.2248415002670343
v -0.24813749810443264 0.9334108608941617 1.2153080012558726
v -0.5920395583910902 0.9922421459574161 1.1747334610594988
v -0.5451694323357711 0.8591967800643141 1.2248415002670343
v -0.24813749810443264 0.9334108608941617 1.2153080012558726
v -0.5451694323357711 0.8591967800643141 1.2248415002670343
v -0.295007670069764 0.8591967800643141 1.2248415002670436
v -0.592039558391083 0.8145727682417848 0.979176767207738
v -0.24813749810442404 0.7219965189862366 0.982609011994976
v -0.2950076700697578 0.7054094717206759 1.0555712221812361
v -0.592039558391083 0.8145727682417848 0.979176767207738
v -0.2950076700697578 0.7054094717206759 1.0555712221812361
v -0.5451694323357649 0.7054094717206759 1.0555712221812268
v 0.592039604301012 1.5030240455398698 1.2186740466576875
v 0.5920396043010329 1.3995164547501928 0.6540058205952027
v 0.5920396043010296 1.6613379250883777 0.7410373914042335
v 0.592039604301012 1.5030240455398698 1.2186740466576875
v 0.5920396043010296 1.6613379250883777 0.7410373914042335
v 0.5920396043010188 1.658260042696415 1.0346877324413768
v 0.5920396043010329 1.3995164547501928 0.6540058205952027
v 0.2481374981043658 1.4180392306893201 0.5956780226715314
v 0.24813749810436198 1.7295887503822687 0.6992395777253885
v 0.5920396043010329 1.3995164547501928 0.6540058205952027
v 0.24813749810436198 1.7295887503822687 0.6992395777253885
v 0.5920396043010296 1.6613379250883777 0.7410373914042335
v 0.2481374981043658 1.4180392306893201 0.5956780226715314
v 0.24813749810434102 1.5412062137826665 1.2675942790801418
v 0.2481374981043491 1.725926280371402 1.0486631894987335
v 0.2481374981043658 1.4180392306893201 0.5956780226715314
v 0.2481374981043491 1.725926280371402 1.0486631894987335
v 0.24813749810436198 1.7295887503822687 0.6992395777253885
v 0.24813749810434102 1.5412062137826665 1.2675942790801418
v 0.592039604301012 1.5030240455398698 1.2186740466576875
v 0.5920396043010188 1.658260042696415 1.0346877324413768
v 0.24813749810434102 1.5412062137826665 1.2675942790801418
v 0.5920396043010188 1.658260042696415 1.0346877324413768
v 0.2481374981043491 1.725926280371402 1.0486631894987335
v 0.5920396043010125 1.2730956030030263 1.2026349564514704
v 0.5920396043010137 0.9922421459574161 1.1747334610595423
v 0.5920396043010209 0.8145727682417848 0.9791767672077818
v 0.5920396043010125 1.2730956030030263 1.2026349564514704
v 0.5920396043010209 0.8145727682417848 0.9791767672077818
v 0.5920396043010318 1.1138937358988836 0.6838956628119915
v 0.24813749810436198 1.7295887503822687 0.6992395777253885
v 0.2481374981043491 1.725926280371402 1.0486631894987335
v 0.5920396043010188 1.658260042696415 1.0346877324413768
v 0.24813749810436198 1.7295887503822687 0.6992395777253885
v 0.5920396043010188 1.658260042696415 1.0346877324413768
v 0.5920396043010296 1.6613379250883777 0.7410373914042335
v 0.2481374981043417 1.2676071363342012 1.2485087901168492
v 0.5920396043010125 1.2730956030030263 1.2026349564514704
v 0.592039604301012 1.5030240455398698 1.2186740466576875
v 0.2481374981043417 1.2676071363342012 1.2485087901168492
v 0.592039604301012 1.5030240455398698 1.2186740466576875
v 0.24813749810434102 1.5412062137826665 1.2675942790801418
v 0.2481374981043645 1.078167890420732 0.6312448744656143
v 0.2481374981043417 1.2676071363342012 1.2485087901168492
v 0.24813749810434102 1.5412062137826665 1.2675942790801418
v 0.2481374981043645 1.078167890420732 0.6312448744656143
v 0.24813749810434102 1.5412062137826665 1.2675942790801418
v 0.2481374981043658 1.4180392306893201 0.5956780226715314
v 0.5920396043010318 1.1138937358988836 0.6838956628119915
v 0.2481374981043645 1.078167890420732 0.6312448744656143
v 0.2481374981043658 1.4180392306893201 0.5956780226715314
v 0.5920396043010318 1.1138937358988836 0.6838956628119915
v 0.2481374981043658 1.4180392306893201 0.5956780226715314
v 0.5920396043010329 1.3995164547501928 0.6540058205952027
v 0.5920396043010125 1.2730956030030263 1.2026349564514704
v 0.5920396043010318 1.1138937358988836 0.6838956628119915
v 0.5920396043010329 1.3995164547501928 0.6540058205952027
v 0.5920396043010125 1.2730956030030263 1.2026349564514704
v 0.5920396043010329 1.3995164547501928 0.6540058205952027
v 0.592039604301012 1.5030240455398698 1.2186740466576875
v 0.24813749810435154 0.7219965189862366 0.9826090119949942
v 0.2950076700696799 0.7054094717206759 1.0555712221812579
v 0.29500767006967366 0.8591967800643141 1.2248415002670654
v 0.24813749810435154 0.7219965189862366 0.9826090119949942
v 0.29500767006967366 0.8591967800643141 1.2248415002670654
v 0.24813749810434294 0.9334108608941617 1.2153080012558908
v 0.2481374981043645 1.078167890420732 0.6312448744656143
v 0.24813749810435154 0.7219965189862366 0.9826090119949942
v 0.24813749810434294 0.9334108608941617 1.2153080012558908
v 0.2481374981043645 1.078167890420732 0.6312448744656143
v 0.24813749810434294 0.9334108608941617 1.2153080012558908
v 0.2481374981043417 1.2676071363342012 1.2485087901168492
v 0.2481374981043417 1.2676071363342012 1.2485087901168492
v 0.24813749810434294 0.9334108608941617 1.2153080012558908
v 0.5920396043010137 0.9922421459574161 1.1747334610595423
v 0.2481374981043417 1.2676071363342012 1.2485087901168492
v 0.5920396043010137 0.9922421459574161 1.1747334610595423
v 0.5920396043010125 1.2730956030030263 1.2026349564514704
v 0.5920396043010318 1.1138937358988836 0.6838956628119915
v 0.5920396043010209 0.8145727682417848 0.9791767672077818
v 0.24813749810435154 0.7219965189862366 0.9826090119949942
v 0.5920396043010318 1.1138937358988836 0.6838956628119915
v 0.24813749810435154 0.7219965189862366 0.9826090119949942
v 0.2481374981043645 1.078167890420732 0.6312448744656143
v 0.5451694323356869 0.7054094717206759 1.0555712221812672
v 0.5451694323356807 0.8591967800643141 1.2248415002670747
v 0.29500767006967366 0.8591967800643141 1.2248415002670654
v 0.5451694323356869 0.7054094717206759 1.0555712221812672
v 0.29500767006967366 0.8591967800643141 1.2248415002670654
v 0.2950076700696799 0.7054094717206759 1.0555712221812579
v 0.5920396043010137 0.9922421459574161 1.1747334610595423
v 0.5451694323356807 0.8591967800643141 1.2248415002670747
v 0.5451694323356869 0.7054094717206759 1.0555712221812672
v 0.5920396043010137 0.9922421459574161 1.1747334610595423
v 0.5451694323356869 0.7054094717206759 1.0555712221812672
v 0.5920396043010209 0.8145727682417848 0.9791767672077818
v 0.24813749810434294 0.9334108608941617 1.2153080012558908
v 0.29500767006967366 0.8591967800643141 1.2248415002670654
v 0.5451694323356807 0.8591967800643141 1.2248415002670747
v 0.24813749810434294 0.9334108608941617 1.2153080012558908
v 0.5451694323356807 0.8591967800643141 1.2248415002670747
v 0.5920396043010137 0.9922421459574161 1.1747334610595423
v 0.5920396043010209 0.8145727682417848 0.9791767672077818
v 0.5451694323356869 0.7054094717206759 1.0555712221812672
v 0.2950076700696799 0.7054094717206759 1.0555712221812579
v 0.5920396043010209 0.8145727682417848 0.9791767672077818
v 0.2950076700696799 0.7054094717206759 1.0555712221812579
v 0.24813749810435154 0.7219965189862366 0.9826090119949942
v -0.5519071854057077 0.6360838975672203 1.472371593006097
v -0.5638009539704787 0.8391931051814515 1.2630317447863975
v -0.5638009539704718 0.6898745831514058 1.0770797885008463
v -0.5519071854057077 0.6360838975672203 1.472371593006097
v -0.5638009539704718 0.6898745831514058 1.0770797885008463
v -0.5519071854057013 0.5415653553182898 1.2963616256666575
v -0.5519071854057013 0.5415653553182898 1.2963616256666575
v -0.5638009539704718 0.6898745831514058 1.0770797885008463
v -0.28892571853790033 0.7095106994037047 1.0158886290129314
v -0.5519071854057013 0.5415653553182898 1.2963616256666575
v -0.28892571853790033 0.7095106994037047 1.0158886290129314
v -0.30385044300893116 0.5234067519832935 1.2910514927079615
v -0.30385044300893116 0.5234067519832935 1.2910514927079615
v -0.28892571853790033 0.7095106994037047 1.0158886290129314
v -0.28892571853790894 0.8968810509521488 1.2492278825040324
v -0.30385044300893116 0.5234067519832935 1.2910514927079615
v -0.28892571853790894 0.8968810509521488 1.2492278825040324
v -0.3038504430089393 0.6420122624735858 1.5119150774964984
v -0.3038504430089393 0.6420122624735858 1.5119150774964984
v -0.28892571853790894 0.8968810509521488 1.2492278825040324
v -0.5638009539704787 0.8391931051814515 1.2630317447863975
v -0.3038504430089393 0.6420122624735858 1.5119150774964984
v -0.5638009539704787 0.8391931051814515 1.2630317447863975
v -0.5519071854057077 0.6360838975672203 1.472371593006097
v -0.5519071854057013 0.5415653553182898 1.2963616256666575
v -0.30385044300893116 0.5234067519832935 1.2910514927079615
v -0.3526401584030368 0.42046916939145085 1.3317285099727478
v -0.5519071854057013 0.5415653553182898 1.2963616256666575
v -0.3526401584030368 0.42046916939145085 1.3317285099727478
v -0.5130258601932411 0.45953261921718835 1.3287777765604822
v -0.5638009539704718 0.6898745831514058 1.0770797885008463
v -0.5638009539704787 0.8391931051814515 1.2630317447863975
v -0.5359732900495131 0.9140071295215406 1.1902300281718419
v -0.5638009539704718 0.6898745831514058 1.0770797885008463
v -0.5359732900495131 0.9140071295215406 1.1902300281718419
v -0.5359732900495068 0.7813732713410371 1.0199046433936965
v -0.32207680880523737 0.7813732713410371 1.0199046433937042
v -0.5359732900495068 0.7813732713410371 1.0199046433936965
v -0.5359732900495131 0.9140071295215406 1.1902300281718419
v -0.32207680880523737 0.7813732713410371 1.0199046433937042
v -0.5359732900495131 0.9140071295215406 1.1902300281718419
v -0.32207680880524364 0.9140071295215406 1.1902300281718496
v -0.5638009539704787 0.8391931051814515 1.2630317447863975
v -0.28892571853790894 0.8968810509521488 1.2492278825040324
v -0.32207680880524364 0.9140071295215406 1.1902300281718496
v -0.5638009539704787 0.8391931051814515 1.2630317447863975
v -0.32207680880524364 0.9140071295215406 1.1902300281718496
v -0.5359732900495131 0.9140071295215406 1.1902300281718419
v -0.28892571853790033 0.7095106994037047 1.0158886290129314
v -0.5638009539704718 0.6898745831514058 1.0770797885008463
v -0.5359732900495068 0.7813732713410371 1.0199046433936965
v -0.28892571853790033 0.7095106994037047 1.0158886290129314
v -0.5359732900495068 0.7813732713410371 1.0199046433936965
v -0.32207680880523737 0.7813732713410371 1.0199046433937042
v -0.28892571853790894 0.8968810509521488 1.2492278825040324
v -0.28892571853790033 0.7095106994037047 1.0158886290129314
v -0.32207680880523737 0.7813732713410371 1.0199046433937042
v -0.28892571853790894 0.8968810509521488 1.2492278825040324
v -0.32207680880523737 0.7813732713410371 1.0199046433937042
v -0.32207680880524364 0.9140071295215406 1.1902300281718496
v -0.5130258601932411 0.45953261921718835 1.3287777765604822
v -0.3526401584030368 0.42046916939145085 1.3317285099727478
v -0.35264015840304314 0.4846452345156811 1.5033837332989237
v -0.5130258601932411 0.45953261921718835 1.3287777765604822
v -0.35264015840304314 0.4846452345156811 1.5033837332989237
v -0.5130258601932461 0.5106756541943067 1.4655727046525386
v -0.5519071854057077 0.6360838975672203 1.472371593006097
v -0.5519071854057013 0.5415653553182898 1.2963616256666575
v -0.5130258601932411 0.45953261921718835 1.3287777765604822
v -0.5519071854057077 0.6360838975672203 1.472371593006097
v -0.5130258601932411 0.45953261921718835 1.3287777765604822
v -0.5130258601932461 0.5106756541943067 1.4655727046525386
v -0.30385044300893116 0.5234067519832935 1.2910514927079615
v -0.3038504430089393 0.6420122624735858 1.5119150774964984
v -0.35264015840304314 0.4846452345156811 1.5033837332989237
v -0.30385044300893116 0.5234067519832935 1.2910514927079615
v -0.35264015840304314 0.4846452345156811 1.5033837332989237
v -0.3526401584030368 0.42046916939145085 1.3317285099727478
v -0.3038504430089393 0.6420122624735858 1.5119150774964984
v -0.5519071854057077 0.6360838975672203 1.472371593006097
v -0.5130258601932461 0.5106756541943067 1.4655727046525386
v -0.3038504430089393 0.6420122624735858 1.5119150774964984
v -0.5130258601932461 0.5106756541943067 1.4655727046525386
v -0.35264015840304314 0.4846452345156811 1.5033837332989237
v 0.5519070017655591 0.6360839893872279 1.4723715011861056
v 0.5519070017655655 0.5415653553182898 1.2963616256666983
v 0.5638007244203422 0.6898746749714258 1.0770797885008756
v 0.5519070017655591 0.6360839893872279 1.4723715011861056
v 0.5638007244203422 0.6898746749714258 1.0770797885008756
v 0.5638007244203354 0.8391931970014715 1.2630317447864268
v 0.5519070017655655 0.5415653553182898 1.2963616256666983
v 0.30385025936879584 0.5234068438033135 1.2910514927079715
v 0.2889254660327703 0.7095107912237247 1.0158886290129405
v 0.5519070017655655 0.5415653553182898 1.2963616256666983
v 0.2889254660327703 0.7095107912237247 1.0158886290129405
v 0.5638007244203422 0.6898746749714258 1.0770797885008756
v 0.30385025936879584 0.5234068438033135 1.2910514927079715
v 0.3038502593687877 0.6420122624735735 1.5119149856765006
v 0.2889254660327617 0.8968810968621588 1.2492278825040477
v 0.30385025936879584 0.5234068438033135 1.2910514927079715
v 0.2889254660327617 0.8968810968621588 1.2492278825040477
v 0.2889254660327703 0.7095107912237247 1.0158886290129405
v 0.3038502593687877 0.6420122624735735 1.5119149856765006
v 0.5519070017655591 0.6360839893872279 1.4723715011861056
v 0.5638007244203354 0.8391931970014715 1.2630317447864268
v 0.3038502593687877 0.6420122624735735 1.5119149856765006
v 0.5638007244203354 0.8391931970014715 1.2630317447864268
v 0.2889254660327617 0.8968810968621588 1.2492278825040477
v 0.5519070017655655 0.5415653553182898 1.2963616256666983
v 0.5130255388230729 0.45953261921718835 1.32877777656052
v 0.3526399288528885 0.4204692612114709 1.3317285099727618
v 0.5519070017655655 0.5415653553182898 1.2963616256666983
v 0.3526399288528885 0.4204692612114709 1.3317285099727618
v 0.30385025936879584 0.5234068438033135 1.2910514927079715
v 0.5638007244203422 0.6898746749714258 1.0770797885008756
v 0.5359731064093914 0.7813732713410371 1.019904643393736
v 0.5359731064093851 0.9140071754315506 1.1902300281718752
v 0.5638007244203422 0.6898746749714258 1.0770797885008756
v 0.5359731064093851 0.9140071754315506 1.1902300281718752
v 0.5638007244203354 0.8391931970014715 1.2630317447864268
v 0.32207662516512203 0.7813732713410371 1.0199046433937282
v 0.32207662516511576 0.9140071754315506 1.1902300281718674
v 0.5359731064093851 0.9140071754315506 1.1902300281718752
v 0.32207662516512203 0.7813732713410371 1.0199046433937282
v 0.5359731064093851 0.9140071754315506 1.1902300281718752
v 0.5359731064093914 0.7813732713410371 1.019904643393736
v 0.5638007244203354 0.8391931970014715 1.2630317447864268
v 0.5359731064093851 0.9140071754315506 1.1902300281718752
v 0.32207662516511576 0.9140071754315506 1.1902300281718674
v 0.5638007244203354 0.8391931970014715 1.2630317447864268
v 0.32207662516511576 0.9140071754315506 1.1902300281718674
v 0.2889254660327617 0.8968810968621588 1.2492278825040477
v 0.2889254660327703 0.7095107912237247 1.0158886290129405
v 0.32207662516512203 0.7813732713410371 1.0199046433937282
v 0.5359731064093914 0.7813732713410371 1.019904643393736
v 0.2889254660327703 0.7095107912237247 1.0158886290129405
v 0.5359731064093914 0.7813732713410371 1.019904643393736
v 0.5638007244203422 0.6898746749714258 1.0770797885008756
v 0.2889254660327617 0.8968810968621588 1.2492278825040477
v 0.32207662516511576 0.9140071754315506 1.1902300281718674
v 0.32207662516512203 0.7813732713410371 1.0199046433937282
v 0.2889254660327617 0.8968810968621588 1.2492278825040477
v 0.32207662516512203 0.7813732713410371 1.0199046433937282
v 0.2889254660327703 0.7095107912237247 1.0158886290129405
v 0.5130255388230729 0.45953261921718835 1.32877777656052
v 0.5130255388230679 0.5106756541943067 1.4655727046525764
v 0.35263992885288215 0.48464541815572115 1.5033837332989253
v 0.5130255388230729 0.45953261921718835 1.32877777656052
v 0.35263992885288215 0.48464541815572115 1.5033837332989253
v 0.3526399288528885 0.4204692612114709 1.3317285099727618
v 0.5519070017655591 0.6360839893872279 1.4723715011861056
v 0.5130255388230679 0.5106756541943067 1.4655727046525764
v 0.5130255388230729 0.45953261921718835 1.32877777656052
v 0.5519070017655591 0.6360839893872279 1.4723715011861056
v 0.5130255388230729 0.45953261921718835 1.32877777656052
v 0.5519070017655655 0.5415653553182898 1.2963616256666983
v 0.30385025936879584 0.5234068438033135 1.2910514927079715
v 0.3526399288528885 0.4204692612114709 1.3317285099727618
v 0.35263992885288215 0.48464541815572115 1.5033837332989253
v 0.30385025936879584 0.5234068438033135 1.2910514927079715
v 0.35263992885288215 0.48464541815572115 1.5033837332989253
v 0.3038502593687877 0.6420122624735735 1.5119149856765006
v 0.3038502593687877 0.6420122624735735 1.5119149856765006
v 0.35263992885288215 0.48464541815572115 1.5033837332989253
v 0.5130255388230679 0.5106756541943067 1.4655727046525764
v 0.3038502593687877 0.6420122624735735 1.5119149856765006
v 0.5130255388230679 0.5106756541943067 1.4655727046525764
v 0.5519070017655591 0.6360839893872279 1.4723715011861056
v -0.5298243328580509 0.23965326198262193 1.5125762357012154
v -0.5273084183991715 0.4435600917594935 1.5083485391222056
v -0.5273084183991656 0.41029275881407323 1.3484206564216388
v -0.5298243328580509 0.23965326198262193 1.5125762357012154
v -0.5273084183991656 0.41029275881407323 1.3484206564216388
v -0.5298243328580446 0.23965323935885574 1.3441931019862698
v -0.5298243328580446 0.23965323935885574 1.3441931019862698
v -0.5273084183991656 0.41029275881407323 1.3484206564216388
v -0.34553269202245185 0.41891153561182515 1.3394704069910248
v -0.5298243328580446 0.23965323935885574 1.3441931019862698
v -0.34553269202245185 0.41891153561182515 1.3394704069910248
v -0.3427351885171403 0.2291727173662661 1.3347696147385724
v -0.3427351885171403 0.2291727173662661 1.3347696147385724
v -0.34553269202245185 0.41891153561182515 1.3394704069910248
v -0.34553269202245845 0.4559024482346701 1.5172986939164994
v -0.3427351885171403 0.2291727173662661 1.3347696147385724
v -0.34553269202245845 0.4559024482346701 1.5172986939164994
v -0.34273518851714724 0.22917274252227826 1.5219996339452084
v -0.34273518851714724 0.22917274252227826 1.5219996339452084
v -0.34553269202245845 0.4559024482346701 1.5172986939164994
v -0.5273084183991715 0.4435600917594935 1.5083485391222056
v -0.34273518851714724 0.22917274252227826 1.5219996339452084
v -0.5273084183991715 0.4435600917594935 1.5083485391222056
v -0.5298243328580509 0.23965326198262193 1.5125762357012154
v -0.34273518851714724 0.22917274252227826 1.5219996339452084
v -0.5298243328580509 0.23965326198262193 1.5125762357012154
v -0.5121204688857248 0.18155992783734165 1.504154970369361
v -0.34273518851714724 0.22917274252227826 1.5219996339452084
v -0.5121204688857248 0.18155992783734165 1.504154970369361
v -0.3605798584901909 0.18155992783734165 1.5041549703693666
v -0.34553269202245185 0.41891153561182515 1.3394704069910248
v -0.5273084183991656 0.41029275881407323 1.3484206564216388
v -0.5098398432281711 0.4793404951642658 1.344599097910744
v -0.34553269202245185 0.41891153561182515 1.3394704069910248
v -0.5098398432281711 0.4793404951642658 1.344599097910744
v -0.3628605300577429 0.4793404951642658 1.3445990979107496
v -0.3628605300577429 0.4793404951642658 1.3445990979107496
v -0.5098398432281711 0.4793404951642658 1.344599097910744
v -0.5098398432281764 0.5092736573886536 1.488497960162349
v -0.3628605300577429 0.4793404951642658 1.3445990979107496
v -0.5098398432281764 0.5092736573886536 1.488497960162349
v -0.36286053005774815 0.5092736573886536 1.4884979601623545
v -0.34553269202245845 0.4559024482346701 1.5172986939164994
v -0.34553269202245185 0.41891153561182515 1.3394704069910248
v -0.3628605300577429 0.4793404951642658 1.3445990979107496
v -0.34553269202245845 0.4559024482346701 1.5172986939164994
v -0.3628605300577429 0.4793404951642658 1.3445990979107496
v -0.36286053005774815 0.5092736573886536 1.4884979601623545
v -0.5273084183991656 0.41029275881407323 1.3484206564216388
v -0.5273084183991715 0.4435600917594935 1.5083485391222056
v -0.5098398432281764 0.5092736573886536 1.488497960162349
v -0.5273084183991656 0.41029275881407323 1.3484206564216388
v -0.5098398432281764 0.5092736573886536 1.488497960162349
v -0.5098398432281711 0.4793404951642658 1.344599097910744
v -0.5273084183991715 0.4435600917594935 1.5083485391222056
v -0.34553269202245845 0.4559024482346701 1.5172986939164994
v -0.36286053005774815 0.5092736573886536 1.4884979601623545
v -0.5273084183991715 0.4435600917594935 1.5083485391222056
v -0.36286053005774815 0.5092736573886536 1.4884979601623545
v -0.5098398432281764 0.5092736573886536 1.488497960162349
v -0.5121204688857193 0.18155990747652084 1.3526143829288337
v -0.3605798584901853 0.18155990747652084 1.3526143829288393
v -0.3605798584901909 0.18155992783734165 1.5041549703693666
v -0.5121204688857193 0.18155990747652084 1.3526143829288337
v -0.3605798584901909 0.18155992783734165 1.5041549703693666
v -0.5121204688857248 0.18155992783734165 1.504154970369361
v -0.5298243328580446 0.23965323935885574 1.3441931019862698
v -0.3427351885171403 0.2291727173662661 1.3347696147385724
v -0.3605798584901853 0.18155990747652084 1.3526143829288393
v -0.5298243328580446 0.23965323935885574 1.3441931019862698
v -0.3605798584901853 0.18155990747652084 1.3526143829288393
v -0.5121204688857193 0.18155990747652084 1.3526143829288337
v -0.5298243328580509 0.23965326198262193 1.5125762357012154
v -0.5298243328580446 0.23965323935885574 1.3441931019862698
v -0.5121204688857193 0.18155990747652084 1.3526143829288337
v -0.5298243328580509 0.23965326198262193 1.5125762357012154
v -0.5121204688857193 0.18155990747652084 1.3526143829288337
v -0.5121204688857248 0.18155992783734165 1.504154970369361
v -0.3427351885171403 0.2291727173662661 1.3347696147385724
v -0.34273518851714724 0.22917274252227826 1.5219996339452084
v -0.3605798584901909 0.18155992783734165 1.5041549703693666
v -0.3427351885171403 0.2291727173662661 1.3347696147385724
v -0.3605798584901909 0.18155992783734165 1.5041549703693666
v -0.3605798584901853 0.18155990747652084 1.3526143829288393
v 0.5298241033078891 0.23965335380264197 1.5125762357012422
v 0.5298241033078953 0.23965333117887577 1.3441931019862967
v 0.5273082347590261 0.41029285063409326 1.3484206564216656
v 0.5298241033078891 0.23965335380264197 1.5125762357012422
v 0.5273082347590261 0.41029285063409326 1.3484206564216656
v 0.5273082347590202 0.44356018357951355 1.5083485391222322
v 0.5298241033078953 0.23965333117887577 1.3441931019862967
v 0.34273502783200677 0.22917280918628613 1.3347696147385852
v 0.345532554292323 0.4189116274318452 1.3394704069910377
v 0.5298241033078953 0.23965333117887577 1.3441931019862967
v 0.345532554292323 0.4189116274318452 1.3394704069910377
v 0.5273082347590261 0.41029285063409326 1.3484206564216656
v 0.34273502783200677 0.22917280918628613 1.3347696147385852
v 0.34273502783199983 0.2291728343422983 1.5219996339452213
v 0.3455325542923164 0.4559024482346701 1.5172986939165247
v 0.34273502783200677 0.22917280918628613 1.3347696147385852
v 0.3455325542923164 0.4559024482346701 1.5172986939165247
v 0.345532554292323 0.4189116274318452 1.3394704069910377
v 0.34273502783199983 0.2291728343422983 1.5219996339452213
v 0.5298241033078891 0.23965335380264197 1.5125762357012422
v 0.5273082347590202 0.44356018357951355 1.5083485391222322
v 0.34273502783199983 0.2291728343422983 1.5219996339452213
v 0.5273082347590202 0.44356018357951355 1.5083485391222322
v 0.3455325542923164 0.4559024482346701 1.5172986939165247
v 0.34273502783199983 0.2291728343422983 1.5219996339452213
v 0.36057969780504484 0.18156001965736168 1.5041549703693808
v 0.5121202852455737 0.18156001965736168 1.5041549703693864
v 0.34273502783199983 0.2291728343422983 1.5219996339452213
v 0.5121202852455737 0.18156001965736168 1.5041549703693864
v 0.5298241033078891 0.23965335380264197 1.5125762357012422
v 0.345532554292323 0.4189116274318452 1.3394704069910377
v 0.36286032346259856 0.47934058698428583 1.344599097910764
v 0.5098396595880318 0.47934058698428583 1.3445990979107696
v 0.345532554292323 0.4189116274318452 1.3394704069910377
v 0.5098396595880318 0.47934058698428583 1.3445990979107696
v 0.5273082347590261 0.41029285063409326 1.3484206564216656
v 0.36286032346259856 0.47934058698428583 1.344599097910764
v 0.3628603234625933 0.5092736573886536 1.4884979601623811
v 0.5098396595880265 0.5092736573886536 1.4884979601623867
v 0.36286032346259856 0.47934058698428583 1.344599097910764
v 0.5098396595880265 0.5092736573886536 1.4884979601623867
v 0.5098396595880318 0.47934058698428583 1.3445990979107696
v 0.3455325542923164 0.4559024482346701 1.5172986939165247
v 0.3628603234625933 0.5092736573886536 1.4884979601623811
v 0.36286032346259856 0.47934058698428583 1.344599097910764
v 0.3455325542923164 0.4559024482346701 1.5172986939165247
v 0.36286032346259856 0.47934058698428583 1.344599097910764
v 0.345532554292323 0.4189116274318452 1.3394704069910377
v 0.5273082347590261 0.41029285063409326 1.3484206564216656
v 0.5098396595880318 0.47934058698428583 1.3445990979107696
v 0.5098396595880265 0.5092736573886536 1.4884979601623867
v 0.5273082347590261 0.41029285063409326 1.3484206564216656
v 0.5098396595880265 0.5092736573886536 1.4884979601623867
v 0.5273082347590202 0.44356018357951355 1.5083485391222322
v 0.5273082347590202 0.44356018357951355 1.5083485391222322
v 0.5098396595880265 0.5092736573886536 1.4884979601623867
v 0.3628603234625933 0.5092736573886536 1.4884979601623811
v 0.5273082347590202 0.44356018357951355 1.5083485391222322
v 0.3628603234625933 0.5092736573886536 1.4884979601623811
v 0.3455325542923164 0.4559024482346701 1.5172986939165247
v 0.5121202852455793 0.18155999929654087 1.352614382928859
v 0.5121202852455737 0.18156001965736168 1.5041549703693864
v 0.36057969780504484 0.18156001965736168 1.5041549703693808
v 0.5121202852455793 0.18155999929654087 1.352614382928859
v 0.36057969780504484 0.18156001965736168 1.5041549703693808
v 0.36057969780505045 0.18155999929654087 1.3526143829288535
v 0.5298241033078953 0.23965333117887577 1.3441931019862967
v 0.5121202852455793 0.18155999929654087 1.352614382928859
v 0.36057969780505045 0.18155999929654087 1.3526143829288535
v 0.5298241033078953 0.23965333117887577 1.3441931019862967
v 0.36057969780505045 0.18155999929654087 1.3526143829288535
v 0.34273502783200677 0.22917280918628613 1.3347696147385852
v 0.5298241033078891 0.23965335380264197 1.5125762357012422
v 0.5121202852455737 0.18156001965736168 1.5041549703693864
v 0.5121202852455793 0.18155999929654087 1.352614382928859
v 0.5298241033078891 0.23965335380264197 1.5125762357012422
v 0.5121202852455793 0.18155999929654087 1.352614382928859
v 0.5298241033078953 0.23965333117887577 1.3441931019862967
v 0.34273502783200677 0.22917280918628613 1.3347696147385852
v 0.36057969780505045 0.18155999929654087 1.3526143829288535
v 0.36057969780504484 0.18156001965736168 1.5041549703693808
v 0.34273502783200677 0.22917280918628613 1.3347696147385852
v 0.36057969780504484 0.18156001965736168 1.5041549703693808
v 0.34273502783199983 0.2291728343422983 1.5219996339452213
v -0.5698978492106049 0.02960119638352654 1.536590045582486
v -0.523974892571919 0.28200505819649213 1.47993439652964
v -0.5239748925719091 0.19352210897620958 1.2120205766692567
v -0.5698978492106049 0.02960119638352654 1.536590045582486
v -0.5239748925719091 0.19352210897620958 1.2120205766692567
v -0.5698978492105915 0.029601147623031787 1.173677660168483
v -0.5698978492105915 0.029601147623031787 1.173677660168483
v -0.5239748925719091 0.19352210897620958 1.2120205766692567
v -0.3121002422587281 0.19352210897620958 1.2120205766692644
v -0.5698978492105915 0.029601147623031787 1.173677660168483
v -0.3121002422587281 0.19352210897620958 1.2120205766692644
v -0.26617728562004284 0.029601147623031787 1.1736776601684944
v -0.26617728562004284 0.029601147623031787 1.1736776601684944
v -0.3121002422587281 0.19352210897620958 1.2120205766692644
v -0.312100242258738 0.28200505819649213 1.4799343965296479
v -0.26617728562004284 0.029601147623031787 1.1736776601684944
v -0.312100242258738 0.28200505819649213 1.4799343965296479
v -0.2661772856200562 0.02960119638352654 1.5365900455824972
v -0.2661772856200562 0.02960119638352654 1.5365900455824972
v -0.312100242258738 0.28200505819649213 1.4799343965296479
v -0.523974892571919 0.28200505819649213 1.47993439652964
v -0.2661772856200562 0.02960119638352654 1.5365900455824972
v -0.523974892571919 0.28200505819649213 1.47993439652964
v -0.5698978492106049 0.02960119638352654 1.536590045582486
v -0.5698978492105915 0.029601147623031787 1.173677660168483
v -0.26617728562004284 0.029601147623031787 1.1736776601684944
v -0.2661772856200562 0.02960119638352654 1.5365900455824972
v -0.5698978492105915 0.029601147623031787 1.173677660168483
v -0.2661772856200562 0.02960119638352654 1.5365900455824972
v -0.5698978492106049 0.02960119638352654 1.536590045582486
v -0.3121002422587281 0.19352210897620958 1.2120205766692644
v -0.5239748925719091 0.19352210897620958 1.2120205766692567
v -0.523974892571919 0.28200505819649213 1.47993439652964
v -0.3121002422587281 0.19352210897620958 1.2120205766692644
v -0.523974892571919 0.28200505819649213 1.47993439652964
v -0.312100242258738 0.28200505819649213 1.4799343965296479
v 0.5698978492104915 0.02960119638352654 1.536590045582528
v 0.5698978492105049 0.029601147623031787 1.1736776601685253
v 0.5239748925718196 0.19352210897620958 1.2120205766692953
v 0.5698978492104915 0.02960119638352654 1.536590045582528
v 0.5239748925718196 0.19352210897620958 1.2120205766692953
v 0.5239748925718097 0.28200505819649213 1.4799343965296787
v 0.5698978492105049 0.029601147623031787 1.1736776601685253
v 0.26617728561995624 0.029601147623031787 1.173677660168514
v 0.31210024225863864 0.19352210897620958 1.2120205766692875
v 0.5698978492105049 0.029601147623031787 1.1736776601685253
v 0.31210024225863864 0.19352210897620958 1.2120205766692875
v 0.5239748925718196 0.19352210897620958 1.2120205766692953
v 0.26617728561995624 0.029601147623031787 1.173677660168514
v 0.26617728561994286 0.02960119638352654 1.5365900455825168
v 0.31210024225862876 0.28200505819649213 1.479934396529671
v 0.26617728561995624 0.029601147623031787 1.173677660168514
v 0.31210024225862876 0.28200505819649213 1.479934396529671
v 0.31210024225863864 0.19352210897620958 1.2120205766692875
v 0.26617728561994286 0.02960119638352654 1.5365900455825168
v 0.5698978492104915 0.02960119638352654 1.536590045582528
v 0.5239748925718097 0.28200505819649213 1.4799343965296787
v 0.26617728561994286 0.02960119638352654 1.5365900455825168
v 0.5239748925718097 0.28200505819649213 1.4799343965296787
v 0.31210024225862876 0.28200505819649213 1.479934396529671
v 0.5698978492105049 0.029601147623031787 1.1736776601685253
v 0.5698978492104915 0.02960119638352654 1.536590045582528
v 0.26617728561994286 0.02960119638352654 1.5365900455825168
v 0.5698978492105049 0.029601147623031787 1.1736776601685253
v 0.26617728561994286 0.02960119638352654 1.5365900455825168
v 0.26617728561995624 0.029601147623031787 1.173677660168514
v 0.31210024225863864 0.19352210897620958 1.2120205766692875
v 0.31210024225862876 0.28200505819649213 1.479934396529671
v 0.5239748925718097 0.28200505819649213 1.4799343965296787
v 0.31210024225863864 0.19352210897620958 1.2120205766692875
v 0.5239748925718097 0.28200505819649213 1.4799343965296787
v 0.5239748925718196 0.19352210897620958 1.2120205766692953
v -0.5759546650118873 1.4077521919474867 -0.899348993735737
v -0.5396010072208637 1.6335992012676888 -1.0459246275776377
v -0.5396010072208564 1.6057531236546974 -1.2448919043835445
v -0.5759546650118873 1.4077521919474867 -0.899348993735737
v -0.5396010072208564 1.6057531236546974 -1.2448919043835445
v -0.5759546650118738 1.2623865431589487 -1.267878173883964
v -0.5759546650118738 1.2623865431589487 -1.267878173883964
v -0.5396010072208564 1.6057531236546974 -1.2448919043835445
v -0.2631399252673132 1.6546787974405162 -1.2754291377592213
v -0.5759546650118738 1.2623865431589487 -1.267878173883964
v -0.2631399252673132 1.6546787974405162 -1.2754291377592213
v -0.26313992526731217 1.305346198905792 -1.3040712442319458
v -0.26313992526731217 1.305346198905792 -1.3040712442319458
v -0.2631399252673132 1.6546787974405162 -1.2754291377592213
v -0.2631399252673216 1.6863453261147152 -1.049163861331216
v -0.26313992526731217 1.305346198905792 -1.3040712442319458
v -0.2631399252673216 1.6863453261147152 -1.049163861331216
v -0.26313992526732766 1.47065579410127 -0.8849803627126781
v -0.26313992526732766 1.47065579410127 -0.8849803627126781
v -0.2631399252673216 1.6863453261147152 -1.049163861331216
v -0.5396010072208637 1.6335992012676888 -1.0459246275776377
v -0.26313992526732766 1.47065579410127 -0.8849803627126781
v -0.5396010072208637 1.6335992012676888 -1.0459246275776377
v -0.5759546650118873 1.4077521919474867 -0.899348993735737
v -0.5759546650118899 1.3036007182428309 -0.8290162216980668
v -0.5759546650118778 1.114067257802071 -1.1580723365804007
v -0.5759546650118805 0.9723434341404603 -1.0838139781781362
v -0.5759546650118899 1.3036007182428309 -0.8290162216980668
v -0.5759546650118805 0.9723434341404603 -1.0838139781781362
v -0.5759546650118901 1.0152546831923823 -0.823464285445004
v -0.2631399252673132 1.6546787974405162 -1.2754291377592213
v -0.5396010072208564 1.6057531236546974 -1.2448919043835445
v -0.5396010072208637 1.6335992012676888 -1.0459246275776377
v -0.2631399252673132 1.6546787974405162 -1.2754291377592213
v -0.5396010072208637 1.6335992012676888 -1.0459246275776377
v -0.2631399252673216 1.6863453261147152 -1.049163861331216
v -0.2631399252673306 1.3522148999406831 -0.8049981310299442
v -0.26313992526732766 1.47065579410127 -0.8849803627126781
v -0.5759546650118873 1.4077521919474867 -0.899348993735737
v -0.2631399252673306 1.3522148999406831 -0.8049981310299442
v -0.5759546650118873 1.4077521919474867 -0.899348993735737
v -0.5759546650118899 1.3036007182428309 -0.8290162216980668
v -0.2631399252673168 1.1366777742111287 -1.1792002180476313
v -0.26313992526731217 1.305346198905792 -1.3040712442319458
v -0.26313992526732766 1.47065579410127 -0.8849803627126781
v -0.2631399252673168 1.1366777742111287 -1.1792002180476313
v -0.26313992526732766 1.47065579410127 -0.8849803627126781
v -0.2631399252673306 1.3522148999406831 -0.8049981310299442
v -0.5759546650118778 1.114067257802071 -1.1580723365804007
v -0.5759546650118738 1.2623865431589487 -1.267878173883964
v -0.26313992526731217 1.305346198905792 -1.3040712442319458
v -0.5759546650118778 1.114067257802071 -1.1580723365804007
v -0.26313992526731217 1.305346198905792 -1.3040712442319458
v -0.2631399252673168 1.1366777742111287 -1.1792002180476313
v -0.5759546650118899 1.3036007182428309 -0.8290162216980668
v -0.5759546650118873 1.4077521919474867 -0.899348993735737
v -0.5759546650118738 1.2623865431589487 -1.267878173883964
v -0.5759546650118899 1.3036007182428309 -0.8290162216980668
v -0.5759546650118738 1.2623865431589487 -1.267878173883964
v -0.5759546650118778 1.114067257802071 -1.1580723365804007
v -0.2631399482223249 0.9755096624213544 -1.0947537830701948
v -0.26313994822233583 1.0243082782269304 -0.798684450575383
v -0.305920754910518 0.9732386214597939 -0.8311767942023482
v -0.2631399482223249 0.9755096624213544 -1.0947537830701948
v -0.305920754910518 0.9732386214597939 -0.8311767942023482
v -0.3059207549105094 0.9353453858810419 -1.0657118398978973
v -0.2631399252673168 1.1366777742111287 -1.1792002180476313
v -0.2631399252673306 1.3522148999406831 -0.8049981310299442
v -0.26313994822233583 1.0243082782269304 -0.798684450575383
v -0.2631399252673168 1.1366777742111287 -1.1792002180476313
v -0.26313994822233583 1.0243082782269304 -0.798684450575383
v -0.2631399482223249 0.9755096624213544 -1.0947537830701948
v -0.2631399252673306 1.3522148999406831 -0.8049981310299442
v -0.5759546650118899 1.3036007182428309 -0.8290162216980668
v -0.5759546650118901 1.0152546831923823 -0.823464285445004
v -0.2631399252673306 1.3522148999406831 -0.8049981310299442
v -0.5759546650118901 1.0152546831923823 -0.823464285445004
v -0.26313994822233583 1.0243082782269304 -0.798684450575383
v -0.5759546650118778 1.114067257802071 -1.1580723365804007
v -0.2631399252673168 1.1366777742111287 -1.1792002180476313
v -0.2631399482223249 0.9755096624213544 -1.0947537830701948
v -0.5759546650118778 1.114067257802071 -1.1580723365804007
v -0.2631399482223249 0.9755096624213544 -1.0947537830701948
v -0.5759546650118805 0.9723434341404603 -1.0838139781781362
v -0.5342563474948567 0.9353453858810419 -1.0657118398979057
v -0.3059207549105094 0.9353453858810419 -1.0657118398978973
v -0.305920754910518 0.9732386214597939 -0.8311767942023482
v -0.5342563474948567 0.9353453858810419 -1.0657118398979057
v -0.305920754910518 0.9732386214597939 -0.8311767942023482
v -0.5342563474948654 0.9732386214597939 -0.8311767942023567
v -0.5759546650118901 1.0152546831923823 -0.823464285445004
v -0.5759546650118805 0.9723434341404603 -1.0838139781781362
v -0.5342563474948567 0.9353453858810419 -1.0657118398979057
v -0.5759546650118901 1.0152546831923823 -0.823464285445004
v -0.5342563474948567 0.9353453858810419 -1.0657118398979057
v -0.5342563474948654 0.9732386214597939 -0.8311767942023567
v -0.26313994822233583 1.0243082782269304 -0.798684450575383
v -0.5759546650118901 1.0152546831923823 -0.823464285445004
v -0.5342563474948654 0.9732386214597939 -0.8311767942023567
v -0.26313994822233583 1.0243082782269304 -0.798684450575383
v -0.5342563474948654 0.9732386214597939 -0.8311767942023567
v -0.305920754910518 0.9732386214597939 -0.8311767942023482
v -0.5759546650118805 0.9723434341404603 -1.0838139781781362
v -0.2631399482223249 0.9755096624213544 -1.0947537830701948
v -0.3059207549105094 0.9353453858810419 -1.0657118398978973
v -0.5759546650118805 0.9723434341404603 -1.0838139781781362
v -0.3059207549105094 0.9353453858810419 -1.0657118398978973
v -0.5342563474948567 0.9353453858810419 -1.0657118398979057
v 0.5759546650119537 1.4077522149025163 -0.8993488100956576
v 0.5759546650119672 1.2623865775914684 -1.2678780820639057
v 0.5396010072209483 1.6057531466097148 -1.2448918125634876
v 0.5759546650119537 1.4077522149025163 -0.8993488100956576
v 0.5396010072209483 1.6057531466097148 -1.2448918125634876
v 0.539601007220941 1.633599201267701 -1.0459245357575777
v 0.5759546650119672 1.2623865775914684 -1.2678780820639057
v 0.2631398793573984 1.305346233338312 -1.3040711524119108
v 0.26313987935739735 1.6546787744855358 -1.2754289541191588
v 0.5759546650119672 1.2623865775914684 -1.2678780820639057
v 0.26313987935739735 1.6546787744855358 -1.2754289541191588
v 0.5396010072209483 1.6057531466097148 -1.2448918125634876
v 0.2631398793573984 1.305346233338312 -1.3040711524119108
v 0.2631398793573829 1.4706558055787846 -0.8849802708926403
v 0.263139879357389 1.6863453031597349 -1.0491636776911533
v 0.2631398793573984 1.305346233338312 -1.3040711524119108
v 0.263139879357389 1.6863453031597349 -1.0491636776911533
v 0.26313987935739735 1.6546787744855358 -1.2754289541191588
v 0.2631398793573829 1.4706558055787846 -0.8849802708926403
v 0.5759546650119537 1.4077522149025163 -0.8993488100956576
v 0.539601007220941 1.633599201267701 -1.0459245357575777
v 0.2631398793573829 1.4706558055787846 -0.8849802708926403
v 0.539601007220941 1.633599201267701 -1.0459245357575777
v 0.263139879357389 1.6863453031597349 -1.0491636776911533
v 0.5759546650119511 1.303600741197848 -0.8290161298780074
v 0.5759546650119509 1.0152547291024172 -0.8234641018049277
v 0.5759546650119605 0.9723434800504827 -1.0838138863580797
v 0.5759546650119511 1.303600741197848 -0.8290161298780074
v 0.5759546650119605 0.9723434800504827 -1.0838138863580797
v 0.5759546650119632 1.1140673037120932 -1.1580722447603442
v 0.26313987935739735 1.6546787744855358 -1.2754289541191588
v 0.263139879357389 1.6863453031597349 -1.0491636776911533
v 0.539601007220941 1.633599201267701 -1.0459245357575777
v 0.26313987935739735 1.6546787744855358 -1.2754289541191588
v 0.539601007220941 1.633599201267701 -1.0459245357575777
v 0.5396010072209483 1.6057531466097148 -1.2448918125634876
v 0.26313987935738 1.3522149228957003 -0.804998039209908
v 0.5759546650119511 1.303600741197848 -0.8290161298780074
v 0.5759546650119537 1.4077522149025163 -0.8993488100956576
v 0.26313987935738 1.3522149228957003 -0.804998039209908
v 0.5759546650119537 1.4077522149025163 -0.8993488100956576
v 0.2631398793573829 1.4706558055787846 -0.8849802708926403
v 0.2631398793573938 1.1366777971661584 -1.1792000344075748
v 0.26313987935738 1.3522149228957003 -0.804998039209908
v 0.2631398793573829 1.4706558055787846 -0.8849802708926403
v 0.2631398793573938 1.1366777971661584 -1.1792000344075748
v 0.2631398793573829 1.4706558055787846 -0.8849802708926403
v 0.2631398793573984 1.305346233338312 -1.3040711524119108
v 0.5759546650119632 1.1140673037120932 -1.1580722447603442
v 0.2631398793573938 1.1366777971661584 -1.1792000344075748
v 0.2631398793573984 1.305346233338312 -1.3040711524119108
v 0.5759546650119632 1.1140673037120932 -1.1580722447603442
v 0.2631398793573984 1.305346233338312 -1.3040711524119108
v 0.5759546650119672 1.2623865775914684 -1.2678780820639057
v 0.5759546650119511 1.303600741197848 -0.8290161298780074
v 0.5759546650119632 1.1140673037120932 -1.1580722447603442
v 0.5759546650119672 1.2623865775914684 -1.2678780820639057
v 0.5759546650119511 1.303600741197848 -0.8290161298780074
v 0.5759546650119672 1.2623865775914684 -1.2678780820639057
v 0.5759546650119537 1.4077522149025163 -0.8993488100956576
v 0.2631398793573907 0.9755097083313891 -1.0947535994301414
v 0.305920709000578 0.9353454777010742 -1.0657117480778668
v 0.3059207090005694 0.9732387132798263 -0.8311767023823179
v 0.2631398793573907 0.9755097083313891 -1.0947535994301414
v 0.3059207090005694 0.9732387132798263 -0.8311767023823179
v 0.26313987935737976 1.024308324136965 -0.7986842669353297
v 0.2631398793573938 1.1366777971661584 -1.1792000344075748
v 0.2631398793573907 0.9755097083313891 -1.0947535994301414
v 0.26313987935737976 1.024308324136965 -0.7986842669353297
v 0.2631398793573938 1.1366777971661584 -1.1792000344075748
v 0.26313987935737976 1.024308324136965 -0.7986842669353297
v 0.26313987935738 1.3522149228957003 -0.804998039209908
v 0.26313987935738 1.3522149228957003 -0.804998039209908
v 0.26313987935737976 1.024308324136965 -0.7986842669353297
v 0.5759546650119509 1.0152547291024172 -0.8234641018049277
v 0.26313987935738 1.3522149228957003 -0.804998039209908
v 0.5759546650119509 1.0152547291024172 -0.8234641018049277
v 0.5759546650119511 1.303600741197848 -0.8290161298780074
v 0.5759546650119632 1.1140673037120932 -1.1580722447603442
v 0.5759546650119605 0.9723434800504827 -1.0838138863580797
v 0.2631398793573907 0.9755097083313891 -1.0947535994301414
v 0.5759546650119632 1.1140673037120932 -1.1580722447603442
v 0.2631398793573907 0.9755097083313891 -1.0947535994301414
v 0.2631398793573938 1.1366777971661584 -1.1792000344075748
v 0.5342563474949353 0.9353454777010742 -1.0657117480778584
v 0.5342563474949267 0.9732387132798263 -0.8311767023823095
v 0.3059207090005694 0.9732387132798263 -0.8311767023823179
v 0.5342563474949353 0.9353454777010742 -1.0657117480778584
v 0.3059207090005694 0.9732387132798263 -0.8311767023823179
v 0.305920709000578 0.9353454777010742 -1.0657117480778668
v 0.5759546650119509 1.0152547291024172 -0.8234641018049277
v 0.5342563474949267 0.9732387132798263 -0.8311767023823095
v 0.5342563474949353 0.9353454777010742 -1.0657117480778584
v 0.5759546650119509 1.0152547291024172 -0.8234641018049277
v 0.5342563474949353 0.9353454777010742 -1.0657117480778584
v 0.5759546650119605 0.9723434800504827 -1.0838138863580797
v 0.26313987935737976 1.024308324136965 -0.7986842669353297
v 0.3059207090005694 0.9732387132798263 -0.8311767023823179
v 0.5342563474949267 0.9732387132798263 -0.8311767023823095
v 0.26313987935737976 1.024308324136965 -0.7986842669353297
v 0.5342563474949267 0.9732387132798263 -0.8311767023823095
v 0.5759546650119509 1.0152547291024172 -0.8234641018049277
v 0.5759546650119605 0.9723434800504827 -1.0838138863580797
v 0.5342563474949353 0.9353454777010742 -1.0657117480778584
v 0.305920709000578 0.9353454777010742 -1.0657117480778668
v 0.5759546650119605 0.9723434800504827 -1.0838138863580797
v 0.305920709000578 0.9353454777010742 -1.0657117480778668
v 0.2631398793573907 0.9755097083313891 -1.0947535994301414
v -0.5617822908300029 0.5704425533467418 -0.862718477904373
v -0.5620800631549667 0.9084654271967478 -0.8364011609992699
v -0.5620800631549587 0.8458771537965935 -1.0525069153362352
v -0.5617822908300029 0.5704425533467418 -0.862718477904373
v -0.5620800631549587 0.8458771537965935 -1.0525069153362352
v -0.561782290829996 0.5669760468238888 -1.0510692518097635
v -0.41969324306144135 0.5426962599852495 -1.0702841486795316
v -0.4196593155640394 0.8330157369314928 -1.0749782107505876
v -0.27723861388313153 0.832698317342577 -1.0584528107827051
v -0.41969324306144135 0.5426962599852495 -1.0702841486795316
v -0.27723861388313153 0.832698317342577 -1.0584528107827051
v -0.27760417233788287 0.5185575130803228 -1.0568778715915204
v -0.27760417233788287 0.5185575130803228 -1.0568778715915204
v -0.27723861388313153 0.832698317342577 -1.0584528107827051
v -0.27723863683814554 0.9030131113225742 -0.815372998379128
v -0.27760417233788287 0.5185575130803228 -1.0568778715915204
v -0.27723863683814554 0.9030131113225742 -0.815372998379128
v -0.2776041723378907 0.5224899175561726 -0.8449234761192935
v -0.4196932430614499 0.546536755418301 -0.8375104818529636
v -0.41965931556404934 0.9120113367627622 -0.806388777908101
v -0.5620800631549667 0.9084654271967478 -0.8364011609992699
v -0.4196932430614499 0.546536755418301 -0.8375104818529636
v -0.5620800631549667 0.9084654271967478 -0.8364011609992699
v -0.5617822908300029 0.5704425533467418 -0.862718477904373
v -0.4199120042591746 0.3246979310108997 -0.8617024563647492
v -0.5587001682175974 0.3650073759310566 -0.8838362285294515
v -0.5363843682791172 0.27103132485693937 -0.922181541748462
v -0.4199120042591746 0.3246979310108997 -0.8617024563647492
v -0.5363843682791172 0.27103132485693937 -0.922181541748462
v -0.4214149143470518 0.22602464123097987 -0.9144944554443755
v -0.4196593155640394 0.8330157369314928 -1.0749782107505876
v -0.5620800631549587 0.8458771537965935 -1.0525069153362352
v -0.5393651674994123 0.9728653905005296 -1.0432048298088559
v -0.4196593155640394 0.8330157369314928 -1.0749782107505876
v -0.5393651674994123 0.9728653905005296 -1.0432048298088559
v -0.4211894043778489 0.9766794554718277 -1.0501324671926582
v -0.4211894043778489 0.9766794554718277 -1.0501324671926582
v -0.5393651674994123 0.9728653905005296 -1.0432048298088559
v -0.5393651215894085 1.0049195522705556 -0.8770304309825309
v -0.4211894043778489 0.9766794554718277 -1.0501324671926582
v -0.5393651215894085 1.0049195522705556 -0.8770304309825309
v -0.42118940437785574 1.0111314995244287 -0.8656530131350263
v -0.27723863683814554 0.9030131113225742 -0.815372998379128
v -0.27723861388313153 0.832698317342577 -1.0584528107827051
v -0.3029293045678867 0.975655938021939 -1.0477998712662493
v -0.27723863683814554 0.9030131113225742 -0.815372998379128
v -0.3029293045678867 0.975655938021939 -1.0477998712662493
v -0.3029293045678935 1.011646977671452 -0.8615255196638153
v -0.5620800631549587 0.8458771537965935 -1.0525069153362352
v -0.5620800631549667 0.9084654271967478 -0.8364011609992699
v -0.5393651215894085 1.0049195522705556 -0.8770304309825309
v -0.5620800631549587 0.8458771537965935 -1.0525069153362352
v -0.5393651215894085 1.0049195522705556 -0.8770304309825309
v -0.5393651674994123 0.9728653905005296 -1.0432048298088559
v -0.41965931556404934 0.9120113367627622 -0.806388777908101
v -0.27723863683814554 0.9030131113225742 -0.815372998379128
v -0.3029293045678935 1.011646977671452 -0.8615255196638153
v -0.41965931556404934 0.9120113367627622 -0.806388777908101
v -0.3029293045678935 1.011646977671452 -0.8615255196638153
v -0.42118940437785574 1.0111314995244287 -0.8656530131350263
v -0.4214149143470466 0.2580185736024434 -1.0562672334525995
v -0.30636348809209774 0.21969556016866743 -1.0551740191450616
v -0.306363488092103 0.18743176891898106 -0.9122055607997263
v -0.4214149143470466 0.2580185736024434 -1.0562672334525995
v -0.306363488092103 0.18743176891898106 -0.9122055607997263
v -0.4214149143470518 0.22602464123097987 -0.9144944554443755
v -0.419912004259167 0.36728329415354 -1.0670325027418621
v -0.2811238173457388 0.3290738635178736 -1.0552713630622386
v -0.30636348809209774 0.21969556016866743 -1.0551740191450616
v -0.419912004259167 0.36728329415354 -1.0670325027418621
v -0.30636348809209774 0.21969556016866743 -1.0551740191450616
v -0.4214149143470466 0.2580185736024434 -1.0562672334525995
v -0.5587001682175974 0.3650073759310566 -0.8838362285294515
v -0.5587001682175913 0.39891106967199197 -1.0496280221943266
v -0.5363843682791124 0.2998154148791341 -1.0497312145824622
v -0.5587001682175974 0.3650073759310566 -0.8838362285294515
v -0.5363843682791124 0.2998154148791341 -1.0497312145824622
v -0.5363843682791172 0.27103132485693937 -0.922181541748462
v -0.2811238173457388 0.3290738635178736 -1.0552713630622386
v -0.2811238173457457 0.2909702330280144 -0.8687340289671579
v -0.306363488092103 0.18743176891898106 -0.9122055607997263
v -0.2811238173457388 0.3290738635178736 -1.0552713630622386
v -0.306363488092103 0.18743176891898106 -0.9122055607997263
v -0.30636348809209774 0.21969556016866743 -1.0551740191450616
v -0.4199120042591746 0.3246979310108997 -0.8617024563647492
v -0.4196932430614499 0.546536755418301 -0.8375104818529636
v -0.5617822908300029 0.5704425533467418 -0.862718477904373
v -0.4199120042591746 0.3246979310108997 -0.8617024563647492
v -0.5617822908300029 0.5704425533467418 -0.862718477904373
v -0.5587001682175974 0.3650073759310566 -0.8838362285294515
v -0.2811238173457388 0.3290738635178736 -1.0552713630622386
v -0.27760417233788287 0.5185575130803228 -1.0568778715915204
v -0.2776041723378907 0.5224899175561726 -0.8449234761192935
v -0.2811238173457388 0.3290738635178736 -1.0552713630622386
v -0.2776041723378907 0.5224899175561726 -0.8449234761192935
v -0.2811238173457457 0.2909702330280144 -0.8687340289671579
v -0.419912004259167 0.36728329415354 -1.0670325027418621
v -0.41969324306144135 0.5426962599852495 -1.0702841486795316
v -0.27760417233788287 0.5185575130803228 -1.0568778715915204
v -0.419912004259167 0.36728329415354 -1.0670325027418621
v -0.27760417233788287 0.5185575130803228 -1.0568778715915204
v -0.2811238173457388 0.3290738635178736 -1.0552713630622386
v -0.5587001682175974 0.3650073759310566 -0.8838362285294515
v -0.5617822908300029 0.5704425533467418 -0.862718477904373
v -0.561782290829996 0.5669760468238888 -1.0510692518097635
v -0.5587001682175974 0.3650073759310566 -0.8838362285294515
v -0.561782290829996 0.5669760468238888 -1.0510692518097635
v -0.5587001682175913 0.39891106967199197 -1.0496280221943266
v 0.5617824744701067 0.5704425533467418 -0.8627184779043314
v 0.5617824744701135 0.5669760468238888 -1.0510692518097222
v 0.5620802467950765 0.8458771537965935 -1.052506915336194
v 0.5617824744701067 0.5704425533467418 -0.8627184779043314
v 0.5620802467950765 0.8458771537965935 -1.052506915336194
v 0.5620802467950685 0.9084654271967478 -0.8364011609992283
v 0.41969342670156035 0.5426962599852495 -1.0702841486795005
v 0.277604447798021 0.5185575130803228 -1.0568778715915
v 0.2772388434332598 0.832698317342577 -1.0584528107826847
v 0.41969342670156035 0.5426962599852495 -1.0702841486795005
v 0.2772388434332598 0.832698317342577 -1.0584528107826847
v 0.41965954511416886 0.8330157369314928 -1.0749782107505566
v 0.277604447798021 0.5185575130803228 -1.0568778715915
v 0.2776044477980132 0.5224899175561726 -0.8449234761192731
v 0.2772388434332508 0.9030131113225742 -0.8153729983791076
v 0.277604447798021 0.5185575130803228 -1.0568778715915
v 0.2772388434332508 0.9030131113225742 -0.8153729983791076
v 0.2772388434332598 0.832698317342577 -1.0584528107826847
v 0.4196934267015518 0.546536755418301 -0.8375104818529328
v 0.5617824744701067 0.5704425533467418 -0.8627184779043314
v 0.5620802467950685 0.9084654271967478 -0.8364011609992283
v 0.4196934267015518 0.546536755418301 -0.8375104818529328
v 0.5620802467950685 0.9084654271967478 -0.8364011609992283
v 0.4196595451141589 0.9120113367627622 -0.8063887779080702
v 0.41991223380928827 0.3246979310108997 -0.8617024563647181
v 0.42141505207714935 0.22602464123097987 -0.9144944554443444
v 0.5363845519192252 0.27103132485693937 -0.9221815417484225
v 0.41991223380928827 0.3246979310108997 -0.8617024563647181
v 0.5363845519192252 0.27103132485693937 -0.9221815417484225
v 0.5587003977677127 0.3650073759310566 -0.8838362285294102
v 0.41965954511416886 0.8330157369314928 -1.0749782107505566
v 0.4211896339279765 0.9766794554718277 -1.050132467192627
v 0.5393653511395294 0.9728653905005296 -1.043204829808816
v 0.41965954511416886 0.8330157369314928 -1.0749782107505566
v 0.5393653511395294 0.9728653905005296 -1.043204829808816
v 0.5620802467950765 0.8458771537965935 -1.052506915336194
v 0.4211896339279765 0.9766794554718277 -1.050132467192627
v 0.42118963392796965 1.0111314995244287 -0.8656530131349952
v 0.5393653052295132 1.0049195522705556 -0.8770304309824911
v 0.4211896339279765 0.9766794554718277 -1.050132467192627
v 0.5393653052295132 1.0049195522705556 -0.8770304309824911
v 0.5393653511395294 0.9728653905005296 -1.043204829808816
v 0.2772388434332508 0.9030131113225742 -0.8153729983791076
v 0.3029295341180072 1.011646977671452 -0.8615255196637929
v 0.30292953411801404 0.975655938021939 -1.047799871266227
v 0.2772388434332508 0.9030131113225742 -0.8153729983791076
v 0.30292953411801404 0.975655938021939 -1.047799871266227
v 0.2772388434332598 0.832698317342577 -1.0584528107826847
v 0.5620802467950765 0.8458771537965935 -1.052506915336194
v 0.5393653511395294 0.9728653905005296 -1.043204829808816
v 0.5393653052295132 1.0049195522705556 -0.8770304309824911
v 0.5620802467950765 0.8458771537965935 -1.052506915336194
v 0.5393653052295132 1.0049195522705556 -0.8770304309824911
v 0.5620802467950685 0.9084654271967478 -0.8364011609992283
v 0.4196595451141589 0.9120113367627622 -0.8063887779080702
v 0.42118963392796965 1.0111314995244287 -0.8656530131349952
v 0.3029295341180072 1.011646977671452 -0.8615255196637929
v 0.4196595451141589 0.9120113367627622 -0.8063887779080702
v 0.3029295341180072 1.011646977671452 -0.8615255196637929
v 0.2772388434332508 0.9030131113225742 -0.8153729983791076
v 0.4214150520771546 0.2580185736024434 -1.0562672334525685
v 0.42141505207714935 0.22602464123097987 -0.9144944554443444
v 0.3063637405972254 0.18743176891898106 -0.9122055607997036
v 0.4214150520771546 0.2580185736024434 -1.0562672334525685
v 0.3063637405972254 0.18743176891898106 -0.9122055607997036
v 0.30636374059723065 0.21969556016866743 -1.055174019145039
v 0.4199122338092958 0.36728329415354 -1.067032502741831
v 0.4214150520771546 0.2580185736024434 -1.0562672334525685
v 0.30636374059723065 0.21969556016866743 -1.055174019145039
v 0.4199122338092958 0.36728329415354 -1.067032502741831
v 0.30636374059723065 0.21969556016866743 -1.055174019145039
v 0.28112406985087174 0.3290738635178736 -1.0552713630622177
v 0.5587003977677127 0.3650073759310566 -0.8838362285294102
v 0.5363845519192252 0.27103132485693937 -0.9221815417484225
v 0.53638455191923 0.2998154148791341 -1.0497312145824227
v 0.5587003977677127 0.3650073759310566 -0.8838362285294102
v 0.53638455191923 0.2998154148791341 -1.0497312145824227
v 0.5587003977677188 0.39891106967199197 -1.0496280221942853
v 0.28112406985087174 0.3290738635178736 -1.0552713630622177
v 0.30636374059723065 0.21969556016866743 -1.055174019145039
v 0.3063637405972254 0.18743176891898106 -0.9122055607997036
v 0.28112406985087174 0.3290738635178736 -1.0552713630622177
v 0.3063637405972254 0.18743176891898106 -0.9122055607997036
v 0.28112406985086486 0.2909702330280144 -0.8687340289671373
v 0.41991223380928827 0.3246979310108997 -0.8617024563647181
v 0.5587003977677127 0.3650073759310566 -0.8838362285294102
v 0.5617824744701067 0.5704425533467418 -0.8627184779043314
v 0.41991223380928827 0.3246979310108997 -0.8617024563647181
v 0.5617824744701067 0.5704425533467418 -0.8627184779043314
v 0.4196934267015518 0.546536755418301 -0.8375104818529328
v 0.28112406985087174 0.3290738635178736 -1.0552713630622177
v 0.28112406985086486 0.2909702330280144 -0.8687340289671373
v 0.2776044477980132 0.5224899175561726 -0.8449234761192731
v 0.28112406985087174 0.3290738635178736 -1.0552713630622177
v 0.2776044477980132 0.5224899175561726 -0.8449234761192731
v 0.277604447798021 0.5185575130803228 -1.0568778715915
v 0.4199122338092958 0.36728329415354 -1.067032502741831
v 0.28112406985087174 0.3290738635178736 -1.0552713630622177
v 0.277604447798021 0.5185575130803228 -1.0568778715915
v 0.4199122338092958 0.36728329415354 -1.067032502741831
v 0.277604447798021 0.5185575130803228 -1.0568778715915
v 0.41969342670156035 0.5426962599852495 -1.0702841486795005
v 0.5587003977677127 0.3650073759310566 -0.8838362285294102
v 0.5587003977677188 0.39891106967199197 -1.0496280221942853
v 0.5617824744701135 0.5669760468238888 -1.0510692518097222
v 0.5587003977677127 0.3650073759310566 -0.8838362285294102
v 0.5617824744701135 0.5669760468238888 -1.0510692518097222
v 0.5617824744701067 0.5704425533467418 -0.8627184779043314
v -0.5951310007354536 0.0630520111638131 -0.8477522055668886
v -0.5415774331520513 0.311988839575567 -0.9138217017076593
v -0.5415774331520398 0.22472121415921897 -1.2262521629432108
v -0.5951310007354536 0.0630520111638131 -0.8477522055668886
v -0.5415774331520398 0.22472121415921897 -1.2262521629432108
v -0.595131000735438 0.0630519543012511 -1.270966287296482
v -0.595131000735438 0.0630519543012511 -1.270966287296482
v -0.5415774331520398 0.22472121415921897 -1.2262521629432108
v -0.2944975409933824 0.22472121415921897 -1.2262521629432017
v -0.595131000735438 0.0630519543012511 -1.270966287296482
v -0.2944975409933824 0.22472121415921897 -1.2262521629432017
v -0.24094399636498592 0.0630519543012511 -1.2709662872964689
v -0.24094399636498592 0.0630519543012511 -1.2709662872964689
v -0.2944975409933824 0.22472121415921897 -1.2262521629432017
v -0.2944975409933939 0.311988839575567 -0.9138217017076502
v -0.24094399636498592 0.0630519543012511 -1.2709662872964689
v -0.2944975409933939 0.311988839575567 -0.9138217017076502
v -0.24094399636500155 0.0630520111638131 -0.8477522055668755
v -0.24094399636500155 0.0630520111638131 -0.8477522055668755
v -0.2944975409933939 0.311988839575567 -0.9138217017076502
v -0.5415774331520513 0.311988839575567 -0.9138217017076593
v -0.24094399636500155 0.0630520111638131 -0.8477522055668755
v -0.5415774331520513 0.311988839575567 -0.9138217017076593
v -0.5951310007354536 0.0630520111638131 -0.8477522055668886
v -0.595131000735438 0.0630519543012511 -1.270966287296482
v -0.24094399636498592 0.0630519543012511 -1.2709662872964689
v -0.24094399636500155 0.0630520111638131 -0.8477522055668755
v -0.595131000735438 0.0630519543012511 -1.270966287296482
v -0.24094399636500155 0.0630520111638131 -0.8477522055668755
v -0.5951310007354536 0.0630520111638131 -0.8477522055668886
v -0.2944975409933824 0.22472121415921897 -1.2262521629432017
v -0.5415774331520398 0.22472121415921897 -1.2262521629432108
v -0.5415774331520513 0.311988839575567 -0.9138217017076593
v -0.2944975409933824 0.22472121415921897 -1.2262521629432017
v -0.5415774331520513 0.311988839575567 -0.9138217017076593
v -0.2944975409933939 0.311988839575567 -0.9138217017076502
v 0.5951310007355162 0.0630520111638131 -0.8477522055668446
v 0.5951310007355317 0.0630519543012511 -1.270966287296438
v 0.5415774331521304 0.22472121415921897 -1.2262521629431709
v 0.5951310007355162 0.0630520111638131 -0.8477522055668446
v 0.5415774331521304 0.22472121415921897 -1.2262521629431709
v 0.5415774331521188 0.311988839575567 -0.9138217017076193
v 0.5951310007355317 0.0630519543012511 -1.270966287296438
v 0.24094399636507974 0.0630519543012511 -1.2709662872964511
v 0.29449754099347286 0.22472121415921897 -1.22625216294318
v 0.5951310007355317 0.0630519543012511 -1.270966287296438
v 0.29449754099347286 0.22472121415921897 -1.22625216294318
v 0.5415774331521304 0.22472121415921897 -1.2262521629431709
v 0.24094399636507974 0.0630519543012511 -1.2709662872964511
v 0.2409439963650641 0.0630520111638131 -0.8477522055668577
v 0.2944975409934613 0.311988839575567 -0.9138217017076284
v 0.24094399636507974 0.0630519543012511 -1.2709662872964511
v 0.2944975409934613 0.311988839575567 -0.9138217017076284
v 0.29449754099347286 0.22472121415921897 -1.22625216294318
v 0.2409439963650641 0.0630520111638131 -0.8477522055668577
v 0.5951310007355162 0.0630520111638131 -0.8477522055668446
v 0.5415774331521188 0.311988839575567 -0.9138217017076193
v 0.2409439963650641 0.0630520111638131 -0.8477522055668577
v 0.5415774331521188 0.311988839575567 -0.9138217017076193
v 0.2944975409934613 0.311988839575567 -0.9138217017076284
v 0.5951310007355317 0.0630519543012511 -1.270966287296438
v 0.5951310007355162 0.0630520111638131 -0.8477522055668446
v 0.2409439963650641 0.0630520111638131 -0.8477522055668577
v 0.5951310007355317 0.0630519543012511 -1.270966287296438
v 0.2409439963650641 0.0630520111638131 -0.8477522055668577
v 0.24094399636507974 0.0630519543012511 -1.2709662872964511
v 0.29449754099347286 0.22472121415921897 -1.22625216294318
v 0.2944975409934613 0.311988839575567 -0.9138217017076284
v 0.5415774331521188 0.311988839575567 -0.9138217017076193
v 0.29449754099347286 0.22472121415921897 -1.22625216294318
v 0.5415774331521188 0.311988839575567 -0.9138217017076193
v 0.5415774331521304 0.22472121415921897 -1.2262521629431709
v 0.2681772633863638 2.587125920335536 -1.1749915668499586
v 0.2681772633863802 2.1057701943544984 -1.6201955605025489
v 0.2055550226595302 2.3409949602248297 -1.5531882797285748
v 0.2681772633863638 2.587125920335536 -1.1749915668499586
v 0.2055550226595302 2.3409949602248297 -1.5531882797285748
v 0.20555502265952147 2.5684158277094884 -1.3161374827688936
v 0.2681772633863802 2.1057701943544984 -1.6201955605025489
v 0.2681772633863638 2.587125920335536 -1.1749915668499586
v 0.2679513402270651 2.2823185677534132 -0.8871390686176701
v 0.2681772633863802 2.1057701943544984 -1.6201955605025489
v 0.2679513402270651 2.2823185677534132 -0.8871390686176701
v 0.29949089732284584 1.7069579951831664 -1.4446605118433755
v 5.991246700843898e-14 2.1057701943544984 -1.6201955605025589
v 0.2681772633863802 2.1057701943544984 -1.6201955605025489
v 0.29949089732284584 1.7069579951831664 -1.4446605118433755
v 5.991246700843898e-14 2.1057701943544984 -1.6201955605025589
v 0.29949089732284584 1.7069579951831664 -1.4446605118433755
v 5.343527003101708e-14 1.7069579951831788 -1.4446604200233666
v 0.2681772633863638 2.587125920335536 -1.1749915668499586
v 4.0963296332615226e-14 2.5788771861963964 -1.1066638814751137
v 3.091650612809595e-14 2.290567318160148 -0.8343910391783107
v 0.2681772633863638 2.587125920335536 -1.1749915668499586
v 3.091650612809595e-14 2.290567318160148 -0.8343910391783107
v 0.2679513402270651 2.2823185677534132 -0.8871390686176701
v 0.2679513402270651 2.2823185677534132 -0.8871390686176701
v 3.091650612809595e-14 2.290567318160148 -0.8343910391783107
v 3.1714260329801604e-14 2.0079632444116546 -0.8560105758445378
v 0.2679513402270651 2.2823185677534132 -0.8871390686176701
v 3.1714260329801604e-14 2.0079632444116546 -0.8560105758445378
v 0.3240142112279006 2.0079632444116546 -0.8560105758445258
v 0.29949089732283635 1.698135594906509 -1.1876765668136517
v 0.3240142112279006 2.0079632444116546 -0.8560105758445258
v 3.1714260329801604e-14 2.0079632444116546 -0.8560105758445378
v 0.29949089732283635 1.698135594906509 -1.1876765668136517
v 3.1714260329801604e-14 2.0079632444116546 -0.8560105758445378
v 4.3952639621831716e-14 1.698135594906509 -1.1876765668136628
v 5.343527003101708e-14 1.7069579951831788 -1.4446604200233666
v 0.29949089732284584 1.7069579951831664 -1.4446605118433755
v 0.29949089732283635 1.698135594906509 -1.1876765668136517
v 5.343527003101708e-14 1.7069579951831788 -1.4446604200233666
v 0.29949089732283635 1.698135594906509 -1.1876765668136517
v 4.3952639621831716e-14 1.698135594906509 -1.1876765668136628
v 3.091650612809595e-14 2.290567318160148 -0.8343910391783107
v 5.343527003101708e-14 1.7069579951831788 -1.4446604200233666
v 4.3952639621831716e-14 1.698135594906509 -1.1876765668136628
v 3.091650612809595e-14 2.290567318160148 -0.8343910391783107
v 4.3952639621831716e-14 1.698135594906509 -1.1876765668136628
v 3.1714260329801604e-14 2.0079632444116546 -0.8560105758445378
v 0.29949089732284584 1.7069579951831664 -1.4446605118433755
v 0.2679513402270651 2.2823185677534132 -0.8871390686176701
v 0.3240142112279006 2.0079632444116546 -0.8560105758445258
v 0.29949089732284584 1.7069579951831664 -1.4446605118433755
v 0.3240142112279006 2.0079632444116546 -0.8560105758445258
v 0.29949089732283635 1.698135594906509 -1.1876765668136517
v 5.731219632494705e-14 2.3409949602248545 -1.5531880960885422
v 4.8565093768538865e-14 2.568415827709501 -1.3161373909488812
v 0.20555502265952147 2.5684158277094884 -1.3161374827688936
v 5.731219632494705e-14 2.3409949602248545 -1.5531880960885422
v 0.20555502265952147 2.5684158277094884 -1.3161374827688936
v 0.2055550226595302 2.3409949602248297 -1.5531882797285748
v 0.2681772633863802 2.1057701943544984 -1.6201955605025489
v 5.991246700843898e-14 2.1057701943544984 -1.6201955605025589
v 5.731219632494705e-14 2.3409949602248545 -1.5531880960885422
v 0.2681772633863802 2.1057701943544984 -1.6201955605025489
v 5.731219632494705e-14 2.3409949602248545 -1.5531880960885422
v 0.2055550226595302 2.3409949602248297 -1.5531882797285748
v 4.0963296332615226e-14 2.5788771861963964 -1.1066638814751137
v 0.2681772633863638 2.587125920335536 -1.1749915668499586
v 0.20555502265952147 2.5684158277094884 -1.3161374827688936
v 4.0963296332615226e-14 2.5788771861963964 -1.1066638814751137
v 0.20555502265952147 2.5684158277094884 -1.3161374827688936
v 4.8565093768538865e-14 2.568415827709501 -1.3161373909488812
v -0.26817726338627706 2.5871259203355486 -1.1749914750299586
v -0.20555502265942432 2.5684158277094884 -1.3161374827689087
v -0.20555502265941558 2.3409949602248297 -1.5531882797285899
v -0.26817726338627706 2.5871259203355486 -1.1749914750299586
v -0.20555502265941558 2.3409949602248297 -1.5531882797285899
v -0.26817726338626063 2.1057701943544984 -1.6201955605025689
v -0.26817726338626063 2.1057701943544984 -1.6201955605025689
v -0.29949089732273926 1.7069579951831788 -1.4446604200233777
v -0.2679513402269996 2.2823185677534257 -0.8871389767976698
v -0.26817726338626063 2.1057701943544984 -1.6201955605025689
v -0.2679513402269996 2.2823185677534257 -0.8871389767976698
v -0.26817726338627706 2.5871259203355486 -1.1749914750299586
v 5.991246700843898e-14 2.1057701943544984 -1.6201955605025589
v 5.343527003101708e-14 1.7069579951831788 -1.4446604200233666
v -0.29949089732273926 1.7069579951831788 -1.4446604200233777
v 5.991246700843898e-14 2.1057701943544984 -1.6201955605025589
v -0.29949089732273926 1.7069579951831788 -1.4446604200233777
v -0.26817726338626063 2.1057701943544984 -1.6201955605025689
v -0.26817726338627706 2.5871259203355486 -1.1749914750299586
v -0.2679513402269996 2.2823185677534257 -0.8871389767976698
v 3.091650612809595e-14 2.290567318160148 -0.8343910391783107
v -0.26817726338627706 2.5871259203355486 -1.1749914750299586
v 3.091650612809595e-14 2.290567318160148 -0.8343910391783107
v 4.0963296332615226e-14 2.5788771861963964 -1.1066638814751137
v -0.2679513402269996 2.2823185677534257 -0.8871389767976698
v -0.3240142112278374 2.0079632444116546 -0.8560105758445498
v 3.1714260329801604e-14 2.0079632444116546 -0.8560105758445378
v -0.2679513402269996 2.2823185677534257 -0.8871389767976698
v 3.1714260329801604e-14 2.0079632444116546 -0.8560105758445378
v 3.091650612809595e-14 2.290567318160148 -0.8343910391783107
v -0.29949089732274875 1.698135594906521 -1.187676474993654
v 4.3952639621831716e-14 1.698135594906509 -1.1876765668136628
v 3.1714260329801604e-14 2.0079632444116546 -0.8560105758445378
v -0.29949089732274875 1.698135594906521 -1.187676474993654
v 3.1714260329801604e-14 2.0079632444116546 -0.8560105758445378
v -0.3240142112278374 2.0079632444116546 -0.8560105758445498
v 5.343527003101708e-14 1.7069579951831788 -1.4446604200233666
v 4.3952639621831716e-14 1.698135594906509 -1.1876765668136628
v -0.29949089732274875 1.698135594906521 -1.187676474993654
v 5.343527003101708e-14 1.7069579951831788 -1.4446604200233666
v -0.29949089732274875 1.698135594906521 -1.187676474993654
v -0.29949089732273926 1.7069579951831788 -1.4446604200233777
v -0.29949089732273926 1.7069579951831788 -1.4446604200233777
v -0.29949089732274875 1.698135594906521 -1.187676474993654
v -0.3240142112278374 2.0079632444116546 -0.8560105758445498
v -0.29949089732273926 1.7069579951831788 -1.4446604200233777
v -0.3240142112278374 2.0079632444116546 -0.8560105758445498
v -0.2679513402269996 2.2823185677534257 -0.8871389767976698
v 5.731219632494705e-14 2.3409949602248545 -1.5531880960885422
v -0.20555502265941558 2.3409949602248297 -1.5531882797285899
v -0.20555502265942432 2.5684158277094884 -1.3161374827689087
v 5.731219632494705e-14 2.3409949602248545 -1.5531880960885422
v -0.20555502265942432 2.5684158277094884 -1.3161374827689087
v 4.8565093768538865e-14 2.568415827709501 -1.3161373909488812
v -0.26817726338626063 2.1057701943544984 -1.6201955605025689
v -0.20555502265941558 2.3409949602248297 -1.5531882797285899
v 5.731219632494705e-14 2.3409949602248545 -1.5531880960885422
v -0.26817726338626063 2.1057701943544984 -1.6201955605025689
v 5.731219632494705e-14 2.3409949602248545 -1.5531880960885422
v 5.991246700843898e-14 2.1057701943544984 -1.6201955605025589
v 4.0963296332615226e-14 2.5788771861963964 -1.1066638814751137
v 4.8565093768538865e-14 2.568415827709501 -1.3161373909488812
v -0.20555502265942432 2.5684158277094884 -1.3161374827689087
v 4.0963296332615226e-14 2.5788771861963964 -1.1066638814751137
v -0.20555502265942432 2.5684158277094884 -1.3161374827689087
v -0.26817726338627706 2.5871259203355486 -1.1749914750299586
v -0.3291841604106965 2.4675251292083162 -1.719166939579422
v -0.28367315429187867 2.684392240622105 -1.8898930738835364
v -0.2559662566522612 2.62602849300799 -1.9244372266981025
v -0.3291841604106965 2.4675251292083162 -1.719166939579422
v -0.2559662566522612 2.62602849300799 -1.9244372266981025
v -0.2559662566522654 2.418144034802346 -1.8097664812700898
v 0.2559662566524032 2.62602849300799 -1.9244372266980834
v 0.25596625665239897 2.418144034802346 -1.8097664812700707
v 0.09461382778130571 2.369616915669825 -2.218416248542238
v 0.2559662566524032 2.62602849300799 -1.9244372266980834
v 0.09461382778130571 2.369616915669825 -2.218416248542238
v 0.09461382778130605 2.5405831289535588 -2.227606170037958
v 0.3291841604108234 2.4675251292083162 -1.7191669395793976
v 0.2836731542920181 2.684392240622105 -1.8898930738835156
v 0.23930721268801414 2.8223805713594468 -1.8082206537255778
v 0.3291841604108234 2.4675251292083162 -1.7191669395793976
v 0.23930721268801414 2.8223805713594468 -1.8082206537255778
v 0.32918416041081544 2.584276149859151 -1.5049637033347343
v 6.037347256902225e-14 2.904274594884877 -1.6361501308293722
v -0.23930721268788704 2.8468538435178017 -1.6361501231143942
v -0.19451456049580002 2.871327207496164 -1.4640796843232233
v 6.037347256902225e-14 2.904274594884877 -1.6361501308293722
v -0.19451456049580002 2.871327207496164 -1.4640796843232233
v 5.4024122828212495e-14 2.9287479588632395 -1.464079692038203
v 5.837018029333861e-14 2.1883943068007365 -1.5818599786804373
v 0.23428511669237093 2.1883943068007365 -1.5818599786804286
v 0.2342851166923642 2.1897087808014617 -1.399483014989157
v 5.837018029333861e-14 2.1883943068007365 -1.5818599786804373
v 0.2342851166923642 2.1897087808014617 -1.399483014989157
v 5.1640522702661584e-14 2.1897087808014617 -1.3994830149891657
v 6.973651414663248e-14 2.7175001525250213 -1.8898930783318673
v -0.28367315429187867 2.684392240622105 -1.8898930738835364
v -0.2393072126878807 2.8223805713594468 -1.8082206537255956
v 6.973651414663248e-14 2.7175001525250213 -1.8898930783318673
v -0.2393072126878807 2.8223805713594468 -1.8082206537255956
v 6.6722825697965e-14 2.879801322726522 -1.8082206614405736
v 4.3506470323413307e-14 2.641675275491397 -1.1790462544437386
v 5.4024122828212495e-14 2.9287479588632395 -1.464079692038203
v -0.19451456049580002 2.871327207496164 -1.4640796843232233
v 4.3506470323413307e-14 2.641675275491397 -1.1790462544437386
v -0.19451456049580002 2.871327207496164 -1.4640796843232233
v -0.19451456049581053 2.641675275491397 -1.1790462544437457
v 0.32918416041080945 2.61297571267528 -1.3420049329792203
v 0.23930721268800778 2.8468538435178017 -1.6361501231143765
v 0.19451456049590804 2.871327207496164 -1.4640796843232091
v 0.32918416041080945 2.61297571267528 -1.3420049329792203
v 0.19451456049590804 2.871327207496164 -1.4640796843232091
v 0.19451456049589752 2.641675275491397 -1.1790462544437315
v -0.3291841604107104 2.6129757126752677 -1.3420050247992648
v -0.2570295095292475 2.3553643720390003 -1.2720061815557544
v -0.19451456049581034 2.433119413215308 -1.1840845745615978
v -0.3291841604107104 2.6129757126752677 -1.3420050247992648
v -0.19451456049581034 2.433119413215308 -1.1840845745615978
v -0.19451456049581053 2.641675275491397 -1.1790462544437457
v 4.693666444160546e-14 2.3553643720390003 -1.2720061815557449
v 0.25702950952934145 2.3553643720390003 -1.2720061815557353
v 0.19451456049589771 2.433119413215308 -1.1840845745615836
v 4.693666444160546e-14 2.3553643720390003 -1.2720061815557449
v 0.19451456049589771 2.433119413215308 -1.1840845745615836
v 4.369238252487818e-14 2.433119413215308 -1.1840845745615907
v -0.23930721268788704 2.8468538435178017 -1.6361501231143942
v -0.3291841604107104 2.6129757126752677 -1.3420050247992648
v -0.19451456049581053 2.641675275491397 -1.1790462544437457
v -0.23930721268788704 2.8468538435178017 -1.6361501231143942
v -0.19451456049581053 2.641675275491397 -1.1790462544437457
v -0.19451456049580002 2.871327207496164 -1.4640796843232233
v 0.25702950952934145 2.3553643720390003 -1.2720061815557353
v 0.32918416041080945 2.61297571267528 -1.3420049329792203
v 0.19451456049589752 2.641675275491397 -1.1790462544437315
v 0.25702950952934145 2.3553643720390003 -1.2720061815557353
v 0.19451456049589752 2.641675275491397 -1.1790462544437315
v 0.19451456049589771 2.433119413215308 -1.1840845745615836
v 4.369238252487818e-14 2.433119413215308 -1.1840845745615907
v 4.3506470323413307e-14 2.641675275491397 -1.1790462544437386
v -0.19451456049581053 2.641675275491397 -1.1790462544437457
v 4.369238252487818e-14 2.433119413215308 -1.1840845745615907
v -0.19451456049581053 2.641675275491397 -1.1790462544437457
v -0.19451456049581034 2.433119413215308 -1.1840845745615978
v 0.23428511669237093 2.1883943068007365 -1.5818599786804286
v 0.3291841604108234 2.4675251292083162 -1.7191669395793976
v 0.32918416041081544 2.584276149859151 -1.5049637033347343
v 0.23428511669237093 2.1883943068007365 -1.5818599786804286
v 0.32918416041081544 2.584276149859151 -1.5049637033347343
v 0.2342851166923642 2.1897087808014617 -1.399483014989157
v -0.2559662566522683 2.1944375130646216 -1.7320139928104363
v -0.2559662566522654 2.418144034802346 -1.8097664812700898
v -0.09461382778114556 2.1912963896368023 -2.1217356199711834
v -0.2559662566522683 2.1944375130646216 -1.7320139928104363
v -0.09461382778114556 2.1912963896368023 -2.1217356199711834
v -0.09461382778114609 2.109988753821893 -2.1072713849312255
v -0.23428511669225419 2.1883943068007365 -1.581859978680446
v -0.3291841604106965 2.4675251292083162 -1.719166939579422
v -0.2559662566522654 2.418144034802346 -1.8097664812700898
v -0.23428511669225419 2.1883943068007365 -1.581859978680446
v -0.2559662566522654 2.418144034802346 -1.8097664812700898
v -0.2559662566522683 2.1944375130646216 -1.7320139928104363
v 8.185892418863066e-14 2.369616915669825 -2.2184162485422414
v 8.21980299516057e-14 2.5405831289535588 -2.2276061700379617
v 0.09461382778130605 2.5405831289535588 -2.227606170037958
v 8.185892418863066e-14 2.369616915669825 -2.2184162485422414
v 0.09461382778130605 2.5405831289535588 -2.227606170037958
v 0.09461382778130571 2.369616915669825 -2.218416248542238
v 7.101118314269759e-14 2.62602849300799 -1.924437226698093
v 0.2559662566524032 2.62602849300799 -1.9244372266980834
v 0.09461382778130605 2.5405831289535588 -2.227606170037958
v 7.101118314269759e-14 2.62602849300799 -1.924437226698093
v 0.09461382778130605 2.5405831289535588 -2.227606170037958
v 8.21980299516057e-14 2.5405831289535588 -2.2276061700379617
v -0.2559662566522654 2.418144034802346 -1.8097664812700898
v -0.2559662566522612 2.62602849300799 -1.9244372266981025
v -0.09461382778114165 2.5405831289535588 -2.2276061700379652
v -0.2559662566522654 2.418144034802346 -1.8097664812700898
v -0.09461382778114165 2.5405831289535588 -2.2276061700379652
v -0.09461382778114198 2.369616915669825 -2.218416248542245
v 6.677986519963467e-14 2.418144034802346 -1.8097664812700802
v -0.23743293652898342 2.420843727937607 -1.8030211993212464
v -0.08109890789768906 2.371953646003445 -2.1987388512833275
v 6.677986519963467e-14 2.418144034802346 -1.8097664812700802
v -0.08109890789768906 2.371953646003445 -2.1987388512833275
v 8.113283388397261e-14 2.371953646003445 -2.1987388512833244
v 7.775771018184417e-14 2.109988753821893 -2.107271384931222
v 7.829143644358149e-14 2.1912963896368023 -2.12173561997118
v 0.09461382778130213 2.1912963896368023 -2.1217356199711763
v 7.775771018184417e-14 2.109988753821893 -2.107271384931222
v 0.09461382778130213 2.1912963896368023 -2.1217356199711763
v 0.0946138277813016 2.109988753821893 -2.1072713849312183
v 6.677986519963467e-14 2.418144034802346 -1.8097664812700802
v 0.23743293652911648 2.420843727937607 -1.803021199321229
v 0.08142337115488373 2.202950096912528 -2.1057089879605395
v 6.677986519963467e-14 2.418144034802346 -1.8097664812700802
v 0.08142337115488373 2.202950096912528 -2.1057089879605395
v 7.770005834458386e-14 2.202950096912528 -2.1057089879605426
v 0.25596625665239897 2.418144034802346 -1.8097664812700707
v 0.2559662566523961 2.1944375130646216 -1.7320139928104172
v 0.0946138277813016 2.109988753821893 -2.1072713849312183
v 0.25596625665239897 2.418144034802346 -1.8097664812700707
v 0.0946138277813016 2.109988753821893 -2.1072713849312183
v 0.09461382778130213 2.1912963896368023 -2.1217356199711763
v 6.391082031046468e-14 2.1944375130646216 -1.7320139928104268
v -0.2559662566522683 2.1944375130646216 -1.7320139928104363
v -0.09461382778114609 2.109988753821893 -2.1072713849312255
v 6.391082031046468e-14 2.1944375130646216 -1.7320139928104268
v -0.09461382778114609 2.109988753821893 -2.1072713849312255
v 7.775771018184417e-14 2.109988753821893 -2.107271384931222
v -0.2342851166922609 2.1897087808014617 -1.3994830149891744
v -0.3291841604107044 2.584276149859151 -1.5049637033347587
v -0.3291841604106965 2.4675251292083162 -1.719166939579422
v -0.2342851166922609 2.1897087808014617 -1.3994830149891744
v -0.3291841604106965 2.4675251292083162 -1.719166939579422
v -0.23428511669225419 2.1883943068007365 -1.581859978680446
v 0.2559662566523961 2.1944375130646216 -1.7320139928104172
v 0.25596625665239897 2.418144034802346 -1.8097664812700707
v 0.3291841604108234 2.4675251292083162 -1.7191669395793976
v 0.2559662566523961 2.1944375130646216 -1.7320139928104172
v 0.3291841604108234 2.4675251292083162 -1.7191669395793976
v 0.23428511669237093 2.1883943068007365 -1.5818599786804286
v 7.101118314269759e-14 2.62602849300799 -1.924437226698093
v -0.2559662566522612 2.62602849300799 -1.9244372266981025
v -0.28367315429187867 2.684392240622105 -1.8898930738835364
v 7.101118314269759e-14 2.62602849300799 -1.924437226698093
v -0.28367315429187867 2.684392240622105 -1.8898930738835364
v 6.973651414663248e-14 2.7175001525250213 -1.8898930783318673
v 6.391082031046468e-14 2.1944375130646216 -1.7320139928104268
v 0.2559662566523961 2.1944375130646216 -1.7320139928104172
v 0.23428511669237093 2.1883943068007365 -1.5818599786804286
v 6.391082031046468e-14 2.1944375130646216 -1.7320139928104268
v 0.23428511669237093 2.1883943068007365 -1.5818599786804286
v 5.837018029333861e-14 2.1883943068007365 -1.5818599786804373
v 0.25596625665239897 2.418144034802346 -1.8097664812700707
v 0.2559662566524032 2.62602849300799 -1.9244372266980834
v 0.2836731542920181 2.684392240622105 -1.8898930738835156
v 0.25596625665239897 2.418144034802346 -1.8097664812700707
v 0.2836731542920181 2.684392240622105 -1.8898930738835156
v 0.3291841604108234 2.4675251292083162 -1.7191669395793976
v -0.3291841604107044 2.584276149859151 -1.5049637033347587
v -0.2393072126878807 2.8223805713594468 -1.8082206537255956
v -0.28367315429187867 2.684392240622105 -1.8898930738835364
v -0.3291841604107044 2.584276149859151 -1.5049637033347587
v -0.28367315429187867 2.684392240622105 -1.8898930738835364
v -0.3291841604106965 2.4675251292083162 -1.719166939579422
v 0.2342851166923642 2.1897087808014617 -1.399483014989157
v 0.32918416041081544 2.584276149859151 -1.5049637033347343
v 0.32918416041080945 2.61297571267528 -1.3420049329792203
v 0.2342851166923642 2.1897087808014617 -1.399483014989157
v 0.32918416041080945 2.61297571267528 -1.3420049329792203
v 0.25702950952934145 2.3553643720390003 -1.2720061815557353
v -0.2393072126878807 2.8223805713594468 -1.8082206537255956
v -0.3291841604107044 2.584276149859151 -1.5049637033347587
v -0.3291841604107104 2.6129757126752677 -1.3420050247992648
v -0.2393072126878807 2.8223805713594468 -1.8082206537255956
v -0.3291841604107104 2.6129757126752677 -1.3420050247992648
v -0.23930721268788704 2.8468538435178017 -1.6361501231143942
v 5.1640522702661584e-14 2.1897087808014617 -1.3994830149891657
v 0.2342851166923642 2.1897087808014617 -1.399483014989157
v 0.25702950952934145 2.3553643720390003 -1.2720061815557353
v 5.1640522702661584e-14 2.1897087808014617 -1.3994830149891657
v 0.25702950952934145 2.3553643720390003 -1.2720061815557353
v 4.693666444160546e-14 2.3553643720390003 -1.2720061815557449
v -0.3291841604107044 2.584276149859151 -1.5049637033347587
v -0.2342851166922609 2.1897087808014617 -1.3994830149891744
v -0.2570295095292475 2.3553643720390003 -1.2720061815557544
v -0.3291841604107044 2.584276149859151 -1.5049637033347587
v -0.2570295095292475 2.3553643720390003 -1.2720061815557544
v -0.3291841604107104 2.6129757126752677 -1.3420050247992648
v 0.32918416041081544 2.584276149859151 -1.5049637033347343
v 0.23930721268801414 2.8223805713594468 -1.8082206537255778
v 0.23930721268800778 2.8468538435178017 -1.6361501231143765
v 0.32918416041081544 2.584276149859151 -1.5049637033347343
v 0.23930721268800778 2.8468538435178017 -1.6361501231143765
v 0.32918416041080945 2.61297571267528 -1.3420049329792203
v 6.6722825697965e-14 2.879801322726522 -1.8082206614405736
v -0.2393072126878807 2.8223805713594468 -1.8082206537255956
v -0.23930721268788704 2.8468538435178017 -1.6361501231143942
v 6.6722825697965e-14 2.879801322726522 -1.8082206614405736
v -0.23930721268788704 2.8468538435178017 -1.6361501231143942
v 6.037347256902225e-14 2.904274594884877 -1.6361501308293722
v -0.09484810656238063 1.7796238477973838 1.2425556621441178
v -0.09484810656238134 1.93345520957461 1.261660724863531
v -0.09496688723578289 1.9738382994662205 0.937391156734125
v -0.09484810656238063 1.7796238477973838 1.2425556621441178
v -0.09496688723578289 1.9738382994662205 0.937391156734125
v -0.0949668872357822 1.8197894849229026 0.9182589153179989
v -3.473863268585162e-14 2.007438688589731 0.941433712241555
v 0.09496688723571373 1.9738382994662205 0.9373911567341321
v 0.07494511293896051 1.9684213611445998 0.8165219458727702
v -3.473863268585162e-14 2.007438688589731 0.941433712241555
v 0.07494511293896051 1.9684213611445998 0.8165219458727702
v -2.999586082303676e-14 1.976244839555062 0.8129023078119434
v 0.09496688723571442 1.8197894849229148 0.918259007138026
v 0.09496688723571373 1.9738382994662205 0.9373911567341321
v 0.09484810656228822 1.9334552095745976 1.261660633043518
v 0.09496688723571442 1.8197894849229148 0.918259007138026
v 0.09484810656228822 1.9334552095745976 1.261660633043518
v 0.09484810656228893 1.7796238477973714 1.242555570324105
v -4.6713512495004515e-14 1.9670118924029065 1.2659587236725618
v -0.09484810656238134 1.93345520957461 1.261660724863531
v -0.0744422089505765 1.8983976987508417 1.3775033459863775
v -4.6713512495004515e-14 1.9670118924029065 1.2659587236725618
v -0.0744422089505765 1.8983976987508417 1.3775033459863775
v -5.102912619362472e-14 1.9049960238473114 1.3829139316002257
v -3.372484058803045e-14 1.7862209802668296 0.9139594473902433
v 0.09496688723571442 1.8197894849229148 0.918259007138026
v 0.09484810656228893 1.7796238477973714 1.242555570324105
v -3.372484058803045e-14 1.7862209802668296 0.9139594473902433
v 0.09484810656228893 1.7796238477973714 1.242555570324105
v -4.5700828314853547e-14 1.7460352575466325 1.2385144839354099
v -3.473863268585162e-14 2.007438688589731 0.941433712241555
v -0.09496688723578289 1.9738382994662205 0.937391156734125
v -0.09484810656238134 1.93345520957461 1.261660724863531
v -3.473863268585162e-14 2.007438688589731 0.941433712241555
v -0.09484810656238134 1.93345520957461 1.261660724863531
v -4.6713512495004515e-14 1.9670118924029065 1.2659587236725618
v -2.9407725948972813e-14 1.847908041325226 0.7969635632378833
v -2.999586082303676e-14 1.976244839555062 0.8129023078119434
v 0.07494511293896051 1.9684213611445998 0.8165219458727702
v -2.9407725948972813e-14 1.847908041325226 0.7969635632378833
v 0.07494511293896051 1.9684213611445998 0.8165219458727702
v 0.07494511293896104 1.8546085621057056 0.8023869118207853
v -0.0949668872357822 1.8197894849229026 0.9182589153179989
v -0.09496688723578289 1.9738382994662205 0.937391156734125
v -0.07494511293902077 1.9684213611445998 0.8165219458727646
v -0.0949668872357822 1.8197894849229026 0.9182589153179989
v -0.07494511293902077 1.9684213611445998 0.8165219458727646
v -0.07494511293902024 1.8546085621057056 0.8023869118207797
v 0.09496688723571373 1.9738382994662205 0.9373911567341321
v 0.09496688723571442 1.8197894849229148 0.918259007138026
v 0.07494511293896104 1.8546085621057056 0.8023869118207853
v 0.09496688723571373 1.9738382994662205 0.9373911567341321
v 0.07494511293896104 1.8546085621057056 0.8023869118207853
v 0.07494511293896051 1.9684213611445998 0.8165219458727702
v -3.372484058803045e-14 1.7862209802668296 0.9139594473902433
v -0.0949668872357822 1.8197894849229026 0.9182589153179989
v -0.07494511293902024 1.8546085621057056 0.8023869118207797
v -3.372484058803045e-14 1.7862209802668296 0.9139594473902433
v -0.07494511293902024 1.8546085621057056 0.8023869118207797
v -2.9407725948972813e-14 1.847908041325226 0.7969635632378833
v -5.044510450623929e-14 1.7775577533934777 1.367086656409759
v -5.102912619362472e-14 1.9049960238473114 1.3829139316002257
v -0.0744422089505765 1.8983976987508417 1.3775033459863775
v -5.044510450623929e-14 1.7775577533934777 1.367086656409759
v -0.0744422089505765 1.8983976987508417 1.3775033459863775
v -0.07444220895057597 1.7852791508949917 1.3634545308399235
v 0.09484810656228893 1.7796238477973714 1.242555570324105
v 0.09484810656228822 1.9334552095745976 1.261660633043518
v 0.07444220895047483 1.8983976987508417 1.3775033459863828
v 0.09484810656228893 1.7796238477973714 1.242555570324105
v 0.07444220895047483 1.8983976987508417 1.3775033459863828
v 0.07444220895047536 1.7852791508949917 1.3634545308399288
v -0.09484810656238134 1.93345520957461 1.261660724863531
v -0.09484810656238063 1.7796238477973838 1.2425556621441178
v -0.07444220895057597 1.7852791508949917 1.3634545308399235
v -0.09484810656238134 1.93345520957461 1.261660724863531
v -0.07444220895057597 1.7852791508949917 1.3634545308399235
v -0.0744422089505765 1.8983976987508417 1.3775033459863775
v -4.5700828314853547e-14 1.7460352575466325 1.2385144839354099
v 0.09484810656228893 1.7796238477973714 1.242555570324105
v 0.07444220895047536 1.7852791508949917 1.3634545308399288
v -4.5700828314853547e-14 1.7460352575466325 1.2385144839354099
v 0.07444220895047536 1.7852791508949917 1.3634545308399288
v -5.044510450623929e-14 1.7775577533934777 1.367086656409759
v -0.09484811230115166 1.7760147732340619 1.7785014066724933
v -0.09484811230115149 1.9309652113009048 1.7740909030113254
v -0.09496691592955799 1.9217777939388565 1.4474454985238354
v -0.09484811230115166 1.7760147732340619 1.7785014066724933
v -0.09496691592955799 1.9217777939388565 1.4474454985238354
v -0.09496691592955814 1.7666083192150297 1.4518619705157352
v -5.337002039302149e-14 1.9556028659614841 1.4463532948408635
v 0.09496691592945115 1.9217777939388565 1.4474454985238425
v 0.07494512441644412 1.898119798915205 1.328790438076373
v -5.337002039302149e-14 1.9556028659614841 1.4463532948408635
v 0.07494512441644412 1.898119798915205 1.328790438076373
v -4.8856252525454196e-14 1.9053050362128825 1.3240280081319848
v 0.094966915929451 1.7666083192150297 1.4518619705157423
v 0.09496691592945115 1.9217777939388565 1.4474454985238425
v 0.09484811230102057 1.9309652113009048 1.7740909030113325
v 0.094966915929451 1.7666083192150297 1.4518619705157423
v 0.09484811230102057 1.9309652113009048 1.7740909030113325
v 0.0948481123010204 1.7760147732340126 1.7785010393924203
v -6.543270670819755e-14 1.964785784177378 1.7732579072455077
v -0.09484811230115149 1.9309652113009048 1.7740909030113254
v -0.07444222042809806 1.9138542912062186 1.8939064821696407
v -6.543270670819755e-14 1.964785784177378 1.7732579072455077
v -0.07444222042809806 1.9138542912062186 1.8939064821696407
v -7.004508002168168e-14 1.9211958533121964 1.898255444612022
v -5.3604040189956127e-14 1.732775878601017 1.4526953335632347
v 0.094966915929451 1.7666083192150297 1.4518619705157423
v 0.0948481123010204 1.7760147732340126 1.7785010393924203
v -5.3604040189956127e-14 1.732775878601017 1.4526953335632347
v 0.0948481123010204 1.7760147732340126 1.7785010393924203
v -6.566647578170877e-14 1.7422015919039666 1.7795931512537746
v -5.337002039302149e-14 1.9556028659614841 1.4463532948408635
v -0.09496691592955799 1.9217777939388565 1.4474454985238354
v -0.09484811230115149 1.9309652113009048 1.7740909030113254
v -5.337002039302149e-14 1.9556028659614841 1.4463532948408635
v -0.09484811230115149 1.9309652113009048 1.7740909030113254
v -6.543270670819755e-14 1.964785784177378 1.7732579072455077
v -4.8992019244459416e-14 1.776034591700222 1.3277073455233057
v -4.8856252525454196e-14 1.9053050362128825 1.3240280081319848
v 0.07494512441644412 1.898119798915205 1.328790438076373
v -4.8992019244459416e-14 1.776034591700222 1.3277073455233057
v 0.07494512441644412 1.898119798915205 1.328790438076373
v 0.07494512441644399 1.7834790151832456 1.3320533697112253
v -0.09496691592955814 1.7666083192150297 1.4518619705157352
v -0.09496691592955799 1.9217777939388565 1.4474454985238354
v -0.07494512441654218 1.898119798915205 1.3287904380763678
v -0.09496691592955814 1.7666083192150297 1.4518619705157352
v -0.07494512441654218 1.898119798915205 1.3287904380763678
v -0.0749451244165423 1.7834790381382506 1.332053369711217
v 0.09496691592945115 1.9217777939388565 1.4474454985238425
v 0.094966915929451 1.7666083192150297 1.4518619705157423
v 0.07494512441644399 1.7834790151832456 1.3320533697112253
v 0.09496691592945115 1.9217777939388565 1.4474454985238425
v 0.07494512441644399 1.7834790151832456 1.3320533697112253
v 0.07494512441644412 1.898119798915205 1.328790438076373
v -5.3604040189956127e-14 1.732775878601017 1.4526953335632347
v -0.09496691592955814 1.7666083192150297 1.4518619705157352
v -0.0749451244165423 1.7834790381382506 1.332053369711217
v -5.3604040189956127e-14 1.732775878601017 1.4526953335632347
v -0.0749451244165423 1.7834790381382506 1.332053369711217
v -4.8992019244459416e-14 1.776034591700222 1.3277073455233057
v -7.017990144568654e-14 1.7928305246435567 1.9019091640961434
v -7.004508002168168e-14 1.9211958533121964 1.898255444612022
v -0.07444222042809806 1.9138542912062186 1.8939064821696407
v -7.017990144568654e-14 1.7928305246435567 1.9019091640961434
v -0.07444222042809806 1.9138542912062186 1.8939064821696407
v -0.07444222042809817 1.7999128546541414 1.8971493969461628
v 0.0948481123010204 1.7760147732340126 1.7785010393924203
v 0.09484811230102057 1.9309652113009048 1.7740909030113325
v 0.07444222042795828 1.9138542912062186 1.893906482169646
v 0.0948481123010204 1.7760147732340126 1.7785010393924203
v 0.07444222042795828 1.9138542912062186 1.893906482169646
v 0.07444222042795817 1.7999128546541414 1.8971493969461681
v -0.09484811230115149 1.9309652113009048 1.7740909030113254
v -0.09484811230115166 1.7760147732340619 1.7785014066724933
v -0.07444222042809817 1.7999128546541414 1.8971493969461628
v -0.09484811230115149 1.9309652113009048 1.7740909030113254
v -0.07444222042809817 1.7999128546541414 1.8971493969461628
v -0.07444222042809806 1.9138542912062186 1.8939064821696407
v -6.566647578170877e-14 1.7422015919039666 1.7795931512537746
v 0.0948481123010204 1.7760147732340126 1.7785010393924203
v 0.07444222042795817 1.7999128546541414 1.8971493969461681
v -6.566647578170877e-14 1.7422015919039666 1.7795931512537746
v 0.07444222042795817 1.7999128546541414 1.8971493969461681
v -7.017990144568654e-14 1.7928305246435567 1.9019091640961434
v -0.09484811230117013 1.8476643664960721 2.2791438125073245
v -0.09484811230116919 2.0005583316897253 2.253599278751801
v -0.09496691592957583 1.946817453868227 1.9312741040129755
v -0.09484811230117013 1.8476643664960721 2.2791438125073245
v -0.09496691592957583 1.946817453868227 1.9312741040129755
v -0.09496691592957678 1.7937072984422202 1.9568544476053586
v -7.105296091616246e-14 1.9801758959293374 1.9255695053264463
v 0.09496691592943331 1.946817453868227 1.9312741040129826
v 0.0749451244164261 1.90716588105931 1.8169651627225536
v -7.105296091616246e-14 1.9801758959293374 1.9255695053264463
v 0.0749451244164261 1.90716588105931 1.8169651627225536
v -6.683517023731876e-14 1.9136328102143327 1.8112653422901726
v 0.09496691592943236 1.793707298442245 1.9568546312454058
v 0.09496691592943331 1.946817453868227 1.9312741040129826
v 0.09484811230100287 2.0005583316897253 2.253599278751808
v 0.09496691592943236 1.793707298442245 1.9568546312454058
v 0.09484811230100287 2.0005583316897253 2.253599278751808
v 0.09484811230100193 1.8476643664960721 2.2791438125073316
v -8.295615398902733e-14 2.0339477630421396 2.2481517761171967
v -0.09484811230116919 2.0005583316897253 2.253599278751801
v -0.0744422204281158 1.9999820855053838 2.3746287163533557
v -8.295615398902733e-14 2.0339477630421396 2.2481517761171967
v -0.0744422204281158 1.9999820855053838 2.3746287163533557
v -8.774506921074e-14 2.0078490416257133 2.3779336850973847
v -7.24084457328716e-14 1.7603061829925037 1.9623037866419404
v 0.09496691592943236 1.793707298442245 1.9568546312454058
v 0.09484811230100193 1.8476643664960721 2.2791438125073316
v -7.24084457328716e-14 1.7603061829925037 1.9623037866419404
v 0.09484811230100193 1.8476643664960721 2.2791438125073316
v -8.431017513094494e-14 1.8143175855772342 2.2848463911518535
v -7.105296091616246e-14 1.9801758959293374 1.9255695053264463
v -0.09496691592957583 1.946817453868227 1.9312741040129755
v -0.09484811230116919 2.0005583316897253 2.253599278751801
v -7.105296091616246e-14 1.9801758959293374 1.9255695053264463
v -0.09484811230116919 2.0005583316897253 2.253599278751801
v -8.295615398902733e-14 2.0339477630421396 2.2481517761171967
v -6.762154984024536e-14 1.78607802514497 1.8325766024376102
v -6.683517023731876e-14 1.9136328102143327 1.8112653422901726
v 0.0749451244164261 1.90716588105931 1.8169651627225536
v -6.762154984024536e-14 1.78607802514497 1.8325766024376102
v 0.0749451244164261 1.90716588105931 1.8169651627225536
v 0.07494512441642541 1.794046603070175 1.8358644926442598
v -0.09496691592957678 1.7937072984422202 1.9568544476053586
v -0.09496691592957583 1.946817453868227 1.9312741040129755
v -0.07494512441656019 1.90716592696932 1.816965162722542
v -0.09496691592957678 1.7937072984422202 1.9568544476053586
v -0.07494512441656019 1.90716592696932 1.816965162722542
v -0.07494512441656088 1.794046603070175 1.8358644926442544
v 0.09496691592943331 1.946817453868227 1.9312741040129826
v 0.09496691592943236 1.793707298442245 1.9568546312454058
v 0.07494512441642541 1.794046603070175 1.8358644926442598
v 0.09496691592943331 1.946817453868227 1.9312741040129826
v 0.07494512441642541 1.794046603070175 1.8358644926442598
v 0.0749451244164261 1.90716588105931 1.8169651627225536
v -7.24084457328716e-14 1.7603061829925037 1.9623037866419404
v -0.09496691592957678 1.7937072984422202 1.9568544476053586
v -0.07494512441656088 1.794046603070175 1.8358644926442544
v -7.24084457328716e-14 1.7603061829925037 1.9623037866419404
v -0.07494512441656088 1.794046603070175 1.8358644926442544
v -6.762154984024536e-14 1.78607802514497 1.8325766024376102
v -8.852593970443866e-14 1.8811873669161343 2.399095645772254
v -8.774506921074e-14 2.0078490416257133 2.3779336850973847
v -0.0744422204281158 1.9999820855053838 2.3746287163533557
v -8.852593970443866e-14 1.8811873669161343 2.399095645772254
v -0.0744422204281158 1.9999820855053838 2.3746287163533557
v -0.07444222042811649 1.8875527890413313 2.393413087517277
v 0.09484811230100193 1.8476643664960721 2.2791438125073316
v 0.09484811230100287 2.0005583316897253 2.253599278751808
v 0.07444222042794055 1.9999820855053838 2.374628716353361
v 0.09484811230100193 1.8476643664960721 2.2791438125073316
v 0.07444222042794055 1.9999820855053838 2.374628716353361
v 0.07444222042793985 1.8875527890413313 2.3934130875172825
v -0.09484811230116919 2.0005583316897253 2.253599278751801
v -0.09484811230117013 1.8476643664960721 2.2791438125073245
v -0.07444222042811649 1.8875527890413313 2.393413087517277
v -0.09484811230116919 2.0005583316897253 2.253599278751801
v -0.07444222042811649 1.8875527890413313 2.393413087517277
v -0.0744422204281158 1.9999820855053838 2.3746287163533557
v -8.431017513094494e-14 1.8143175855772342 2.2848463911518535
v 0.09484811230100193 1.8476643664960721 2.2791438125073316
v 0.07444222042793985 1.8875527890413313 2.3934130875172825
v -8.431017513094494e-14 1.8143175855772342 2.2848463911518535
v 0.07444222042793985 1.8875527890413313 2.3934130875172825
v -8.852593970443866e-14 1.8811873669161343 2.399095645772254
v -0.4211928935385984 2.4129379908363955 -1.3680402891423615
v -0.341931556746718 2.689502278492451 -1.3680403263012215
v -0.34193155674670733 2.689502239837661 -1.6557384341262626
v -0.4211928935385984 2.4129379908363955 -1.3680402891423615
v -0.34193155674670733 2.689502239837661 -1.6557384341262626
v -0.42119289353858774 2.412937952181606 -1.6557383969674027
v -0.42119289353858774 2.412937952181606 -1.6557383969674027
v -0.34193155674670733 2.689502239837661 -1.6557384341262626
v -0.27541529783532964 2.6704391181987956 -1.6557384315649608
v -0.42119289353858774 2.412937952181606 -1.6557383969674027
v -0.27541529783532964 2.6704391181987956 -1.6557384315649608
v -0.35467663462721005 2.3938748305427406 -1.655738394406101
v -0.35467663462721005 2.3938748305427406 -1.655738394406101
v -0.27541529783532964 2.6704391181987956 -1.6557384315649608
v -0.2754152978353403 2.670439156853586 -1.3680403237399197
v -0.35467663462721005 2.3938748305427406 -1.655738394406101
v -0.2754152978353403 2.670439156853586 -1.3680403237399197
v -0.3546766346272207 2.3938748691975307 -1.36804028658106
v -0.3546766346272207 2.3938748691975307 -1.36804028658106
v -0.2754152978353403 2.670439156853586 -1.3680403237399197
v -0.341931556746718 2.689502278492451 -1.3680403263012215
v -0.3546766346272207 2.3938748691975307 -1.36804028658106
v -0.341931556746718 2.689502278492451 -1.3680403263012215
v -0.4211928935385984 2.4129379908363955 -1.3680402891423615
v -0.42119289353858774 2.412937952181606 -1.6557383969674027
v -0.35467663462721005 2.3938748305427406 -1.655738394406101
v -0.38871592290332113 2.275102613135603 -1.591994533221462
v -0.42119289353858774 2.412937952181606 -1.6557383969674027
v -0.38871592290332113 2.275102613135603 -1.591994533221462
v -0.4552321818146988 2.294165734774468 -1.5919945357827638
v -0.341931556746718 2.689502278492451 -1.3680403263012215
v -0.2754152978353403 2.670439156853586 -1.3680403237399197
v -0.2076864637394201 2.7759366739092943 -1.4659864978626593
v -0.341931556746718 2.689502278492451 -1.3680403263012215
v -0.2076864637394201 2.7759366739092943 -1.4659864978626593
v -0.22344709471780452 2.8081010432863645 -1.4659865021842278
v -0.4552321818146988 2.294165734774468 -1.5919945357827638
v -0.38871592290332113 2.275102613135603 -1.591994533221462
v -0.388715922903327 2.2751026346613044 -1.4317840240294795
v -0.4552321818146988 2.294165734774468 -1.5919945357827638
v -0.388715922903327 2.2751026346613044 -1.4317840240294795
v -0.4552321818147047 2.2941657563001696 -1.4317840265907813
v -0.4211928935385984 2.4129379908363955 -1.3680402891423615
v -0.42119289353858774 2.412937952181606 -1.6557383969674027
v -0.4552321818146988 2.294165734774468 -1.5919945357827638
v -0.4211928935385984 2.4129379908363955 -1.3680402891423615
v -0.4552321818146988 2.294165734774468 -1.5919945357827638
v -0.4552321818147047 2.2941657563001696 -1.4317840265907813
v -0.35467663462721005 2.3938748305427406 -1.655738394406101
v -0.3546766346272207 2.3938748691975307 -1.36804028658106
v -0.388715922903327 2.2751026346613044 -1.4317840240294795
v -0.35467663462721005 2.3938748305427406 -1.655738394406101
v -0.388715922903327 2.2751026346613044 -1.4317840240294795
v -0.38871592290332113 2.275102613135603 -1.591994533221462
v -0.3546766346272207 2.3938748691975307 -1.36804028658106
v -0.4211928935385984 2.4129379908363955 -1.3680402891423615
v -0.4552321818147047 2.2941657563001696 -1.4317840265907813
v -0.3546766346272207 2.3938748691975307 -1.36804028658106
v -0.4552321818147047 2.2941657563001696 -1.4317840265907813
v -0.388715922903327 2.2751026346613044 -1.4317840240294795
v -0.20768646373941646 2.775936660663557 -1.564571266050194
v -0.2234470947178009 2.8081010300406275 -1.5645712703717625
v -0.22344709471780452 2.8081010432863645 -1.4659865021842278
v -0.20768646373941646 2.775936660663557 -1.564571266050194
v -0.22344709471780452 2.8081010432863645 -1.4659865021842278
v -0.2076864637394201 2.7759366739092943 -1.4659864978626593
v -0.27541529783532964 2.6704391181987956 -1.6557384315649608
v -0.34193155674670733 2.689502239837661 -1.6557384341262626
v -0.2234470947178009 2.8081010300406275 -1.5645712703717625
v -0.27541529783532964 2.6704391181987956 -1.6557384315649608
v -0.2234470947178009 2.8081010300406275 -1.5645712703717625
v -0.20768646373941646 2.775936660663557 -1.564571266050194
v -0.2754152978353403 2.670439156853586 -1.3680403237399197
v -0.27541529783532964 2.6704391181987956 -1.6557384315649608
v -0.20768646373941646 2.775936660663557 -1.564571266050194
v -0.2754152978353403 2.670439156853586 -1.3680403237399197
v -0.20768646373941646 2.775936660663557 -1.564571266050194
v -0.2076864637394201 2.7759366739092943 -1.4659864978626593
v -0.34193155674670733 2.689502239837661 -1.6557384341262626
v -0.341931556746718 2.689502278492451 -1.3680403263012215
v -0.22344709471780452 2.8081010432863645 -1.4659865021842278
v -0.34193155674670733 2.689502239837661 -1.6557384341262626
v -0.22344709471780452 2.8081010432863645 -1.4659865021842278
v -0.2234470947178009 2.8081010300406275 -1.5645712703717625
v 0.42119298535871935 2.4129379908363955 -1.3680402891423304
v 0.42119298535873 2.412937952181606 -1.6557383969673716
v 0.3419316944768596 2.689502239837661 -1.6557384341262373
v 0.42119298535871935 2.4129379908363955 -1.3680402891423304
v 0.3419316944768596 2.689502239837661 -1.6557384341262373
v 0.34193169447684896 2.689502278492451 -1.3680403263011962
v 0.42119298535873 2.412937952181606 -1.6557383969673716
v 0.3546766805373423 2.3938748305427406 -1.6557383944060748
v 0.2754153896554719 2.6704391181987956 -1.6557384315649404
v 0.42119298535873 2.412937952181606 -1.6557383969673716
v 0.2754153896554719 2.6704391181987956 -1.6557384315649404
v 0.3419316944768596 2.689502239837661 -1.6557384341262373
v 0.3546766805373423 2.3938748305427406 -1.6557383944060748
v 0.35467668053733165 2.3938748691975307 -1.3680402865810337
v 0.27541538965546125 2.670439156853586 -1.3680403237398993
v 0.3546766805373423 2.3938748305427406 -1.6557383944060748
v 0.27541538965546125 2.670439156853586 -1.3680403237398993
v 0.2754153896554719 2.6704391181987956 -1.6557384315649404
v 0.35467668053733165 2.3938748691975307 -1.3680402865810337
v 0.42119298535871935 2.4129379908363955 -1.3680402891423304
v 0.34193169447684896 2.689502278492451 -1.3680403263011962
v 0.35467668053733165 2.3938748691975307 -1.3680402865810337
v 0.34193169447684896 2.689502278492451 -1.3680403263011962
v 0.27541538965546125 2.670439156853586 -1.3680403237398993
v 0.42119298535873 2.412937952181606 -1.6557383969673716
v 0.4552322736348363 2.294165642954448 -1.5919945357827177
v 0.38871606063346864 2.275102613135603 -1.5919945332214331
v 0.42119298535873 2.412937952181606 -1.6557383969673716
v 0.38871606063346864 2.275102613135603 -1.5919945332214331
v 0.3546766805373423 2.3938748305427406 -1.6557383944060748
v 0.34193169447684896 2.689502278492451 -1.3680403263011962
v 0.22344714062792273 2.8081011351063845 -1.4659865021842238
v 0.2076865096495383 2.7759366739092943 -1.4659864978626438
v 0.34193169447684896 2.689502278492451 -1.3680403263011962
v 0.2076865096495383 2.7759366739092943 -1.4659864978626438
v 0.27541538965546125 2.670439156853586 -1.3680403237398993
v 0.4552322736348363 2.294165642954448 -1.5919945357827177
v 0.45523227363483043 2.2941656644801496 -1.4317840265907351
v 0.38871606063346276 2.2751026346613044 -1.4317840240294506
v 0.4552322736348363 2.294165642954448 -1.5919945357827177
v 0.38871606063346276 2.2751026346613044 -1.4317840240294506
v 0.38871606063346864 2.275102613135603 -1.5919945332214331
v 0.42119298535871935 2.4129379908363955 -1.3680402891423304
v 0.45523227363483043 2.2941656644801496 -1.4317840265907351
v 0.4552322736348363 2.294165642954448 -1.5919945357827177
v 0.42119298535871935 2.4129379908363955 -1.3680402891423304
v 0.4552322736348363 2.294165642954448 -1.5919945357827177
v 0.42119298535873 2.412937952181606 -1.6557383969673716
v 0.3546766805373423 2.3938748305427406 -1.6557383944060748
v 0.38871606063346864 2.275102613135603 -1.5919945332214331
v 0.38871606063346276 2.2751026346613044 -1.4317840240294506
v 0.3546766805373423 2.3938748305427406 -1.6557383944060748
v 0.38871606063346276 2.2751026346613044 -1.4317840240294506
v 0.35467668053733165 2.3938748691975307 -1.3680402865810337
v 0.35467668053733165 2.3938748691975307 -1.3680402865810337
v 0.38871606063346276 2.2751026346613044 -1.4317840240294506
v 0.45523227363483043 2.2941656644801496 -1.4317840265907351
v 0.35467668053733165 2.3938748691975307 -1.3680402865810337
v 0.45523227363483043 2.2941656644801496 -1.4317840265907351
v 0.42119298535871935 2.4129379908363955 -1.3680402891423304
v 0.20768650964954194 2.775936660663557 -1.5645712660501785
v 0.2076865096495383 2.7759366739092943 -1.4659864978626438
v 0.22344714062792273 2.8081011351063845 -1.4659865021842238
v 0.20768650964954194 2.775936660663557 -1.5645712660501785
v 0.22344714062792273 2.8081011351063845 -1.4659865021842238
v 0.22344714062792637 2.8081011218606475 -1.5645712703717585
v 0.2754153896554719 2.6704391181987956 -1.6557384315649404
v 0.20768650964954194 2.775936660663557 -1.5645712660501785
v 0.22344714062792637 2.8081011218606475 -1.5645712703717585
v 0.2754153896554719 2.6704391181987956 -1.6557384315649404
v 0.22344714062792637 2.8081011218606475 -1.5645712703717585
v 0.3419316944768596 2.689502239837661 -1.6557384341262373
v 0.27541538965546125 2.670439156853586 -1.3680403237398993
v 0.2076865096495383 2.7759366739092943 -1.4659864978626438
v 0.20768650964954194 2.775936660663557 -1.5645712660501785
v 0.27541538965546125 2.670439156853586 -1.3680403237398993
v 0.20768650964954194 2.775936660663557 -1.5645712660501785
v 0.2754153896554719 2.6704391181987956 -1.6557384315649404
v 0.3419316944768596 2.689502239837661 -1.6557384341262373
v 0.22344714062792637 2.8081011218606475 -1.5645712703717585
v 0.22344714062792273 2.8081011351063845 -1.4659865021842238
v 0.3419316944768596 2.689502239837661 -1.6557384341262373
v 0.22344714062792273 2.8081011351063845 -1.4659865021842238
v 0.34193169447684896 2.689502278492451 -1.3680403263011962
v 0.23930721268801414 2.8223805713594468 -1.8082206537255778
v 6.6722825697965e-14 2.879801322726522 -1.8082206614405736
v 6.037347256902225e-14 2.904274594884877 -1.6361501308293722
v 0.23930721268801414 2.8223805713594468 -1.8082206537255778
v 6.037347256902225e-14 2.904274594884877 -1.6361501308293722
v 0.23930721268800778 2.8468538435178017 -1.6361501231143765
v -0.2342851166922609 2.1897087808014617 -1.3994830149891744
v 5.1640522702661584e-14 2.1897087808014617 -1.3994830149891657
v 4.693666444160546e-14 2.3553643720390003 -1.2720061815557449
v -0.2342851166922609 2.1897087808014617 -1.3994830149891744
v 4.693666444160546e-14 2.3553643720390003 -1.2720061815557449
v -0.2570295095292475 2.3553643720390003 -1.2720061815557544
v -0.2559662566522683 2.1944375130646216 -1.7320139928104363
v 6.391082031046468e-14 2.1944375130646216 -1.7320139928104268
v 5.837018029333861e-14 2.1883943068007365 -1.5818599786804373
v -0.2559662566522683 2.1944375130646216 -1.7320139928104363
v 5.837018029333861e-14 2.1883943068007365 -1.5818599786804373
v -0.23428511669225419 2.1883943068007365 -1.581859978680446
v 0.2559662566524032 2.62602849300799 -1.9244372266980834
v 7.101118314269759e-14 2.62602849300799 -1.924437226698093
v 6.973651414663248e-14 2.7175001525250213 -1.8898930783318673
v 0.2559662566524032 2.62602849300799 -1.9244372266980834
v 6.973651414663248e-14 2.7175001525250213 -1.8898930783318673
v 0.2836731542920181 2.684392240622105 -1.8898930738835156
v 0.2559662566523961 2.1944375130646216 -1.7320139928104172
v 6.391082031046468e-14 2.1944375130646216 -1.7320139928104268
v 7.775771018184417e-14 2.109988753821893 -2.107271384931222
v 0.2559662566523961 2.1944375130646216 -1.7320139928104172
v 7.775771018184417e-14 2.109988753821893 -2.107271384931222
v 0.0946138277813016 2.109988753821893 -2.1072713849312183
v -0.23743293652898342 2.420843727937607 -1.8030211993212464
v 6.677986519963467e-14 2.418144034802346 -1.8097664812700802
v 7.770005834458386e-14 2.202950096912528 -2.1057089879605426
v -0.23743293652898342 2.420843727937607 -1.8030211993212464
v 7.770005834458386e-14 2.202950096912528 -2.1057089879605426
v -0.08142337115472832 2.202950096912528 -2.1057089879605457
v -0.09461382778114609 2.109988753821893 -2.1072713849312255
v -0.09461382778114556 2.1912963896368023 -2.1217356199711834
v 7.829143644358149e-14 2.1912963896368023 -2.12173561997118
v -0.09461382778114609 2.109988753821893 -2.1072713849312255
v 7.829143644358149e-14 2.1912963896368023 -2.12173561997118
v 7.775771018184417e-14 2.109988753821893 -2.107271384931222
v 0.23743293652911648 2.420843727937607 -1.803021199321229
v 6.677986519963467e-14 2.418144034802346 -1.8097664812700802
v 8.113283388397261e-14 2.371953646003445 -2.1987388512833244
v 0.23743293652911648 2.420843727937607 -1.803021199321229
v 8.113283388397261e-14 2.371953646003445 -2.1987388512833244
v 0.08109890789785132 2.371953646003445 -2.1987388512833212
v -0.2559662566522612 2.62602849300799 -1.9244372266981025
v 7.101118314269759e-14 2.62602849300799 -1.924437226698093
v 8.21980299516057e-14 2.5405831289535588 -2.2276061700379617
v -0.2559662566522612 2.62602849300799 -1.9244372266981025
v 8.21980299516057e-14 2.5405831289535588 -2.2276061700379617
v -0.09461382778114165 2.5405831289535588 -2.2276061700379652
v -0.09461382778114198 2.369616915669825 -2.218416248542245
v -0.09461382778114165 2.5405831289535588 -2.2276061700379652
v 8.21980299516057e-14 2.5405831289535588 -2.2276061700379617
v -0.09461382778114198 2.369616915669825 -2.218416248542245
v 8.21980299516057e-14 2.5405831289535588 -2.2276061700379617
v 8.185892418863066e-14 2.369616915669825 -2.2184162485422414
v 0.19451456049589771 2.433119413215308 -1.1840845745615836
v 0.19451456049589752 2.641675275491397 -1.1790462544437315
v 4.3506470323413307e-14 2.641675275491397 -1.1790462544437386
v 0.19451456049589771 2.433119413215308 -1.1840845745615836
v 4.3506470323413307e-14 2.641675275491397 -1.1790462544437386
v 4.369238252487818e-14 2.433119413215308 -1.1840845745615907
v -0.2570295095292475 2.3553643720390003 -1.2720061815557544
v 4.693666444160546e-14 2.3553643720390003 -1.2720061815557449
v 4.369238252487818e-14 2.433119413215308 -1.1840845745615907
v -0.2570295095292475 2.3553643720390003 -1.2720061815557544
v 4.369238252487818e-14 2.433119413215308 -1.1840845745615907
v -0.19451456049581034 2.433119413215308 -1.1840845745615978
v 0.19451456049589752 2.641675275491397 -1.1790462544437315
v 0.19451456049590804 2.871327207496164 -1.4640796843232091
v 5.4024122828212495e-14 2.9287479588632395 -1.464079692038203
v 0.19451456049589752 2.641675275491397 -1.1790462544437315
v 5.4024122828212495e-14 2.9287479588632395 -1.464079692038203
v 4.3506470323413307e-14 2.641675275491397 -1.1790462544437386
v 0.2836731542920181 2.684392240622105 -1.8898930738835156
v 6.973651414663248e-14 2.7175001525250213 -1.8898930783318673
v 6.6722825697965e-14 2.879801322726522 -1.8082206614405736
v 0.2836731542920181 2.684392240622105 -1.8898930738835156
v 6.6722825697965e-14 2.879801322726522 -1.8082206614405736
v 0.23930721268801414 2.8223805713594468 -1.8082206537255778
v -0.23428511669225419 2.1883943068007365 -1.581859978680446
v 5.837018029333861e-14 2.1883943068007365 -1.5818599786804373
v 5.1640522702661584e-14 2.1897087808014617 -1.3994830149891657
v -0.23428511669225419 2.1883943068007365 -1.581859978680446
v 5.1640522702661584e-14 2.1897087808014617 -1.3994830149891657
v -0.2342851166922609 2.1897087808014617 -1.3994830149891744
v 0.23930721268800778 2.8468538435178017 -1.6361501231143765
v 6.037347256902225e-14 2.904274594884877 -1.6361501308293722
v 5.4024122828212495e-14 2.9287479588632395 -1.464079692038203
v 0.23930721268800778 2.8468538435178017 -1.6361501231143765
v 5.4024122828212495e-14 2.9287479588632395 -1.464079692038203
v 0.19451456049590804 2.871327207496164 -1.4640796843232091
v 0.08109890789785132 2.371953646003445 -2.1987388512833212
v 8.113283388397261e-14 2.371953646003445 -2.1987388512833244
v 8.185892418863066e-14 2.369616915669825 -2.2184162485422414
v 0.08109890789785132 2.371953646003445 -2.1987388512833212
v 8.185892418863066e-14 2.369616915669825 -2.2184162485422414
v 0.09461382778130571 2.369616915669825 -2.218416248542238
v 0.23743293652911648 2.420843727937607 -1.803021199321229
v 0.08109890789785132 2.371953646003445 -2.1987388512833212
v 0.09461382778130571 2.369616915669825 -2.218416248542238
v 0.23743293652911648 2.420843727937607 -1.803021199321229
v 0.09461382778130571 2.369616915669825 -2.218416248542238
v 0.25596625665239897 2.418144034802346 -1.8097664812700707
v -0.08109890789768906 2.371953646003445 -2.1987388512833275
v -0.23743293652898342 2.420843727937607 -1.8030211993212464
v -0.2559662566522654 2.418144034802346 -1.8097664812700898
v -0.08109890789768906 2.371953646003445 -2.1987388512833275
v -0.2559662566522654 2.418144034802346 -1.8097664812700898
v -0.09461382778114198 2.369616915669825 -2.218416248542245
v 7.770005834458386e-14 2.202950096912528 -2.1057089879605426
v 0.08142337115488373 2.202950096912528 -2.1057089879605395
v 0.09461382778130213 2.1912963896368023 -2.1217356199711763
v 7.770005834458386e-14 2.202950096912528 -2.1057089879605426
v 0.09461382778130213 2.1912963896368023 -2.1217356199711763
v 7.829143644358149e-14 2.1912963896368023 -2.12173561997118
v -0.23743293652898342 2.420843727937607 -1.8030211993212464
v -0.08142337115472832 2.202950096912528 -2.1057089879605457
v -0.09461382778114556 2.1912963896368023 -2.1217356199711834
v -0.23743293652898342 2.420843727937607 -1.8030211993212464
v -0.09461382778114556 2.1912963896368023 -2.1217356199711834
v -0.2559662566522654 2.418144034802346 -1.8097664812700898
v 0.08142337115488373 2.202950096912528 -2.1057089879605395
v 0.23743293652911648 2.420843727937607 -1.803021199321229
v 0.25596625665239897 2.418144034802346 -1.8097664812700707
v 0.08142337115488373 2.202950096912528 -2.1057089879605395
v 0.25596625665239897 2.418144034802346 -1.8097664812700707
v 0.09461382778130213 2.1912963896368023 -2.1217356199711763
v 8.113283388397261e-14 2.371953646003445 -2.1987388512833244
v -0.08109890789768906 2.371953646003445 -2.1987388512833275
v -0.09461382778114198 2.369616915669825 -2.218416248542245
v 8.113283388397261e-14 2.371953646003445 -2.1987388512833244
v -0.09461382778114198 2.369616915669825 -2.218416248542245
v 8.185892418863066e-14 2.369616915669825 -2.2184162485422414
v -0.08142337115472832 2.202950096912528 -2.1057089879605457
v 7.770005834458386e-14 2.202950096912528 -2.1057089879605426
v 7.829143644358149e-14 2.1912963896368023 -2.12173561997118
v -0.08142337115472832 2.202950096912528 -2.1057089879605457
v 7.829143644358149e-14 2.1912963896368023 -2.12173561997118
v -0.09461382778114556 2.1912963896368023 -2.1217356199711834
v -0.5587001682175913 0.39891106967199197 -1.0496280221943266
v -0.561782290829996 0.5669760468238888 -1.0510692518097635
v -0.41969324306144135 0.5426962599852495 -1.0702841486795316
v -0.5587001682175913 0.39891106967199197 -1.0496280221943266
v -0.41969324306144135 0.5426962599852495 -1.0702841486795316
v -0.419912004259167 0.36728329415354 -1.0670325027418621
v -0.2811238173457457 0.2909702330280144 -0.8687340289671579
v -0.2776041723378907 0.5224899175561726 -0.8449234761192935
v -0.4196932430614499 0.546536755418301 -0.8375104818529636
v -0.2811238173457457 0.2909702330280144 -0.8687340289671579
v -0.4196932430614499 0.546536755418301 -0.8375104818529636
v -0.4199120042591746 0.3246979310108997 -0.8617024563647492
v -0.5587001682175913 0.39891106967199197 -1.0496280221943266
v -0.419912004259167 0.36728329415354 -1.0670325027418621
v -0.4214149143470466 0.2580185736024434 -1.0562672334525995
v -0.5587001682175913 0.39891106967199197 -1.0496280221943266
v -0.4214149143470466 0.2580185736024434 -1.0562672334525995
v -0.5363843682791124 0.2998154148791341 -1.0497312145824622
v -0.5363843682791124 0.2998154148791341 -1.0497312145824622
v -0.4214149143470466 0.2580185736024434 -1.0562672334525995
v -0.4214149143470518 0.22602464123097987 -0.9144944554443755
v -0.5363843682791124 0.2998154148791341 -1.0497312145824622
v -0.4214149143470518 0.22602464123097987 -0.9144944554443755
v -0.5363843682791172 0.27103132485693937 -0.922181541748462
v -0.5620800631549667 0.9084654271967478 -0.8364011609992699
v -0.41965931556404934 0.9120113367627622 -0.806388777908101
v -0.42118940437785574 1.0111314995244287 -0.8656530131350263
v -0.5620800631549667 0.9084654271967478 -0.8364011609992699
v -0.42118940437785574 1.0111314995244287 -0.8656530131350263
v -0.5393651215894085 1.0049195522705556 -0.8770304309825309
v -0.3029293045678867 0.975655938021939 -1.0477998712662493
v -0.4211894043778489 0.9766794554718277 -1.0501324671926582
v -0.42118940437785574 1.0111314995244287 -0.8656530131350263
v -0.3029293045678867 0.975655938021939 -1.0477998712662493
v -0.42118940437785574 1.0111314995244287 -0.8656530131350263
v -0.3029293045678935 1.011646977671452 -0.8615255196638153
v -0.27723861388313153 0.832698317342577 -1.0584528107827051
v -0.4196593155640394 0.8330157369314928 -1.0749782107505876
v -0.4211894043778489 0.9766794554718277 -1.0501324671926582
v -0.27723861388313153 0.832698317342577 -1.0584528107827051
v -0.4211894043778489 0.9766794554718277 -1.0501324671926582
v -0.3029293045678867 0.975655938021939 -1.0477998712662493
v -0.2811238173457457 0.2909702330280144 -0.8687340289671579
v -0.4199120042591746 0.3246979310108997 -0.8617024563647492
v -0.4214149143470518 0.22602464123097987 -0.9144944554443755
v -0.2811238173457457 0.2909702330280144 -0.8687340289671579
v -0.4214149143470518 0.22602464123097987 -0.9144944554443755
v -0.306363488092103 0.18743176891898106 -0.9122055607997263
v -0.2776041723378907 0.5224899175561726 -0.8449234761192935
v -0.27723863683814554 0.9030131113225742 -0.815372998379128
v -0.41965931556404934 0.9120113367627622 -0.806388777908101
v -0.2776041723378907 0.5224899175561726 -0.8449234761192935
v -0.41965931556404934 0.9120113367627622 -0.806388777908101
v -0.4196932430614499 0.546536755418301 -0.8375104818529636
v -0.561782290829996 0.5669760468238888 -1.0510692518097635
v -0.5620800631549587 0.8458771537965935 -1.0525069153362352
v -0.4196593155640394 0.8330157369314928 -1.0749782107505876
v -0.561782290829996 0.5669760468238888 -1.0510692518097635
v -0.4196593155640394 0.8330157369314928 -1.0749782107505876
v -0.41969324306144135 0.5426962599852495 -1.0702841486795316
v 0.5587003977677188 0.39891106967199197 -1.0496280221942853
v 0.4199122338092958 0.36728329415354 -1.067032502741831
v 0.41969342670156035 0.5426962599852495 -1.0702841486795005
v 0.5587003977677188 0.39891106967199197 -1.0496280221942853
v 0.41969342670156035 0.5426962599852495 -1.0702841486795005
v 0.5617824744701135 0.5669760468238888 -1.0510692518097222
v 0.28112406985086486 0.2909702330280144 -0.8687340289671373
v 0.41991223380928827 0.3246979310108997 -0.8617024563647181
v 0.4196934267015518 0.546536755418301 -0.8375104818529328
v 0.28112406985086486 0.2909702330280144 -0.8687340289671373
v 0.4196934267015518 0.546536755418301 -0.8375104818529328
v 0.2776044477980132 0.5224899175561726 -0.8449234761192731
v 0.5587003977677188 0.39891106967199197 -1.0496280221942853
v 0.53638455191923 0.2998154148791341 -1.0497312145824227
v 0.4214150520771546 0.2580185736024434 -1.0562672334525685
v 0.5587003977677188 0.39891106967199197 -1.0496280221942853
v 0.4214150520771546 0.2580185736024434 -1.0562672334525685
v 0.4199122338092958 0.36728329415354 -1.067032502741831
v 0.53638455191923 0.2998154148791341 -1.0497312145824227
v 0.5363845519192252 0.27103132485693937 -0.9221815417484225
v 0.42141505207714935 0.22602464123097987 -0.9144944554443444
v 0.53638455191923 0.2998154148791341 -1.0497312145824227
v 0.42141505207714935 0.22602464123097987 -0.9144944554443444
v 0.4214150520771546 0.2580185736024434 -1.0562672334525685
v 0.5620802467950685 0.9084654271967478 -0.8364011609992283
v 0.5393653052295132 1.0049195522705556 -0.8770304309824911
v 0.42118963392796965 1.0111314995244287 -0.8656530131349952
v 0.5620802467950685 0.9084654271967478 -0.8364011609992283
v 0.42118963392796965 1.0111314995244287 -0.8656530131349952
v 0.4196595451141589 0.9120113367627622 -0.8063887779080702
v 0.30292953411801404 0.975655938021939 -1.047799871266227
v 0.3029295341180072 1.011646977671452 -0.8615255196637929
v 0.42118963392796965 1.0111314995244287 -0.8656530131349952
v 0.30292953411801404 0.975655938021939 -1.047799871266227
v 0.42118963392796965 1.0111314995244287 -0.8656530131349952
v 0.4211896339279765 0.9766794554718277 -1.050132467192627
v 0.2772388434332598 0.832698317342577 -1.0584528107826847
v 0.30292953411801404 0.975655938021939 -1.047799871266227
v 0.4211896339279765 0.9766794554718277 -1.050132467192627
v 0.2772388434332598 0.832698317342577 -1.0584528107826847
v 0.4211896339279765 0.9766794554718277 -1.050132467192627
v 0.41965954511416886 0.8330157369314928 -1.0749782107505566
v 0.28112406985086486 0.2909702330280144 -0.8687340289671373
v 0.3063637405972254 0.18743176891898106 -0.9122055607997036
v 0.42141505207714935 0.22602464123097987 -0.9144944554443444
v 0.28112406985086486 0.2909702330280144 -0.8687340289671373
v 0.42141505207714935 0.22602464123097987 -0.9144944554443444
v 0.41991223380928827 0.3246979310108997 -0.8617024563647181
v 0.2776044477980132 0.5224899175561726 -0.8449234761192731
v 0.4196934267015518 0.546536755418301 -0.8375104818529328
v 0.4196595451141589 0.9120113367627622 -0.8063887779080702
v 0.2776044477980132 0.5224899175561726 -0.8449234761192731
v 0.4196595451141589 0.9120113367627622 -0.8063887779080702
v 0.2772388434332508 0.9030131113225742 -0.8153729983791076
v 0.5617824744701135 0.5669760468238888 -1.0510692518097222
v 0.41969342670156035 0.5426962599852495 -1.0702841486795005
v 0.41965954511416886 0.8330157369314928 -1.0749782107505566
v 0.5617824744701135 0.5669760468238888 -1.0510692518097222
v 0.41965954511416886 0.8330157369314928 -1.0749782107505566
v 0.5620802467950765 0.8458771537965935 -1.052506915336194
v -0.30898442169895374 1.972603521068006 0.7239416096032536
v -0.5986719020780048 1.4786781475165034 0.7238926899858067
v -0.4201368714883007 1.9240579453102074 0.992722182953719
v 0.30898442169890034 1.972603521068006 0.7239416096032765
v 0.4201368714882274 1.9240579453102074 0.99272218295375
v 0.5986719020779513 1.4786781475165034 0.7238926899858509
v -0.09484811230117013 1.8476643664960721 2.2791438125073245
v -8.431017513094494e-14 1.8143175855772342 2.2848463911518535
v -8.852593970443866e-14 1.8811873669161343 2.399095645772254
v -0.09484811230117013 1.8476643664960721 2.2791438125073245
v -8.852593970443866e-14 1.8811873669161343 2.399095645772254
v -0.07444222042811649 1.8875527890413313 2.393413087517277
v 0.07444222042793985 1.8875527890413313 2.3934130875172825
v 0.07444222042794055 1.9999820855053838 2.374628716353361
v -8.774506921074e-14 2.0078490416257133 2.3779336850973847
v 0.07444222042793985 1.8875527890413313 2.3934130875172825
v -8.774506921074e-14 2.0078490416257133 2.3779336850973847
v -8.852593970443866e-14 1.8811873669161343 2.399095645772254
v 0.09496691592943236 1.793707298442245 1.9568546312454058
v -7.24084457328716e-14 1.7603061829925037 1.9623037866419404
v -6.762154984024536e-14 1.78607802514497 1.8325766024376102
v 0.09496691592943236 1.793707298442245 1.9568546312454058
v -6.762154984024536e-14 1.78607802514497 1.8325766024376102
v 0.07494512441642541 1.794046603070175 1.8358644926442598
v -0.07494512441656088 1.794046603070175 1.8358644926442544
v -0.07494512441656019 1.90716592696932 1.816965162722542
v -6.683517023731876e-14 1.9136328102143327 1.8112653422901726
v -0.07494512441656088 1.794046603070175 1.8358644926442544
v -6.683517023731876e-14 1.9136328102143327 1.8112653422901726
v -6.762154984024536e-14 1.78607802514497 1.8325766024376102
v 0.09496691592943331 1.946817453868227 1.9312741040129826
v -7.105296091616246e-14 1.9801758959293374 1.9255695053264463
v -8.295615398902733e-14 2.0339477630421396 2.2481517761171967
v 0.09496691592943331 1.946817453868227 1.9312741040129826
v -8.295615398902733e-14 2.0339477630421396 2.2481517761171967
v 0.09484811230100287 2.0005583316897253 2.253599278751808
v -0.09496691592957678 1.7937072984422202 1.9568544476053586
v -7.24084457328716e-14 1.7603061829925037 1.9623037866419404
v -8.431017513094494e-14 1.8143175855772342 2.2848463911518535
v -0.09496691592957678 1.7937072984422202 1.9568544476053586
v -8.431017513094494e-14 1.8143175855772342 2.2848463911518535
v -0.09484811230117013 1.8476643664960721 2.2791438125073245
v 0.09484811230100287 2.0005583316897253 2.253599278751808
v -8.295615398902733e-14 2.0339477630421396 2.2481517761171967
v -8.774506921074e-14 2.0078490416257133 2.3779336850973847
v 0.09484811230100287 2.0005583316897253 2.253599278751808
v -8.774506921074e-14 2.0078490416257133 2.3779336850973847
v 0.07444222042794055 1.9999820855053838 2.374628716353361
v -0.09496691592957583 1.946817453868227 1.9312741040129755
v -7.105296091616246e-14 1.9801758959293374 1.9255695053264463
v -6.683517023731876e-14 1.9136328102143327 1.8112653422901726
v -0.09496691592957583 1.946817453868227 1.9312741040129755
v -6.683517023731876e-14 1.9136328102143327 1.8112653422901726
v -0.07494512441656019 1.90716592696932 1.816965162722542
v -0.09484811230115166 1.7760147732340619 1.7785014066724933
v -6.566647578170877e-14 1.7422015919039666 1.7795931512537746
v -7.017990144568654e-14 1.7928305246435567 1.9019091640961434
v -0.09484811230115166 1.7760147732340619 1.7785014066724933
v -7.017990144568654e-14 1.7928305246435567 1.9019091640961434
v -0.07444222042809817 1.7999128546541414 1.8971493969461628
v 0.07444222042795817 1.7999128546541414 1.8971493969461681
v 0.07444222042795828 1.9138542912062186 1.893906482169646
v -7.004508002168168e-14 1.9211958533121964 1.898255444612022
v 0.07444222042795817 1.7999128546541414 1.8971493969461681
v -7.004508002168168e-14 1.9211958533121964 1.898255444612022
v -7.017990144568654e-14 1.7928305246435567 1.9019091640961434
v 0.094966915929451 1.7666083192150297 1.4518619705157423
v -5.3604040189956127e-14 1.732775878601017 1.4526953335632347
v -4.8992019244459416e-14 1.776034591700222 1.3277073455233057
v 0.094966915929451 1.7666083192150297 1.4518619705157423
v -4.8992019244459416e-14 1.776034591700222 1.3277073455233057
v 0.07494512441644399 1.7834790151832456 1.3320533697112253
v -0.0749451244165423 1.7834790381382506 1.332053369711217
v -0.07494512441654218 1.898119798915205 1.3287904380763678
v -4.8856252525454196e-14 1.9053050362128825 1.3240280081319848
v -0.0749451244165423 1.7834790381382506 1.332053369711217
v -4.8856252525454196e-14 1.9053050362128825 1.3240280081319848
v -4.8992019244459416e-14 1.776034591700222 1.3277073455233057
v 0.09496691592945115 1.9217777939388565 1.4474454985238425
v -5.337002039302149e-14 1.9556028659614841 1.4463532948408635
v -6.543270670819755e-14 1.964785784177378 1.7732579072455077
v 0.09496691592945115 1.9217777939388565 1.4474454985238425
v -6.543270670819755e-14 1.964785784177378 1.7732579072455077
v 0.09484811230102057 1.9309652113009048 1.7740909030113325
v -0.09496691592955814 1.7666083192150297 1.4518619705157352
v -5.3604040189956127e-14 1.732775878601017 1.4526953335632347
v -6.566647578170877e-14 1.7422015919039666 1.7795931512537746
v -0.09496691592955814 1.7666083192150297 1.4518619705157352
v -6.566647578170877e-14 1.7422015919039666 1.7795931512537746
v -0.09484811230115166 1.7760147732340619 1.7785014066724933
v 0.09484811230102057 1.9309652113009048 1.7740909030113325
v -6.543270670819755e-14 1.964785784177378 1.7732579072455077
v -7.004508002168168e-14 1.9211958533121964 1.898255444612022
v 0.09484811230102057 1.9309652113009048 1.7740909030113325
v -7.004508002168168e-14 1.9211958533121964 1.898255444612022
v 0.07444222042795828 1.9138542912062186 1.893906482169646
v -0.09496691592955799 1.9217777939388565 1.4474454985238354
v -5.337002039302149e-14 1.9556028659614841 1.4463532948408635
v -4.8856252525454196e-14 1.9053050362128825 1.3240280081319848
v -0.09496691592955799 1.9217777939388565 1.4474454985238354
v -4.8856252525454196e-14 1.9053050362128825 1.3240280081319848
v -0.07494512441654218 1.898119798915205 1.3287904380763678
v -0.09484810656238063 1.7796238477973838 1.2425556621441178
v -4.5700828314853547e-14 1.7460352575466325 1.2385144839354099
v -5.044510450623929e-14 1.7775577533934777 1.367086656409759
v -0.09484810656238063 1.7796238477973838 1.2425556621441178
v -5.044510450623929e-14 1.7775577533934777 1.367086656409759
v -0.07444220895057597 1.7852791508949917 1.3634545308399235
v 0.07444220895047536 1.7852791508949917 1.3634545308399288
v 0.07444220895047483 1.8983976987508417 1.3775033459863828
v -5.102912619362472e-14 1.9049960238473114 1.3829139316002257
v 0.07444220895047536 1.7852791508949917 1.3634545308399288
v -5.102912619362472e-14 1.9049960238473114 1.3829139316002257
v -5.044510450623929e-14 1.7775577533934777 1.367086656409759
v 0.09496688723571442 1.8197894849229148 0.918259007138026
v -3.372484058803045e-14 1.7862209802668296 0.9139594473902433
v -2.9407725948972813e-14 1.847908041325226 0.7969635632378833
v 0.09496688723571442 1.8197894849229148 0.918259007138026
v -2.9407725948972813e-14 1.847908041325226 0.7969635632378833
v 0.07494511293896104 1.8546085621057056 0.8023869118207853
v -0.07494511293902024 1.8546085621057056 0.8023869118207797
v -0.07494511293902077 1.9684213611445998 0.8165219458727646
v -2.999586082303676e-14 1.976244839555062 0.8129023078119434
v -0.07494511293902024 1.8546085621057056 0.8023869118207797
v -2.999586082303676e-14 1.976244839555062 0.8129023078119434
v -2.9407725948972813e-14 1.847908041325226 0.7969635632378833
v 0.09496688723571373 1.9738382994662205 0.9373911567341321
v -3.473863268585162e-14 2.007438688589731 0.941433712241555
v -4.6713512495004515e-14 1.9670118924029065 1.2659587236725618
v 0.09496688723571373 1.9738382994662205 0.9373911567341321
v -4.6713512495004515e-14 1.9670118924029065 1.2659587236725618
v 0.09484810656228822 1.9334552095745976 1.261660633043518
v -0.0949668872357822 1.8197894849229026 0.9182589153179989
v -3.372484058803045e-14 1.7862209802668296 0.9139594473902433
v -4.5700828314853547e-14 1.7460352575466325 1.2385144839354099
v -0.0949668872357822 1.8197894849229026 0.9182589153179989
v -4.5700828314853547e-14 1.7460352575466325 1.2385144839354099
v -0.09484810656238063 1.7796238477973838 1.2425556621441178
v 0.09484810656228822 1.9334552095745976 1.261660633043518
v -4.6713512495004515e-14 1.9670118924029065 1.2659587236725618
v -5.102912619362472e-14 1.9049960238473114 1.3829139316002257
v 0.09484810656228822 1.9334552095745976 1.261660633043518
v -5.102912619362472e-14 1.9049960238473114 1.3829139316002257
v 0.07444220895047483 1.8983976987508417 1.3775033459863828
v -0.09496688723578289 1.9738382994662205 0.937391156734125
v -3.473863268585162e-14 2.007438688589731 0.941433712241555
v -2.999586082303676e-14 1.976244839555062 0.8129023078119434
v -0.09496688723578289 1.9738382994662205 0.937391156734125
v -2.999586082303676e-14 1.976244839555062 0.8129023078119434
v -0.07494511293902077 1.9684213611445998 0.8165219458727646
vt 0.627984881401062 0.6536072790622711
vt 0.6301817893981934 0.7179438173770905
vt 0.7882623672485352 0.7094040811061859
vt 0.627984881401062 0.6536072790622711
vt 0.7882623672485352 0.7094040811061859
vt 0.7860653400421143 0.6450674831867218
vt 0.8038648962974548 0.7324595749378204
vt 0.7306072115898132 0.711284726858139
vt 0.6845685839653015 0.7653741538524628
vt 0.8038648962974548 0.7324595749378204
vt 0.6845685839653015 0.7653741538524628
vt 0.8038648962974548 0.7595197558403015
vt 0.637385904788971 0.8288861662149429
vt 0.6301817893981934 0.7179438173770905
vt 0.4721013009548187 0.7264836132526398
vt 0.637385904788971 0.8288861662149429
vt 0.4721013009548187 0.7264836132526398
vt 0.48031139373779297 0.8195574432611465
vt 0.2671593427658081 0.6873731017112732
vt 0.26496243476867676 0.6230364739894867
vt 0.23194873332977295 0.6097531020641327
vt 0.2671593427658081 0.6873731017112732
vt 0.23194873332977295 0.6097531020641327
vt 0.23414579033851624 0.674089640378952
vt 0.6933687329292297 0.9651933573186398
vt 0.8038648962974548 0.9871741812676191
vt 0.8038648962974548 0.8734655678272247
vt 0.6933687329292297 0.9651933573186398
vt 0.8038648962974548 0.8734655678272247
vt 0.6558812260627747 0.8774465993046761
vt 0.7944605350494385 0.8382147699594498
vt 0.7854040265083313 0.9065745547413826
vt 0.963240385055542 0.8114057630300522
vt 0.4721013009548187 0.7264836132526398
vt 0.46990424394607544 0.6621468961238861
vt 0.26496243476867676 0.6230364739894867
vt 0.4721013009548187 0.7264836132526398
vt 0.26496243476867676 0.6230364739894867
vt 0.2671593427658081 0.6873731017112732
vt 0.6348707675933838 0.9407425224781036
vt 0.6373950242996216 0.8389974534511566
vt 0.7879284620285034 0.8048294335603714
vt 0.6348707675933838 0.9407425224781036
vt 0.7879284620285034 0.8048294335603714
vt 0.7854040265083313 0.9065745547413826
vt 0.8038648962974548 0.8734655678272247
vt 0.8038648962974548 0.7595197558403015
vt 0.6845685839653015 0.7653741538524628
vt 0.8038648962974548 0.8734655678272247
vt 0.6845685839653015 0.7653741538524628
vt 0.6558812260627747 0.8774465993046761
vt 0.48031139373779297 0.8195574432611465
vt 0.4721013009548187 0.7264836132526398
vt 0.2671593427658081 0.6873731017112732
vt 0.48031139373779297 0.8195574432611465
vt 0.2671593427658081 0.6873731017112732
vt 0.24681176245212555 0.7917307317256927
vt 0.4868617355823517 0.8731654733419418
vt 0.4843374490737915 0.9749105405062437
vt 0.18816035985946655 0.9527844190597534
vt 0.4868617355823517 0.8731654733419418
vt 0.18816035985946655 0.9527844190597534
vt 0.19068464636802673 0.8510392904281616
vt 0.23414579033851624 0.674089640378952
vt 0.23194873332977295 0.6566281020641327
vt 0.1579553484916687 0.6789945363998413
vt 0.23414579033851624 0.674089640378952
vt 0.1579553484916687 0.6789945363998413
vt 0.16015225648880005 0.6964561641216278
vt 0.8038648962974548 0.9853264819830656
vt 0.6933687329292297 0.9633456729352474
vt 0.6933687329292297 0.8861641436815262
vt 0.8038648962974548 0.9853264819830656
vt 0.6933687329292297 0.8861641436815262
vt 0.8038648962974548 0.9081449508666992
vt 0.24681176245212555 0.7917307317256927
vt 0.2671593427658081 0.6873731017112732
vt 0.23414579033851624 0.674089640378952
vt 0.24681176245212555 0.7917307317256927
vt 0.23414579033851624 0.674089640378952
vt 0.17095842957496643 0.7869756519794464
vt 0.6780253052711487 0.7789331078529358
vt 0.7398669123649597 0.6828934252262115
vt 0.8038648962974548 0.6637633144855499
vt 0.6780253052711487 0.7789331078529358
vt 0.8038648962974548 0.6637633144855499
vt 0.8038648962974548 0.7542575001716614
vt 0.8038648962974548 0.9081449508666992
vt 0.6933687329292297 0.8861641436815262
vt 0.6780253052711487 0.7789331078529358
vt 0.8038648962974548 0.9081449508666992
vt 0.6780253052711487 0.7789331078529358
vt 0.8038648962974548 0.7542575001716614
vt 0.17095842957496643 0.7869756519794464
vt 0.23414579033851624 0.674089640378952
vt 0.16015225648880005 0.6964561641216278
vt 0.17095842957496643 0.7869756519794464
vt 0.16015225648880005 0.6964561641216278
vt 0.09962046146392822 0.7898603230714798
vt 0.6348707675933838 0.9407425224781036
vt 0.637385904788971 0.8288861662149429
vt 0.48031139373779297 0.8195574432611465
vt 0.6348707675933838 0.9407425224781036
vt 0.48031139373779297 0.8195574432611465
vt 0.4843374490737915 0.9749105405062437
vt 0.4843374490737915 0.9749105405062437
vt 0.48031139373779297 0.8195574432611465
vt 0.24681176245212555 0.7917307317256927
vt 0.4843374490737915 0.9749105405062437
vt 0.24681176245212555 0.7917307317256927
vt 0.18816035985946655 0.9527844190597534
vt 0.18816035985946655 0.9527844190597534
vt 0.24681176245212555 0.7917307317256927
vt 0.17095842957496643 0.7869756519794464
vt 0.18816035985946655 0.9527844190597534
vt 0.17095842957496643 0.7869756519794464
vt 0.09520041942596436 0.8890811651945114
vt 0.09520041942596436 0.8890811651945114
vt 0.17095842957496643 0.7869756519794464
vt 0.09962046146392822 0.7898603230714798
vt 0.7944605350494385 0.8382147699594498
vt 0.963240385055542 0.8114057630300522
vt 0.8671930432319641 0.7157810032367706
vt 0.7854040265083313 0.9065745547413826
vt 0.7944605350494385 0.8382147699594498
vt 0.637385904788971 0.8288861662149429
vt 0.7854040265083313 0.9065745547413826
vt 0.637385904788971 0.8288861662149429
vt 0.6348707675933838 0.9407425224781036
vt 0.4843374490737915 0.9749105405062437
vt 0.4868617355823517 0.8731654733419418
vt 0.6373950242996216 0.8389974534511566
vt 0.4843374490737915 0.9749105405062437
vt 0.6373950242996216 0.8389974534511566
vt 0.6348707675933838 0.9407425224781036
vt 0.7944605350494385 0.8382147699594498
vt 0.7882623672485352 0.7094040811061859
vt 0.6301817893981934 0.7179438173770905
vt 0.7944605350494385 0.8382147699594498
vt 0.6301817893981934 0.7179438173770905
vt 0.637385904788971 0.8288861662149429
vt 0.46990424394607544 0.6621468961238861
vt 0.4721013009548187 0.7264836132526398
vt 0.6301817893981934 0.7179438173770905
vt 0.46990424394607544 0.6621468961238861
vt 0.6301817893981934 0.7179438173770905
vt 0.627984881401062 0.6536072790622711
vt 0.627984881401062 0.6536072790622711
vt 0.7860653400421143 0.6450674831867218
vt 0.7882623672485352 0.7094040811061859
vt 0.627984881401062 0.6536072790622711
vt 0.7882623672485352 0.7094040811061859
vt 0.6301817893981934 0.7179438173770905
vt 0.8038648962974548 0.7324595749378204
vt 0.8038648962974548 0.7595197558403015
vt 0.9231610894203186 0.7653741538524628
vt 0.8038648962974548 0.7324595749378204
vt 0.9231610894203186 0.7653741538524628
vt 0.8771224617958069 0.711284726858139
vt 0.637385904788971 0.8288861662149429
vt 0.48031139373779297 0.8195574432611465
vt 0.4721013009548187 0.7264836132526398
vt 0.637385904788971 0.8288861662149429
vt 0.4721013009548187 0.7264836132526398
vt 0.6301817893981934 0.7179438173770905
vt 0.2671593427658081 0.6873731017112732
vt 0.23414579033851624 0.674089640378952
vt 0.23194873332977295 0.6097531020641327
vt 0.2671593427658081 0.6873731017112732
vt 0.23194873332977295 0.6097531020641327
vt 0.26496243476867676 0.6230364739894867
vt 0.9143609404563904 0.9651933573186398
vt 0.9518482089042664 0.8774465993046761
vt 0.8038648962974548 0.8734655678272247
vt 0.9143609404563904 0.9651933573186398
vt 0.8038648962974548 0.8734655678272247
vt 0.8038648962974548 0.9871741812676191
vt 0.7944605350494385 0.8382147699594498
vt 0.963240385055542 0.8114057630300522
vt 0.7854040265083313 0.9065745547413826
vt 0.4721013009548187 0.7264836132526398
vt 0.2671593427658081 0.6873731017112732
vt 0.26496243476867676 0.6230364739894867
vt 0.4721013009548187 0.7264836132526398
vt 0.26496243476867676 0.6230364739894867
vt 0.46990424394607544 0.6621468961238861
vt 0.6348707675933838 0.9407425224781036
vt 0.7854040265083313 0.9065745547413826
vt 0.7879284620285034 0.8048294335603714
vt 0.6348707675933838 0.9407425224781036
vt 0.7879284620285034 0.8048294335603714
vt 0.6373950242996216 0.8389974534511566
vt 0.8038648962974548 0.8734655678272247
vt 0.9518482089042664 0.8774465993046761
vt 0.9231610894203186 0.7653741538524628
vt 0.8038648962974548 0.8734655678272247
vt 0.9231610894203186 0.7653741538524628
vt 0.8038648962974548 0.7595197558403015
vt 0.48031139373779297 0.8195574432611465
vt 0.24681176245212555 0.7917307317256927
vt 0.2671593427658081 0.6873731017112732
vt 0.48031139373779297 0.8195574432611465
vt 0.2671593427658081 0.6873731017112732
vt 0.4721013009548187 0.7264836132526398
vt 0.4868617355823517 0.8731654733419418
vt 0.19068464636802673 0.8510392904281616
vt 0.18816035985946655 0.9527844190597534
vt 0.4868617355823517 0.8731654733419418
vt 0.18816035985946655 0.9527844190597534
vt 0.4843374490737915 0.9749105405062437
vt 0.23414579033851624 0.674089640378952
vt 0.16015225648880005 0.6964561641216278
vt 0.1579553484916687 0.6789945363998413
vt 0.23414579033851624 0.674089640378952
vt 0.1579553484916687 0.6789945363998413
vt 0.23194873332977295 0.6566281020641327
vt 0.8038648962974548 0.9853264819830656
vt 0.8038648962974548 0.9081449508666992
vt 0.9143609404563904 0.8861641436815262
vt 0.8038648962974548 0.9853264819830656
vt 0.9143609404563904 0.8861641436815262
vt 0.9143609404563904 0.9633456729352474
vt 0.24681176245212555 0.7917307317256927
vt 0.17095842957496643 0.7869756519794464
vt 0.23414579033851624 0.674089640378952
vt 0.24681176245212555 0.7917307317256927
vt 0.23414579033851624 0.674089640378952
vt 0.2671593427658081 0.6873731017112732
vt 0.9297042489051819 0.7789331078529358
vt 0.8038648962974548 0.7542575001716614
vt 0.8038648962974548 0.6637633144855499
vt 0.9297042489051819 0.7789331078529358
vt 0.8038648962974548 0.6637633144855499
vt 0.8678626418113708 0.6828934252262115
vt 0.8038648962974548 0.9081449508666992
vt 0.8038648962974548 0.7542575001716614
vt 0.9297042489051819 0.7789331078529358
vt 0.8038648962974548 0.9081449508666992
vt 0.9297042489051819 0.7789331078529358
vt 0.9143609404563904 0.8861641436815262
vt 0.17095842957496643 0.7869756519794464
vt 0.09962046146392822 0.7898603230714798
vt 0.16015225648880005 0.6964561641216278
vt 0.17095842957496643 0.7869756519794464
vt 0.16015225648880005 0.6964561641216278
vt 0.23414579033851624 0.674089640378952
vt 0.6348707675933838 0.9407425224781036
vt 0.4843374490737915 0.9749105405062437
vt 0.48031139373779297 0.8195574432611465
vt 0.6348707675933838 0.9407425224781036
vt 0.48031139373779297 0.8195574432611465
vt 0.637385904788971 0.8288861662149429
vt 0.4843374490737915 0.9749105405062437
vt 0.18816035985946655 0.9527844190597534
vt 0.24681176245212555 0.7917307317256927
vt 0.4843374490737915 0.9749105405062437
vt 0.24681176245212555 0.7917307317256927
vt 0.48031139373779297 0.8195574432611465
vt 0.18816035985946655 0.9527844190597534
vt 0.09520041942596436 0.8890811651945114
vt 0.17095842957496643 0.7869756519794464
vt 0.18816035985946655 0.9527844190597534
vt 0.17095842957496643 0.7869756519794464
vt 0.24681176245212555 0.7917307317256927
vt 0.09520041942596436 0.8890811651945114
vt 0.09962046146392822 0.7898603230714798
vt 0.17095842957496643 0.7869756519794464
vt 0.8671930432319641 0.7157810032367706
vt 0.963240385055542 0.8114057630300522
vt 0.7944605350494385 0.8382147699594498
vt 0.7854040265083313 0.9065745547413826
vt 0.6348707675933838 0.9407425224781036
vt 0.637385904788971 0.8288861662149429
vt 0.7854040265083313 0.9065745547413826
vt 0.637385904788971 0.8288861662149429
vt 0.7944605350494385 0.8382147699594498
vt 0.4843374490737915 0.9749105405062437
vt 0.6348707675933838 0.9407425224781036
vt 0.6373950242996216 0.8389974534511566
vt 0.4843374490737915 0.9749105405062437
vt 0.6373950242996216 0.8389974534511566
vt 0.4868617355823517 0.8731654733419418
vt 0.7944605350494385 0.8382147699594498
vt 0.637385904788971 0.8288861662149429
vt 0.6301817893981934 0.7179438173770905
vt 0.7944605350494385 0.8382147699594498
vt 0.6301817893981934 0.7179438173770905
vt 0.7882623672485352 0.7094040811061859
vt 0.46990424394607544 0.6621468961238861
vt 0.627984881401062 0.6536072790622711
vt 0.6301817893981934 0.7179438173770905
vt 0.46990424394607544 0.6621468961238861
vt 0.6301817893981934 0.7179438173770905
vt 0.4721013009548187 0.7264836132526398
vt 0.8429756164550781 0.08647489547729492
vt 0.7738223671913147 0.03584468364715576
vt 0.669445276260376 0.04194605350494385
vt 0.8429756164550781 0.08647489547729492
vt 0.669445276260376 0.04194605350494385
vt 0.644947350025177 0.1370745301246643
vt 0.3219897449016571 0.6241739094257355
vt 0.3219897449016571 0.5644896328449249
vt 0.4003850519657135 0.5489312410354614
vt 0.3219897449016571 0.6241739094257355
vt 0.4003850519657135 0.5489312410354614
vt 0.4003850519657135 0.6199515163898468
vt 0.6237761378288269 0.13192427158355713
vt 0.652927041053772 0.01872807741165161
vt 0.7771285772323608 0.011467814445495605
vt 0.6237761378288269 0.13192427158355713
vt 0.7771285772323608 0.011467814445495605
vt 0.859416127204895 0.07171452045440674
vt 0.4003850519657135 0.5918746292591095
vt 0.4003850519657135 0.5497662723064423
vt 0.3219897449016571 0.5651912689208984
vt 0.4003850519657135 0.5918746292591095
vt 0.3219897449016571 0.5651912689208984
vt 0.3219897449016571 0.6005786061286926
vt 0.8429120779037476 0.16853618621826172
vt 0.66256183385849 0.2377924919128418
vt 0.7747761011123657 0.3368735909461975
vt 0.8429120779037476 0.16853618621826172
vt 0.7747761011123657 0.3368735909461975
vt 0.8398828506469727 0.26897597312927246
vt 0.4602748155593872 0.6704045236110687
vt 0.3995825946331024 0.6777810454368591
vt 0.3995825946331024 0.7296047508716583
vt 0.4602748155593872 0.6704045236110687
vt 0.3995825946331024 0.7296047508716583
vt 0.4602748155593872 0.732071191072464
vt 0.4003850519657135 0.6542437970638275
vt 0.4003850519657135 0.5918746292591095
vt 0.3219897449016571 0.6005786061286926
vt 0.4003850519657135 0.6542437970638275
vt 0.3219897449016571 0.6005786061286926
vt 0.3219897449016571 0.6529925763607025
vt 0.644736111164093 0.25177180767059326
vt 0.6237761378288269 0.13192427158355713
vt 0.859416127204895 0.07171452045440674
vt 0.644736111164093 0.25177180767059326
vt 0.859416127204895 0.07171452045440674
vt 0.8593404293060303 0.16936182975769043
vt 0.3219897449016571 0.6892840266227722
vt 0.3219897449016571 0.6241739094257355
vt 0.4003850519657135 0.6199515163898468
vt 0.3219897449016571 0.6892840266227722
vt 0.4003850519657135 0.6199515163898468
vt 0.4003850519657135 0.6974279582500458
vt 0.8429120779037476 0.16853618621826172
vt 0.8429756164550781 0.08647489547729492
vt 0.644947350025177 0.1370745301246643
vt 0.8429120779037476 0.16853618621826172
vt 0.644947350025177 0.1370745301246643
vt 0.66256183385849 0.2377924919128418
vt 0.7782632112503052 0.36967164278030396
vt 0.8557360768318176 0.2888782024383545
vt 0.8609404563903809 0.3150046467781067
vt 0.7782632112503052 0.36967164278030396
vt 0.8609404563903809 0.3150046467781067
vt 0.8045851588249207 0.3737756013870239
vt 0.644736111164093 0.25177180767059326
vt 0.8593404293060303 0.16936182975769043
vt 0.8557360768318176 0.2888782024383545
vt 0.644736111164093 0.25177180767059326
vt 0.8557360768318176 0.2888782024383545
vt 0.7782632112503052 0.36967164278030396
vt 0.4003850519657135 0.6542437970638275
vt 0.3219897449016571 0.6529925763607025
vt 0.3219897449016571 0.7170155048370361
vt 0.4003850519657135 0.6542437970638275
vt 0.3219897449016571 0.7170155048370361
vt 0.4003850519657135 0.7304264903068542
vt 0.3219897449016571 0.6892840266227722
vt 0.4003850519657135 0.6974279582500458
vt 0.4003850519657135 0.7786201536655426
vt 0.3219897449016571 0.6892840266227722
vt 0.4003850519657135 0.7786201536655426
vt 0.3219897449016571 0.7575166374444962
vt 0.3326742649078369 0.7824013084173203
vt 0.3897005617618561 0.7824013084173203
vt 0.3897005617618561 0.7473441958427429
vt 0.3326742649078369 0.7824013084173203
vt 0.3897005617618561 0.7473441958427429
vt 0.3326742649078369 0.7473441958427429
vt 0.8398828506469727 0.26897597312927246
vt 0.7747761011123657 0.3368735909461975
vt 0.8045851588249207 0.3737756013870239
vt 0.8398828506469727 0.26897597312927246
vt 0.8045851588249207 0.3737756013870239
vt 0.8609404563903809 0.3150046467781067
vt 0.4003850519657135 0.7304264903068542
vt 0.3219897449016571 0.7170155048370361
vt 0.3326742649078369 0.7473441958427429
vt 0.4003850519657135 0.7304264903068542
vt 0.3326742649078369 0.7473441958427429
vt 0.3897005617618561 0.7473441958427429
vt 0.3219897449016571 0.7575166374444962
vt 0.4003850519657135 0.7786201536655426
vt 0.3897005617618561 0.7824013084173203
vt 0.3219897449016571 0.7575166374444962
vt 0.3897005617618561 0.7824013084173203
vt 0.3326742649078369 0.7824013084173203
vt 0.8429756164550781 0.08647489547729492
vt 0.644947350025177 0.1370745301246643
vt 0.669445276260376 0.04194605350494385
vt 0.8429756164550781 0.08647489547729492
vt 0.669445276260376 0.04194605350494385
vt 0.7738223671913147 0.03584468364715576
vt 0.32147887349128723 0.6241739094257355
vt 0.399874210357666 0.6199515163898468
vt 0.399874210357666 0.5489312410354614
vt 0.32147887349128723 0.6241739094257355
vt 0.399874210357666 0.5489312410354614
vt 0.32147887349128723 0.5644896328449249
vt 0.6237761378288269 0.13192427158355713
vt 0.859416127204895 0.07171452045440674
vt 0.7771285772323608 0.011467814445495605
vt 0.6237761378288269 0.13192427158355713
vt 0.7771285772323608 0.011467814445495605
vt 0.652927041053772 0.01872807741165161
vt 0.399874210357666 0.5918746292591095
vt 0.32147887349128723 0.6005786061286926
vt 0.32147887349128723 0.5651912689208984
vt 0.399874210357666 0.5918746292591095
vt 0.32147887349128723 0.5651912689208984
vt 0.399874210357666 0.5497662723064423
vt 0.8429120779037476 0.16853618621826172
vt 0.8398828506469727 0.26897597312927246
vt 0.7747761011123657 0.3368735909461975
vt 0.8429120779037476 0.16853618621826172
vt 0.7747761011123657 0.3368735909461975
vt 0.66256183385849 0.2377924919128418
vt 0.547857940196991 0.6704045236110687
vt 0.547857940196991 0.732071191072464
vt 0.6085501313209534 0.7296047508716583
vt 0.547857940196991 0.6704045236110687
vt 0.6085501313209534 0.7296047508716583
vt 0.6085501313209534 0.6777810454368591
vt 0.399874210357666 0.6542437970638275
vt 0.32147887349128723 0.6529925763607025
vt 0.32147887349128723 0.6005786061286926
vt 0.399874210357666 0.6542437970638275
vt 0.32147887349128723 0.6005786061286926
vt 0.399874210357666 0.5918746292591095
vt 0.644736111164093 0.25177180767059326
vt 0.8593404293060303 0.16936182975769043
vt 0.859416127204895 0.07171452045440674
vt 0.644736111164093 0.25177180767059326
vt 0.859416127204895 0.07171452045440674
vt 0.6237761378288269 0.13192427158355713
vt 0.32147887349128723 0.6892840266227722
vt 0.399874210357666 0.6974279582500458
vt 0.399874210357666 0.6199515163898468
vt 0.32147887349128723 0.6892840266227722
vt 0.399874210357666 0.6199515163898468
vt 0.32147887349128723 0.6241739094257355
vt 0.8429120779037476 0.16853618621826172
vt 0.66256183385849 0.2377924919128418
vt 0.644947350025177 0.1370745301246643
vt 0.8429120779037476 0.16853618621826172
vt 0.644947350025177 0.1370745301246643
vt 0.8429756164550781 0.08647489547729492
vt 0.7782632112503052 0.36967164278030396
vt 0.8045851588249207 0.3737756013870239
vt 0.8609404563903809 0.3150046467781067
vt 0.7782632112503052 0.36967164278030396
vt 0.8609404563903809 0.3150046467781067
vt 0.8557360768318176 0.2888782024383545
vt 0.644736111164093 0.25177180767059326
vt 0.7782632112503052 0.36967164278030396
vt 0.8557360768318176 0.2888782024383545
vt 0.644736111164093 0.25177180767059326
vt 0.8557360768318176 0.2888782024383545
vt 0.8593404293060303 0.16936182975769043
vt 0.399874210357666 0.6542437970638275
vt 0.399874210357666 0.7304264903068542
vt 0.32147887349128723 0.7170155048370361
vt 0.399874210357666 0.6542437970638275
vt 0.32147887349128723 0.7170155048370361
vt 0.32147887349128723 0.6529925763607025
vt 0.32147887349128723 0.6892840266227722
vt 0.32147887349128723 0.7575166374444962
vt 0.399874210357666 0.7786201536655426
vt 0.32147887349128723 0.6892840266227722
vt 0.399874210357666 0.7786201536655426
vt 0.399874210357666 0.6974279582500458
vt 0.33216336369514465 0.7824013084173203
vt 0.33216336369514465 0.7473441958427429
vt 0.38918977975845337 0.7473441958427429
vt 0.33216336369514465 0.7824013084173203
vt 0.38918977975845337 0.7473441958427429
vt 0.38918977975845337 0.7824013084173203
vt 0.8398828506469727 0.26897597312927246
vt 0.8609404563903809 0.3150046467781067
vt 0.8045851588249207 0.3737756013870239
vt 0.8398828506469727 0.26897597312927246
vt 0.8045851588249207 0.3737756013870239
vt 0.7747761011123657 0.3368735909461975
vt 0.399874210357666 0.7304264903068542
vt 0.38918977975845337 0.7473441958427429
vt 0.33216336369514465 0.7473441958427429
vt 0.399874210357666 0.7304264903068542
vt 0.33216336369514465 0.7473441958427429
vt 0.32147887349128723 0.7170155048370361
vt 0.32147887349128723 0.7575166374444962
vt 0.33216336369514465 0.7824013084173203
vt 0.38918977975845337 0.7824013084173203
vt 0.32147887349128723 0.7575166374444962
vt 0.38918977975845337 0.7824013084173203
vt 0.399874210357666 0.7786201536655426
vt 0.9543269276618958 0.3881875276565552
vt 0.8749950528144836 0.3211740255355835
vt 0.8126054406166077 0.37876641750335693
vt 0.9543269276618958 0.3881875276565552
vt 0.8126054406166077 0.37876641750335693
vt 0.894125759601593 0.42607176303863525
vt 0.33113834261894226 0.8197509199380875
vt 0.32842695713043213 0.7859426587820053
vt 0.3910870850086212 0.7814664244651794
vt 0.33113834261894226 0.8197509199380875
vt 0.3910870850086212 0.7814664244651794
vt 0.3876848816871643 0.82389035820961
vt 0.8926845788955688 0.4326517581939697
vt 0.790389895439148 0.373291015625
vt 0.8686789274215698 0.3010222911834717
vt 0.8926845788955688 0.4326517581939697
vt 0.8686789274215698 0.3010222911834717
vt 0.9682272672653198 0.38511282205581665
vt 0.3876848816871643 0.796853244304657
vt 0.3910870850086212 0.7387537956237793
vt 0.32842695713043213 0.7519042640924454
vt 0.3876848816871643 0.796853244304657
vt 0.32842695713043213 0.7519042640924454
vt 0.33113834261894226 0.7982046455144882
vt 0.33113834261894226 0.8197509199380875
vt 0.3876848816871643 0.82389035820961
vt 0.37656277418136597 0.8473557978868484
vt 0.33113834261894226 0.8197509199380875
vt 0.37656277418136597 0.8473557978868484
vt 0.34000158309936523 0.8384509533643723
vt 0.8126054406166077 0.37876641750335693
vt 0.8749950528144836 0.3211740255355835
vt 0.8473040461540222 0.29638469219207764
vt 0.8126054406166077 0.37876641750335693
vt 0.8473040461540222 0.29638469219207764
vt 0.7900556921958923 0.3476678133010864
vt 0.3835300803184509 0.7650847882032394
vt 0.3347705006599426 0.7650847882032394
vt 0.3347705006599426 0.7348498106002808
vt 0.3835300803184509 0.7650847882032394
vt 0.3347705006599426 0.7348498106002808
vt 0.3835300803184509 0.7348498106002808
vt 0.32842695713043213 0.7519042640924454
vt 0.3910870850086212 0.7387537956237793
vt 0.3835300803184509 0.7348498106002808
vt 0.32842695713043213 0.7519042640924454
vt 0.3835300803184509 0.7348498106002808
vt 0.3347705006599426 0.7348498106002808
vt 0.3910870850086212 0.7814664244651794
vt 0.32842695713043213 0.7859426587820053
vt 0.3347705006599426 0.7650847882032394
vt 0.3910870850086212 0.7814664244651794
vt 0.3347705006599426 0.7650847882032394
vt 0.3835300803184509 0.7650847882032394
vt 0.8686789274215698 0.3010222911834717
vt 0.790389895439148 0.373291015625
vt 0.7900556921958923 0.3476678133010864
vt 0.8686789274215698 0.3010222911834717
vt 0.7900556921958923 0.3476678133010864
vt 0.8473040461540222 0.29638469219207764
vt 0.34000158309936523 0.8384509533643723
vt 0.37656277418136597 0.8473557978868484
vt 0.37656277418136597 0.8327263444662094
vt 0.34000158309936523 0.8384509533643723
vt 0.37656277418136597 0.8327263444662094
vt 0.34000158309936523 0.826792523264885
vt 0.9543269276618958 0.3881875276565552
vt 0.894125759601593 0.42607176303863525
vt 0.907649576663971 0.4544147849082947
vt 0.9543269276618958 0.3881875276565552
vt 0.907649576663971 0.4544147849082947
vt 0.9549846053123474 0.4328979253768921
vt 0.8926845788955688 0.4326517581939697
vt 0.9682272672653198 0.38511282205581665
vt 0.969052255153656 0.44121718406677246
vt 0.8926845788955688 0.4326517581939697
vt 0.969052255153656 0.44121718406677246
vt 0.9096546173095703 0.46821749210357666
vt 0.3876848816871643 0.796853244304657
vt 0.33113834261894226 0.7982046455144882
vt 0.34000158309936523 0.826792523264885
vt 0.3876848816871643 0.796853244304657
vt 0.34000158309936523 0.826792523264885
vt 0.37656277418136597 0.8327263444662094
vt 0.9543266892433167 0.3881875276565552
vt 0.894125759601593 0.42607176303863525
vt 0.8126054406166077 0.37876641750335693
vt 0.9543266892433167 0.3881875276565552
vt 0.8126054406166077 0.37876641750335693
vt 0.8749950528144836 0.3211740255355835
vt 0.33062744140625 0.8197509199380875
vt 0.3871740400791168 0.82389035820961
vt 0.39057621359825134 0.7814664244651794
vt 0.33062744140625 0.8197509199380875
vt 0.39057621359825134 0.7814664244651794
vt 0.3279161751270294 0.7859425693750381
vt 0.8926844596862793 0.43265146017074585
vt 0.9682272672653198 0.38511282205581665
vt 0.8686789274215698 0.3010222911834717
vt 0.8926844596862793 0.43265146017074585
vt 0.8686789274215698 0.3010222911834717
vt 0.790389895439148 0.373291015625
vt 0.3871740400791168 0.796853244304657
vt 0.33062744140625 0.7982046455144882
vt 0.3279161751270294 0.7519042640924454
vt 0.3871740400791168 0.796853244304657
vt 0.3279161751270294 0.7519042640924454
vt 0.39057621359825134 0.7387537956237793
vt 0.33062744140625 0.8197509199380875
vt 0.3394908010959625 0.8384509533643723
vt 0.3760520815849304 0.8473557978868484
vt 0.33062744140625 0.8197509199380875
vt 0.3760520815849304 0.8473557978868484
vt 0.3871740400791168 0.82389035820961
vt 0.8126054406166077 0.37876641750335693
vt 0.7900556921958923 0.3476678133010864
vt 0.8473040461540222 0.29638469219207764
vt 0.8126054406166077 0.37876641750335693
vt 0.8473040461540222 0.29638469219207764
vt 0.8749950528144836 0.3211740255355835
vt 0.3830191493034363 0.7650847882032394
vt 0.3830191493034363 0.7348498106002808
vt 0.3342597484588623 0.7348498106002808
vt 0.3830191493034363 0.7650847882032394
vt 0.3342597484588623 0.7348498106002808
vt 0.3342597484588623 0.7650847882032394
vt 0.3279161751270294 0.7519042640924454
vt 0.3342597484588623 0.7348498106002808
vt 0.3830191493034363 0.7348498106002808
vt 0.3279161751270294 0.7519042640924454
vt 0.3830191493034363 0.7348498106002808
vt 0.39057621359825134 0.7387537956237793
vt 0.39057621359825134 0.7814664244651794
vt 0.3830191493034363 0.7650847882032394
vt 0.3342597484588623 0.7650847882032394
vt 0.39057621359825134 0.7814664244651794
vt 0.3342597484588623 0.7650847882032394
vt 0.3279161751270294 0.7859425693750381
vt 0.8686789274215698 0.3010222911834717
vt 0.8473040461540222 0.29638469219207764
vt 0.7900556921958923 0.3476678133010864
vt 0.8686789274215698 0.3010222911834717
vt 0.7900556921958923 0.3476678133010864
vt 0.790389895439148 0.373291015625
vt 0.3394908010959625 0.8384509533643723
vt 0.3394908010959625 0.826792523264885
vt 0.3760520815849304 0.8327262550592422
vt 0.3394908010959625 0.8384509533643723
vt 0.3760520815849304 0.8327262550592422
vt 0.3760520815849304 0.8473557978868484
vt 0.9543266892433167 0.3881875276565552
vt 0.9549846053123474 0.4328979253768921
vt 0.907649576663971 0.4544147849082947
vt 0.9543266892433167 0.3881875276565552
vt 0.907649576663971 0.4544147849082947
vt 0.894125759601593 0.42607176303863525
vt 0.3871740400791168 0.82389035820961
vt 0.3760520815849304 0.8473557978868484
vt 0.3760520815849304 0.8327262550592422
vt 0.3871740400791168 0.82389035820961
vt 0.3760520815849304 0.8327262550592422
vt 0.3871740400791168 0.796853244304657
vt 0.3871740400791168 0.796853244304657
vt 0.3760520815849304 0.8327262550592422
vt 0.3394908010959625 0.826792523264885
vt 0.3871740400791168 0.796853244304657
vt 0.3394908010959625 0.826792523264885
vt 0.33062744140625 0.7982046455144882
vt 0.9783198833465576 0.5280104577541351
vt 0.9718225598335266 0.4556885361671448
vt 0.9158326983451843 0.47142302989959717
vt 0.9783198833465576 0.5280104577541351
vt 0.9158326983451843 0.47142302989959717
vt 0.9185118079185486 0.5321358144283295
vt 0.3361721932888031 0.8885742872953415
vt 0.33674582839012146 0.8496756106615067
vt 0.378182977437973 0.847710907459259
vt 0.3361721932888031 0.8885742872953415
vt 0.378182977437973 0.847710907459259
vt 0.3788207769393921 0.8909634053707123
vt 0.9154215455055237 0.5360895693302155
vt 0.9124428629875183 0.46858102083206177
vt 0.974699079990387 0.4510853886604309
vt 0.9154215455055237 0.5360895693302155
vt 0.974699079990387 0.4510853886604309
vt 0.9819238185882568 0.5315023362636566
vt 0.3788207769393921 0.8909634053707123
vt 0.378182977437973 0.839278444647789
vt 0.33674582839012146 0.8420920222997665
vt 0.3788207769393921 0.8909634053707123
vt 0.33674582839012146 0.8420920222997665
vt 0.3361721932888031 0.8885742276906967
vt 0.3788207769393921 0.8909634053707123
vt 0.3361721932888031 0.8885742276906967
vt 0.3402079641819 0.901817113161087
vt 0.3788207769393921 0.8909634053707123
vt 0.3402079641819 0.901817113161087
vt 0.3747529089450836 0.901817113161087
vt 0.378182977437973 0.847710907459259
vt 0.33674582839012146 0.8496756106615067
vt 0.34072789549827576 0.8339356034994125
vt 0.378182977437973 0.847710907459259
vt 0.34072789549827576 0.8339356034994125
vt 0.37423306703567505 0.8339356034994125
vt 0.37423306703567505 0.8339356034994125
vt 0.34072789549827576 0.8339356034994125
vt 0.34072789549827576 0.8271121084690094
vt 0.37423306703567505 0.8339356034994125
vt 0.34072789549827576 0.8271121084690094
vt 0.37423306703567505 0.8271121084690094
vt 0.974699079990387 0.4510853886604309
vt 0.9124428629875183 0.46858102083206177
vt 0.9127838015556335 0.4469916820526123
vt 0.974699079990387 0.4510853886604309
vt 0.9127838015556335 0.4469916820526123
vt 0.9631615877151489 0.43283402919769287
vt 0.9158326983451843 0.47142302989959717
vt 0.9718225598335266 0.4556885361671448
vt 0.9631615877151489 0.43283402919769287
vt 0.9158326983451843 0.47142302989959717
vt 0.9631615877151489 0.43283402919769287
vt 0.9127838015556335 0.4469916820526123
vt 0.33674582839012146 0.8420920222997665
vt 0.378182977437973 0.839278444647789
vt 0.37423306703567505 0.8271121084690094
vt 0.33674582839012146 0.8420920222997665
vt 0.37423306703567505 0.8271121084690094
vt 0.34072789549827576 0.8271121084690094
vt 0.3402079641819 0.901817113161087
vt 0.3747529089450836 0.901817113161087
vt 0.3747529089450836 0.901817113161087
vt 0.3402079641819 0.901817113161087
vt 0.3747529089450836 0.901817113161087
vt 0.3402079641819 0.901817113161087
vt 0.3361721932888031 0.8885742872953415
vt 0.3788207769393921 0.8909634053707123
vt 0.3747529089450836 0.901817113161087
vt 0.3361721932888031 0.8885742872953415
vt 0.3747529089450836 0.901817113161087
vt 0.3402079641819 0.901817113161087
vt 0.9783198833465576 0.5280104577541351
vt 0.9185118079185486 0.5321358144283295
vt 0.9229264855384827 0.5525639653205872
vt 0.9783198833465576 0.5280104577541351
vt 0.9229264855384827 0.5525639653205872
vt 0.976751983165741 0.5488510429859161
vt 0.9154215455055237 0.5360895693302155
vt 0.9819238185882568 0.5315023362636566
vt 0.976751983165741 0.5488510429859161
vt 0.9154215455055237 0.5360895693302155
vt 0.976751983165741 0.5488510429859161
vt 0.9229264855384827 0.5525639653205872
vt 0.9783198833465576 0.5280104577541351
vt 0.9185118079185486 0.5321358144283295
vt 0.9158326983451843 0.47142302989959717
vt 0.9783198833465576 0.5280104577541351
vt 0.9158326983451843 0.47142302989959717
vt 0.9718225598335266 0.4556885361671448
vt 0.3356614112854004 0.8885742872953415
vt 0.3783099353313446 0.8909634053707123
vt 0.3776722252368927 0.8477108627557755
vt 0.3356614112854004 0.8885742872953415
vt 0.3776722252368927 0.8477108627557755
vt 0.3362349569797516 0.8496756106615067
vt 0.9117668271064758 0.46667414903640747
vt 0.9745832085609436 0.46667414903640747
vt 0.9730063080787659 0.3905996084213257
vt 0.9117668271064758 0.46667414903640747
vt 0.9730063080787659 0.3905996084213257
vt 0.9133439660072327 0.4030090570449829
vt 0.3783099353313446 0.8909634053707123
vt 0.3356614112854004 0.8885742276906967
vt 0.3362349569797516 0.8420920222997665
vt 0.3783099353313446 0.8909634053707123
vt 0.3362349569797516 0.8420920222997665
vt 0.3776722252368927 0.839278444647789
vt 0.3783099353313446 0.8909634053707123
vt 0.37424206733703613 0.901817113161087
vt 0.33969712257385254 0.901817113161087
vt 0.3783099353313446 0.8909634053707123
vt 0.33969712257385254 0.901817113161087
vt 0.3356614112854004 0.8885742276906967
vt 0.3776722252368927 0.8477108627557755
vt 0.37372225522994995 0.8339356034994125
vt 0.34021708369255066 0.8339356034994125
vt 0.3776722252368927 0.8477108627557755
vt 0.34021708369255066 0.8339356034994125
vt 0.3362349569797516 0.8496756106615067
vt 0.37372225522994995 0.8339356034994125
vt 0.37372225522994995 0.8271121084690094
vt 0.34021708369255066 0.8271121084690094
vt 0.37372225522994995 0.8339356034994125
vt 0.34021708369255066 0.8271121084690094
vt 0.34021708369255066 0.8339356034994125
vt 0.3776722252368927 0.839278444647789
vt 0.37372225522994995 0.8271121084690094
vt 0.37372225522994995 0.8339356034994125
vt 0.3776722252368927 0.839278444647789
vt 0.37372225522994995 0.8339356034994125
vt 0.3776722252368927 0.8477108627557755
vt 0.9158326983451843 0.47142302989959717
vt 0.9127838015556335 0.4469916820526123
vt 0.9631615877151489 0.43283402919769287
vt 0.9158326983451843 0.47142302989959717
vt 0.9631615877151489 0.43283402919769287
vt 0.9718225598335266 0.4556885361671448
vt 0.3362349569797516 0.8420920222997665
vt 0.34021708369255066 0.8271121084690094
vt 0.37372225522994995 0.8271121084690094
vt 0.3362349569797516 0.8420920222997665
vt 0.37372225522994995 0.8271121084690094
vt 0.3776722252368927 0.839278444647789
vt 0.33969712257385254 0.901817113161087
vt 0.33969712257385254 0.901817113161087
vt 0.37424206733703613 0.901817113161087
vt 0.33969712257385254 0.901817113161087
vt 0.37424206733703613 0.901817113161087
vt 0.37424206733703613 0.901817113161087
vt 0.3356614112854004 0.8885742872953415
vt 0.33969712257385254 0.901817113161087
vt 0.37424206733703613 0.901817113161087
vt 0.3356614112854004 0.8885742872953415
vt 0.37424206733703613 0.901817113161087
vt 0.3783099353313446 0.8909634053707123
vt 0.9783198833465576 0.5280104577541351
vt 0.976751983165741 0.5488510429859161
vt 0.9229264855384827 0.5525639653205872
vt 0.9783198833465576 0.5280104577541351
vt 0.9229264855384827 0.5525639653205872
vt 0.9185118079185486 0.5321358144283295
vt 0.3783099353313446 0.8909634053707123
vt 0.37424206733703613 0.901817113161087
vt 0.37424206733703613 0.901817113161087
vt 0.3783099353313446 0.8909634053707123
vt 0.37424206733703613 0.901817113161087
vt 0.3783099353313446 0.8909634053707123
vt 0.5924621820449829 0.12344419956207275
vt 0.5816551446914673 0.01985090970993042
vt 0.4551757872104645 0.07677865028381348
vt 0.5924621820449829 0.12344419956207275
vt 0.4551757872104645 0.07677865028381348
vt 0.4686799943447113 0.13635706901550293
vt 0.3316670060157776 0.9364574104547501
vt 0.3316670060157776 0.9015285670757294
vt 0.39164280891418457 0.9015285670757294
vt 0.3316670060157776 0.9364574104547501
vt 0.39164280891418457 0.9015285670757294
vt 0.39164280891418457 0.9364574104547501
vt 0.4686799943447113 0.13635706901550293
vt 0.4551757872104645 0.07677865028381348
vt 0.5816551446914673 0.01985090970993042
vt 0.4686799943447113 0.13635706901550293
vt 0.5816551446914673 0.01985090970993042
vt 0.5924621820449829 0.12344419956207275
vt 0.39164280891418457 0.9364574104547501
vt 0.39164280891418457 0.8764814883470535
vt 0.3316670060157776 0.8764814883470535
vt 0.39164280891418457 0.9364574104547501
vt 0.3316670060157776 0.8764814883470535
vt 0.3316670060157776 0.9364574104547501
vt 0.9058476090431213 0.6274959146976471
vt 0.9028306007385254 0.3796027898788452
vt 0.6066258549690247 0.3832077383995056
vt 0.9058476090431213 0.6274959146976471
vt 0.6066258549690247 0.3832077383995056
vt 0.6096428036689758 0.6311008930206299
vt 0.39164280891418457 0.9015285670757294
vt 0.3316670060157776 0.9015285670757294
vt 0.3316670060157776 0.8764814883470535
vt 0.39164280891418457 0.9015285670757294
vt 0.3316670060157776 0.8764814883470535
vt 0.39164280891418457 0.8764814883470535
vt 0.5924621820449829 0.12344419956207275
vt 0.4686799943447113 0.13635706901550293
vt 0.4551757872104645 0.07677865028381348
vt 0.5924621820449829 0.12344419956207275
vt 0.4551757872104645 0.07677865028381348
vt 0.5816551446914673 0.01985090970993042
vt 0.3311561644077301 0.9364574104547501
vt 0.39113205671310425 0.9364574104547501
vt 0.39113205671310425 0.9015286564826965
vt 0.3311561644077301 0.9364574104547501
vt 0.39113205671310425 0.9015286564826965
vt 0.3311561644077301 0.9015286564826965
vt 0.4686799943447113 0.13635706901550293
vt 0.5924621820449829 0.12344419956207275
vt 0.5816551446914673 0.01985090970993042
vt 0.4686799943447113 0.13635706901550293
vt 0.5816551446914673 0.01985090970993042
vt 0.4551757872104645 0.07677865028381348
vt 0.39113205671310425 0.9364574104547501
vt 0.3311561644077301 0.9364574104547501
vt 0.3311561644077301 0.8764815479516983
vt 0.39113205671310425 0.9364574104547501
vt 0.3311561644077301 0.8764815479516983
vt 0.39113205671310425 0.8764815479516983
vt 0.9028481245040894 0.38103973865509033
vt 0.6066433787345886 0.3846447467803955
vt 0.6096603870391846 0.6325379014015198
vt 0.9028481245040894 0.38103973865509033
vt 0.6096603870391846 0.6325379014015198
vt 0.9058650732040405 0.6289328932762146
vt 0.39113205671310425 0.9015286564826965
vt 0.39113205671310425 0.8764815479516983
vt 0.3311561644077301 0.8764815479516983
vt 0.39113205671310425 0.9015286564826965
vt 0.3311561644077301 0.8764815479516983
vt 0.3311561644077301 0.9015286564826965
vt 0.793897807598114 0.1108124852180481
vt 0.7355736494064331 0.029470324516296387
vt 0.6621666550636292 0.043240904808044434
vt 0.793897807598114 0.1108124852180481
vt 0.6621666550636292 0.043240904808044434
vt 0.6595491766929626 0.17114698886871338
vt 0.32565638422966003 0.6554337739944458
vt 0.33394357562065125 0.5771606266498566
vt 0.3969650864601135 0.5660075843334198
vt 0.32565638422966003 0.6554337739944458
vt 0.3969650864601135 0.5660075843334198
vt 0.3969650864601135 0.6456408202648163
vt 0.6453685760498047 0.15581762790679932
vt 0.6499832272529602 0.02559828758239746
vt 0.7334615588188171 0.009938597679138184
vt 0.6453685760498047 0.15581762790679932
vt 0.7334615588188171 0.009938597679138184
vt 0.7981493473052979 0.08720546960830688
vt 0.3969650864601135 0.6079572141170502
vt 0.3969650864601135 0.5587889552116394
vt 0.33394357562065125 0.570812851190567
vt 0.3969650864601135 0.6079572141170502
vt 0.33394357562065125 0.570812851190567
vt 0.32565638422966003 0.622296541929245
vt 0.8218114376068115 0.14827698469161987
vt 0.7028826475143433 0.2243328094482422
vt 0.7329014539718628 0.275682270526886
vt 0.8218114376068115 0.14827698469161987
vt 0.7329014539718628 0.275682270526886
vt 0.8288431763648987 0.2552593946456909
vt 0.3969650864601135 0.5660075843334198
vt 0.33394357562065125 0.5771606266498566
vt 0.33394357562065125 0.570812851190567
vt 0.3969650864601135 0.5660075843334198
vt 0.33394357562065125 0.570812851190567
vt 0.3969650864601135 0.5587889552116394
vt 0.3969650864601135 0.6349567770957947
vt 0.3969650864601135 0.6079572141170502
vt 0.32565638422966003 0.622296541929245
vt 0.3969650864601135 0.6349567770957947
vt 0.32565638422966003 0.622296541929245
vt 0.32565638422966003 0.6460387408733368
vt 0.694646954536438 0.21630054712295532
vt 0.6453685760498047 0.15581762790679932
vt 0.7981493473052979 0.08720546960830688
vt 0.694646954536438 0.21630054712295532
vt 0.7981493473052979 0.08720546960830688
vt 0.8298923373222351 0.12980985641479492
vt 0.32565638422966003 0.6892444789409637
vt 0.32565638422966003 0.6554337739944458
vt 0.3969650864601135 0.6456408202648163
vt 0.32565638422966003 0.6892444789409637
vt 0.3969650864601135 0.6456408202648163
vt 0.3969650864601135 0.6840901374816895
vt 0.8218114376068115 0.14827698469161987
vt 0.793897807598114 0.1108124852180481
vt 0.6595491766929626 0.17114698886871338
vt 0.8218114376068115 0.14827698469161987
vt 0.6595491766929626 0.17114698886871338
vt 0.7028826475143433 0.2243328094482422
vt 0.7287842035293579 0.27469509840011597
vt 0.8378890752792358 0.2514702081680298
vt 0.8309011459350586 0.2616080641746521
vt 0.7287842035293579 0.27469509840011597
vt 0.8309011459350586 0.2616080641746521
vt 0.7910116910934448 0.3098088502883911
vt 0.694646954536438 0.21630054712295532
vt 0.8298923373222351 0.12980985641479492
vt 0.8378890752792358 0.2514702081680298
vt 0.694646954536438 0.21630054712295532
vt 0.8378890752792358 0.2514702081680298
vt 0.7287842035293579 0.27469509840011597
vt 0.3969650864601135 0.6349567770957947
vt 0.32565638422966003 0.6460387408733368
vt 0.32565638422966003 0.7117696106433868
vt 0.3969650864601135 0.6349567770957947
vt 0.32565638422966003 0.7117696106433868
vt 0.3969650864601135 0.7097056806087494
vt 0.32565638422966003 0.6892444789409637
vt 0.3969650864601135 0.6840901374816895
vt 0.3969650864601135 0.7208297550678253
vt 0.32565638422966003 0.6892444789409637
vt 0.3969650864601135 0.7208297550678253
vt 0.32565638422966003 0.7215515077114105
vt 0.3351619839668274 0.7299855649471283
vt 0.3872128129005432 0.7299855649471283
vt 0.3872128129005432 0.7213474810123444
vt 0.3351619839668274 0.7299855649471283
vt 0.3872128129005432 0.7213474810123444
vt 0.3351619839668274 0.7213474810123444
vt 0.8288431763648987 0.2552593946456909
vt 0.7329014539718628 0.275682270526886
vt 0.7910116910934448 0.3098088502883911
vt 0.8288431763648987 0.2552593946456909
vt 0.7910116910934448 0.3098088502883911
vt 0.8309011459350586 0.2616080641746521
vt 0.3969650864601135 0.7097056806087494
vt 0.32565638422966003 0.7117696106433868
vt 0.3351619839668274 0.7213474810123444
vt 0.3969650864601135 0.7097056806087494
vt 0.3351619839668274 0.7213474810123444
vt 0.3872128129005432 0.7213474810123444
vt 0.32565638422966003 0.7215515077114105
vt 0.3969650864601135 0.7208297550678253
vt 0.3872128129005432 0.7299855649471283
vt 0.32565638422966003 0.7215515077114105
vt 0.3872128129005432 0.7299855649471283
vt 0.3351619839668274 0.7299855649471283
vt 0.793897807598114 0.1108124852180481
vt 0.6595491766929626 0.17114698886871338
vt 0.6621666550636292 0.043240904808044434
vt 0.793897807598114 0.1108124852180481
vt 0.6621666550636292 0.043240904808044434
vt 0.7355736494064331 0.029470324516296387
vt 0.32514551281929016 0.6554337739944458
vt 0.3964542746543884 0.6456408202648163
vt 0.3964542746543884 0.5660075843334198
vt 0.32514551281929016 0.6554337739944458
vt 0.3964542746543884 0.5660075843334198
vt 0.3334326446056366 0.5771606266498566
vt 0.6453685760498047 0.15581762790679932
vt 0.7981493473052979 0.08720546960830688
vt 0.7334615588188171 0.009938597679138184
vt 0.6453685760498047 0.15581762790679932
vt 0.7334615588188171 0.009938597679138184
vt 0.6499834060668945 0.02559840679168701
vt 0.3964542746543884 0.6079572141170502
vt 0.32514551281929016 0.622296541929245
vt 0.3334326446056366 0.570812851190567
vt 0.3964542746543884 0.6079572141170502
vt 0.3334326446056366 0.570812851190567
vt 0.3964542746543884 0.5587889552116394
vt 0.8218114376068115 0.14827698469161987
vt 0.828843355178833 0.2552593946456909
vt 0.7329014539718628 0.275682270526886
vt 0.8218114376068115 0.14827698469161987
vt 0.7329014539718628 0.275682270526886
vt 0.7028826475143433 0.2243328094482422
vt 0.3964542746543884 0.5660075843334198
vt 0.3964542746543884 0.5587889552116394
vt 0.3334326446056366 0.570812851190567
vt 0.3964542746543884 0.5660075843334198
vt 0.3334326446056366 0.570812851190567
vt 0.3334326446056366 0.5771606266498566
vt 0.3964542746543884 0.6349567770957947
vt 0.32514551281929016 0.6460387408733368
vt 0.32514551281929016 0.622296541929245
vt 0.3964542746543884 0.6349567770957947
vt 0.32514551281929016 0.622296541929245
vt 0.3964542746543884 0.6079572141170502
vt 0.694646954536438 0.21630054712295532
vt 0.8298924565315247 0.12980997562408447
vt 0.7981493473052979 0.08720546960830688
vt 0.694646954536438 0.21630054712295532
vt 0.7981493473052979 0.08720546960830688
vt 0.6453685760498047 0.15581762790679932
vt 0.32514551281929016 0.6892444789409637
vt 0.3964542746543884 0.6840901374816895
vt 0.3964542746543884 0.6456408202648163
vt 0.32514551281929016 0.6892444789409637
vt 0.3964542746543884 0.6456408202648163
vt 0.32514551281929016 0.6554337739944458
vt 0.8218114376068115 0.14827698469161987
vt 0.7028826475143433 0.2243328094482422
vt 0.6595491766929626 0.17114698886871338
vt 0.8218114376068115 0.14827698469161987
vt 0.6595491766929626 0.17114698886871338
vt 0.793897807598114 0.1108124852180481
vt 0.728784441947937 0.2746949791908264
vt 0.7910116910934448 0.3098088502883911
vt 0.830901026725769 0.26160794496536255
vt 0.728784441947937 0.2746949791908264
vt 0.830901026725769 0.26160794496536255
vt 0.8378894329071045 0.25147008895874023
vt 0.694646954536438 0.21630054712295532
vt 0.728784441947937 0.2746949791908264
vt 0.8378894329071045 0.25147008895874023
vt 0.694646954536438 0.21630054712295532
vt 0.8378894329071045 0.25147008895874023
vt 0.8298924565315247 0.12980997562408447
vt 0.3964542746543884 0.6349567770957947
vt 0.3964542746543884 0.7097056806087494
vt 0.32514551281929016 0.7117696106433868
vt 0.3964542746543884 0.6349567770957947
vt 0.32514551281929016 0.7117696106433868
vt 0.32514551281929016 0.6460387408733368
vt 0.32514551281929016 0.6892444789409637
vt 0.32514551281929016 0.7215515077114105
vt 0.3964542746543884 0.7208297550678253
vt 0.32514551281929016 0.6892444789409637
vt 0.3964542746543884 0.7208297550678253
vt 0.3964542746543884 0.6840901374816895
vt 0.3346511125564575 0.7299854755401611
vt 0.3346511125564575 0.7213473916053772
vt 0.3867020606994629 0.7213473916053772
vt 0.3346511125564575 0.7299854755401611
vt 0.3867020606994629 0.7213473916053772
vt 0.3867020606994629 0.7299854755401611
vt 0.828843355178833 0.2552593946456909
vt 0.830901026725769 0.26160794496536255
vt 0.7910116910934448 0.3098088502883911
vt 0.828843355178833 0.2552593946456909
vt 0.7910116910934448 0.3098088502883911
vt 0.7329014539718628 0.275682270526886
vt 0.3964542746543884 0.7097056806087494
vt 0.3867020606994629 0.7213473916053772
vt 0.3346511125564575 0.7213473916053772
vt 0.3964542746543884 0.7097056806087494
vt 0.3346511125564575 0.7213473916053772
vt 0.32514551281929016 0.7117696106433868
vt 0.32514551281929016 0.7215515077114105
vt 0.3346511125564575 0.7299854755401611
vt 0.3867020606994629 0.7299854755401611
vt 0.32514551281929016 0.7215515077114105
vt 0.3867020606994629 0.7299854755401611
vt 0.3964542746543884 0.7208297550678253
vt 0.8989456295967102 0.3465784192085266
vt 0.8411267995834351 0.2659680247306824
vt 0.8043038845062256 0.32735729217529297
vt 0.8989456295967102 0.3465784192085266
vt 0.8043038845062256 0.32735729217529297
vt 0.8562238216400146 0.38432228565216064
vt 0.36127617955207825 0.8217949867248535
vt 0.361316978931427 0.7505148649215698
vt 0.3967779278755188 0.7520364969968796
vt 0.36127617955207825 0.8217949867248535
vt 0.3967779278755188 0.7520364969968796
vt 0.39610162377357483 0.8278924077749252
vt 0.8638267517089844 0.39639103412628174
vt 0.8047837615013123 0.3316105604171753
vt 0.8466585874557495 0.2617988586425781
vt 0.8638267517089844 0.39639103412628174
vt 0.8466585874557495 0.2617988586425781
vt 0.9124100208282471 0.353468656539917
vt 0.36127617955207825 0.8215668797492981
vt 0.361316978931427 0.7302382588386536
vt 0.3258560299873352 0.7300183176994324
vt 0.36127617955207825 0.8215668797492981
vt 0.3258560299873352 0.7300183176994324
vt 0.32645073533058167 0.8154840767383575
vt 0.36125409603118896 0.8710703253746033
vt 0.3267730474472046 0.8618095964193344
vt 0.33256062865257263 0.8831495493650436
vt 0.36125409603118896 0.8710703253746033
vt 0.33256062865257263 0.8831495493650436
vt 0.3608570992946625 0.8938741534948349
vt 0.361316978931427 0.7505148649215698
vt 0.3258560299873352 0.7489932477474213
vt 0.3318241238594055 0.7194162905216217
vt 0.361316978931427 0.7505148649215698
vt 0.3318241238594055 0.7194162905216217
vt 0.3609076142311096 0.718908965587616
vt 0.3609076142311096 0.718908965587616
vt 0.3318241238594055 0.7194162905216217
vt 0.3318241238594055 0.7117920219898224
vt 0.3609076142311096 0.718908965587616
vt 0.3318241238594055 0.7117920219898224
vt 0.3609076142311096 0.7107616364955902
vt 0.8466585874557495 0.2617988586425781
vt 0.8047837615013123 0.3316105604171753
vt 0.7817668914794922 0.30011624097824097
vt 0.8466585874557495 0.2617988586425781
vt 0.7817668914794922 0.30011624097824097
vt 0.8192826509475708 0.2539447546005249
vt 0.8043038845062256 0.32735729217529297
vt 0.8411267995834351 0.2659680247306824
vt 0.8170535564422607 0.2590615749359131
vt 0.8043038845062256 0.32735729217529297
vt 0.8170535564422607 0.2590615749359131
vt 0.784063994884491 0.29966264963150024
vt 0.361316978931427 0.7302382588386536
vt 0.3967779278755188 0.7304581999778748
vt 0.3899911344051361 0.709731251001358
vt 0.361316978931427 0.7302382588386536
vt 0.3899911344051361 0.709731251001358
vt 0.3609076142311096 0.7107616364955902
vt 0.3608570992946625 0.8855755850672722
vt 0.3891535699367523 0.895767480134964
vt 0.3891535699367523 0.9045987576246262
vt 0.3608570992946625 0.8855755850672722
vt 0.3891535699367523 0.9045987576246262
vt 0.3608570992946625 0.8938741534948349
vt 0.36125409603118896 0.8604313433170319
vt 0.39573514461517334 0.8690090775489807
vt 0.3891535699367523 0.895767480134964
vt 0.36125409603118896 0.8604313433170319
vt 0.3891535699367523 0.895767480134964
vt 0.3608570992946625 0.8855755850672722
vt 0.9302855730056763 0.3902721405029297
vt 0.8843661546707153 0.4151993989944458
vt 0.902093231678009 0.4358088970184326
vt 0.9302855730056763 0.3902721405029297
vt 0.902093231678009 0.4358088970184326
vt 0.9379108548164368 0.4163653254508972
vt 0.8958303928375244 0.43150442838668823
vt 0.9480499029159546 0.4031572937965393
vt 0.9567213654518127 0.43283045291900635
vt 0.8958303928375244 0.43150442838668823
vt 0.9567213654518127 0.43283045291900635
vt 0.9159893989562988 0.4549415707588196
vt 0.36125409603118896 0.8710703253746033
vt 0.36127617955207825 0.8215668797492981
vt 0.32645073533058167 0.8154840767383575
vt 0.36125409603118896 0.8710703253746033
vt 0.32645073533058167 0.8154840767383575
vt 0.3267730474472046 0.8618095964193344
vt 0.8958303928375244 0.43150442838668823
vt 0.8638267517089844 0.39639103412628174
vt 0.9124100208282471 0.353468656539917
vt 0.8958303928375244 0.43150442838668823
vt 0.9124100208282471 0.353468656539917
vt 0.9480499029159546 0.4031572937965393
vt 0.36125409603118896 0.8604313433170319
vt 0.36127617955207825 0.8217949867248535
vt 0.39610162377357483 0.8278924077749252
vt 0.36125409603118896 0.8604313433170319
vt 0.39610162377357483 0.8278924077749252
vt 0.39573514461517334 0.8690090775489807
vt 0.9302855730056763 0.3902721405029297
vt 0.8989456295967102 0.3465784192085266
vt 0.8562238216400146 0.38432228565216064
vt 0.9302855730056763 0.3902721405029297
vt 0.8562238216400146 0.38432228565216064
vt 0.8843661546707153 0.4151993989944458
vt 0.8989456295967102 0.3465784192085266
vt 0.8562238216400146 0.38432228565216064
vt 0.8043038845062256 0.32735729217529297
vt 0.8989456295967102 0.3465784192085266
vt 0.8043038845062256 0.32735729217529297
vt 0.8411267995834351 0.2659680247306824
vt 0.3607652485370636 0.8217949867248535
vt 0.3955906927585602 0.8278924077749252
vt 0.39626699686050415 0.7520364969968796
vt 0.3607652485370636 0.8217949867248535
vt 0.39626699686050415 0.7520364969968796
vt 0.36080610752105713 0.7505148649215698
vt 0.8638267517089844 0.39639103412628174
vt 0.9124100208282471 0.353468656539917
vt 0.8466585874557495 0.2617988586425781
vt 0.8638267517089844 0.39639103412628174
vt 0.8466585874557495 0.2617988586425781
vt 0.8047837615013123 0.3316105604171753
vt 0.3607652485370636 0.8215668797492981
vt 0.325939804315567 0.8154840767383575
vt 0.3253451883792877 0.7300183176994324
vt 0.3607652485370636 0.8215668797492981
vt 0.3253451883792877 0.7300183176994324
vt 0.36080610752105713 0.7302382588386536
vt 0.3607432246208191 0.8710703253746033
vt 0.36034613847732544 0.8938741534948349
vt 0.332049697637558 0.8831495493650436
vt 0.3607432246208191 0.8710703253746033
vt 0.332049697637558 0.8831495493650436
vt 0.32626211643218994 0.8618095964193344
vt 0.36080610752105713 0.7505148649215698
vt 0.3603966534137726 0.718908965587616
vt 0.3313131630420685 0.7194162905216217
vt 0.36080610752105713 0.7505148649215698
vt 0.3313131630420685 0.7194162905216217
vt 0.3253451883792877 0.7489932477474213
vt 0.3603966534137726 0.718908965587616
vt 0.3603966534137726 0.7107616364955902
vt 0.3313131630420685 0.7117920219898224
vt 0.3603966534137726 0.718908965587616
vt 0.3313131630420685 0.7117920219898224
vt 0.3313131630420685 0.7194162905216217
vt 0.8466585874557495 0.2617988586425781
vt 0.8192826509475708 0.2539447546005249
vt 0.7817668914794922 0.30011624097824097
vt 0.8466585874557495 0.2617988586425781
vt 0.7817668914794922 0.30011624097824097
vt 0.8047837615013123 0.3316105604171753
vt 0.8043038845062256 0.32735729217529297
vt 0.784063994884491 0.29966264963150024
vt 0.8170535564422607 0.2590615749359131
vt 0.8043038845062256 0.32735729217529297
vt 0.8170535564422607 0.2590615749359131
vt 0.8411267995834351 0.2659680247306824
vt 0.36080610752105713 0.7302382588386536
vt 0.3603966534137726 0.7107616364955902
vt 0.3894801437854767 0.709731251001358
vt 0.36080610752105713 0.7302382588386536
vt 0.3894801437854767 0.709731251001358
vt 0.39626699686050415 0.7304581999778748
vt 0.36034613847732544 0.8855755850672722
vt 0.36034613847732544 0.8938741534948349
vt 0.3886426091194153 0.9045987576246262
vt 0.36034613847732544 0.8855755850672722
vt 0.3886426091194153 0.9045987576246262
vt 0.3886426091194153 0.895767480134964
vt 0.3607432246208191 0.8604313433170319
vt 0.36034613847732544 0.8855755850672722
vt 0.3886426091194153 0.895767480134964
vt 0.3607432246208191 0.8604313433170319
vt 0.3886426091194153 0.895767480134964
vt 0.39522430300712585 0.8690090775489807
vt 0.9302855730056763 0.3902721405029297
vt 0.9379108548164368 0.4163653254508972
vt 0.902093231678009 0.4358088970184326
vt 0.9302855730056763 0.3902721405029297
vt 0.902093231678009 0.4358088970184326
vt 0.8843661546707153 0.4151993989944458
vt 0.8958303928375244 0.43150442838668823
vt 0.9159893989562988 0.4549415707588196
vt 0.9567213654518127 0.43283045291900635
vt 0.8958303928375244 0.43150442838668823
vt 0.9567213654518127 0.43283045291900635
vt 0.9480499029159546 0.4031572937965393
vt 0.3607432246208191 0.8710703253746033
vt 0.32626211643218994 0.8618095964193344
vt 0.325939804315567 0.8154840767383575
vt 0.3607432246208191 0.8710703253746033
vt 0.325939804315567 0.8154840767383575
vt 0.3607652485370636 0.8215668797492981
vt 0.8958303928375244 0.43150442838668823
vt 0.9480499029159546 0.4031572937965393
vt 0.9124100208282471 0.353468656539917
vt 0.8958303928375244 0.43150442838668823
vt 0.9124100208282471 0.353468656539917
vt 0.8638267517089844 0.39639103412628174
vt 0.3607432246208191 0.8604313433170319
vt 0.39522430300712585 0.8690090775489807
vt 0.3955906927585602 0.8278924077749252
vt 0.3607432246208191 0.8604313433170319
vt 0.3955906927585602 0.8278924077749252
vt 0.3607652485370636 0.8217949867248535
vt 0.9302855730056763 0.3902721405029297
vt 0.8843661546707153 0.4151993989944458
vt 0.8562238216400146 0.38432228565216064
vt 0.9302855730056763 0.3902721405029297
vt 0.8562238216400146 0.38432228565216064
vt 0.8989456295967102 0.3465784192085266
vt 0.6077902913093567 0.07763850688934326
vt 0.555755078792572 0.02226877212524414
vt 0.49470055103302 0.1231919527053833
vt 0.6077902913093567 0.07763850688934326
vt 0.49470055103302 0.1231919527053833
vt 0.5295618176460266 0.15115582942962646
vt 0.32668426632881165 0.9288319945335388
vt 0.32668426632881165 0.894383043050766
vt 0.39662569761276245 0.894383043050766
vt 0.32668426632881165 0.9288319945335388
vt 0.39662569761276245 0.894383043050766
vt 0.39662569761276245 0.9288319945335388
vt 0.5295618176460266 0.15115582942962646
vt 0.49470055103302 0.1231919527053833
vt 0.555755078792572 0.02226877212524414
vt 0.5295618176460266 0.15115582942962646
vt 0.555755078792572 0.02226877212524414
vt 0.6077902913093567 0.07763850688934326
vt 0.39662569761276245 0.9288319945335388
vt 0.39662569761276245 0.8696799576282501
vt 0.32668426632881165 0.8696799576282501
vt 0.39662569761276245 0.9288319945335388
vt 0.32668426632881165 0.8696799576282501
vt 0.32668426632881165 0.9288319945335388
vt 0.8970100283622742 0.6219988465309143
vt 0.8941716551780701 0.3887837529182434
vt 0.615505576133728 0.39217525720596313
vt 0.8970100283622742 0.6219988465309143
vt 0.615505576133728 0.39217525720596313
vt 0.6183439493179321 0.625390350818634
vt 0.39662569761276245 0.894383043050766
vt 0.32668426632881165 0.894383043050766
vt 0.32668426632881165 0.8696799576282501
vt 0.39662569761276245 0.894383043050766
vt 0.32668426632881165 0.8696799576282501
vt 0.39662569761276245 0.8696799576282501
vt 0.6078220009803772 0.08365136384963989
vt 0.5295935273170471 0.1571686863899231
vt 0.4947322607040405 0.1292048692703247
vt 0.6078220009803772 0.08365136384963989
vt 0.4947322607040405 0.1292048692703247
vt 0.5557867884635925 0.02828162908554077
vt 0.3261733651161194 0.9288319945335388
vt 0.3961147964000702 0.9288319945335388
vt 0.3961147964000702 0.894383043050766
vt 0.3261733651161194 0.9288319945335388
vt 0.3961147964000702 0.894383043050766
vt 0.3261733651161194 0.894383043050766
vt 0.5295935273170471 0.1571686863899231
vt 0.6078220009803772 0.08365136384963989
vt 0.5557867884635925 0.02828162908554077
vt 0.5295935273170471 0.1571686863899231
vt 0.5557867884635925 0.02828162908554077
vt 0.4947322607040405 0.1292048692703247
vt 0.3961147964000702 0.9288319945335388
vt 0.3261733651161194 0.9288319945335388
vt 0.3261733651161194 0.8696800172328949
vt 0.3961147964000702 0.9288319945335388
vt 0.3261733651161194 0.8696800172328949
vt 0.3961147964000702 0.8696800172328949
vt 0.8941507935523987 0.387065052986145
vt 0.6154846549034119 0.3904566168785095
vt 0.618323028087616 0.6236717104911804
vt 0.8941507935523987 0.387065052986145
vt 0.618323028087616 0.6236717104911804
vt 0.896989107131958 0.6202801764011383
vt 0.3961147964000702 0.894383043050766
vt 0.3961147964000702 0.8696800172328949
vt 0.3261733651161194 0.8696800172328949
vt 0.3961147964000702 0.894383043050766
vt 0.3261733651161194 0.8696800172328949
vt 0.3261733651161194 0.894383043050766
vt 0.39943093061447144 0.4774773120880127
vt 0.25365203619003296 0.6455114781856537
vt 0.27408653497695923 0.5737774670124054
vt 0.39943093061447144 0.4774773120880127
vt 0.27408653497695923 0.5737774670124054
vt 0.3463773727416992 0.5044233798980713
vt 0.25365203619003296 0.6455114781856537
vt 0.39943093061447144 0.4774773120880127
vt 0.47720444202423096 0.5916714668273926
vt 0.25365203619003296 0.6455114781856537
vt 0.47720444202423096 0.5916714668273926
vt 0.30718308687210083 0.767132967710495
vt 0.5340877771377563 0.026965558528900146
vt 0.47384706139564514 0.026965558528900146
vt 0.4668131470680237 0.11655080318450928
vt 0.5340877771377563 0.026965558528900146
vt 0.4668131470680237 0.11655080318450928
vt 0.5340877771377563 0.11655080318450928
vt 0.39943093061447144 0.4774773120880127
vt 0.42026811838150024 0.4799928665161133
vt 0.503300130367279 0.5679157078266144
vt 0.39943093061447144 0.4774773120880127
vt 0.503300130367279 0.5679157078266144
vt 0.47720444202423096 0.5916714668273926
vt 0.47720444202423096 0.5916714668273926
vt 0.503300130367279 0.5679157078266144
vt 0.49670708179473877 0.654098391532898
vt 0.47720444202423096 0.5916714668273926
vt 0.49670708179473877 0.654098391532898
vt 0.48669731616973877 0.675338625907898
vt 0.38555270433425903 0.7698234617710114
vt 0.48669731616973877 0.675338625907898
vt 0.49670708179473877 0.654098391532898
vt 0.38555270433425903 0.7698234617710114
vt 0.49670708179473877 0.654098391532898
vt 0.38555270433425903 0.7698234617710114
vt 0.5340877771377563 0.11655080318450928
vt 0.4668131470680237 0.11655080318450928
vt 0.4668131470680237 0.1546151041984558
vt 0.5340877771377563 0.11655080318450928
vt 0.4668131470680237 0.1546151041984558
vt 0.5340877771377563 0.1546151041984558
vt 0.503300130367279 0.5679157078266144
vt 0.30718308687210083 0.767132967710495
vt 0.38555270433425903 0.7698234617710114
vt 0.503300130367279 0.5679157078266144
vt 0.38555270433425903 0.7698234617710114
vt 0.49670708179473877 0.654098391532898
vt 0.30718308687210083 0.767132967710495
vt 0.47720444202423096 0.5916714668273926
vt 0.48669731616973877 0.675338625907898
vt 0.30718308687210083 0.767132967710495
vt 0.48669731616973877 0.675338625907898
vt 0.38555270433425903 0.7698234617710114
vt 0.36148953437805176 0.8347401916980743
vt 0.36148953437805176 0.7299686074256897
vt 0.29593032598495483 0.7299686670303345
vt 0.36148953437805176 0.8347401916980743
vt 0.29593032598495483 0.7299686670303345
vt 0.29593029618263245 0.8347402215003967
vt 0.2759576737880707 0.9127468466758728
vt 0.36148953437805176 0.9127468466758728
vt 0.36148953437805176 0.8347401916980743
vt 0.2759576737880707 0.9127468466758728
vt 0.36148953437805176 0.8347401916980743
vt 0.29593029618263245 0.8347402215003967
vt 0.36148956418037415 0.6630764007568359
vt 0.27585065364837646 0.6846053600311279
vt 0.29593032598495483 0.7299686670303345
vt 0.36148956418037415 0.6630764007568359
vt 0.29593032598495483 0.7299686670303345
vt 0.36148953437805176 0.7299686074256897
vt 0.39943093061447144 0.4774773120880127
vt 0.346377432346344 0.5044233798980713
vt 0.274086594581604 0.5737774670124054
vt 0.39943093061447144 0.4774773120880127
vt 0.274086594581604 0.5737774670124054
vt 0.25365203619003296 0.6455114781856537
vt 0.25365203619003296 0.6455114781856537
vt 0.30718308687210083 0.767132967710495
vt 0.47720444202423096 0.5916714668273926
vt 0.25365203619003296 0.6455114781856537
vt 0.47720444202423096 0.5916714668273926
vt 0.39943093061447144 0.4774773120880127
vt 0.5340877771377563 0.026965558528900146
vt 0.5340877771377563 0.11655080318450928
vt 0.6013626456260681 0.11655080318450928
vt 0.5340877771377563 0.026965558528900146
vt 0.6013626456260681 0.11655080318450928
vt 0.5943286418914795 0.026965558528900146
vt 0.39943093061447144 0.4774773120880127
vt 0.47720444202423096 0.5916714668273926
vt 0.503300130367279 0.5679157078266144
vt 0.39943093061447144 0.4774773120880127
vt 0.503300130367279 0.5679157078266144
vt 0.42026811838150024 0.4799928665161133
vt 0.47720444202423096 0.5916714668273926
vt 0.48669731616973877 0.675338625907898
vt 0.49670708179473877 0.654098391532898
vt 0.47720444202423096 0.5916714668273926
vt 0.49670708179473877 0.654098391532898
vt 0.503300130367279 0.5679157078266144
vt 0.38555270433425903 0.7698234617710114
vt 0.38555270433425903 0.7698234617710114
vt 0.49670708179473877 0.654098391532898
vt 0.38555270433425903 0.7698234617710114
vt 0.49670708179473877 0.654098391532898
vt 0.48669731616973877 0.675338625907898
vt 0.5340877771377563 0.11655080318450928
vt 0.5340877771377563 0.1546151041984558
vt 0.6013626456260681 0.1546151041984558
vt 0.5340877771377563 0.11655080318450928
vt 0.6013626456260681 0.1546151041984558
vt 0.6013626456260681 0.11655080318450928
vt 0.30718308687210083 0.767132967710495
vt 0.38555270433425903 0.7698234617710114
vt 0.48669731616973877 0.675338625907898
vt 0.30718308687210083 0.767132967710495
vt 0.48669731616973877 0.675338625907898
vt 0.47720444202423096 0.5916714668273926
vt 0.36148953437805176 0.8347401916980743
vt 0.42704880237579346 0.8347402513027191
vt 0.42704877257347107 0.7299686670303345
vt 0.36148953437805176 0.8347401916980743
vt 0.42704877257347107 0.7299686670303345
vt 0.36148953437805176 0.7299686074256897
vt 0.44702136516571045 0.9127468466758728
vt 0.42704880237579346 0.8347402513027191
vt 0.36148953437805176 0.8347401916980743
vt 0.44702136516571045 0.9127468466758728
vt 0.36148953437805176 0.8347401916980743
vt 0.36148953437805176 0.9127468466758728
vt 0.36148956418037415 0.6630764007568359
vt 0.36148953437805176 0.7299686074256897
vt 0.42704877257347107 0.7299686670303345
vt 0.36148956418037415 0.6630764007568359
vt 0.42704877257347107 0.7299686670303345
vt 0.4471284747123718 0.6846053600311279
vt 0.289442777633667 0.458379864692688
vt 0.2501315474510193 0.2710554599761963
vt 0.22619891166687012 0.3214685916900635
vt 0.289442777633667 0.458379864692688
vt 0.22619891166687012 0.3214685916900635
vt 0.22619891166687012 0.5010340213775635
vt 0.22554349899291992 0.3214685916900635
vt 0.22554349899291992 0.5010340213775635
vt 0.0861712396144867 0.5429506003856659
vt 0.22554349899291992 0.3214685916900635
vt 0.0861712396144867 0.5429506003856659
vt 0.0861712396144867 0.3952743411064148
vt 0.48272523283958435 0.49742865562438965
vt 0.48295852541923523 0.37622368335723877
vt 0.41734394431114197 0.3506697416305542
vt 0.48272523283958435 0.49742865562438965
vt 0.41734394431114197 0.3506697416305542
vt 0.37706655263900757 0.5151258409023285
vt 0.02247871458530426 0.09452646970748901
vt 0.15989412367343903 0.09452646970748901
vt 0.15766805410385132 0.14965170621871948
vt 0.02247871458530426 0.09452646970748901
vt 0.15766805410385132 0.14965170621871948
vt 0.02247871458530426 0.1506306529045105
vt 0.40335309505462646 0.6716745495796204
vt 0.49899083375930786 0.6716745495796204
vt 0.49899083375930786 0.5972263813018799
vt 0.40335309505462646 0.6716745495796204
vt 0.49899083375930786 0.5972263813018799
vt 0.40335309505462646 0.5972263813018799
vt 0.005101531744003296 0.2710554599761963
vt 0.2501315474510193 0.2710554599761963
vt 0.2118091583251953 0.1518646478652954
vt 0.005101531744003296 0.2710554599761963
vt 0.2118091583251953 0.1518646478652954
vt 0.005101531744003296 0.1518646478652954
vt 0.49226537346839905 0.4615473747253418
vt 0.49226537346839905 0.3069247603416443
vt 0.4022441804409027 0.3069247603416443
vt 0.49226537346839905 0.4615473747253418
vt 0.4022441804409027 0.3069247603416443
vt 0.4022441804409027 0.4615473747253418
vt 0.3376128375530243 0.4748295545578003
vt 0.3792077600955963 0.36659079790115356
vt 0.39993780851364136 0.3069247603416443
vt 0.3376128375530243 0.4748295545578003
vt 0.39993780851364136 0.3069247603416443
vt 0.39993780851364136 0.4615473747253418
vt 0.33991917967796326 0.4748295545578003
vt 0.3733122646808624 0.5940519869327545
vt 0.4022441804409027 0.5580669641494751
vt 0.33991917967796326 0.4748295545578003
vt 0.4022441804409027 0.5580669641494751
vt 0.4022441804409027 0.4615473747253418
vt 0.4899590313434601 0.5940519869327545
vt 0.37100598216056824 0.5940519869327545
vt 0.39993780851364136 0.5580669641494751
vt 0.4899590313434601 0.5940519869327545
vt 0.39993780851364136 0.5580669641494751
vt 0.4899590313434601 0.5580669641494751
vt 0.38151413202285767 0.36659079790115356
vt 0.33991917967796326 0.4748295545578003
vt 0.4022441804409027 0.4615473747253418
vt 0.38151413202285767 0.36659079790115356
vt 0.4022441804409027 0.4615473747253418
vt 0.4022441804409027 0.3069247603416443
vt 0.37100598216056824 0.5940519869327545
vt 0.3376128375530243 0.4748295545578003
vt 0.39993780851364136 0.4615473747253418
vt 0.37100598216056824 0.5940519869327545
vt 0.39993780851364136 0.4615473747253418
vt 0.39993780851364136 0.5580669641494751
vt 0.49226537346839905 0.5580669641494751
vt 0.49226537346839905 0.4615473747253418
vt 0.4022441804409027 0.4615473747253418
vt 0.49226537346839905 0.5580669641494751
vt 0.4022441804409027 0.4615473747253418
vt 0.4022441804409027 0.5580669641494751
vt 0.5109124183654785 0.6310946047306061
vt 0.48272523283958435 0.49742865562438965
vt 0.37706655263900757 0.5151258409023285
vt 0.5109124183654785 0.6310946047306061
vt 0.37706655263900757 0.5151258409023285
vt 0.44753196835517883 0.6800593435764313
vt 0.22619891166687012 0.6942662596702576
vt 0.22619891166687012 0.5010340213775635
vt 0.08682671189308167 0.5466105341911316
vt 0.22619891166687012 0.6942662596702576
vt 0.08682671189308167 0.5466105341911316
vt 0.08682671189308167 0.6168419718742371
vt 0.20747119188308716 0.6994861960411072
vt 0.289442777633667 0.458379864692688
vt 0.22619891166687012 0.5010340213775635
vt 0.20747119188308716 0.6994861960411072
vt 0.22619891166687012 0.5010340213775635
vt 0.22619891166687012 0.6942662596702576
vt 0.004446238279342651 0.5429506003856659
vt 0.004446238279342651 0.3952743411064148
vt 0.0861712396144867 0.3952743411064148
vt 0.004446238279342651 0.5429506003856659
vt 0.0861712396144867 0.3952743411064148
vt 0.0861712396144867 0.5429506003856659
vt 0.004446238279342651 0.3214685916900635
vt 0.22554349899291992 0.3214685916900635
vt 0.0861712396144867 0.3952743411064148
vt 0.004446238279342651 0.3214685916900635
vt 0.0861712396144867 0.3952743411064148
vt 0.004446238279342651 0.3952743411064148
vt 0.22619891166687012 0.5010340213775635
vt 0.22619891166687012 0.3214685916900635
vt 0.08682671189308167 0.3952743411064148
vt 0.22619891166687012 0.5010340213775635
vt 0.08682671189308167 0.3952743411064148
vt 0.08682671189308167 0.5429506003856659
vt 0.5481629371643066 0.3623034954071045
vt 0.5332164764404297 0.35255295038223267
vt 0.5509490370750427 0.3282023072242737
vt 0.5481629371643066 0.3623034954071045
vt 0.5509490370750427 0.3282023072242737
vt 0.5525895953178406 0.3286029100418091
vt 0.004446238279342651 0.6168419718742371
vt 0.004446238279342651 0.5466105341911316
vt 0.0861712396144867 0.5466105341911316
vt 0.004446238279342651 0.6168419718742371
vt 0.0861712396144867 0.5466105341911316
vt 0.0861712396144867 0.6168419718742371
vt 0.5481287837028503 0.3629199266433716
vt 0.5331363081932068 0.3543044924736023
vt 0.5363752245903015 0.42149484157562256
vt 0.5481287837028503 0.3629199266433716
vt 0.5363752245903015 0.42149484157562256
vt 0.5399496555328369 0.4244864583015442
vt 0.22554349899291992 0.5010340213775635
vt 0.22554349899291992 0.6942662596702576
vt 0.0861712396144867 0.6168419718742371
vt 0.22554349899291992 0.5010340213775635
vt 0.0861712396144867 0.6168419718742371
vt 0.0861712396144867 0.5466105341911316
vt 0.36225375533103943 0.8623778223991394
vt 0.30397096276283264 0.6200547814369202
vt 0.09170634299516678 0.7255886197090149
vt 0.36225375533103943 0.8623778223991394
vt 0.09170634299516678 0.7255886197090149
vt 0.01677633263170719 0.778077244758606
vt 0.44753196835517883 0.6800593435764313
vt 0.37706655263900757 0.5151258409023285
vt 0.48272523283958435 0.49742865562438965
vt 0.44753196835517883 0.6800593435764313
vt 0.48272523283958435 0.49742865562438965
vt 0.5109124183654785 0.6310946047306061
vt 0.22554349899291992 0.6942662596702576
vt 0.22554349899291992 0.5010340213775635
vt 0.2887873649597168 0.458379864692688
vt 0.22554349899291992 0.6942662596702576
vt 0.2887873649597168 0.458379864692688
vt 0.2068158984184265 0.6994861960411072
vt 0.005101531744003296 0.3214685916900635
vt 0.22619891166687012 0.3214685916900635
vt 0.2501315474510193 0.2710554599761963
vt 0.005101531744003296 0.3214685916900635
vt 0.2501315474510193 0.2710554599761963
vt 0.005101531744003296 0.2710554599761963
vt 0.3565652072429657 0.8611114621162415
vt 0.30132433772087097 0.624785840511322
vt 0.4181967079639435 0.6076640486717224
vt 0.3565652072429657 0.8611114621162415
vt 0.4181967079639435 0.6076640486717224
vt 0.5082535743713379 0.8031935691833496
vt 0.22554349899291992 0.5010340213775635
vt 0.22554349899291992 0.3214685916900635
vt 0.24947595596313477 0.2710554599761963
vt 0.22554349899291992 0.5010340213775635
vt 0.24947595596313477 0.2710554599761963
vt 0.2887873649597168 0.458379864692688
vt 0.37706655263900757 0.5151258409023285
vt 0.41734394431114197 0.3506697416305542
vt 0.48295852541923523 0.37622368335723877
vt 0.37706655263900757 0.5151258409023285
vt 0.48295852541923523 0.37622368335723877
vt 0.48272523283958435 0.49742865562438965
vt 0.44753196835517883 0.6800593435764313
vt 0.37706655263900757 0.5151258409023285
vt 0.31297579407691956 0.5493653118610382
vt 0.44753196835517883 0.6800593435764313
vt 0.31297579407691956 0.5493653118610382
vt 0.3585916757583618 0.6573560535907745
vt 0.41734394431114197 0.3506697416305542
vt 0.37706655263900757 0.5151258409023285
vt 0.3129759132862091 0.5493652522563934
vt 0.41734394431114197 0.3506697416305542
vt 0.3129759132862091 0.5493652522563934
vt 0.3512496054172516 0.38883864879608154
vt 0.4899590313434601 0.67071732878685
vt 0.3815320134162903 0.67071732878685
vt 0.37100598216056824 0.5940519869327545
vt 0.4899590313434601 0.67071732878685
vt 0.37100598216056824 0.5940519869327545
vt 0.4899590313434601 0.5940519869327545
vt 0.37706655263900757 0.5151258409023285
vt 0.44753196835517883 0.6800593435764313
vt 0.3585916757583618 0.6573560535907745
vt 0.37706655263900757 0.5151258409023285
vt 0.3585916757583618 0.6573560535907745
vt 0.3129759132862091 0.5493652522563934
vt 0.37706655263900757 0.5151258409023285
vt 0.41734394431114197 0.3506697416305542
vt 0.3512496054172516 0.38883864879608154
vt 0.37706655263900757 0.5151258409023285
vt 0.3512496054172516 0.38883864879608154
vt 0.31297579407691956 0.5493653118610382
vt 0.005101531744003296 0.1518646478652954
vt 0.2118091583251953 0.1518646478652954
vt 0.2118091583251953 0.03926360607147217
vt 0.005101531744003296 0.1518646478652954
vt 0.2118091583251953 0.03926360607147217
vt 0.005101531744003296 0.03926360607147217
vt 0.27083316445350647 0.8638071417808533
vt 0.28230342268943787 0.7984998673200607
vt 0.11323639750480652 0.7836524844169617
vt 0.27083316445350647 0.8638071417808533
vt 0.11323639750480652 0.7836524844169617
vt 0.10176599025726318 0.8489598333835602
vt 0.11323639750480652 0.7507480382919312
vt 0.11323639750480652 0.7178435921669006
vt 0.07929050922393799 0.7326260507106781
vt 0.11323639750480652 0.7507480382919312
vt 0.07929050922393799 0.7326260507106781
vt 0.07929050922393799 0.7566827535629272
vt 0.10176599025726318 0.7831507921218872
vt 0.11323639750480652 0.7178435921669006
vt 0.28230342268943787 0.732690840959549
vt 0.10176599025726318 0.7831507921218872
vt 0.28230342268943787 0.732690840959549
vt 0.27083316445350647 0.7979980558156967
vt 0.28230342268943787 0.7655953466892242
vt 0.28230342268943787 0.7984998673200607
vt 0.31312406063079834 0.8012762814760208
vt 0.28230342268943787 0.7655953466892242
vt 0.31312406063079834 0.8012762814760208
vt 0.31312406063079834 0.77745521068573
vt 0.10176599025726318 0.8160553127527237
vt 0.10176599025726318 0.7831507921218872
vt 0.27083316445350647 0.7979980558156967
vt 0.10176599025726318 0.8160553127527237
vt 0.27083316445350647 0.7979980558156967
vt 0.27083316445350647 0.8309026062488556
vt 0.11323639750480652 0.7507480382919312
vt 0.11323639750480652 0.7836524844169617
vt 0.28230342268943787 0.7984998673200607
vt 0.11323639750480652 0.7507480382919312
vt 0.28230342268943787 0.7984998673200607
vt 0.28230342268943787 0.7655953466892242
vt 0.07090452313423157 0.8044291734695435
vt 0.07929050922393799 0.7566827535629272
vt 0.07929050922393799 0.7326260507106781
vt 0.07090452313423157 0.8044291734695435
vt 0.07929050922393799 0.7326260507106781
vt 0.07090452313423157 0.7803725004196167
vt 0.10176599025726318 0.8489598333835602
vt 0.11323639750480652 0.7836524844169617
vt 0.07929050922393799 0.7807394713163376
vt 0.10176599025726318 0.8489598333835602
vt 0.07929050922393799 0.7807394713163376
vt 0.07090452313423157 0.828485831618309
vt 0.11323639750480652 0.7178435921669006
vt 0.10176599025726318 0.7831507921218872
vt 0.07090452313423157 0.7803725004196167
vt 0.11323639750480652 0.7178435921669006
vt 0.07090452313423157 0.7803725004196167
vt 0.07929050922393799 0.7326260507106781
vt 0.10176599025726318 0.8160553127527237
vt 0.10176599025726318 0.8489598333835602
vt 0.07090452313423157 0.828485831618309
vt 0.10176599025726318 0.8160553127527237
vt 0.07090452313423157 0.828485831618309
vt 0.07090452313423157 0.8044291734695435
vt 0.30482006072998047 0.824734091758728
vt 0.31312406063079834 0.77745521068573
vt 0.31312406063079834 0.8012762814760208
vt 0.30482006072998047 0.824734091758728
vt 0.31312406063079834 0.8012762814760208
vt 0.30482006072998047 0.84855517745018
vt 0.27083316445350647 0.7979980558156967
vt 0.28230342268943787 0.732690840959549
vt 0.31312406063079834 0.753634124994278
vt 0.27083316445350647 0.7979980558156967
vt 0.31312406063079834 0.753634124994278
vt 0.30482006072998047 0.8009130209684372
vt 0.28230342268943787 0.7984998673200607
vt 0.27083316445350647 0.8638071417808533
vt 0.30482006072998047 0.84855517745018
vt 0.28230342268943787 0.7984998673200607
vt 0.30482006072998047 0.84855517745018
vt 0.31312406063079834 0.8012762814760208
vt 0.27083316445350647 0.8309026062488556
vt 0.27083316445350647 0.7979980558156967
vt 0.30482006072998047 0.8009130209684372
vt 0.27083316445350647 0.8309026062488556
vt 0.30482006072998047 0.8009130209684372
vt 0.30482006072998047 0.824734091758728
vt 0.48192840814590454 0.8625626862049103
vt 0.4792804419994354 0.7967803329229355
vt 0.30898332595825195 0.8002076745033264
vt 0.48192840814590454 0.8625626862049103
vt 0.30898332595825195 0.8002076745033264
vt 0.31163108348846436 0.8659900724887848
vt 0.30898332595825195 0.7673031687736511
vt 0.30898332595825195 0.7343986630439758
vt 0.27669984102249146 0.7527477294206619
vt 0.30898332595825195 0.7673031687736511
vt 0.27669984102249146 0.7527477294206619
vt 0.27669984102249146 0.7768043577671051
vt 0.31163108348846436 0.8001809567213058
vt 0.30898332595825195 0.7343986630439758
vt 0.4792804419994354 0.7309711873531342
vt 0.31163108348846436 0.8001809567213058
vt 0.4792804419994354 0.7309711873531342
vt 0.48192840814590454 0.7967536151409149
vt 0.4792804419994354 0.7638757526874542
vt 0.4792804419994354 0.7967803329229355
vt 0.5122852921485901 0.7961198389530182
vt 0.4792804419994354 0.7638757526874542
vt 0.5122852921485901 0.7961198389530182
vt 0.5122852921485901 0.7722987085580826
vt 0.31163108348846436 0.8330855071544647
vt 0.31163108348846436 0.8001809567213058
vt 0.48192840814590454 0.7967536151409149
vt 0.31163108348846436 0.8330855071544647
vt 0.48192840814590454 0.7967536151409149
vt 0.48192840814590454 0.8296581506729126
vt 0.30898332595825195 0.7673031687736511
vt 0.30898332595825195 0.8002076745033264
vt 0.4792804419994354 0.7967803329229355
vt 0.30898332595825195 0.7673031687736511
vt 0.4792804419994354 0.7967803329229355
vt 0.4792804419994354 0.7638757526874542
vt 0.2786354422569275 0.8248981535434723
vt 0.27669984102249146 0.7768043577671051
vt 0.27669984102249146 0.7527477294206619
vt 0.2786354422569275 0.8248981535434723
vt 0.27669984102249146 0.7527477294206619
vt 0.2786354422569275 0.8008415251970291
vt 0.31163108348846436 0.8659900724887848
vt 0.30898332595825195 0.8002076745033264
vt 0.27669984102249146 0.8008610010147095
vt 0.31163108348846436 0.8659900724887848
vt 0.27669984102249146 0.8008610010147095
vt 0.2786354422569275 0.8489547818899155
vt 0.30898332595825195 0.7343986630439758
vt 0.31163108348846436 0.8001809567213058
vt 0.2786354422569275 0.8008415251970291
vt 0.30898332595825195 0.7343986630439758
vt 0.2786354422569275 0.8008415251970291
vt 0.27669984102249146 0.7527477294206619
vt 0.31163108348846436 0.8330855071544647
vt 0.31163108348846436 0.8659900724887848
vt 0.2786354422569275 0.8489547818899155
vt 0.31163108348846436 0.8330855071544647
vt 0.2786354422569275 0.8489547818899155
vt 0.2786354422569275 0.8248981535434723
vt 0.5142024159431458 0.8199215680360794
vt 0.5122852921485901 0.7722987085580826
vt 0.5122852921485901 0.7961198389530182
vt 0.5142024159431458 0.8199215680360794
vt 0.5122852921485901 0.7961198389530182
vt 0.5142024159431458 0.8437426090240479
vt 0.48192840814590454 0.7967536151409149
vt 0.4792804419994354 0.7309711873531342
vt 0.5122852921485901 0.748477578163147
vt 0.48192840814590454 0.7967536151409149
vt 0.5122852921485901 0.748477578163147
vt 0.5142024159431458 0.796100527048111
vt 0.4792804419994354 0.7967803329229355
vt 0.48192840814590454 0.8625626862049103
vt 0.5142024159431458 0.8437426090240479
vt 0.4792804419994354 0.7967803329229355
vt 0.5142024159431458 0.8437426090240479
vt 0.5122852921485901 0.7961198389530182
vt 0.48192840814590454 0.8296581506729126
vt 0.48192840814590454 0.7967536151409149
vt 0.5142024159431458 0.796100527048111
vt 0.48192840814590454 0.8296581506729126
vt 0.5142024159431458 0.796100527048111
vt 0.5142024159431458 0.8199215680360794
vt 0.6785975098609924 0.840617910027504
vt 0.6632609963417053 0.7757085710763931
vt 0.4952239394187927 0.7955602258443832
vt 0.6785975098609924 0.840617910027504
vt 0.4952239394187927 0.7955602258443832
vt 0.5105604529380798 0.8604695796966553
vt 0.4952239394187927 0.7626556754112244
vt 0.4952239394187927 0.7297511100769043
vt 0.46507951617240906 0.7511307448148727
vt 0.4952239394187927 0.7626556754112244
vt 0.46507951617240906 0.7511307448148727
vt 0.46507951617240906 0.7751874029636383
vt 0.5105604529380798 0.7946604639291763
vt 0.4952239394187927 0.7297511100769043
vt 0.6632609963417053 0.7098994553089142
vt 0.5105604529380798 0.7946604639291763
vt 0.6632609963417053 0.7098994553089142
vt 0.6785975098609924 0.774808794260025
vt 0.6632609963417053 0.7428040206432343
vt 0.6632609963417053 0.7757085710763931
vt 0.6975839138031006 0.7717793732881546
vt 0.6632609963417053 0.7428040206432343
vt 0.6975839138031006 0.7717793732881546
vt 0.6975839138031006 0.7479584217071533
vt 0.5105604529380798 0.8275650143623352
vt 0.5105604529380798 0.7946604639291763
vt 0.6785975098609924 0.774808794260025
vt 0.5105604529380798 0.8275650143623352
vt 0.6785975098609924 0.774808794260025
vt 0.6785975098609924 0.8077133595943451
vt 0.4952239394187927 0.7626556754112244
vt 0.4952239394187927 0.7955602258443832
vt 0.6632609963417053 0.7757085710763931
vt 0.4952239394187927 0.7626556754112244
vt 0.6632609963417053 0.7757085710763931
vt 0.6632609963417053 0.7428040206432343
vt 0.47629234194755554 0.8226429522037506
vt 0.46507951617240906 0.7751874029636383
vt 0.46507951617240906 0.7511307448148727
vt 0.47629234194755554 0.8226429522037506
vt 0.46507951617240906 0.7511307448148727
vt 0.47629234194755554 0.7985862493515015
vt 0.5105604529380798 0.8604695796966553
vt 0.4952239394187927 0.7955602258443832
vt 0.46507951617240906 0.7992440611124039
vt 0.5105604529380798 0.8604695796966553
vt 0.46507951617240906 0.7992440611124039
vt 0.47629234194755554 0.846699669957161
vt 0.4952239394187927 0.7297511100769043
vt 0.5105604529380798 0.7946604639291763
vt 0.47629234194755554 0.7985862493515015
vt 0.4952239394187927 0.7297511100769043
vt 0.47629234194755554 0.7985862493515015
vt 0.46507951617240906 0.7511307448148727
vt 0.5105604529380798 0.8275650143623352
vt 0.5105604529380798 0.8604695796966553
vt 0.47629234194755554 0.846699669957161
vt 0.5105604529380798 0.8275650143623352
vt 0.47629234194755554 0.846699669957161
vt 0.47629234194755554 0.8226429522037506
vt 0.7086870670318604 0.7949492484331131
vt 0.6975839138031006 0.7479584217071533
vt 0.6975839138031006 0.7717793732881546
vt 0.7086870670318604 0.7949492484331131
vt 0.6975839138031006 0.7717793732881546
vt 0.7086870670318604 0.8187702894210815
vt 0.6785975098609924 0.774808794260025
vt 0.6632609963417053 0.7098994553089142
vt 0.6975839138031006 0.7241374552249908
vt 0.6785975098609924 0.774808794260025
vt 0.6975839138031006 0.7241374552249908
vt 0.7086870670318604 0.7711282074451447
vt 0.6632609963417053 0.7757085710763931
vt 0.6785975098609924 0.840617910027504
vt 0.7086870670318604 0.8187702894210815
vt 0.6632609963417053 0.7757085710763931
vt 0.7086870670318604 0.8187702894210815
vt 0.6975839138031006 0.7717793732881546
vt 0.6785975098609924 0.8077133595943451
vt 0.6785975098609924 0.774808794260025
vt 0.7086870670318604 0.7711282074451447
vt 0.6785975098609924 0.8077133595943451
vt 0.7086870670318604 0.7711282074451447
vt 0.7086870670318604 0.7949492484331131
vt 0.30582481622695923 0.26598936319351196
vt 0.32605186104774475 0.14717036485671997
vt 0.20244958996772766 0.12612903118133545
vt 0.30582481622695923 0.26598936319351196
vt 0.20244958996772766 0.12612903118133545
vt 0.18222254514694214 0.24494802951812744
vt 0.18222254514694214 0.24494802951812744
vt 0.20244958996772766 0.12612903118133545
vt 0.2010553777217865 0.134319007396698
vt 0.18222254514694214 0.24494802951812744
vt 0.2010553777217865 0.134319007396698
vt 0.18082833290100098 0.25313788652420044
vt 0.18082833290100098 0.25313788652420044
vt 0.2010553777217865 0.134319007396698
vt 0.3246576488018036 0.15536034107208252
vt 0.18082833290100098 0.25313788652420044
vt 0.3246576488018036 0.15536034107208252
vt 0.30443060398101807 0.27417922019958496
vt 0.30443060398101807 0.27417922019958496
vt 0.3246576488018036 0.15536034107208252
vt 0.32605186104774475 0.14717036485671997
vt 0.30443060398101807 0.27417922019958496
vt 0.32605186104774475 0.14717036485671997
vt 0.30582481622695923 0.26598936319351196
vt 0.18222254514694214 0.24494802951812744
vt 0.18082833290100098 0.25313788652420044
vt 0.199527770280838 0.3088274598121643
vt 0.18222254514694214 0.24494802951812744
vt 0.199527770280838 0.3088274598121643
vt 0.20092199742794037 0.30063748359680176
vt 0.32605186104774475 0.14717036485671997
vt 0.3246576488018036 0.15536034107208252
vt 0.29029330611228943 0.10287255048751831
vt 0.32605186104774475 0.14717036485671997
vt 0.29029330611228943 0.10287255048751831
vt 0.29264572262763977 0.08905386924743652
vt 0.20092199742794037 0.30063748359680176
vt 0.199527770280838 0.3088274598121643
vt 0.26835811138153076 0.3205447196960449
vt 0.20092199742794037 0.30063748359680176
vt 0.26835811138153076 0.3205447196960449
vt 0.2697523236274719 0.3123547434806824
vt 0.30582481622695923 0.26598936319351196
vt 0.18222254514694214 0.24494802951812744
vt 0.20092199742794037 0.30063748359680176
vt 0.30582481622695923 0.26598936319351196
vt 0.20092199742794037 0.30063748359680176
vt 0.2697523236274719 0.3123547434806824
vt 0.18082833290100098 0.25313788652420044
vt 0.30443060398101807 0.27417922019958496
vt 0.26835811138153076 0.3205447196960449
vt 0.18082833290100098 0.25313788652420044
vt 0.26835811138153076 0.3205447196960449
vt 0.199527770280838 0.3088274598121643
vt 0.30443060398101807 0.27417922019958496
vt 0.30582481622695923 0.26598936319351196
vt 0.2697523236274719 0.3123547434806824
vt 0.30443060398101807 0.27417922019958496
vt 0.2697523236274719 0.3123547434806824
vt 0.26835811138153076 0.3205447196960449
vt 0.2479388415813446 0.09566235542297363
vt 0.25029122829437256 0.08184367418289185
vt 0.29264572262763977 0.08905386924743652
vt 0.2479388415813446 0.09566235542297363
vt 0.29264572262763977 0.08905386924743652
vt 0.29029330611228943 0.10287255048751831
vt 0.2010553777217865 0.134319007396698
vt 0.20244958996772766 0.12612903118133545
vt 0.25029122829437256 0.08184367418289185
vt 0.2010553777217865 0.134319007396698
vt 0.25029122829437256 0.08184367418289185
vt 0.2479388415813446 0.09566235542297363
vt 0.3246576488018036 0.15536034107208252
vt 0.2010553777217865 0.134319007396698
vt 0.2479388415813446 0.09566235542297363
vt 0.3246576488018036 0.15536034107208252
vt 0.2479388415813446 0.09566235542297363
vt 0.29029330611228943 0.10287255048751831
vt 0.20244958996772766 0.12612903118133545
vt 0.32605186104774475 0.14717036485671997
vt 0.29264572262763977 0.08905386924743652
vt 0.20244958996772766 0.12612903118133545
vt 0.29264572262763977 0.08905386924743652
vt 0.25029122829437256 0.08184367418289185
vt 0.30582481622695923 0.26598936319351196
vt 0.18222254514694214 0.24494802951812744
vt 0.20244958996772766 0.12612903118133545
vt 0.30582481622695923 0.26598936319351196
vt 0.20244958996772766 0.12612903118133545
vt 0.32605186104774475 0.14717036485671997
vt 0.18222254514694214 0.24494802951812744
vt 0.18082833290100098 0.25313788652420044
vt 0.2010553777217865 0.134319007396698
vt 0.18222254514694214 0.24494802951812744
vt 0.2010553777217865 0.134319007396698
vt 0.20244958996772766 0.12612903118133545
vt 0.18082833290100098 0.25313788652420044
vt 0.30443060398101807 0.27417922019958496
vt 0.3246576488018036 0.15536034107208252
vt 0.18082833290100098 0.25313788652420044
vt 0.3246576488018036 0.15536034107208252
vt 0.2010553777217865 0.134319007396698
vt 0.30443060398101807 0.27417922019958496
vt 0.30582481622695923 0.26598936319351196
vt 0.32605186104774475 0.14717036485671997
vt 0.30443060398101807 0.27417922019958496
vt 0.32605186104774475 0.14717036485671997
vt 0.3246576488018036 0.15536034107208252
vt 0.18222254514694214 0.24494802951812744
vt 0.20092198252677917 0.3006376028060913
vt 0.199527770280838 0.3088274598121643
vt 0.18222254514694214 0.24494802951812744
vt 0.199527770280838 0.3088274598121643
vt 0.18082833290100098 0.25313788652420044
vt 0.32605186104774475 0.14717036485671997
vt 0.29264572262763977 0.08905386924743652
vt 0.29029330611228943 0.10287255048751831
vt 0.32605186104774475 0.14717036485671997
vt 0.29029330611228943 0.10287255048751831
vt 0.3246576488018036 0.15536034107208252
vt 0.20092198252677917 0.3006376028060913
vt 0.2697523236274719 0.3123548626899719
vt 0.26835811138153076 0.3205447196960449
vt 0.20092198252677917 0.3006376028060913
vt 0.26835811138153076 0.3205447196960449
vt 0.199527770280838 0.3088274598121643
vt 0.30582481622695923 0.26598936319351196
vt 0.2697523236274719 0.3123548626899719
vt 0.20092198252677917 0.3006376028060913
vt 0.30582481622695923 0.26598936319351196
vt 0.20092198252677917 0.3006376028060913
vt 0.18222254514694214 0.24494802951812744
vt 0.18082833290100098 0.25313788652420044
vt 0.199527770280838 0.3088274598121643
vt 0.26835811138153076 0.3205447196960449
vt 0.18082833290100098 0.25313788652420044
vt 0.26835811138153076 0.3205447196960449
vt 0.30443060398101807 0.27417922019958496
vt 0.30443060398101807 0.27417922019958496
vt 0.26835811138153076 0.3205447196960449
vt 0.2697523236274719 0.3123548626899719
vt 0.30443060398101807 0.27417922019958496
vt 0.2697523236274719 0.3123548626899719
vt 0.30582481622695923 0.26598936319351196
vt 0.2479388415813446 0.09566235542297363
vt 0.29029330611228943 0.10287255048751831
vt 0.29264572262763977 0.08905386924743652
vt 0.2479388415813446 0.09566235542297363
vt 0.29264572262763977 0.08905386924743652
vt 0.25029122829437256 0.08184367418289185
vt 0.2010553777217865 0.134319007396698
vt 0.2479388415813446 0.09566235542297363
vt 0.25029122829437256 0.08184367418289185
vt 0.2010553777217865 0.134319007396698
vt 0.25029122829437256 0.08184367418289185
vt 0.20244958996772766 0.12612903118133545
vt 0.3246576488018036 0.15536034107208252
vt 0.29029330611228943 0.10287255048751831
vt 0.2479388415813446 0.09566235542297363
vt 0.3246576488018036 0.15536034107208252
vt 0.2479388415813446 0.09566235542297363
vt 0.2010553777217865 0.134319007396698
vt 0.20244958996772766 0.12612903118133545
vt 0.25029122829437256 0.08184367418289185
vt 0.29264572262763977 0.08905386924743652
vt 0.20244958996772766 0.12612903118133545
vt 0.29264572262763977 0.08905386924743652
vt 0.32605186104774475 0.14717036485671997
vt 0.2111538052558899 0.1518646478652954
vt 0.004446238279342651 0.1518646478652954
vt 0.004446238279342651 0.03926360607147217
vt 0.2111538052558899 0.1518646478652954
vt 0.004446238279342651 0.03926360607147217
vt 0.2111538052558899 0.03926360607147217
vt 0.38383838534355164 0.67071732878685
vt 0.49226537346839905 0.67071732878685
vt 0.49226537346839905 0.5940519869327545
vt 0.38383838534355164 0.67071732878685
vt 0.49226537346839905 0.5940519869327545
vt 0.3733122646808624 0.5940519869327545
vt 0.30397096276283264 0.6200547814369202
vt 0.36225375533103943 0.8623778223991394
vt 0.5185550451278687 0.8039017915725708
vt 0.30397096276283264 0.6200547814369202
vt 0.5185550451278687 0.8039017915725708
vt 0.42244288325309753 0.6009360551834106
vt 0.22554349899291992 0.3214685916900635
vt 0.004446238279342651 0.3214685916900635
vt 0.004446238279342651 0.2710554599761963
vt 0.22554349899291992 0.3214685916900635
vt 0.004446238279342651 0.2710554599761963
vt 0.24947595596313477 0.2710554599761963
vt 0.30132433772087097 0.624785840511322
vt 0.3565652072429657 0.8611114621162415
vt 0.01920534111559391 0.7800060510635376
vt 0.30132433772087097 0.624785840511322
vt 0.01920534111559391 0.7800060510635376
vt 0.08729548007249832 0.7277805805206299
vt 0.5332164764404297 0.35255295038223267
vt 0.5481629371643066 0.3623034954071045
vt 0.5399496555328369 0.4244864583015442
vt 0.5332164764404297 0.35255295038223267
vt 0.5399496555328369 0.4244864583015442
vt 0.5361315608024597 0.4215330481529236
vt 0.08682671189308167 0.6168419718742371
vt 0.08682671189308167 0.5466105341911316
vt 0.005101531744003296 0.5466105341911316
vt 0.08682671189308167 0.6168419718742371
vt 0.005101531744003296 0.5466105341911316
vt 0.005101531744003296 0.6168419718742371
vt 0.5331363081932068 0.3543044924736023
vt 0.5481287837028503 0.3629199266433716
vt 0.5525895953178406 0.3286029100418091
vt 0.5331363081932068 0.3543044924736023
vt 0.5525895953178406 0.3286029100418091
vt 0.5507196187973022 0.3286038041114807
vt 0.22619891166687012 0.3214685916900635
vt 0.005101531744003296 0.3214685916900635
vt 0.005101531744003296 0.3952743411064148
vt 0.22619891166687012 0.3214685916900635
vt 0.005101531744003296 0.3952743411064148
vt 0.08682671189308167 0.3952743411064148
vt 0.08682671189308167 0.5429506003856659
vt 0.08682671189308167 0.3952743411064148
vt 0.005101531744003296 0.3952743411064148
vt 0.08682671189308167 0.5429506003856659
vt 0.005101531744003296 0.3952743411064148
vt 0.005101531744003296 0.5429506003856659
vt 0.39993780851364136 0.5580669641494751
vt 0.39993780851364136 0.4615473747253418
vt 0.4899590313434601 0.4615473747253418
vt 0.39993780851364136 0.5580669641494751
vt 0.4899590313434601 0.4615473747253418
vt 0.4899590313434601 0.5580669641494751
vt 0.3733122646808624 0.5940519869327545
vt 0.49226537346839905 0.5940519869327545
vt 0.49226537346839905 0.5580669641494751
vt 0.3733122646808624 0.5940519869327545
vt 0.49226537346839905 0.5580669641494751
vt 0.4022441804409027 0.5580669641494751
vt 0.39993780851364136 0.4615473747253418
vt 0.39993780851364136 0.3069247603416443
vt 0.4899590313434601 0.3069247603416443
vt 0.39993780851364136 0.4615473747253418
vt 0.4899590313434601 0.3069247603416443
vt 0.4899590313434601 0.4615473747253418
vt 0.24947595596313477 0.2710554599761963
vt 0.004446238279342651 0.2710554599761963
vt 0.004446238279342651 0.1518646478652954
vt 0.24947595596313477 0.2710554599761963
vt 0.004446238279342651 0.1518646478652954
vt 0.2111538052558899 0.1518646478652954
vt 0.30771541595458984 0.6716745495796204
vt 0.40335309505462646 0.6716745495796204
vt 0.40335309505462646 0.5972263813018799
vt 0.30771541595458984 0.6716745495796204
vt 0.40335309505462646 0.5972263813018799
vt 0.30771541595458984 0.5972263813018799
vt 0.16275577247142792 0.09452646970748901
vt 0.02534031867980957 0.09452646970748901
vt 0.02534031867980957 0.1506306529045105
vt 0.16275577247142792 0.09452646970748901
vt 0.02534031867980957 0.1506306529045105
vt 0.1605297029018402 0.14965170621871948
vt 0.5298956632614136 0.5179974138736725
vt 0.5343979597091675 0.5185959339141846
vt 0.5342225432395935 0.520260214805603
vt 0.5298956632614136 0.5179974138736725
vt 0.5342225432395935 0.520260214805603
vt 0.5289307236671448 0.5194875299930573
vt 0.5272583365440369 0.48647910356521606
vt 0.5298956632614136 0.5179974138736725
vt 0.5289307236671448 0.5194875299930573
vt 0.5272583365440369 0.48647910356521606
vt 0.5289307236671448 0.5194875299930573
vt 0.526185929775238 0.4863927364349365
vt 0.5302010178565979 0.518137663602829
vt 0.5275488495826721 0.486583948135376
vt 0.5264958143234253 0.486530065536499
vt 0.5302010178565979 0.518137663602829
vt 0.5264958143234253 0.486530065536499
vt 0.5292354822158813 0.5196269750595093
vt 0.5411598682403564 0.45809638500213623
vt 0.5367386341094971 0.45758897066116333
vt 0.5361598134040833 0.45594292879104614
vt 0.5411598682403564 0.45809638500213623
vt 0.5361598134040833 0.45594292879104614
vt 0.5413916707038879 0.4564724564552307
vt 0.5275488495826721 0.486583948135376
vt 0.5362522006034851 0.45839595794677734
vt 0.5356296300888062 0.4568706154823303
vt 0.5275488495826721 0.486583948135376
vt 0.5356296300888062 0.4568706154823303
vt 0.5264958143234253 0.486530065536499
vt 0.5367386341094971 0.45758897066116333
vt 0.5272583365440369 0.48647910356521606
vt 0.526185929775238 0.4863927364349365
vt 0.5367386341094971 0.45758897066116333
vt 0.526185929775238 0.4863927364349365
vt 0.5361598134040833 0.45594292879104614
vt 0.5347059369087219 0.518746942281723
vt 0.5302010178565979 0.518137663602829
vt 0.5292354822158813 0.5196269750595093
vt 0.5347059369087219 0.518746942281723
vt 0.5292354822158813 0.5196269750595093
vt 0.5345285534858704 0.5204111635684967
vt 0.5362522006034851 0.45839595794677734
vt 0.5407716035842896 0.4582037925720215
vt 0.540884792804718 0.45657241344451904
vt 0.5362522006034851 0.45839595794677734
vt 0.540884792804718 0.45657241344451904
vt 0.5356296300888062 0.4568706154823303
vt 0.3267730474472046 0.8518535941839218
vt 0.32645073533058167 0.8156975656747818
vt 0.36127617955207825 0.8217949867248535
vt 0.3267730474472046 0.8518535941839218
vt 0.36127617955207825 0.8217949867248535
vt 0.36125409603118896 0.8604313433170319
vt 0.39573514461517334 0.8803310543298721
vt 0.39610162377357483 0.8276496976613998
vt 0.36127617955207825 0.8215668797492981
vt 0.39573514461517334 0.8803310543298721
vt 0.36127617955207825 0.8215668797492981
vt 0.36125409603118896 0.8710703253746033
vt 0.3267730474472046 0.8518535941839218
vt 0.36125409603118896 0.8604313433170319
vt 0.3608570992946625 0.8855755850672722
vt 0.3267730474472046 0.8518535941839218
vt 0.3608570992946625 0.8855755850672722
vt 0.33256062865257263 0.8753836899995804
vt 0.33256062865257263 0.8753836899995804
vt 0.3608570992946625 0.8855755850672722
vt 0.3608570992946625 0.8938741534948349
vt 0.33256062865257263 0.8753836899995804
vt 0.3608570992946625 0.8938741534948349
vt 0.33256062865257263 0.8831495493650436
vt 0.3258560299873352 0.7300183176994324
vt 0.361316978931427 0.7302382588386536
vt 0.3609076142311096 0.7107616364955902
vt 0.3258560299873352 0.7300183176994324
vt 0.3609076142311096 0.7107616364955902
vt 0.3318241238594055 0.7117920219898224
vt 0.3899911344051361 0.7184016406536102
vt 0.3609076142311096 0.718908965587616
vt 0.3609076142311096 0.7107616364955902
vt 0.3899911344051361 0.7184016406536102
vt 0.3609076142311096 0.7107616364955902
vt 0.3899911344051361 0.709731251001358
vt 0.3967779278755188 0.7520364969968796
vt 0.361316978931427 0.7505148649215698
vt 0.3609076142311096 0.718908965587616
vt 0.3967779278755188 0.7520364969968796
vt 0.3609076142311096 0.718908965587616
vt 0.3899911344051361 0.7184016406536102
vt 0.39573514461517334 0.8803310543298721
vt 0.36125409603118896 0.8710703253746033
vt 0.3608570992946625 0.8938741534948349
vt 0.39573514461517334 0.8803310543298721
vt 0.3608570992946625 0.8938741534948349
vt 0.3891535699367523 0.9045987576246262
vt 0.39610162377357483 0.8276496976613998
vt 0.3967779278755188 0.7304581999778748
vt 0.361316978931427 0.7302382588386536
vt 0.39610162377357483 0.8276496976613998
vt 0.361316978931427 0.7302382588386536
vt 0.36127617955207825 0.8215668797492981
vt 0.32645073533058167 0.8156975656747818
vt 0.3258560299873352 0.7489932477474213
vt 0.361316978931427 0.7505148649215698
vt 0.32645073533058167 0.8156975656747818
vt 0.361316978931427 0.7505148649215698
vt 0.36127617955207825 0.8217949867248535
vt 0.32626211643218994 0.8518535941839218
vt 0.3607432246208191 0.8604313433170319
vt 0.3607652485370636 0.8217949867248535
vt 0.32626211643218994 0.8518535941839218
vt 0.3607652485370636 0.8217949867248535
vt 0.325939804315567 0.8156975656747818
vt 0.39522430300712585 0.8803310543298721
vt 0.3607432246208191 0.8710703253746033
vt 0.3607652485370636 0.8215668797492981
vt 0.39522430300712585 0.8803310543298721
vt 0.3607652485370636 0.8215668797492981
vt 0.3955906927585602 0.8276496976613998
vt 0.32626211643218994 0.8518535941839218
vt 0.332049697637558 0.8753836899995804
vt 0.36034613847732544 0.8855755850672722
vt 0.32626211643218994 0.8518535941839218
vt 0.36034613847732544 0.8855755850672722
vt 0.3607432246208191 0.8604313433170319
vt 0.332049697637558 0.8753836899995804
vt 0.332049697637558 0.8831495493650436
vt 0.36034613847732544 0.8938741534948349
vt 0.332049697637558 0.8753836899995804
vt 0.36034613847732544 0.8938741534948349
vt 0.36034613847732544 0.8855755850672722
vt 0.3253451883792877 0.7300183176994324
vt 0.3313131630420685 0.7117920219898224
vt 0.3603966534137726 0.7107616364955902
vt 0.3253451883792877 0.7300183176994324
vt 0.3603966534137726 0.7107616364955902
vt 0.36080610752105713 0.7302382588386536
vt 0.3894801437854767 0.7184016406536102
vt 0.3894801437854767 0.709731251001358
vt 0.3603966534137726 0.7107616364955902
vt 0.3894801437854767 0.7184016406536102
vt 0.3603966534137726 0.7107616364955902
vt 0.3603966534137726 0.718908965587616
vt 0.39626699686050415 0.7520364969968796
vt 0.3894801437854767 0.7184016406536102
vt 0.3603966534137726 0.718908965587616
vt 0.39626699686050415 0.7520364969968796
vt 0.3603966534137726 0.718908965587616
vt 0.36080610752105713 0.7505148649215698
vt 0.39522430300712585 0.8803310543298721
vt 0.3886426091194153 0.9045987576246262
vt 0.36034613847732544 0.8938741534948349
vt 0.39522430300712585 0.8803310543298721
vt 0.36034613847732544 0.8938741534948349
vt 0.3607432246208191 0.8710703253746033
vt 0.3955906927585602 0.8276496976613998
vt 0.3607652485370636 0.8215668797492981
vt 0.36080610752105713 0.7302382588386536
vt 0.3955906927585602 0.8276496976613998
vt 0.36080610752105713 0.7302382588386536
vt 0.39626699686050415 0.7304581999778748
vt 0.325939804315567 0.8156975656747818
vt 0.3607652485370636 0.8217949867248535
vt 0.36080610752105713 0.7505148649215698
vt 0.325939804315567 0.8156975656747818
vt 0.36080610752105713 0.7505148649215698
vt 0.3253451883792877 0.7489932477474213
vt 0.7882623672485352 0.7094040811061859
vt 0.7944605350494385 0.8382147699594498
vt 0.8671930432319641 0.7157810032367706
vt 0.7882623672485352 0.7094040811061859
vt 0.8671930432319641 0.7157810032367706
vt 0.7944605350494385 0.8382147699594498
vt 0.6785975098609924 0.840617910027504
vt 0.6785975098609924 0.8077133595943451
vt 0.7086870670318604 0.7949492484331131
vt 0.6785975098609924 0.840617910027504
vt 0.7086870670318604 0.7949492484331131
vt 0.7086870670318604 0.8187702894210815
vt 0.7086870670318604 0.7711282074451447
vt 0.6975839138031006 0.7241374552249908
vt 0.6975839138031006 0.7479584217071533
vt 0.7086870670318604 0.7711282074451447
vt 0.6975839138031006 0.7479584217071533
vt 0.7086870670318604 0.7949492484331131
vt 0.5105604529380798 0.7946604639291763
vt 0.5105604529380798 0.8275650143623352
vt 0.47629234194755554 0.8226429522037506
vt 0.5105604529380798 0.7946604639291763
vt 0.47629234194755554 0.8226429522037506
vt 0.47629234194755554 0.7985862493515015
vt 0.47629234194755554 0.846699669957161
vt 0.46507951617240906 0.7992440611124039
vt 0.46507951617240906 0.7751874029636383
vt 0.47629234194755554 0.846699669957161
vt 0.46507951617240906 0.7751874029636383
vt 0.47629234194755554 0.8226429522037506
vt 0.4952239394187927 0.7297511100769043
vt 0.4952239394187927 0.7626556754112244
vt 0.6632609963417053 0.7428040206432343
vt 0.4952239394187927 0.7297511100769043
vt 0.6632609963417053 0.7428040206432343
vt 0.6632609963417053 0.7098994553089142
vt 0.5105604529380798 0.8604695796966553
vt 0.5105604529380798 0.8275650143623352
vt 0.6785975098609924 0.8077133595943451
vt 0.5105604529380798 0.8604695796966553
vt 0.6785975098609924 0.8077133595943451
vt 0.6785975098609924 0.840617910027504
vt 0.6632609963417053 0.7098994553089142
vt 0.6632609963417053 0.7428040206432343
vt 0.6975839138031006 0.7479584217071533
vt 0.6632609963417053 0.7098994553089142
vt 0.6975839138031006 0.7479584217071533
vt 0.6975839138031006 0.7241374552249908
vt 0.4952239394187927 0.7955602258443832
vt 0.4952239394187927 0.7626556754112244
vt 0.46507951617240906 0.7751874029636383
vt 0.4952239394187927 0.7955602258443832
vt 0.46507951617240906 0.7751874029636383
vt 0.46507951617240906 0.7992440611124039
vt 0.48192840814590454 0.8625626862049103
vt 0.48192840814590454 0.8296581506729126
vt 0.5142024159431458 0.8199215680360794
vt 0.48192840814590454 0.8625626862049103
vt 0.5142024159431458 0.8199215680360794
vt 0.5142024159431458 0.8437426090240479
vt 0.5142024159431458 0.796100527048111
vt 0.5122852921485901 0.748477578163147
vt 0.5122852921485901 0.7722987085580826
vt 0.5142024159431458 0.796100527048111
vt 0.5122852921485901 0.7722987085580826
vt 0.5142024159431458 0.8199215680360794
vt 0.31163108348846436 0.8001809567213058
vt 0.31163108348846436 0.8330855071544647
vt 0.2786354422569275 0.8248981535434723
vt 0.31163108348846436 0.8001809567213058
vt 0.2786354422569275 0.8248981535434723
vt 0.2786354422569275 0.8008415251970291
vt 0.2786354422569275 0.8489547818899155
vt 0.27669984102249146 0.8008610010147095
vt 0.27669984102249146 0.7768043577671051
vt 0.2786354422569275 0.8489547818899155
vt 0.27669984102249146 0.7768043577671051
vt 0.2786354422569275 0.8248981535434723
vt 0.30898332595825195 0.7343986630439758
vt 0.30898332595825195 0.7673031687736511
vt 0.4792804419994354 0.7638757526874542
vt 0.30898332595825195 0.7343986630439758
vt 0.4792804419994354 0.7638757526874542
vt 0.4792804419994354 0.7309711873531342
vt 0.31163108348846436 0.8659900724887848
vt 0.31163108348846436 0.8330855071544647
vt 0.48192840814590454 0.8296581506729126
vt 0.31163108348846436 0.8659900724887848
vt 0.48192840814590454 0.8296581506729126
vt 0.48192840814590454 0.8625626862049103
vt 0.4792804419994354 0.7309711873531342
vt 0.4792804419994354 0.7638757526874542
vt 0.5122852921485901 0.7722987085580826
vt 0.4792804419994354 0.7309711873531342
vt 0.5122852921485901 0.7722987085580826
vt 0.5122852921485901 0.748477578163147
vt 0.30898332595825195 0.8002076745033264
vt 0.30898332595825195 0.7673031687736511
vt 0.27669984102249146 0.7768043577671051
vt 0.30898332595825195 0.8002076745033264
vt 0.27669984102249146 0.7768043577671051
vt 0.27669984102249146 0.8008610010147095
vt 0.27083316445350647 0.8638071417808533
vt 0.27083316445350647 0.8309026062488556
vt 0.30482006072998047 0.824734091758728
vt 0.27083316445350647 0.8638071417808533
vt 0.30482006072998047 0.824734091758728
vt 0.30482006072998047 0.84855517745018
vt 0.30482006072998047 0.8009130209684372
vt 0.31312406063079834 0.753634124994278
vt 0.31312406063079834 0.77745521068573
vt 0.30482006072998047 0.8009130209684372
vt 0.31312406063079834 0.77745521068573
vt 0.30482006072998047 0.824734091758728
vt 0.10176599025726318 0.7831507921218872
vt 0.10176599025726318 0.8160553127527237
vt 0.07090452313423157 0.8044291734695435
vt 0.10176599025726318 0.7831507921218872
vt 0.07090452313423157 0.8044291734695435
vt 0.07090452313423157 0.7803725004196167
vt 0.07090452313423157 0.828485831618309
vt 0.07929050922393799 0.7807394713163376
vt 0.07929050922393799 0.7566827535629272
vt 0.07090452313423157 0.828485831618309
vt 0.07929050922393799 0.7566827535629272
vt 0.07090452313423157 0.8044291734695435
vt 0.11323639750480652 0.7178435921669006
vt 0.11323639750480652 0.7507480382919312
vt 0.28230342268943787 0.7655953466892242
vt 0.11323639750480652 0.7178435921669006
vt 0.28230342268943787 0.7655953466892242
vt 0.28230342268943787 0.732690840959549
vt 0.10176599025726318 0.8489598333835602
vt 0.10176599025726318 0.8160553127527237
vt 0.27083316445350647 0.8309026062488556
vt 0.10176599025726318 0.8489598333835602
vt 0.27083316445350647 0.8309026062488556
vt 0.27083316445350647 0.8638071417808533
vt 0.28230342268943787 0.732690840959549
vt 0.28230342268943787 0.7655953466892242
vt 0.31312406063079834 0.77745521068573
vt 0.28230342268943787 0.732690840959549
vt 0.31312406063079834 0.77745521068573
vt 0.31312406063079834 0.753634124994278
vt 0.11323639750480652 0.7836524844169617
vt 0.11323639750480652 0.7507480382919312
vt 0.07929050922393799 0.7566827535629272
vt 0.11323639750480652 0.7836524844169617
vt 0.07929050922393799 0.7566827535629272
vt 0.07929050922393799 0.7807394713163376
vn -9.778775815927181e-9 0.9996447301952892 0.02665358123755702
vn -0.5586555744256535 0.8288007038645028 0.031517335497276054
vn -0.5712094199775396 0.817560309588313 0.07290362621149016
vn -9.778775815927181e-9 0.9996447301952892 0.02665358123755702
vn -0.5712094199775396 0.817560309588313 0.07290362621149016
vn -9.967599224854178e-9 0.9902012148855232 0.1396479646798835
vn -9.967599224854178e-9 0.9902012148855232 0.1396479646798835
vn -0.5712094199775396 0.817560309588313 0.07290362621149016
vn -0.5556693248187775 0.7074991077071822 0.43666533415074915
vn -9.967599224854178e-9 0.9902012148855232 0.1396479646798835
vn -0.5556693248187775 0.7074991077071822 0.43666533415074915
vn -1.2889839804562313e-8 0.8146822828030105 0.5799075599497523
vn -0.9971105656818712 0.07322611333469686 0.020210297659183675
vn -0.5586555744256535 0.8288007038645028 0.031517335497276054
vn -0.5540203905692412 0.8166727430756123 0.16157672341912444
vn -0.9971105656818712 0.07322611333469686 0.020210297659183675
vn -0.5540203905692412 0.8166727430756123 0.16157672341912444
vn -0.9856724809291662 0.14941125776103906 0.07826900020574602
vn -0.5717204174010275 0.7740226104508908 0.27207492136833034
vn 4.8215460623157045e-9 0.8964343358271792 0.44317658055236203
vn -4.973654766453259e-15 0.9908743934315094 0.13478848779379593
vn -0.5717204174010275 0.7740226104508908 0.27207492136833034
vn -4.973654766453259e-15 0.9908743934315094 0.13478848779379593
vn -0.550665325958364 0.831653078704132 0.07156015280243323
vn -0.5094082970817922 -0.8354832284736822 0.20608484127519258
vn -1.2538986425665716e-9 -0.9404964570440468 0.339803493636536
vn -5.073943162660251e-9 -0.21297407589959175 0.9770578503828292
vn -0.5094082970817922 -0.8354832284736822 0.20608484127519258
vn -5.073943162660251e-9 -0.21297407589959175 0.9770578503828292
vn -0.6374986362704166 -0.1298288913584958 0.7594339653465486
vn -0.9935396565285904 -0.11343240326752316 -0.0034699847268661772
vn -0.5094082970817922 -0.8354832284736822 0.20608484127519258
vn -0.6374986362704166 -0.1298288913584958 0.7594339653465486
vn -0.5540203905692412 0.8166727430756123 0.16157672341912444
vn -4.8346231214869434e-9 0.9823367753367434 0.18712151084524895
vn 4.8215460623157045e-9 0.8964343358271792 0.44317658055236203
vn -0.5540203905692412 0.8166727430756123 0.16157672341912444
vn 4.8215460623157045e-9 0.8964343358271792 0.44317658055236203
vn -0.5717204174010275 0.7740226104508908 0.27207492136833034
vn -0.5913650510377642 -0.7982282046391536 0.1145386822416608
vn -6.502838176314604e-15 -0.9843490166250936 0.1762300016149672
vn -1.2538986425665716e-9 -0.9404964570440468 0.339803493636536
vn -0.5913650510377642 -0.7982282046391536 0.1145386822416608
vn -1.2538986425665716e-9 -0.9404964570440468 0.339803493636536
vn -0.5094082970817922 -0.8354832284736822 0.20608484127519258
vn -5.073943162660251e-9 -0.21297407589959175 0.9770578503828292
vn -1.2889839804562313e-8 0.8146822828030105 0.5799075599497523
vn -0.5556693248187775 0.7074991077071822 0.43666533415074915
vn -5.073943162660251e-9 -0.21297407589959175 0.9770578503828292
vn -0.5556693248187775 0.7074991077071822 0.43666533415074915
vn -0.6374986362704166 -0.1298288913584958 0.7594339653465486
vn -0.9856724809291662 0.14941125776103906 0.07826900020574602
vn -0.5540203905692412 0.8166727430756123 0.16157672341912444
vn -0.5717204174010275 0.7740226104508908 0.27207492136833034
vn -0.9856724809291662 0.14941125776103906 0.07826900020574602
vn -0.5717204174010275 0.7740226104508908 0.27207492136833034
vn -0.9794949363644053 0.20102120900286158 -0.013421742342831418
vn 4.640253771629012e-17 -0.9999992092478991 -0.0012575784574226732
vn -0.6440731478494169 -0.7649620996606982 0.001663220381966943
vn -0.6243503448318326 -0.6758626964307203 -0.39165834917918924
vn 4.640253771629012e-17 -0.9999992092478991 -0.0012575784574226732
vn -0.6243503448318326 -0.6758626964307203 -0.39165834917918924
vn 5.221402133642742e-9 -0.8850878861005469 -0.465423929206552
vn -0.550665325958364 0.831653078704132 0.07156015280243323
vn -4.973654766453259e-15 0.9908743934315094 0.13478848779379593
vn 2.026695306938675e-14 0.8356619281893074 -0.5492441549756616
vn -0.550665325958364 0.831653078704132 0.07156015280243323
vn 2.026695306938675e-14 0.8356619281893074 -0.5492441549756616
vn -0.43035603537976563 0.7513412330112195 -0.5002799560140205
vn 5.221402133642742e-9 -0.8850878861005469 -0.465423929206552
vn -0.6243503448318326 -0.6758626964307203 -0.39165834917918924
vn -0.5508282800741116 -0.25839259056752983 -0.7936129251785135
vn 5.221402133642742e-9 -0.8850878861005469 -0.465423929206552
vn -0.5508282800741116 -0.25839259056752983 -0.7936129251785135
vn 3.4375958811337026e-14 -0.3634721454746166 -0.9316050662507578
vn -0.9794949363644053 0.20102120900286158 -0.013421742342831418
vn -0.5717204174010275 0.7740226104508908 0.27207492136833034
vn -0.550665325958364 0.831653078704132 0.07156015280243323
vn -0.9794949363644053 0.20102120900286158 -0.013421742342831418
vn -0.550665325958364 0.831653078704132 0.07156015280243323
vn -0.9539196926775727 0.24539689966912542 -0.17267768111341608
vn -0.6264580342870502 0.3053426900243232 -0.7171584015584807
vn -0.43035603537976563 0.7513412330112195 -0.5002799560140205
vn 2.026695306938675e-14 0.8356619281893074 -0.5492441549756616
vn -0.6264580342870502 0.3053426900243232 -0.7171584015584807
vn 2.026695306938675e-14 0.8356619281893074 -0.5492441549756616
vn -1.552294667497003e-10 0.38784293740537235 -0.9217254775174507
vn 3.4375958811337026e-14 -0.3634721454746166 -0.9316050662507578
vn -0.5508282800741116 -0.25839259056752983 -0.7936129251785135
vn -0.6264580342870502 0.3053426900243232 -0.7171584015584807
vn 3.4375958811337026e-14 -0.3634721454746166 -0.9316050662507578
vn -0.6264580342870502 0.3053426900243232 -0.7171584015584807
vn -1.552294667497003e-10 0.38784293740537235 -0.9217254775174507
vn -0.9539196926775727 0.24539689966912542 -0.17267768111341608
vn -0.550665325958364 0.831653078704132 0.07156015280243323
vn -0.43035603537976563 0.7513412330112195 -0.5002799560140205
vn -0.9539196926775727 0.24539689966912542 -0.17267768111341608
vn -0.43035603537976563 0.7513412330112195 -0.5002799560140205
vn -0.6264580342870502 0.3053426900243232 -0.7171584015584807
vn -0.5913650510377642 -0.7982282046391536 0.1145386822416608
vn -0.9971105656818712 0.07322611333469686 0.020210297659183675
vn -0.9856724809291662 0.14941125776103906 0.07826900020574602
vn -0.5913650510377642 -0.7982282046391536 0.1145386822416608
vn -0.9856724809291662 0.14941125776103906 0.07826900020574602
vn -0.6440731478494169 -0.7649620996606982 0.001663220381966943
vn -0.6440731478494169 -0.7649620996606982 0.001663220381966943
vn -0.9856724809291662 0.14941125776103906 0.07826900020574602
vn -0.9794949363644053 0.20102120900286158 -0.013421742342831418
vn -0.6440731478494169 -0.7649620996606982 0.001663220381966943
vn -0.9794949363644053 0.20102120900286158 -0.013421742342831418
vn -0.6243503448318326 -0.6758626964307203 -0.39165834917918924
vn -0.6243503448318326 -0.6758626964307203 -0.39165834917918924
vn -0.9794949363644053 0.20102120900286158 -0.013421742342831418
vn -0.9539196926775727 0.24539689966912542 -0.17267768111341608
vn -0.6243503448318326 -0.6758626964307203 -0.39165834917918924
vn -0.9539196926775727 0.24539689966912542 -0.17267768111341608
vn -0.5508282800741116 -0.25839259056752983 -0.7936129251785135
vn -0.5508282800741116 -0.25839259056752983 -0.7936129251785135
vn -0.9539196926775727 0.24539689966912542 -0.17267768111341608
vn -0.6264580342870502 0.3053426900243232 -0.7171584015584807
vn -0.9935396565285904 -0.11343240326752316 -0.0034699847268661772
vn -0.6374986362704166 -0.1298288913584958 0.7594339653465486
vn -0.5556693248187775 0.7074991077071822 0.43666533415074915
vn -0.5094082970817922 -0.8354832284736822 0.20608484127519258
vn -0.9935396565285904 -0.11343240326752316 -0.0034699847268661772
vn -0.9971105656818712 0.07322611333469686 0.020210297659183675
vn -0.5094082970817922 -0.8354832284736822 0.20608484127519258
vn -0.9971105656818712 0.07322611333469686 0.020210297659183675
vn -0.5913650510377642 -0.7982282046391536 0.1145386822416608
vn -0.6440731478494169 -0.7649620996606982 0.001663220381966943
vn 4.640253771629012e-17 -0.9999992092478991 -0.0012575784574226732
vn -6.502838176314604e-15 -0.9843490166250936 0.1762300016149672
vn -0.6440731478494169 -0.7649620996606982 0.001663220381966943
vn -6.502838176314604e-15 -0.9843490166250936 0.1762300016149672
vn -0.5913650510377642 -0.7982282046391536 0.1145386822416608
vn -0.9935396565285904 -0.11343240326752316 -0.0034699847268661772
vn -0.5712094199775396 0.817560309588313 0.07290362621149016
vn -0.5586555744256535 0.8288007038645028 0.031517335497276054
vn -0.9935396565285904 -0.11343240326752316 -0.0034699847268661772
vn -0.5586555744256535 0.8288007038645028 0.031517335497276054
vn -0.9971105656818712 0.07322611333469686 0.020210297659183675
vn -4.8346231214869434e-9 0.9823367753367434 0.18712151084524895
vn -0.5540203905692412 0.8166727430756123 0.16157672341912444
vn -0.5586555744256535 0.8288007038645028 0.031517335497276054
vn -4.8346231214869434e-9 0.9823367753367434 0.18712151084524895
vn -0.5586555744256535 0.8288007038645028 0.031517335497276054
vn -9.778775815927181e-9 0.9996447301952892 0.02665358123755702
vn -9.778775815927181e-9 0.9996447301952892 0.02665358123755702
vn -9.967599224854178e-9 0.9902012148855232 0.1396479646798835
vn 0.5709639926903466 0.8177110254404194 0.07313547650952974
vn -9.778775815927181e-9 0.9996447301952892 0.02665358123755702
vn 0.5709639926903466 0.8177110254404194 0.07313547650952974
vn 0.5586555744256512 0.8288007038645028 0.03151733549731728
vn -9.967599224854178e-9 0.9902012148855232 0.1396479646798835
vn -1.2889839804562313e-8 0.8146822828030105 0.5799075599497523
vn 0.5424278354207778 0.71614080287805 0.43922021107174897
vn -9.967599224854178e-9 0.9902012148855232 0.1396479646798835
vn 0.5424278354207778 0.71614080287805 0.43922021107174897
vn 0.5709639926903466 0.8177110254404194 0.07313547650952974
vn 0.9971105667323351 0.07322609851068002 0.02021029954319619
vn 0.9856724864677534 0.1494112287982712 0.07826898574446278
vn 0.5540203905692292 0.8166727430756123 0.16157672341916532
vn 0.9971105667323351 0.07322609851068002 0.02021029954319619
vn 0.5540203905692292 0.8166727430756123 0.16157672341916532
vn 0.5586555744256512 0.8288007038645028 0.03151733549731728
vn 0.5717204174010075 0.7740226104508908 0.27207492136837247
vn 0.5506653001296451 0.8316530993004496 0.07156011219306684
vn -4.973654766453259e-15 0.9908743934315094 0.13478848779379593
vn 0.5717204174010075 0.7740226104508908 0.27207492136837247
vn -4.973654766453259e-15 0.9908743934315094 0.13478848779379593
vn 4.8215460623157045e-9 0.8964343358271792 0.44317658055236203
vn 0.5094082970817769 -0.8354832284736822 0.20608484127523022
vn 0.6375001520377302 -0.12983144744366204 0.7594322559692566
vn -5.073943162660251e-9 -0.21297407589959175 0.9770578503828292
vn 0.5094082970817769 -0.8354832284736822 0.20608484127523022
vn -5.073943162660251e-9 -0.21297407589959175 0.9770578503828292
vn -1.2538986425665716e-9 -0.9404964570440468 0.339803493636536
vn 0.9935427492458767 -0.1134055729574321 -0.0034614221270027885
vn 0.6375001520377302 -0.12983144744366204 0.7594322559692566
vn 0.5094082970817769 -0.8354832284736822 0.20608484127523022
vn 0.5540203905692292 0.8166727430756123 0.16157672341916532
vn 0.5717204174010075 0.7740226104508908 0.27207492136837247
vn 4.8215460623157045e-9 0.8964343358271792 0.44317658055236203
vn 0.5540203905692292 0.8166727430756123 0.16157672341916532
vn 4.8215460623157045e-9 0.8964343358271792 0.44317658055236203
vn -4.8346231214869434e-9 0.9823367753367434 0.18712151084524895
vn 0.5913650500284388 -0.7982282032767692 0.1145386969473761
vn 0.5094082970817769 -0.8354832284736822 0.20608484127523022
vn -1.2538986425665716e-9 -0.9404964570440468 0.339803493636536
vn 0.5913650500284388 -0.7982282032767692 0.1145386969473761
vn -1.2538986425665716e-9 -0.9404964570440468 0.339803493636536
vn -6.502838176314604e-15 -0.9843490166250936 0.1762300016149672
vn -5.073943162660251e-9 -0.21297407589959175 0.9770578503828292
vn 0.6375001520377302 -0.12983144744366204 0.7594322559692566
vn 0.5424278354207778 0.71614080287805 0.43922021107174897
vn -5.073943162660251e-9 -0.21297407589959175 0.9770578503828292
vn 0.5424278354207778 0.71614080287805 0.43922021107174897
vn -1.2889839804562313e-8 0.8146822828030105 0.5799075599497523
vn 0.9856724864677534 0.1494112287982712 0.07826898574446278
vn 0.9794949358624166 0.20102120889983335 -0.013421780520106324
vn 0.5717204174010075 0.7740226104508908 0.27207492136837247
vn 0.9856724864677534 0.1494112287982712 0.07826898574446278
vn 0.5717204174010075 0.7740226104508908 0.27207492136837247
vn 0.5540203905692292 0.8166727430756123 0.16157672341916532
vn 4.640253771629012e-17 -0.9999992092478991 -0.0012575784574226732
vn 5.221402133642742e-9 -0.8850878861005469 -0.465423929206552
vn 0.6243503263259521 -0.6758626813156875 -0.39165840476293434
vn 4.640253771629012e-17 -0.9999992092478991 -0.0012575784574226732
vn 0.6243503263259521 -0.6758626813156875 -0.39165840476293434
vn 0.6440731827344879 -0.7649620703013992 0.0016632144974139183
vn 0.5506653001296451 0.8316530993004496 0.07156011219306684
vn 0.43035603537980255 0.7513412330112195 -0.5002799560139888
vn 2.026695306938675e-14 0.8356619281893074 -0.5492441549756616
vn 0.5506653001296451 0.8316530993004496 0.07156011219306684
vn 2.026695306938675e-14 0.8356619281893074 -0.5492441549756616
vn -4.973654766453259e-15 0.9908743934315094 0.13478848779379593
vn 5.221402133642742e-9 -0.8850878861005469 -0.465423929206552
vn 3.4375958811337026e-14 -0.3634721454746166 -0.9316050662507578
vn 0.5508282167401964 -0.2583925590157938 -0.7936129794100427
vn 5.221402133642742e-9 -0.8850878861005469 -0.465423929206552
vn 0.5508282167401964 -0.2583925590157938 -0.7936129794100427
vn 0.6243503263259521 -0.6758626813156875 -0.39165840476293434
vn 0.9794949358624166 0.20102120889983335 -0.013421780520106324
vn 0.9539196818258022 0.24539691177864695 -0.17267772385245006
vn 0.5506653001296451 0.8316530993004496 0.07156011219306684
vn 0.9794949358624166 0.20102120889983335 -0.013421780520106324
vn 0.5506653001296451 0.8316530993004496 0.07156011219306684
vn 0.5717204174010075 0.7740226104508908 0.27207492136837247
vn 0.6264580513892627 0.30534260895314064 -0.7171584211366813
vn -1.552294667497003e-10 0.38784293740537235 -0.9217254775174507
vn 2.026695306938675e-14 0.8356619281893074 -0.5492441549756616
vn 0.6264580513892627 0.30534260895314064 -0.7171584211366813
vn 2.026695306938675e-14 0.8356619281893074 -0.5492441549756616
vn 0.43035603537980255 0.7513412330112195 -0.5002799560139888
vn 3.4375958811337026e-14 -0.3634721454746166 -0.9316050662507578
vn -1.552294667497003e-10 0.38784293740537235 -0.9217254775174507
vn 0.6264580513892627 0.30534260895314064 -0.7171584211366813
vn 3.4375958811337026e-14 -0.3634721454746166 -0.9316050662507578
vn 0.6264580513892627 0.30534260895314064 -0.7171584211366813
vn 0.5508282167401964 -0.2583925590157938 -0.7936129794100427
vn 0.9539196818258022 0.24539691177864695 -0.17267772385245006
vn 0.6264580513892627 0.30534260895314064 -0.7171584211366813
vn 0.43035603537980255 0.7513412330112195 -0.5002799560139888
vn 0.9539196818258022 0.24539691177864695 -0.17267772385245006
vn 0.43035603537980255 0.7513412330112195 -0.5002799560139888
vn 0.5506653001296451 0.8316530993004496 0.07156011219306684
vn 0.5913650500284388 -0.7982282032767692 0.1145386969473761
vn 0.6440731827344879 -0.7649620703013992 0.0016632144974139183
vn 0.9856724864677534 0.1494112287982712 0.07826898574446278
vn 0.5913650500284388 -0.7982282032767692 0.1145386969473761
vn 0.9856724864677534 0.1494112287982712 0.07826898574446278
vn 0.9971105667323351 0.07322609851068002 0.02021029954319619
vn 0.6440731827344879 -0.7649620703013992 0.0016632144974139183
vn 0.6243503263259521 -0.6758626813156875 -0.39165840476293434
vn 0.9794949358624166 0.20102120889983335 -0.013421780520106324
vn 0.6440731827344879 -0.7649620703013992 0.0016632144974139183
vn 0.9794949358624166 0.20102120889983335 -0.013421780520106324
vn 0.9856724864677534 0.1494112287982712 0.07826898574446278
vn 0.6243503263259521 -0.6758626813156875 -0.39165840476293434
vn 0.5508282167401964 -0.2583925590157938 -0.7936129794100427
vn 0.9539196818258022 0.24539691177864695 -0.17267772385245006
vn 0.6243503263259521 -0.6758626813156875 -0.39165840476293434
vn 0.9539196818258022 0.24539691177864695 -0.17267772385245006
vn 0.9794949358624166 0.20102120889983335 -0.013421780520106324
vn 0.5508282167401964 -0.2583925590157938 -0.7936129794100427
vn 0.6264580513892627 0.30534260895314064 -0.7171584211366813
vn 0.9539196818258022 0.24539691177864695 -0.17267772385245006
vn 0.5424278354207778 0.71614080287805 0.43922021107174897
vn 0.6375001520377302 -0.12983144744366204 0.7594322559692566
vn 0.9935427492458767 -0.1134055729574321 -0.0034614221270027885
vn 0.5094082970817769 -0.8354832284736822 0.20608484127523022
vn 0.5913650500284388 -0.7982282032767692 0.1145386969473761
vn 0.9971105667323351 0.07322609851068002 0.02021029954319619
vn 0.5094082970817769 -0.8354832284736822 0.20608484127523022
vn 0.9971105667323351 0.07322609851068002 0.02021029954319619
vn 0.9935427492458767 -0.1134055729574321 -0.0034614221270027885
vn 0.6440731827344879 -0.7649620703013992 0.0016632144974139183
vn 0.5913650500284388 -0.7982282032767692 0.1145386969473761
vn -6.502838176314604e-15 -0.9843490166250936 0.1762300016149672
vn 0.6440731827344879 -0.7649620703013992 0.0016632144974139183
vn -6.502838176314604e-15 -0.9843490166250936 0.1762300016149672
vn 4.640253771629012e-17 -0.9999992092478991 -0.0012575784574226732
vn 0.9935427492458767 -0.1134055729574321 -0.0034614221270027885
vn 0.9971105667323351 0.07322609851068002 0.02021029954319619
vn 0.5586555744256512 0.8288007038645028 0.03151733549731728
vn 0.9935427492458767 -0.1134055729574321 -0.0034614221270027885
vn 0.5586555744256512 0.8288007038645028 0.03151733549731728
vn 0.5709639926903466 0.8177110254404194 0.07313547650952974
vn -4.8346231214869434e-9 0.9823367753367434 0.18712151084524895
vn -9.778775815927181e-9 0.9996447301952892 0.02665358123755702
vn 0.5586555744256512 0.8288007038645028 0.03151733549731728
vn -4.8346231214869434e-9 0.9823367753367434 0.18712151084524895
vn 0.5586555744256512 0.8288007038645028 0.03151733549731728
vn 0.5540203905692292 0.8166727430756123 0.16157672341916532
vn -0.6816378023425598 0.2753505339720027 0.6779026403982644
vn -0.7098852181990539 0.6585434216212311 0.2497669690369067
vn -0.6798446141331069 0.5940726385318545 -0.42998721002142315
vn -0.6816378023425598 0.2753505339720027 0.6779026403982644
vn -0.6798446141331069 0.5940726385318545 -0.42998721002142315
vn -0.7245747497738648 0.07120919007745928 -0.6855076099057203
vn -0.7245747497738648 0.07120919007745928 -0.6855076099057203
vn -0.6798446141331069 0.5940726385318545 -0.42998721002142315
vn 0.509446993269305 0.7031381262677521 -0.4960448935706719
vn -0.7245747497738648 0.07120919007745928 -0.6855076099057203
vn 0.509446993269305 0.7031381262677521 -0.4960448935706719
vn 0.5968915997630143 0.09033103275300904 -0.7972206235755096
vn 0.5968915997630143 0.09033103275300904 -0.7972206235755096
vn 0.509446993269305 0.7031381262677521 -0.4960448935706719
vn 0.5632843891832071 0.776278940102526 0.28302244443824637
vn 0.5968915997630143 0.09033103275300904 -0.7972206235755096
vn 0.5632843891832071 0.776278940102526 0.28302244443824637
vn 0.5521731334635873 0.33427549475583895 0.7637831657523897
vn 0.5521731334635873 0.33427549475583895 0.7637831657523897
vn 0.5632843891832071 0.776278940102526 0.28302244443824637
vn -0.7098852181990539 0.6585434216212311 0.2497669690369067
vn 0.5521731334635873 0.33427549475583895 0.7637831657523897
vn -0.7098852181990539 0.6585434216212311 0.2497669690369067
vn -0.6816378023425598 0.2753505339720027 0.6779026403982644
vn -0.7496443778693102 -0.05571985914905707 0.6594911705438856
vn -0.7057950805348401 -0.29865167999493275 -0.6423865489944685
vn -0.7881049034941179 -0.5219842115383078 -0.32622560290887365
vn -0.7496443778693102 -0.05571985914905707 0.6594911705438856
vn -0.7881049034941179 -0.5219842115383078 -0.32622560290887365
vn -0.7872298363119654 -0.03668548465738449 0.6155675105426609
vn 0.509446993269305 0.7031381262677521 -0.4960448935706719
vn -0.6798446141331069 0.5940726385318545 -0.42998721002142315
vn -0.7098852181990539 0.6585434216212311 0.2497669690369067
vn 0.509446993269305 0.7031381262677521 -0.4960448935706719
vn -0.7098852181990539 0.6585434216212311 0.2497669690369067
vn 0.5632843891832071 0.776278940102526 0.28302244443824637
vn 0.6549129002887947 -0.06368721699640127 0.753015956953485
vn 0.5521731334635873 0.33427549475583895 0.7637831657523897
vn -0.6816378023425598 0.2753505339720027 0.6779026403982644
vn 0.6549129002887947 -0.06368721699640127 0.753015956953485
vn -0.6816378023425598 0.2753505339720027 0.6779026403982644
vn -0.7496443778693102 -0.05571985914905707 0.6594911705438856
vn 0.5706016955344446 -0.35500774410597496 -0.7405290046162971
vn 0.5968915997630143 0.09033103275300904 -0.7972206235755096
vn 0.5521731334635873 0.33427549475583895 0.7637831657523897
vn 0.5706016955344446 -0.35500774410597496 -0.7405290046162971
vn 0.5521731334635873 0.33427549475583895 0.7637831657523897
vn 0.6549129002887947 -0.06368721699640127 0.753015956953485
vn -0.7057950805348401 -0.29865167999493275 -0.6423865489944685
vn -0.7245747497738648 0.07120919007745928 -0.6855076099057203
vn 0.5968915997630143 0.09033103275300904 -0.7972206235755096
vn -0.7057950805348401 -0.29865167999493275 -0.6423865489944685
vn 0.5968915997630143 0.09033103275300904 -0.7972206235755096
vn 0.5706016955344446 -0.35500774410597496 -0.7405290046162971
vn -0.7496443778693102 -0.05571985914905707 0.6594911705438856
vn -0.6816378023425598 0.2753505339720027 0.6779026403982644
vn -0.7245747497738648 0.07120919007745928 -0.6855076099057203
vn -0.7496443778693102 -0.05571985914905707 0.6594911705438856
vn -0.7245747497738648 0.07120919007745928 -0.6855076099057203
vn -0.7057950805348401 -0.29865167999493275 -0.6423865489944685
vn 0.6288027152880441 -0.6829022653006802 -0.37182205595362755
vn 0.7102779544019673 -0.06739483853401759 0.7006876359901967
vn 0.3479698579481673 -0.334255277819885 0.8758940502190226
vn 0.6288027152880441 -0.6829022653006802 -0.37182205595362755
vn 0.3479698579481673 -0.334255277819885 0.8758940502190226
vn 0.35078894299074703 -0.926666101465223 0.13504463658612803
vn 0.5706016955344446 -0.35500774410597496 -0.7405290046162971
vn 0.6549129002887947 -0.06368721699640127 0.753015956953485
vn 0.7102779544019673 -0.06739483853401759 0.7006876359901967
vn 0.5706016955344446 -0.35500774410597496 -0.7405290046162971
vn 0.7102779544019673 -0.06739483853401759 0.7006876359901967
vn 0.6288027152880441 -0.6829022653006802 -0.37182205595362755
vn 0.6549129002887947 -0.06368721699640127 0.753015956953485
vn -0.7496443778693102 -0.05571985914905707 0.6594911705438856
vn -0.7872298363119654 -0.03668548465738449 0.6155675105426609
vn 0.6549129002887947 -0.06368721699640127 0.753015956953485
vn -0.7872298363119654 -0.03668548465738449 0.6155675105426609
vn 0.7102779544019673 -0.06739483853401759 0.7006876359901967
vn -0.7057950805348401 -0.29865167999493275 -0.6423865489944685
vn 0.5706016955344446 -0.35500774410597496 -0.7405290046162971
vn 0.6288027152880441 -0.6829022653006802 -0.37182205595362755
vn -0.7057950805348401 -0.29865167999493275 -0.6423865489944685
vn 0.6288027152880441 -0.6829022653006802 -0.37182205595362755
vn -0.7881049034941179 -0.5219842115383078 -0.32622560290887365
vn -0.47039002937710267 -0.8811674791894856 0.047718904864383474
vn 0.35078894299074703 -0.926666101465223 0.13504463658612803
vn 0.3479698579481673 -0.334255277819885 0.8758940502190226
vn -0.47039002937710267 -0.8811674791894856 0.047718904864383474
vn 0.3479698579481673 -0.334255277819885 0.8758940502190226
vn -0.4763561191520336 -0.28172583132031365 0.8328957940302567
vn -0.7872298363119654 -0.03668548465738449 0.6155675105426609
vn -0.7881049034941179 -0.5219842115383078 -0.32622560290887365
vn -0.47039002937710267 -0.8811674791894856 0.047718904864383474
vn -0.7872298363119654 -0.03668548465738449 0.6155675105426609
vn -0.47039002937710267 -0.8811674791894856 0.047718904864383474
vn -0.4763561191520336 -0.28172583132031365 0.8328957940302567
vn 0.7102779544019673 -0.06739483853401759 0.7006876359901967
vn -0.7872298363119654 -0.03668548465738449 0.6155675105426609
vn -0.4763561191520336 -0.28172583132031365 0.8328957940302567
vn 0.7102779544019673 -0.06739483853401759 0.7006876359901967
vn -0.4763561191520336 -0.28172583132031365 0.8328957940302567
vn 0.3479698579481673 -0.334255277819885 0.8758940502190226
vn -0.7881049034941179 -0.5219842115383078 -0.32622560290887365
vn 0.6288027152880441 -0.6829022653006802 -0.37182205595362755
vn 0.35078894299074703 -0.926666101465223 0.13504463658612803
vn -0.7881049034941179 -0.5219842115383078 -0.32622560290887365
vn 0.35078894299074703 -0.926666101465223 0.13504463658612803
vn -0.47039002937710267 -0.8811674791894856 0.047718904864383474
vn 0.6816377760255515 0.27535051761638496 0.6779026735036003
vn 0.7245747505427625 0.07120917525185812 -0.6855076106330577
vn 0.6798445018751206 0.5940727638154156 -0.4299872144179202
vn 0.6816377760255515 0.27535051761638496 0.6779026735036003
vn 0.6798445018751206 0.5940727638154156 -0.4299872144179202
vn 0.709885223483164 0.6585434265231859 0.24976694109381226
vn 0.7245747505427625 0.07120917525185812 -0.6855076106330577
vn -0.5968915338345389 0.09033101689482702 -0.7972206747340401
vn -0.5094469932692685 0.7031381262677521 -0.49604489357070947
vn 0.7245747505427625 0.07120917525185812 -0.6855076106330577
vn -0.5094469932692685 0.7031381262677521 -0.49604489357070947
vn 0.6798445018751206 0.5940727638154156 -0.4299872144179202
vn -0.5968915338345389 0.09033101689482702 -0.7972206747340401
vn -0.5521732000328154 0.3342754989720277 0.7637831157812552
vn -0.5632844606901782 0.7762788969007967 0.28302242061620764
vn -0.5968915338345389 0.09033101689482702 -0.7972206747340401
vn -0.5632844606901782 0.7762788969007967 0.28302242061620764
vn -0.5094469932692685 0.7031381262677521 -0.49604489357070947
vn -0.5521732000328154 0.3342754989720277 0.7637831157812552
vn 0.6816377760255515 0.27535051761638496 0.6779026735036003
vn 0.709885223483164 0.6585434265231859 0.24976694109381226
vn -0.5521732000328154 0.3342754989720277 0.7637831157812552
vn 0.709885223483164 0.6585434265231859 0.24976694109381226
vn -0.5632844606901782 0.7762788969007967 0.28302242061620764
vn 0.7496444031354703 -0.05571996160990034 0.659491133166971
vn 0.7872298295339624 -0.0366857190348136 0.6155675052427857
vn 0.7881048697783812 -0.5219843084166822 -0.32622552934796306
vn 0.7496444031354703 -0.05571996160990034 0.659491133166971
vn 0.7881048697783812 -0.5219843084166822 -0.32622552934796306
vn 0.705795023597753 -0.298651681123676 -0.6423866110269184
vn -0.5094469932692685 0.7031381262677521 -0.49604489357070947
vn -0.5632844606901782 0.7762788969007967 0.28302242061620764
vn 0.709885223483164 0.6585434265231859 0.24976694109381226
vn -0.5094469932692685 0.7031381262677521 -0.49604489357070947
vn 0.709885223483164 0.6585434265231859 0.24976694109381226
vn 0.6798445018751206 0.5940727638154156 -0.4299872144179202
vn -0.6549128956274298 -0.06368732830181002 0.753015951593771
vn 0.7496444031354703 -0.05571996160990034 0.659491133166971
vn 0.6816377760255515 0.27535051761638496 0.6779026735036003
vn -0.6549128956274298 -0.06368732830181002 0.753015951593771
vn 0.6816377760255515 0.27535051761638496 0.6779026735036003
vn -0.5521732000328154 0.3342754989720277 0.7637831157812552
vn -0.5706016955343899 -0.35500774410597496 -0.7405290046163392
vn -0.6549128956274298 -0.06368732830181002 0.753015951593771
vn -0.5521732000328154 0.3342754989720277 0.7637831157812552
vn -0.5706016955343899 -0.35500774410597496 -0.7405290046163392
vn -0.5521732000328154 0.3342754989720277 0.7637831157812552
vn -0.5968915338345389 0.09033101689482702 -0.7972206747340401
vn 0.705795023597753 -0.298651681123676 -0.6423866110269184
vn -0.5706016955343899 -0.35500774410597496 -0.7405290046163392
vn -0.5968915338345389 0.09033101689482702 -0.7972206747340401
vn 0.705795023597753 -0.298651681123676 -0.6423866110269184
vn -0.5968915338345389 0.09033101689482702 -0.7972206747340401
vn 0.7245747505427625 0.07120917525185812 -0.6855076106330577
vn 0.7496444031354703 -0.05571996160990034 0.659491133166971
vn 0.705795023597753 -0.298651681123676 -0.6423866110269184
vn 0.7245747505427625 0.07120917525185812 -0.6855076106330577
vn 0.7496444031354703 -0.05571996160990034 0.659491133166971
vn 0.7245747505427625 0.07120917525185812 -0.6855076106330577
vn 0.6816377760255515 0.27535051761638496 0.6779026735036003
vn -0.6288027013522846 -0.682902250165984 -0.3718221073178749
vn -0.35078894793205245 -0.9266661145184734 0.13504453418024517
vn -0.3479698510155676 -0.3342553307651019 0.8758940327684145
vn -0.6288027013522846 -0.682902250165984 -0.3718221073178749
vn -0.3479698510155676 -0.3342553307651019 0.8758940327684145
vn -0.7102779173778864 -0.06739499713876622 0.7006876582657912
vn -0.5706016955343899 -0.35500774410597496 -0.7405290046163392
vn -0.6288027013522846 -0.682902250165984 -0.3718221073178749
vn -0.7102779173778864 -0.06739499713876622 0.7006876582657912
vn -0.5706016955343899 -0.35500774410597496 -0.7405290046163392
vn -0.7102779173778864 -0.06739499713876622 0.7006876582657912
vn -0.6549128956274298 -0.06368732830181002 0.753015951593771
vn -0.6549128956274298 -0.06368732830181002 0.753015951593771
vn -0.7102779173778864 -0.06739499713876622 0.7006876582657912
vn 0.7872298295339624 -0.0366857190348136 0.6155675052427857
vn -0.6549128956274298 -0.06368732830181002 0.753015951593771
vn 0.7872298295339624 -0.0366857190348136 0.6155675052427857
vn 0.7496444031354703 -0.05571996160990034 0.659491133166971
vn 0.705795023597753 -0.298651681123676 -0.6423866110269184
vn 0.7881048697783812 -0.5219843084166822 -0.32622552934796306
vn -0.6288027013522846 -0.682902250165984 -0.3718221073178749
vn 0.705795023597753 -0.298651681123676 -0.6423866110269184
vn -0.6288027013522846 -0.682902250165984 -0.3718221073178749
vn -0.5706016955343899 -0.35500774410597496 -0.7405290046163392
vn 0.470389936552398 -0.8811675323918033 0.04771883746248693
vn 0.4763559182273364 -0.28172595507856635 0.8328958670835512
vn -0.3479698510155676 -0.3342553307651019 0.8758940327684145
vn 0.470389936552398 -0.8811675323918033 0.04771883746248693
vn -0.3479698510155676 -0.3342553307651019 0.8758940327684145
vn -0.35078894793205245 -0.9266661145184734 0.13504453418024517
vn 0.7872298295339624 -0.0366857190348136 0.6155675052427857
vn 0.4763559182273364 -0.28172595507856635 0.8328958670835512
vn 0.470389936552398 -0.8811675323918033 0.04771883746248693
vn 0.7872298295339624 -0.0366857190348136 0.6155675052427857
vn 0.470389936552398 -0.8811675323918033 0.04771883746248693
vn 0.7881048697783812 -0.5219843084166822 -0.32622552934796306
vn -0.7102779173778864 -0.06739499713876622 0.7006876582657912
vn -0.3479698510155676 -0.3342553307651019 0.8758940327684145
vn 0.4763559182273364 -0.28172595507856635 0.8328958670835512
vn -0.7102779173778864 -0.06739499713876622 0.7006876582657912
vn 0.4763559182273364 -0.28172595507856635 0.8328958670835512
vn 0.7872298295339624 -0.0366857190348136 0.6155675052427857
vn 0.7881048697783812 -0.5219843084166822 -0.32622552934796306
vn 0.470389936552398 -0.8811675323918033 0.04771883746248693
vn -0.35078894793205245 -0.9266661145184734 0.13504453418024517
vn 0.7881048697783812 -0.5219843084166822 -0.32622552934796306
vn -0.35078894793205245 -0.9266661145184734 0.13504453418024517
vn -0.6288027013522846 -0.682902250165984 -0.3718221073178749
vn -0.6980516210724447 0.19774049532416774 0.6882024635433129
vn -0.7646343837932503 0.5305961356028663 0.36578955699202387
vn -0.7289914869670181 -0.3882401036373696 -0.5637739208736606
vn -0.6980516210724447 0.19774049532416774 0.6882024635433129
vn -0.7289914869670181 -0.3882401036373696 -0.5637739208736606
vn -0.7955585703568054 -0.5004837962590264 -0.3414711273504526
vn -0.7955585703568054 -0.5004837962590264 -0.3414711273504526
vn -0.7289914869670181 -0.3882401036373696 -0.5637739208736606
vn 0.6028078726444102 -0.36768412748538526 -0.7081179640944238
vn -0.7955585703568054 -0.5004837962590264 -0.3414711273504526
vn 0.6028078726444102 -0.36768412748538526 -0.7081179640944238
vn 0.7599340735032628 -0.5283442092453158 -0.37861933453757946
vn 0.7599340735032628 -0.5283442092453158 -0.37861933453757946
vn 0.6028078726444102 -0.36768412748538526 -0.7081179640944238
vn 0.6567616607255053 0.6560788202480239 0.3717858289701713
vn 0.7599340735032628 -0.5283442092453158 -0.37861933453757946
vn 0.6567616607255053 0.6560788202480239 0.3717858289701713
vn 0.5837701959103184 0.20095699489431226 0.7866566243094096
vn 0.5837701959103184 0.20095699489431226 0.7866566243094096
vn 0.6567616607255053 0.6560788202480239 0.3717858289701713
vn -0.7646343837932503 0.5305961356028663 0.36578955699202387
vn 0.5837701959103184 0.20095699489431226 0.7866566243094096
vn -0.7646343837932503 0.5305961356028663 0.36578955699202387
vn -0.6980516210724447 0.19774049532416774 0.6882024635433129
vn -0.7955585703568054 -0.5004837962590264 -0.3414711273504526
vn 0.7599340735032628 -0.5283442092453158 -0.37861933453757946
vn 0.36021227305549647 -0.881804344516586 -0.30441454684667524
vn -0.7955585703568054 -0.5004837962590264 -0.3414711273504526
vn 0.36021227305549647 -0.881804344516586 -0.30441454684667524
vn -0.5390537486618789 -0.7696324601121897 -0.34217967852465236
vn -0.7289914869670181 -0.3882401036373696 -0.5637739208736606
vn -0.7646343837932503 0.5305961356028663 0.36578955699202387
vn -0.4986198688033014 0.8652991236546004 -0.05133861156243874
vn -0.7289914869670181 -0.3882401036373696 -0.5637739208736606
vn -0.4986198688033014 0.8652991236546004 -0.05133861156243874
vn -0.5016082025376989 0.27925272251059 -0.8187839324982643
vn 0.38874038565626284 0.36453828309677416 -0.8461635496265932
vn -0.5016082025376989 0.27925272251059 -0.8187839324982643
vn -0.4986198688033014 0.8652991236546004 -0.05133861156243874
vn 0.38874038565626284 0.36453828309677416 -0.8461635496265932
vn -0.4986198688033014 0.8652991236546004 -0.05133861156243874
vn 0.3872302257067828 0.9145109690918285 -0.11714281757666059
vn -0.7646343837932503 0.5305961356028663 0.36578955699202387
vn 0.6567616607255053 0.6560788202480239 0.3717858289701713
vn 0.3872302257067828 0.9145109690918285 -0.11714281757666059
vn -0.7646343837932503 0.5305961356028663 0.36578955699202387
vn 0.3872302257067828 0.9145109690918285 -0.11714281757666059
vn -0.4986198688033014 0.8652991236546004 -0.05133861156243874
vn 0.6028078726444102 -0.36768412748538526 -0.7081179640944238
vn -0.7289914869670181 -0.3882401036373696 -0.5637739208736606
vn -0.5016082025376989 0.27925272251059 -0.8187839324982643
vn 0.6028078726444102 -0.36768412748538526 -0.7081179640944238
vn -0.5016082025376989 0.27925272251059 -0.8187839324982643
vn 0.38874038565626284 0.36453828309677416 -0.8461635496265932
vn 0.6567616607255053 0.6560788202480239 0.3717858289701713
vn 0.6028078726444102 -0.36768412748538526 -0.7081179640944238
vn 0.38874038565626284 0.36453828309677416 -0.8461635496265932
vn 0.6567616607255053 0.6560788202480239 0.3717858289701713
vn 0.38874038565626284 0.36453828309677416 -0.8461635496265932
vn 0.3872302257067828 0.9145109690918285 -0.11714281757666059
vn -0.5390537486618789 -0.7696324601121897 -0.34217967852465236
vn 0.36021227305549647 -0.881804344516586 -0.30441454684667524
vn 0.34781385110190405 -0.592990013757782 0.726215098001417
vn -0.5390537486618789 -0.7696324601121897 -0.34217967852465236
vn 0.34781385110190405 -0.592990013757782 0.726215098001417
vn -0.5770226374336261 -0.5144001811134501 0.6343794838734871
vn -0.6980516210724447 0.19774049532416774 0.6882024635433129
vn -0.7955585703568054 -0.5004837962590264 -0.3414711273504526
vn -0.5390537486618789 -0.7696324601121897 -0.34217967852465236
vn -0.6980516210724447 0.19774049532416774 0.6882024635433129
vn -0.5390537486618789 -0.7696324601121897 -0.34217967852465236
vn -0.5770226374336261 -0.5144001811134501 0.6343794838734871
vn 0.7599340735032628 -0.5283442092453158 -0.37861933453757946
vn 0.5837701959103184 0.20095699489431226 0.7866566243094096
vn 0.34781385110190405 -0.592990013757782 0.726215098001417
vn 0.7599340735032628 -0.5283442092453158 -0.37861933453757946
vn 0.34781385110190405 -0.592990013757782 0.726215098001417
vn 0.36021227305549647 -0.881804344516586 -0.30441454684667524
vn 0.5837701959103184 0.20095699489431226 0.7866566243094096
vn -0.6980516210724447 0.19774049532416774 0.6882024635433129
vn -0.5770226374336261 -0.5144001811134501 0.6343794838734871
vn 0.5837701959103184 0.20095699489431226 0.7866566243094096
vn -0.5770226374336261 -0.5144001811134501 0.6343794838734871
vn 0.34781385110190405 -0.592990013757782 0.726215098001417
vn 0.6980517332915258 0.19774053804749891 0.6882023374425447
vn 0.7955584408748013 -0.500484147424307 -0.3414709143248068
vn 0.7289915174757167 -0.3882403583039614 -0.5637737060492122
vn 0.6980517332915258 0.19774053804749891 0.6882023374425447
vn 0.7289915174757167 -0.3882403583039614 -0.5637737060492122
vn 0.7646342533989718 0.5305963066553212 0.36578958144366175
vn 0.7955584408748013 -0.500484147424307 -0.3414709143248068
vn -0.7599340193997233 -0.5283443918838964 -0.3786191882668084
vn -0.6028081707492647 -0.367684097732856 -0.7081177257718528
vn 0.7955584408748013 -0.500484147424307 -0.3414709143248068
vn -0.6028081707492647 -0.367684097732856 -0.7081177257718528
vn 0.7289915174757167 -0.3882403583039614 -0.5637737060492122
vn -0.7599340193997233 -0.5283443918838964 -0.3786191882668084
vn -0.5837702215343263 0.20095701861625162 0.7866565992341454
vn -0.656761746067509 0.6560789652298034 0.3717854223679935
vn -0.7599340193997233 -0.5283443918838964 -0.3786191882668084
vn -0.656761746067509 0.6560789652298034 0.3717854223679935
vn -0.6028081707492647 -0.367684097732856 -0.7081177257718528
vn -0.5837702215343263 0.20095701861625162 0.7866565992341454
vn 0.6980517332915258 0.19774053804749891 0.6882023374425447
vn 0.7646342533989718 0.5305963066553212 0.36578958144366175
vn -0.5837702215343263 0.20095701861625162 0.7866565992341454
vn 0.7646342533989718 0.5305963066553212 0.36578958144366175
vn -0.656761746067509 0.6560789652298034 0.3717854223679935
vn 0.7955584408748013 -0.500484147424307 -0.3414709143248068
vn 0.5390531527152456 -0.7696328774872017 -0.34217967858790793
vn -0.3602124968782407 -0.8818043087858396 -0.3044143855002108
vn 0.7955584408748013 -0.500484147424307 -0.3414709143248068
vn -0.3602124968782407 -0.8818043087858396 -0.3044143855002108
vn -0.7599340193997233 -0.5283443918838964 -0.3786191882668084
vn 0.7289915174757167 -0.3882403583039614 -0.5637737060492122
vn 0.5016083131928579 0.2792523899227901 -0.8187839781396712
vn 0.4986198581227797 0.8652991051196846 -0.051339027695236336
vn 0.7289915174757167 -0.3882403583039614 -0.5637737060492122
vn 0.4986198581227797 0.8652991051196846 -0.051339027695236336
vn 0.7646342533989718 0.5305963066553212 0.36578958144366175
vn -0.3887399952424019 0.3645381610895928 -0.8461637815508032
vn -0.3872296143274225 0.9145111712990204 -0.11714325997311748
vn 0.4986198581227797 0.8652991051196846 -0.051339027695236336
vn -0.3887399952424019 0.3645381610895928 -0.8461637815508032
vn 0.4986198581227797 0.8652991051196846 -0.051339027695236336
vn 0.5016083131928579 0.2792523899227901 -0.8187839781396712
vn 0.7646342533989718 0.5305963066553212 0.36578958144366175
vn 0.4986198581227797 0.8652991051196846 -0.051339027695236336
vn -0.3872296143274225 0.9145111712990204 -0.11714325997311748
vn 0.7646342533989718 0.5305963066553212 0.36578958144366175
vn -0.3872296143274225 0.9145111712990204 -0.11714325997311748
vn -0.656761746067509 0.6560789652298034 0.3717854223679935
vn -0.6028081707492647 -0.367684097732856 -0.7081177257718528
vn -0.3887399952424019 0.3645381610895928 -0.8461637815508032
vn 0.5016083131928579 0.2792523899227901 -0.8187839781396712
vn -0.6028081707492647 -0.367684097732856 -0.7081177257718528
vn 0.5016083131928579 0.2792523899227901 -0.8187839781396712
vn 0.7289915174757167 -0.3882403583039614 -0.5637737060492122
vn -0.656761746067509 0.6560789652298034 0.3717854223679935
vn -0.3872296143274225 0.9145111712990204 -0.11714325997311748
vn -0.3887399952424019 0.3645381610895928 -0.8461637815508032
vn -0.656761746067509 0.6560789652298034 0.3717854223679935
vn -0.3887399952424019 0.3645381610895928 -0.8461637815508032
vn -0.6028081707492647 -0.367684097732856 -0.7081177257718528
vn 0.5390531527152456 -0.7696328774872017 -0.34217967858790793
vn 0.5770221928267674 -0.5144002759192381 0.6343798114060699
vn -0.3478141595777139 -0.5929894443263934 0.7262154152279637
vn 0.5390531527152456 -0.7696328774872017 -0.34217967858790793
vn -0.3478141595777139 -0.5929894443263934 0.7262154152279637
vn -0.3602124968782407 -0.8818043087858396 -0.3044143855002108
vn 0.6980517332915258 0.19774053804749891 0.6882023374425447
vn 0.5770221928267674 -0.5144002759192381 0.6343798114060699
vn 0.5390531527152456 -0.7696328774872017 -0.34217967858790793
vn 0.6980517332915258 0.19774053804749891 0.6882023374425447
vn 0.5390531527152456 -0.7696328774872017 -0.34217967858790793
vn 0.7955584408748013 -0.500484147424307 -0.3414709143248068
vn -0.7599340193997233 -0.5283443918838964 -0.3786191882668084
vn -0.3602124968782407 -0.8818043087858396 -0.3044143855002108
vn -0.3478141595777139 -0.5929894443263934 0.7262154152279637
vn -0.7599340193997233 -0.5283443918838964 -0.3786191882668084
vn -0.3478141595777139 -0.5929894443263934 0.7262154152279637
vn -0.5837702215343263 0.20095701861625162 0.7866565992341454
vn -0.5837702215343263 0.20095701861625162 0.7866565992341454
vn -0.3478141595777139 -0.5929894443263934 0.7262154152279637
vn 0.5770221928267674 -0.5144002759192381 0.6343798114060699
vn -0.5837702215343263 0.20095701861625162 0.7866565992341454
vn 0.5770221928267674 -0.5144002759192381 0.6343798114060699
vn 0.6980517332915258 0.19774053804749891 0.6882023374425447
vn -0.7262732331742908 -0.157483933671182 0.6691233080755842
vn -0.715446634028294 0.21606656383334263 0.6644180565358202
vn -0.7389954325751675 0.09475804840571958 -0.6670132404198439
vn -0.7262732331742908 -0.157483933671182 0.6691233080755842
vn -0.7389954325751675 0.09475804840571958 -0.6670132404198439
vn -0.7257178474627617 -0.15607012975460438 -0.6700565054324873
vn -0.7257178474627617 -0.15607012975460438 -0.6700565054324873
vn -0.7389954325751675 0.09475804840571958 -0.6670132404198439
vn 0.7003373295130749 0.10466165727662342 -0.7060974170655245
vn -0.7257178474627617 -0.15607012975460438 -0.6700565054324873
vn 0.7003373295130749 0.10466165727662342 -0.7060974170655245
vn 0.6763072443147181 -0.17825810833998032 -0.7147255124161191
vn 0.6763072443147181 -0.17825810833998032 -0.7147255124161191
vn 0.7003373295130749 0.10466165727662342 -0.7060974170655245
vn 0.6630259296462984 0.2426958341861037 0.7081633629928713
vn 0.6763072443147181 -0.17825810833998032 -0.7147255124161191
vn 0.6630259296462984 0.2426958341861037 0.7081633629928713
vn 0.6768142486083181 -0.1796978770798896 0.7138845465856076
vn 0.6768142486083181 -0.1796978770798896 0.7138845465856076
vn 0.6630259296462984 0.2426958341861037 0.7081633629928713
vn -0.715446634028294 0.21606656383334263 0.6644180565358202
vn 0.6768142486083181 -0.1796978770798896 0.7138845465856076
vn -0.715446634028294 0.21606656383334263 0.6644180565358202
vn -0.7262732331742908 -0.157483933671182 0.6691233080755842
vn 0.6768142486083181 -0.1796978770798896 0.7138845465856076
vn -0.7262732331742908 -0.157483933671182 0.6691233080755842
vn -0.48055798976495623 -0.7123867950394882 0.5114382394057276
vn 0.6768142486083181 -0.1796978770798896 0.7138845465856076
vn -0.48055798976495623 -0.7123867950394882 0.5114382394057276
vn 0.4653566335649208 -0.7300780113242593 0.5004291168366792
vn 0.7003373295130749 0.10466165727662342 -0.7060974170655245
vn -0.7389954325751675 0.09475804840571958 -0.6670132404198439
vn -0.4992256587581398 0.574893699895024 -0.6482830982360344
vn 0.7003373295130749 0.10466165727662342 -0.7060974170655245
vn -0.4992256587581398 0.574893699895024 -0.6482830982360344
vn 0.48795401882237216 0.587916941150712 -0.6451779179599115
vn 0.48795401882237216 0.587916941150712 -0.6451779179599115
vn -0.4992256587581398 0.574893699895024 -0.6482830982360344
vn -0.4975871788626645 0.7797712075511013 0.3799524487429867
vn 0.48795401882237216 0.587916941150712 -0.6451779179599115
vn -0.4975871788626645 0.7797712075511013 0.3799524487429867
vn 0.4881373431188969 0.7911368645907576 0.3685436144316296
vn 0.6630259296462984 0.2426958341861037 0.7081633629928713
vn 0.7003373295130749 0.10466165727662342 -0.7060974170655245
vn 0.48795401882237216 0.587916941150712 -0.6451779179599115
vn 0.6630259296462984 0.2426958341861037 0.7081633629928713
vn 0.48795401882237216 0.587916941150712 -0.6451779179599115
vn 0.4881373431188969 0.7911368645907576 0.3685436144316296
vn -0.7389954325751675 0.09475804840571958 -0.6670132404198439
vn -0.715446634028294 0.21606656383334263 0.6644180565358202
vn -0.4975871788626645 0.7797712075511013 0.3799524487429867
vn -0.7389954325751675 0.09475804840571958 -0.6670132404198439
vn -0.4975871788626645 0.7797712075511013 0.3799524487429867
vn -0.4992256587581398 0.574893699895024 -0.6482830982360344
vn -0.715446634028294 0.21606656383334263 0.6644180565358202
vn 0.6630259296462984 0.2426958341861037 0.7081633629928713
vn 0.4881373431188969 0.7911368645907576 0.3685436144316296
vn -0.715446634028294 0.21606656383334263 0.6644180565358202
vn 0.4881373431188969 0.7911368645907576 0.3685436144316296
vn -0.4975871788626645 0.7797712075511013 0.3799524487429867
vn -0.480558147689515 -0.7123868419006508 -0.5114380257431387
vn 0.46535679194890306 -0.7300781605022373 -0.5004287519164888
vn 0.4653566335649208 -0.7300780113242593 0.5004291168366792
vn -0.480558147689515 -0.7123868419006508 -0.5114380257431387
vn 0.4653566335649208 -0.7300780113242593 0.5004291168366792
vn -0.48055798976495623 -0.7123867950394882 0.5114382394057276
vn -0.7257178474627617 -0.15607012975460438 -0.6700565054324873
vn 0.6763072443147181 -0.17825810833998032 -0.7147255124161191
vn 0.46535679194890306 -0.7300781605022373 -0.5004287519164888
vn -0.7257178474627617 -0.15607012975460438 -0.6700565054324873
vn 0.46535679194890306 -0.7300781605022373 -0.5004287519164888
vn -0.480558147689515 -0.7123868419006508 -0.5114380257431387
vn -0.7262732331742908 -0.157483933671182 0.6691233080755842
vn -0.7257178474627617 -0.15607012975460438 -0.6700565054324873
vn -0.480558147689515 -0.7123868419006508 -0.5114380257431387
vn -0.7262732331742908 -0.157483933671182 0.6691233080755842
vn -0.480558147689515 -0.7123868419006508 -0.5114380257431387
vn -0.48055798976495623 -0.7123867950394882 0.5114382394057276
vn 0.6763072443147181 -0.17825810833998032 -0.7147255124161191
vn 0.6768142486083181 -0.1796978770798896 0.7138845465856076
vn 0.4653566335649208 -0.7300780113242593 0.5004291168366792
vn 0.6763072443147181 -0.17825810833998032 -0.7147255124161191
vn 0.4653566335649208 -0.7300780113242593 0.5004291168366792
vn 0.46535679194890306 -0.7300781605022373 -0.5004287519164888
vn 0.7262730933636494 -0.15748364608194287 0.6691235275139658
vn 0.7257177229424132 -0.15607021801940063 -0.6700566197379558
vn 0.7389954910961503 0.09475801846444587 -0.6670131798369888
vn 0.7262730933636494 -0.15748364608194287 0.6691235275139658
vn 0.7389954910961503 0.09475801846444587 -0.6670131798369888
vn 0.715446552111434 0.21606654529344457 0.6644181507731534
vn 0.7257177229424132 -0.15607021801940063 -0.6700566197379558
vn -0.6763071993975789 -0.17825821651939075 -0.7147255279380537
vn -0.7003372513122691 0.1046614994923438 -0.7060975180160242
vn 0.7257177229424132 -0.15607021801940063 -0.6700566197379558
vn -0.7003372513122691 0.1046614994923438 -0.7060975180160242
vn 0.7389954910961503 0.09475801846444587 -0.6670131798369888
vn -0.6763071993975789 -0.17825821651939075 -0.7147255279380537
vn -0.676814256055554 -0.17969758103392644 0.7138846140452407
vn -0.6630256528853915 0.2426954923256721 0.7081637392727053
vn -0.6763071993975789 -0.17825821651939075 -0.7147255279380537
vn -0.6630256528853915 0.2426954923256721 0.7081637392727053
vn -0.7003372513122691 0.1046614994923438 -0.7060975180160242
vn -0.676814256055554 -0.17969758103392644 0.7138846140452407
vn 0.7262730933636494 -0.15748364608194287 0.6691235275139658
vn 0.715446552111434 0.21606654529344457 0.6644181507731534
vn -0.676814256055554 -0.17969758103392644 0.7138846140452407
vn 0.715446552111434 0.21606654529344457 0.6644181507731534
vn -0.6630256528853915 0.2426954923256721 0.7081637392727053
vn -0.676814256055554 -0.17969758103392644 0.7138846140452407
vn -0.4653565920970893 -0.7300778609643006 0.500429374758891
vn 0.4805583203670474 -0.7123864415276205 0.5114384211746478
vn -0.676814256055554 -0.17969758103392644 0.7138846140452407
vn 0.4805583203670474 -0.7123864415276205 0.5114384211746478
vn 0.7262730933636494 -0.15748364608194287 0.6691235275139658
vn -0.7003372513122691 0.1046614994923438 -0.7060975180160242
vn -0.4879543071762765 0.5879171083145663 -0.6451775475473077
vn 0.49922546045036087 0.5748940350743031 -0.6482829537124287
vn -0.7003372513122691 0.1046614994923438 -0.7060975180160242
vn 0.49922546045036087 0.5748940350743031 -0.6482829537124287
vn 0.7389954910961503 0.09475801846444587 -0.6670131798369888
vn -0.4879543071762765 0.5879171083145663 -0.6451775475473077
vn -0.48813764390239134 0.7911365114365155 0.36854397414349666
vn 0.4975871582067121 0.7797710430705749 0.379952813355022
vn -0.4879543071762765 0.5879171083145663 -0.6451775475473077
vn 0.4975871582067121 0.7797710430705749 0.379952813355022
vn 0.49922546045036087 0.5748940350743031 -0.6482829537124287
vn -0.6630256528853915 0.2426954923256721 0.7081637392727053
vn -0.48813764390239134 0.7911365114365155 0.36854397414349666
vn -0.4879543071762765 0.5879171083145663 -0.6451775475473077
vn -0.6630256528853915 0.2426954923256721 0.7081637392727053
vn -0.4879543071762765 0.5879171083145663 -0.6451775475473077
vn -0.7003372513122691 0.1046614994923438 -0.7060975180160242
vn 0.7389954910961503 0.09475801846444587 -0.6670131798369888
vn 0.49922546045036087 0.5748940350743031 -0.6482829537124287
vn 0.4975871582067121 0.7797710430705749 0.379952813355022
vn 0.7389954910961503 0.09475801846444587 -0.6670131798369888
vn 0.4975871582067121 0.7797710430705749 0.379952813355022
vn 0.715446552111434 0.21606654529344457 0.6644181507731534
vn 0.715446552111434 0.21606654529344457 0.6644181507731534
vn 0.4975871582067121 0.7797710430705749 0.379952813355022
vn -0.48813764390239134 0.7911365114365155 0.36854397414349666
vn 0.715446552111434 0.21606654529344457 0.6644181507731534
vn -0.48813764390239134 0.7911365114365155 0.36854397414349666
vn -0.6630256528853915 0.2426954923256721 0.7081637392727053
vn 0.4805583349128785 -0.7123867947622027 -0.5114379154835875
vn 0.4805583203670474 -0.7123864415276205 0.5114384211746478
vn -0.4653565920970893 -0.7300778609643006 0.500429374758891
vn 0.4805583349128785 -0.7123867947622027 -0.5114379154835875
vn -0.4653565920970893 -0.7300778609643006 0.500429374758891
vn -0.465356574128318 -0.7300782652713061 -0.5004288016231637
vn 0.7257177229424132 -0.15607021801940063 -0.6700566197379558
vn 0.4805583349128785 -0.7123867947622027 -0.5114379154835875
vn -0.465356574128318 -0.7300782652713061 -0.5004288016231637
vn 0.7257177229424132 -0.15607021801940063 -0.6700566197379558
vn -0.465356574128318 -0.7300782652713061 -0.5004288016231637
vn -0.6763071993975789 -0.17825821651939075 -0.7147255279380537
vn 0.7262730933636494 -0.15748364608194287 0.6691235275139658
vn 0.4805583203670474 -0.7123864415276205 0.5114384211746478
vn 0.4805583349128785 -0.7123867947622027 -0.5114379154835875
vn 0.7262730933636494 -0.15748364608194287 0.6691235275139658
vn 0.4805583349128785 -0.7123867947622027 -0.5114379154835875
vn 0.7257177229424132 -0.15607021801940063 -0.6700566197379558
vn -0.6763071993975789 -0.17825821651939075 -0.7147255279380537
vn -0.465356574128318 -0.7300782652713061 -0.5004288016231637
vn -0.4653565920970893 -0.7300778609643006 0.500429374758891
vn -0.6763071993975789 -0.17825821651939075 -0.7147255279380537
vn -0.4653565920970893 -0.7300778609643006 0.500429374758891
vn -0.676814256055554 -0.17969758103392644 0.7138846140452407
vn -0.6269994437710017 -0.46286065348217403 0.6266033138828021
vn -0.5017596451410961 0.7633299133776643 0.4068964264413354
vn -0.5244327861895894 0.6039450048440688 -0.6001838750694009
vn -0.6269994437710017 -0.46286065348217403 0.6266033138828021
vn -0.5244327861895894 0.6039450048440688 -0.6001838750694009
vn -0.6263685091406842 -0.46827338549121916 -0.6232034396547155
vn -0.6263685091406842 -0.46827338549121916 -0.6232034396547155
vn -0.5244327861895894 0.6039450048440688 -0.6001838750694009
vn 0.5244328295187977 0.6039449264963195 -0.6001839160476252
vn -0.6263685091406842 -0.46827338549121916 -0.6232034396547155
vn 0.5244328295187977 0.6039449264963195 -0.6001839160476252
vn 0.6263685091407302 -0.46827338549121916 -0.6232034396546693
vn 0.6263685091407302 -0.46827338549121916 -0.6232034396546693
vn 0.5244328295187977 0.6039449264963195 -0.6001839160476252
vn 0.5017596451410659 0.7633299133776641 0.40689642644137236
vn 0.6263685091407302 -0.46827338549121916 -0.6232034396546693
vn 0.5017596451410659 0.7633299133776641 0.40689642644137236
vn 0.6269993989495468 -0.46286069419771153 0.6266033286567506
vn 0.6269993989495468 -0.46286069419771153 0.6266033286567506
vn 0.5017596451410659 0.7633299133776641 0.40689642644137236
vn -0.5017596451410961 0.7633299133776643 0.4068964264413354
vn 0.6269993989495468 -0.46286069419771153 0.6266033286567506
vn -0.5017596451410961 0.7633299133776643 0.4068964264413354
vn -0.6269994437710017 -0.46286065348217403 0.6266033138828021
vn -0.6263685091406842 -0.46827338549121916 -0.6232034396547155
vn 0.6263685091407302 -0.46827338549121916 -0.6232034396546693
vn 0.6269993989495468 -0.46286069419771153 0.6266033286567506
vn -0.6263685091406842 -0.46827338549121916 -0.6232034396547155
vn 0.6269993989495468 -0.46286069419771153 0.6266033286567506
vn -0.6269994437710017 -0.46286065348217403 0.6266033138828021
vn 0.5244328295187977 0.6039449264963195 -0.6001839160476252
vn -0.5244327861895894 0.6039450048440688 -0.6001838750694009
vn -0.5017596451410961 0.7633299133776643 0.4068964264413354
vn 0.5244328295187977 0.6039449264963195 -0.6001839160476252
vn -0.5017596451410961 0.7633299133776643 0.4068964264413354
vn 0.5017596451410659 0.7633299133776641 0.40689642644137236
vn 0.6269994885923595 -0.4628606127666365 0.6266032991089444
vn 0.6263684787054572 -0.4682734669028944 -0.6232034090719941
vn 0.5244328295187977 0.6039449264963195 -0.6001839160476252
vn 0.6269994885923595 -0.4628606127666365 0.6266032991089444
vn 0.5244328295187977 0.6039449264963195 -0.6001839160476252
vn 0.5017596344811397 0.7633299567652907 0.4068963581921722
vn 0.6263684787054572 -0.4682734669028944 -0.6232034090719941
vn -0.6263684787054112 -0.4682734669028944 -0.6232034090720403
vn -0.5244328295187534 0.6039449264963195 -0.6001839160476639
vn 0.6263684787054572 -0.4682734669028944 -0.6232034090719941
vn -0.5244328295187534 0.6039449264963195 -0.6001839160476639
vn 0.5244328295187977 0.6039449264963195 -0.6001839160476252
vn -0.6263684787054112 -0.4682734669028944 -0.6232034090720403
vn -0.6269994972414394 -0.46286058934916313 0.6266033077524626
vn -0.5017596344811698 0.7633299567652907 0.4068963581921351
vn -0.6263684787054112 -0.4682734669028944 -0.6232034090720403
vn -0.5017596344811698 0.7633299567652907 0.4068963581921351
vn -0.5244328295187534 0.6039449264963195 -0.6001839160476639
vn -0.6269994972414394 -0.46286058934916313 0.6266033077524626
vn 0.6269994885923595 -0.4628606127666365 0.6266032991089444
vn 0.5017596344811397 0.7633299567652907 0.4068963581921722
vn -0.6269994972414394 -0.46286058934916313 0.6266033077524626
vn 0.5017596344811397 0.7633299567652907 0.4068963581921722
vn -0.5017596344811698 0.7633299567652907 0.4068963581921351
vn 0.6263684787054572 -0.4682734669028944 -0.6232034090719941
vn 0.6269994885923595 -0.4628606127666365 0.6266032991089444
vn -0.6269994972414394 -0.46286058934916313 0.6266033077524626
vn 0.6263684787054572 -0.4682734669028944 -0.6232034090719941
vn -0.6269994972414394 -0.46286058934916313 0.6266033077524626
vn -0.6263684787054112 -0.4682734669028944 -0.6232034090720403
vn -0.5244328295187534 0.6039449264963195 -0.6001839160476639
vn -0.5017596344811698 0.7633299567652907 0.4068963581921351
vn 0.5017596344811397 0.7633299567652907 0.4068963581921722
vn -0.5244328295187534 0.6039449264963195 -0.6001839160476639
vn 0.5017596344811397 0.7633299567652907 0.4068963581921722
vn 0.5244328295187977 0.6039449264963195 -0.6001839160476252
vn -0.762381263832225 0.39660213734451244 0.5113526700931008
vn -0.630472708006774 0.714197663286579 0.30401622031496184
vn -0.6233639945344838 0.5331789873979123 -0.5719593497053346
vn -0.762381263832225 0.39660213734451244 0.5113526700931008
vn -0.6233639945344838 0.5331789873979123 -0.5719593497053346
vn -0.6722612929854406 -0.20500433918225278 -0.711363461860385
vn -0.6722612929854406 -0.20500433918225278 -0.711363461860385
vn -0.6233639945344838 0.5331789873979123 -0.5719593497053346
vn 0.5145331698402021 0.5999108415851928 -0.6126684252372889
vn -0.6722612929854406 -0.20500433918225278 -0.711363461860385
vn 0.5145331698402021 0.5999108415851928 -0.6126684252372889
vn 0.6059606288627433 -0.19125685712997736 -0.7721609488112128
vn 0.6059606288627433 -0.19125685712997736 -0.7721609488112128
vn 0.5145331698402021 0.5999108415851928 -0.6126684252372889
vn 0.539876238753656 0.7820730861435924 0.3112801547786853
vn 0.6059606288627433 -0.19125685712997736 -0.7721609488112128
vn 0.539876238753656 0.7820730861435924 0.3112801547786853
vn 0.6498764154600377 0.43490576160097133 0.6233118185588107
vn 0.6498764154600377 0.43490576160097133 0.6233118185588107
vn 0.539876238753656 0.7820730861435924 0.3112801547786853
vn -0.630472708006774 0.714197663286579 0.30401622031496184
vn 0.6498764154600377 0.43490576160097133 0.6233118185588107
vn -0.630472708006774 0.714197663286579 0.30401622031496184
vn -0.762381263832225 0.39660213734451244 0.5113526700931008
vn -0.6913309249364421 0.20218654801086974 0.6936729431295211
vn -0.7315001548422134 -0.35941292978186 -0.5794220131919718
vn -0.713097199516519 -0.521755747148831 -0.46825561860896353
vn -0.6913309249364421 0.20218654801086974 0.6936729431295211
vn -0.713097199516519 -0.521755747148831 -0.46825561860896353
vn -0.7094589884053338 -0.3187529709701953 0.6285415557213017
vn 0.5145331698402021 0.5999108415851928 -0.6126684252372889
vn -0.6233639945344838 0.5331789873979123 -0.5719593497053346
vn -0.630472708006774 0.714197663286579 0.30401622031496184
vn 0.5145331698402021 0.5999108415851928 -0.6126684252372889
vn -0.630472708006774 0.714197663286579 0.30401622031496184
vn 0.539876238753656 0.7820730861435924 0.3112801547786853
vn 0.6022001144049371 0.25732570124702914 0.7557370612113748
vn 0.6498764154600377 0.43490576160097133 0.6233118185588107
vn -0.762381263832225 0.39660213734451244 0.5113526700931008
vn 0.6022001144049371 0.25732570124702914 0.7557370612113748
vn -0.762381263832225 0.39660213734451244 0.5113526700931008
vn -0.6913309249364421 0.20218654801086974 0.6936729431295211
vn 0.718556206362049 -0.3722036278079771 -0.5874873936904189
vn 0.6059606288627433 -0.19125685712997736 -0.7721609488112128
vn 0.6498764154600377 0.43490576160097133 0.6233118185588107
vn 0.718556206362049 -0.3722036278079771 -0.5874873936904189
vn 0.6498764154600377 0.43490576160097133 0.6233118185588107
vn 0.6022001144049371 0.25732570124702914 0.7557370612113748
vn -0.7315001548422134 -0.35941292978186 -0.5794220131919718
vn -0.6722612929854406 -0.20500433918225278 -0.711363461860385
vn 0.6059606288627433 -0.19125685712997736 -0.7721609488112128
vn -0.7315001548422134 -0.35941292978186 -0.5794220131919718
vn 0.6059606288627433 -0.19125685712997736 -0.7721609488112128
vn 0.718556206362049 -0.3722036278079771 -0.5874873936904189
vn -0.6913309249364421 0.20218654801086974 0.6936729431295211
vn -0.762381263832225 0.39660213734451244 0.5113526700931008
vn -0.6722612929854406 -0.20500433918225278 -0.711363461860385
vn -0.6913309249364421 0.20218654801086974 0.6936729431295211
vn -0.6722612929854406 -0.20500433918225278 -0.711363461860385
vn -0.7315001548422134 -0.35941292978186 -0.5794220131919718
vn 0.6939851069116676 -0.5122023922033314 -0.5059974118570033
vn 0.642846360086412 -0.2825722396200445 0.7119701445424262
vn 0.30414552036626297 -0.8011450217271847 0.5154242491413107
vn 0.6939851069116676 -0.5122023922033314 -0.5059974118570033
vn 0.30414552036626297 -0.8011450217271847 0.5154242491413107
vn 0.2995393634179778 -0.8958137655760958 -0.3283197635956877
vn 0.718556206362049 -0.3722036278079771 -0.5874873936904189
vn 0.6022001144049371 0.25732570124702914 0.7557370612113748
vn 0.642846360086412 -0.2825722396200445 0.7119701445424262
vn 0.718556206362049 -0.3722036278079771 -0.5874873936904189
vn 0.642846360086412 -0.2825722396200445 0.7119701445424262
vn 0.6939851069116676 -0.5122023922033314 -0.5059974118570033
vn 0.6022001144049371 0.25732570124702914 0.7557370612113748
vn -0.6913309249364421 0.20218654801086974 0.6936729431295211
vn -0.7094589884053338 -0.3187529709701953 0.6285415557213017
vn 0.6022001144049371 0.25732570124702914 0.7557370612113748
vn -0.7094589884053338 -0.3187529709701953 0.6285415557213017
vn 0.642846360086412 -0.2825722396200445 0.7119701445424262
vn -0.7315001548422134 -0.35941292978186 -0.5794220131919718
vn 0.718556206362049 -0.3722036278079771 -0.5874873936904189
vn 0.6939851069116676 -0.5122023922033314 -0.5059974118570033
vn -0.7315001548422134 -0.35941292978186 -0.5794220131919718
vn 0.6939851069116676 -0.5122023922033314 -0.5059974118570033
vn -0.713097199516519 -0.521755747148831 -0.46825561860896353
vn -0.2789736659117289 -0.8962375295741211 -0.34486516830588704
vn 0.2995393634179778 -0.8958137655760958 -0.3283197635956877
vn 0.30414552036626297 -0.8011450217271847 0.5154242491413107
vn -0.2789736659117289 -0.8962375295741211 -0.34486516830588704
vn 0.30414552036626297 -0.8011450217271847 0.5154242491413107
vn -0.27936831290137965 -0.7893662363248771 0.5466756723112298
vn -0.7094589884053338 -0.3187529709701953 0.6285415557213017
vn -0.713097199516519 -0.521755747148831 -0.46825561860896353
vn -0.2789736659117289 -0.8962375295741211 -0.34486516830588704
vn -0.7094589884053338 -0.3187529709701953 0.6285415557213017
vn -0.2789736659117289 -0.8962375295741211 -0.34486516830588704
vn -0.27936831290137965 -0.7893662363248771 0.5466756723112298
vn 0.642846360086412 -0.2825722396200445 0.7119701445424262
vn -0.7094589884053338 -0.3187529709701953 0.6285415557213017
vn -0.27936831290137965 -0.7893662363248771 0.5466756723112298
vn 0.642846360086412 -0.2825722396200445 0.7119701445424262
vn -0.27936831290137965 -0.7893662363248771 0.5466756723112298
vn 0.30414552036626297 -0.8011450217271847 0.5154242491413107
vn -0.713097199516519 -0.521755747148831 -0.46825561860896353
vn 0.6939851069116676 -0.5122023922033314 -0.5059974118570033
vn 0.2995393634179778 -0.8958137655760958 -0.3283197635956877
vn -0.713097199516519 -0.521755747148831 -0.46825561860896353
vn 0.2995393634179778 -0.8958137655760958 -0.3283197635956877
vn -0.2789736659117289 -0.8962375295741211 -0.34486516830588704
vn 0.762381059958558 0.39660224351740114 0.5113528917034005
vn 0.6722613438888303 -0.20500441103460837 -0.7113633930482627
vn 0.6233639397216224 0.5331791107057148 -0.571959294497258
vn 0.762381059958558 0.39660224351740114 0.5113528917034005
vn 0.6233639397216224 0.5331791107057148 -0.571959294497258
vn 0.6304727080067516 0.714197663286579 0.30401622031500836
vn 0.6722613438888303 -0.20500441103460837 -0.7113633930482627
vn -0.6059605649821582 -0.19125684087924485 -0.7721610029672537
vn -0.5145332144473018 0.5999109433084281 -0.6126682881701312
vn 0.6722613438888303 -0.20500441103460837 -0.7113633930482627
vn -0.5145332144473018 0.5999109433084281 -0.6126682881701312
vn 0.6233639397216224 0.5331791107057148 -0.571959294497258
vn -0.6059605649821582 -0.19125684087924485 -0.7721610029672537
vn -0.6498764813337644 0.4349058254009207 0.6233117053622441
vn -0.5398762388782824 0.7820730267194683 0.3112803038621134
vn -0.6059605649821582 -0.19125684087924485 -0.7721610029672537
vn -0.5398762388782824 0.7820730267194683 0.3112803038621134
vn -0.5145332144473018 0.5999109433084281 -0.6126682881701312
vn -0.6498764813337644 0.4349058254009207 0.6233117053622441
vn 0.762381059958558 0.39660224351740114 0.5113528917034005
vn 0.6304727080067516 0.714197663286579 0.30401622031500836
vn -0.6498764813337644 0.4349058254009207 0.6233117053622441
vn 0.6304727080067516 0.714197663286579 0.30401622031500836
vn -0.5398762388782824 0.7820730267194683 0.3112803038621134
vn 0.6913309700575819 0.20218664808316125 0.6936728689923938
vn 0.7094588625603871 -0.31875302759350516 0.6285416690518584
vn 0.7130972171452842 -0.5217558196519703 -0.4682555109755273
vn 0.6913309700575819 0.20218664808316125 0.6936728689923938
vn 0.7130972171452842 -0.5217558196519703 -0.4682555109755273
vn 0.731500199980825 -0.35941295247645927 -0.5794219421286768
vn -0.5145332144473018 0.5999109433084281 -0.6126682881701312
vn -0.5398762388782824 0.7820730267194683 0.3112803038621134
vn 0.6304727080067516 0.714197663286579 0.30401622031500836
vn -0.5145332144473018 0.5999109433084281 -0.6126682881701312
vn 0.6304727080067516 0.714197663286579 0.30401622031500836
vn 0.6233639397216224 0.5331791107057148 -0.571959294497258
vn -0.6022002549163894 0.2573258636939148 0.755736893933872
vn 0.6913309700575819 0.20218664808316125 0.6936728689923938
vn 0.762381059958558 0.39660224351740114 0.5113528917034005
vn -0.6022002549163894 0.2573258636939148 0.755736893933872
vn 0.762381059958558 0.39660224351740114 0.5113528917034005
vn -0.6498764813337644 0.4349058254009207 0.6233117053622441
vn -0.7185563382559367 -0.3722035449714898 -0.5874872848520859
vn -0.6022002549163894 0.2573258636939148 0.755736893933872
vn -0.6498764813337644 0.4349058254009207 0.6233117053622441
vn -0.7185563382559367 -0.3722035449714898 -0.5874872848520859
vn -0.6498764813337644 0.4349058254009207 0.6233117053622441
vn -0.6059605649821582 -0.19125684087924485 -0.7721610029672537
vn 0.731500199980825 -0.35941295247645927 -0.5794219421286768
vn -0.7185563382559367 -0.3722035449714898 -0.5874872848520859
vn -0.6059605649821582 -0.19125684087924485 -0.7721610029672537
vn 0.731500199980825 -0.35941295247645927 -0.5794219421286768
vn -0.6059605649821582 -0.19125684087924485 -0.7721610029672537
vn 0.6722613438888303 -0.20500441103460837 -0.7113633930482627
vn 0.6913309700575819 0.20218664808316125 0.6936728689923938
vn 0.731500199980825 -0.35941295247645927 -0.5794219421286768
vn 0.6722613438888303 -0.20500441103460837 -0.7113633930482627
vn 0.6913309700575819 0.20218664808316125 0.6936728689923938
vn 0.6722613438888303 -0.20500441103460837 -0.7113633930482627
vn 0.762381059958558 0.39660224351740114 0.5113528917034005
vn -0.6939853137125751 -0.5122024880768757 -0.5059970311761887
vn -0.299539138853331 -0.8958139562988191 -0.32831944809173635
vn -0.30414538943453223 -0.8011454676864048 0.5154236332292575
vn -0.6939853137125751 -0.5122024880768757 -0.5059970311761887
vn -0.30414538943453223 -0.8011454676864048 0.5154236332292575
vn -0.6428463386442482 -0.2825724984157206 0.7119700611899226
vn -0.7185563382559367 -0.3722035449714898 -0.5874872848520859
vn -0.6939853137125751 -0.5122024880768757 -0.5059970311761887
vn -0.6428463386442482 -0.2825724984157206 0.7119700611899226
vn -0.7185563382559367 -0.3722035449714898 -0.5874872848520859
vn -0.6428463386442482 -0.2825724984157206 0.7119700611899226
vn -0.6022002549163894 0.2573258636939148 0.755736893933872
vn -0.6022002549163894 0.2573258636939148 0.755736893933872
vn -0.6428463386442482 -0.2825724984157206 0.7119700611899226
vn 0.7094588625603871 -0.31875302759350516 0.6285416690518584
vn -0.6022002549163894 0.2573258636939148 0.755736893933872
vn 0.7094588625603871 -0.31875302759350516 0.6285416690518584
vn 0.6913309700575819 0.20218664808316125 0.6936728689923938
vn 0.731500199980825 -0.35941295247645927 -0.5794219421286768
vn 0.7130972171452842 -0.5217558196519703 -0.4682555109755273
vn -0.6939853137125751 -0.5122024880768757 -0.5059970311761887
vn 0.731500199980825 -0.35941295247645927 -0.5794219421286768
vn -0.6939853137125751 -0.5122024880768757 -0.5059970311761887
vn -0.7185563382559367 -0.3722035449714898 -0.5874872848520859
vn 0.27897342601200503 -0.8962378228388089 -0.3448646002306936
vn 0.2793684074953177 -0.7893666086089344 0.5466750864149195
vn -0.30414538943453223 -0.8011454676864048 0.5154236332292575
vn 0.27897342601200503 -0.8962378228388089 -0.3448646002306936
vn -0.30414538943453223 -0.8011454676864048 0.5154236332292575
vn -0.299539138853331 -0.8958139562988191 -0.32831944809173635
vn 0.7094588625603871 -0.31875302759350516 0.6285416690518584
vn 0.2793684074953177 -0.7893666086089344 0.5466750864149195
vn 0.27897342601200503 -0.8962378228388089 -0.3448646002306936
vn 0.7094588625603871 -0.31875302759350516 0.6285416690518584
vn 0.27897342601200503 -0.8962378228388089 -0.3448646002306936
vn 0.7130972171452842 -0.5217558196519703 -0.4682555109755273
vn -0.6428463386442482 -0.2825724984157206 0.7119700611899226
vn -0.30414538943453223 -0.8011454676864048 0.5154236332292575
vn 0.2793684074953177 -0.7893666086089344 0.5466750864149195
vn -0.6428463386442482 -0.2825724984157206 0.7119700611899226
vn 0.2793684074953177 -0.7893666086089344 0.5466750864149195
vn 0.7094588625603871 -0.31875302759350516 0.6285416690518584
vn 0.7130972171452842 -0.5217558196519703 -0.4682555109755273
vn 0.27897342601200503 -0.8962378228388089 -0.3448646002306936
vn -0.299539138853331 -0.8958139562988191 -0.32831944809173635
vn 0.7130972171452842 -0.5217558196519703 -0.4682555109755273
vn -0.299539138853331 -0.8958139562988191 -0.32831944809173635
vn -0.6939853137125751 -0.5122024880768757 -0.5059970311761887
vn -0.7707498033568363 -0.06441637519201095 0.6338732296228643
vn -0.7430637501270209 0.1889371399128587 0.6419961218019287
vn -0.7489398740327794 0.0910903826394102 -0.6563471697770703
vn -0.7707498033568363 -0.06441637519201095 0.6338732296228643
vn -0.7489398740327794 0.0910903826394102 -0.6563471697770703
vn -0.7559301830007411 -0.014042682365129028 -0.6545016130617695
vn -0.021411371838855713 -0.01256269021063704 -0.9996918184974055
vn -0.01959886738657324 0.05826014174584432 -0.9981090322609638
vn 0.7369620750739452 0.08888758597321987 -0.67006409914467
vn -0.021411371838855713 -0.01256269021063704 -0.9996918184974055
vn 0.7369620750739452 0.08888758597321987 -0.67006409914467
vn 0.7406590968524162 -0.014433529667103512 -0.6717259675426522
vn 0.7406590968524162 -0.014433529667103512 -0.6717259675426522
vn 0.7369620750739452 0.08888758597321987 -0.67006409914467
vn 0.6964911689557178 0.18958705670521242 0.6920670484111725
vn 0.7406590968524162 -0.014433529667103512 -0.6717259675426522
vn 0.6964911689557178 0.18958705670521242 0.6920670484111725
vn 0.7189973487699587 -0.07148707950766872 0.6913265580933765
vn -0.0764051015671984 -0.09334588251507325 0.9926977418489418
vn -0.06954714830844794 0.20026847943413614 0.9772695279743975
vn -0.7430637501270209 0.1889371399128587 0.6419961218019287
vn -0.0764051015671984 -0.09334588251507325 0.9926977418489418
vn -0.7430637501270209 0.1889371399128587 0.6419961218019287
vn -0.7707498033568363 -0.06441637519201095 0.6338732296228643
vn -0.12525948776648335 -0.27090131105819604 0.954422621479305
vn -0.7636493110385983 -0.22601300578214034 0.6047791753752738
vn -0.6615008591654767 -0.6750264202217217 0.3267352832584561
vn -0.12525948776648335 -0.27090131105819604 0.954422621479305
vn -0.6615008591654767 -0.6750264202217217 0.3267352832584561
vn -0.3065522926201289 -0.8481414380746716 0.4320668847643511
vn -0.01959886738657324 0.05826014174584432 -0.9981090322609638
vn -0.7489398740327794 0.0910903826394102 -0.6563471697770703
vn -0.5563795452641606 0.5932715228063689 -0.5817823491982703
vn -0.01959886738657324 0.05826014174584432 -0.9981090322609638
vn -0.5563795452641606 0.5932715228063689 -0.5817823491982703
vn -0.020109389381561066 0.684408759353753 -0.7288211458091466
vn -0.020109389381561066 0.684408759353753 -0.7288211458091466
vn -0.5563795452641606 0.5932715228063689 -0.5817823491982703
vn -0.5639823243261941 0.7626429251617042 0.3167012891486596
vn -0.020109389381561066 0.684408759353753 -0.7288211458091466
vn -0.5639823243261941 0.7626429251617042 0.3167012891486596
vn -0.049017225667904736 0.896673343313828 0.4399707115004632
vn 0.6964911689557178 0.18958705670521242 0.6920670484111725
vn 0.7369620750739452 0.08888758597321987 -0.67006409914467
vn 0.5399549464837766 0.5981920604459986 -0.5921274479257593
vn 0.6964911689557178 0.18958705670521242 0.6920670484111725
vn 0.5399549464837766 0.5981920604459986 -0.5921274479257593
vn 0.5242973071664598 0.7739673287983133 0.35508718316887006
vn -0.7489398740327794 0.0910903826394102 -0.6563471697770703
vn -0.7430637501270209 0.1889371399128587 0.6419961218019287
vn -0.5639823243261941 0.7626429251617042 0.3167012891486596
vn -0.7489398740327794 0.0910903826394102 -0.6563471697770703
vn -0.5639823243261941 0.7626429251617042 0.3167012891486596
vn -0.5563795452641606 0.5932715228063689 -0.5817823491982703
vn -0.06954714830844794 0.20026847943413614 0.9772695279743975
vn 0.6964911689557178 0.18958705670521242 0.6920670484111725
vn 0.5242973071664598 0.7739673287983133 0.35508718316887006
vn -0.06954714830844794 0.20026847943413614 0.9772695279743975
vn 0.5242973071664598 0.7739673287983133 0.35508718316887006
vn -0.049017225667904736 0.896673343313828 0.4399707115004632
vn -0.21918815504710926 -0.6123649938892795 -0.7595825609807186
vn 0.42156554500686805 -0.6578565078648019 -0.6241052045312472
vn 0.389697249016165 -0.8541544706498072 0.3443199012229482
vn -0.21918815504710926 -0.6123649938892795 -0.7595825609807186
vn 0.389697249016165 -0.8541544706498072 0.3443199012229482
vn -0.3065522926201289 -0.8481414380746716 0.4320668847643511
vn -0.027615053885794823 -0.036163840953684676 -0.998964256320696
vn 0.7359348151204748 -0.09827982976789344 -0.6698813499078673
vn 0.42156554500686805 -0.6578565078648019 -0.6241052045312472
vn -0.027615053885794823 -0.036163840953684676 -0.998964256320696
vn 0.42156554500686805 -0.6578565078648019 -0.6241052045312472
vn -0.21918815504710926 -0.6123649938892795 -0.7595825609807186
vn -0.7636493110385983 -0.22601300578214034 0.6047791753752738
vn -0.757022675003723 -0.09182882013303816 -0.6469034992355364
vn -0.6199582301210302 -0.47741502581073536 -0.6226770318835716
vn -0.7636493110385983 -0.22601300578214034 0.6047791753752738
vn -0.6199582301210302 -0.47741502581073536 -0.6226770318835716
vn -0.6615008591654767 -0.6750264202217217 0.3267352832584561
vn 0.7359348151204748 -0.09827982976789344 -0.6698813499078673
vn 0.6765306827888181 -0.2847068092603709 0.67915261024756
vn 0.389697249016165 -0.8541544706498072 0.3443199012229482
vn 0.7359348151204748 -0.09827982976789344 -0.6698813499078673
vn 0.389697249016165 -0.8541544706498072 0.3443199012229482
vn 0.42156554500686805 -0.6578565078648019 -0.6241052045312472
vn -0.12525948776648335 -0.27090131105819604 0.954422621479305
vn -0.0764051015671984 -0.09334588251507325 0.9926977418489418
vn -0.7707498033568363 -0.06441637519201095 0.6338732296228643
vn -0.12525948776648335 -0.27090131105819604 0.954422621479305
vn -0.7707498033568363 -0.06441637519201095 0.6338732296228643
vn -0.7636493110385983 -0.22601300578214034 0.6047791753752738
vn 0.7359348151204748 -0.09827982976789344 -0.6698813499078673
vn 0.7406590968524162 -0.014433529667103512 -0.6717259675426522
vn 0.7189973487699587 -0.07148707950766872 0.6913265580933765
vn 0.7359348151204748 -0.09827982976789344 -0.6698813499078673
vn 0.7189973487699587 -0.07148707950766872 0.6913265580933765
vn 0.6765306827888181 -0.2847068092603709 0.67915261024756
vn -0.027615053885794823 -0.036163840953684676 -0.998964256320696
vn -0.021411371838855713 -0.01256269021063704 -0.9996918184974055
vn 0.7406590968524162 -0.014433529667103512 -0.6717259675426522
vn -0.027615053885794823 -0.036163840953684676 -0.998964256320696
vn 0.7406590968524162 -0.014433529667103512 -0.6717259675426522
vn 0.7359348151204748 -0.09827982976789344 -0.6698813499078673
vn -0.7636493110385983 -0.22601300578214034 0.6047791753752738
vn -0.7707498033568363 -0.06441637519201095 0.6338732296228643
vn -0.7559301830007411 -0.014042682365129028 -0.6545016130617695
vn -0.7636493110385983 -0.22601300578214034 0.6047791753752738
vn -0.7559301830007411 -0.014042682365129028 -0.6545016130617695
vn -0.757022675003723 -0.09182882013303816 -0.6469034992355364
vn 0.7707498551936286 -0.06441640434513693 0.6338731636299523
vn 0.7559301301312644 -0.014042478530608261 -0.6545016784978072
vn 0.748939892658297 0.09109054136695198 -0.6563471264951605
vn 0.7707498551936286 -0.06441640434513693 0.6338731636299523
vn 0.748939892658297 0.09109054136695198 -0.6563471264951605
vn 0.7430638403176637 0.1889370729297155 0.6419960371257107
vn 0.02141136252897155 -0.012562693937844443 -0.9996918186499663
vn -0.7406590671377524 -0.014433792882552142 -0.6717259946508383
vn -0.7369620745858319 0.08888759336493329 -0.6700640987009656
vn 0.02141136252897155 -0.012562693937844443 -0.9996918186499663
vn -0.7369620745858319 0.08888759336493329 -0.6700640987009656
vn 0.019598869078429573 0.05826029024954181 -0.9981090235594935
vn -0.7406590671377524 -0.014433792882552142 -0.6717259946508383
vn -0.7189973234249889 -0.07148701585874105 0.6913265910344504
vn -0.6964911996539503 0.18958705016018304 0.6920670193096629
vn -0.7406590671377524 -0.014433792882552142 -0.6717259946508383
vn -0.6964911996539503 0.18958705016018304 0.6920670193096629
vn -0.7369620745858319 0.08888759336493329 -0.6700640987009656
vn 0.07640513860255574 -0.09334588224938171 0.9926977390234193
vn 0.7707498551936286 -0.06441640434513693 0.6338731636299523
vn 0.7430638403176637 0.1889370729297155 0.6419960371257107
vn 0.07640513860255574 -0.09334588224938171 0.9926977390234193
vn 0.7430638403176637 0.1889370729297155 0.6419960371257107
vn 0.069547193210728 0.20026845020447281 0.9772695307688705
vn 0.12525956514835312 -0.270901198069178 0.9544226433941776
vn 0.30655237333289487 -0.8481413544157688 0.43206699171975044
vn 0.6615006259049329 -0.6750266042991647 0.3267353752132155
vn 0.12525956514835312 -0.270901198069178 0.9544226433941776
vn 0.6615006259049329 -0.6750266042991647 0.3267353752132155
vn 0.763649418357095 -0.22601298736175618 0.6047790467490461
vn 0.019598869078429573 0.05826029024954181 -0.9981090235594935
vn 0.020109332810982327 0.6844089146405172 -0.7288210015459806
vn 0.5563794228459684 0.5932717578032326 -0.5817822266335141
vn 0.019598869078429573 0.05826029024954181 -0.9981090235594935
vn 0.5563794228459684 0.5932717578032326 -0.5817822266335141
vn 0.748939892658297 0.09109054136695198 -0.6563471264951605
vn 0.020109332810982327 0.6844089146405172 -0.7288210015459806
vn 0.049017175427294 0.896673310170446 0.4399707846449636
vn 0.5639823702951154 0.762642906722877 0.3167012516893234
vn 0.020109332810982327 0.6844089146405172 -0.7288210015459806
vn 0.5639823702951154 0.762642906722877 0.3167012516893234
vn 0.5563794228459684 0.5932717578032326 -0.5817822266335141
vn -0.6964911996539503 0.18958705016018304 0.6920670193096629
vn -0.5242973468317611 0.7739672397592072 0.35508731867625143
vn -0.5399550077674822 0.5981920623062136 -0.5921273901625034
vn -0.6964911996539503 0.18958705016018304 0.6920670193096629
vn -0.5399550077674822 0.5981920623062136 -0.5921273901625034
vn -0.7369620745858319 0.08888759336493329 -0.6700640987009656
vn 0.748939892658297 0.09109054136695198 -0.6563471264951605
vn 0.5563794228459684 0.5932717578032326 -0.5817822266335141
vn 0.5639823702951154 0.762642906722877 0.3167012516893234
vn 0.748939892658297 0.09109054136695198 -0.6563471264951605
vn 0.5639823702951154 0.762642906722877 0.3167012516893234
vn 0.7430638403176637 0.1889370729297155 0.6419960371257107
vn 0.069547193210728 0.20026845020447281 0.9772695307688705
vn 0.049017175427294 0.896673310170446 0.4399707846449636
vn -0.5242973468317611 0.7739672397592072 0.35508731867625143
vn 0.069547193210728 0.20026845020447281 0.9772695307688705
vn -0.5242973468317611 0.7739672397592072 0.35508731867625143
vn -0.6964911996539503 0.18958705016018304 0.6920670193096629
vn 0.21918825657424482 -0.61236474770107 -0.7595827301571224
vn 0.30655237333289487 -0.8481413544157688 0.43206699171975044
vn -0.38969718646667206 -0.8541544641950972 0.34431998802791874
vn 0.21918825657424482 -0.61236474770107 -0.7595827301571224
vn -0.38969718646667206 -0.8541544641950972 0.34431998802791874
vn -0.4215652608771422 -0.6578565426436869 -0.6241053597931056
vn 0.027615070815465617 -0.03616366235686145 -0.9989642623181251
vn 0.21918825657424482 -0.61236474770107 -0.7595827301571224
vn -0.4215652608771422 -0.6578565426436869 -0.6241053597931056
vn 0.027615070815465617 -0.03616366235686145 -0.9989642623181251
vn -0.4215652608771422 -0.6578565426436869 -0.6241053597931056
vn -0.7359347771138778 -0.09827994390163408 -0.6698813749172602
vn 0.763649418357095 -0.22601298736175618 0.6047790467490461
vn 0.6615006259049329 -0.6750266042991647 0.3267353752132155
vn 0.6199581685011885 -0.4774148752472559 -0.6226772086734018
vn 0.763649418357095 -0.22601298736175618 0.6047790467490461
vn 0.6199581685011885 -0.4774148752472559 -0.6226772086734018
vn 0.7570228132798943 -0.09182840521335663 -0.6469033963195479
vn -0.7359347771138778 -0.09827994390163408 -0.6698813749172602
vn -0.4215652608771422 -0.6578565426436869 -0.6241053597931056
vn -0.38969718646667206 -0.8541544641950972 0.34431998802791874
vn -0.7359347771138778 -0.09827994390163408 -0.6698813749172602
vn -0.38969718646667206 -0.8541544641950972 0.34431998802791874
vn -0.6765307380740879 -0.2847066882333182 0.679152605911327
vn 0.12525956514835312 -0.270901198069178 0.9544226433941776
vn 0.763649418357095 -0.22601298736175618 0.6047790467490461
vn 0.7707498551936286 -0.06441640434513693 0.6338731636299523
vn 0.12525956514835312 -0.270901198069178 0.9544226433941776
vn 0.7707498551936286 -0.06441640434513693 0.6338731636299523
vn 0.07640513860255574 -0.09334588224938171 0.9926977390234193
vn -0.7359347771138778 -0.09827994390163408 -0.6698813749172602
vn -0.6765307380740879 -0.2847066882333182 0.679152605911327
vn -0.7189973234249889 -0.07148701585874105 0.6913265910344504
vn -0.7359347771138778 -0.09827994390163408 -0.6698813749172602
vn -0.7189973234249889 -0.07148701585874105 0.6913265910344504
vn -0.7406590671377524 -0.014433792882552142 -0.6717259946508383
vn 0.027615070815465617 -0.03616366235686145 -0.9989642623181251
vn -0.7359347771138778 -0.09827994390163408 -0.6698813749172602
vn -0.7406590671377524 -0.014433792882552142 -0.6717259946508383
vn 0.027615070815465617 -0.03616366235686145 -0.9989642623181251
vn -0.7406590671377524 -0.014433792882552142 -0.6717259946508383
vn 0.02141136252897155 -0.012562693937844443 -0.9996918186499663
vn 0.763649418357095 -0.22601298736175618 0.6047790467490461
vn 0.7570228132798943 -0.09182840521335663 -0.6469033963195479
vn 0.7559301301312644 -0.014042478530608261 -0.6545016784978072
vn 0.763649418357095 -0.22601298736175618 0.6047790467490461
vn 0.7559301301312644 -0.014042478530608261 -0.6545016784978072
vn 0.7707498551936286 -0.06441640434513693 0.6338731636299523
vn -0.6326418142865631 -0.44193594599533764 0.6359693030747723
vn -0.4918522897025491 0.7697096515190658 0.4069746644113833
vn -0.5078047603611431 0.6386708549241993 -0.5781296259706421
vn -0.6326418142865631 -0.44193594599533764 0.6359693030747723
vn -0.5078047603611431 0.6386708549241993 -0.5781296259706421
vn -0.6348580570703183 -0.4518202982469751 -0.6267484866075984
vn -0.6348580570703183 -0.4518202982469751 -0.6267484866075984
vn -0.5078047603611431 0.6386708549241993 -0.5781296259706421
vn 0.5078048239268251 0.6386708003013316 -0.5781296304801398
vn -0.6348580570703183 -0.4518202982469751 -0.6267484866075984
vn 0.5078048239268251 0.6386708003013316 -0.5781296304801398
vn 0.634858019559879 -0.4518204033780641 -0.6267484488148269
vn 0.634858019559879 -0.4518204033780641 -0.6267484488148269
vn 0.5078048239268251 0.6386708003013316 -0.5781296304801398
vn 0.491852283736944 0.7697096421834202 0.40697468927763025
vn 0.634858019559879 -0.4518204033780641 -0.6267484488148269
vn 0.491852283736944 0.7697096421834202 0.40697468927763025
vn 0.6326417535407257 -0.4419360346051546 0.6359693019276853
vn 0.6326417535407257 -0.4419360346051546 0.6359693019276853
vn 0.491852283736944 0.7697096421834202 0.40697468927763025
vn -0.4918522897025491 0.7697096515190658 0.4069746644113833
vn 0.6326417535407257 -0.4419360346051546 0.6359693019276853
vn -0.4918522897025491 0.7697096515190658 0.4069746644113833
vn -0.6326418142865631 -0.44193594599533764 0.6359693030747723
vn -0.6348580570703183 -0.4518202982469751 -0.6267484866075984
vn 0.634858019559879 -0.4518204033780641 -0.6267484488148269
vn 0.6326417535407257 -0.4419360346051546 0.6359693019276853
vn -0.6348580570703183 -0.4518202982469751 -0.6267484866075984
vn 0.6326417535407257 -0.4419360346051546 0.6359693019276853
vn -0.6326418142865631 -0.44193594599533764 0.6359693030747723
vn 0.5078048239268251 0.6386708003013316 -0.5781296304801398
vn -0.5078047603611431 0.6386708549241993 -0.5781296259706421
vn -0.4918522897025491 0.7697096515190658 0.4069746644113833
vn 0.5078048239268251 0.6386708003013316 -0.5781296304801398
vn -0.4918522897025491 0.7697096515190658 0.4069746644113833
vn 0.491852283736944 0.7697096421834202 0.40697468927763025
vn 0.6326418059541676 -0.4419359699770458 0.635969294698649
vn 0.6348581268458595 -0.4518201862761497 -0.6267484966484975
vn 0.5078047566963025 0.6386709695241479 -0.5781295025889044
vn 0.6326418059541676 -0.4419359699770458 0.635969294698649
vn 0.5078047566963025 0.6386709695241479 -0.5781295025889044
vn 0.4918522671099342 0.769709662801732 0.4069746703769928
vn 0.6348581268458595 -0.4518201862761497 -0.6267484966484975
vn -0.6348581097487176 -0.4518202337130141 -0.6267484797698377
vn -0.5078047566962599 0.6386709695241479 -0.5781295025889417
vn 0.6348581268458595 -0.4518201862761497 -0.6267484966484975
vn -0.5078047566962599 0.6386709695241479 -0.5781295025889417
vn 0.5078047566963025 0.6386709695241479 -0.5781295025889044
vn -0.6348581097487176 -0.4518202337130141 -0.6267484797698377
vn -0.6326418333706052 -0.4419359772940583 0.6359692623410543
vn -0.49185231826070774 0.7697096495720441 0.4069746335795986
vn -0.6348581097487176 -0.4518202337130141 -0.6267484797698377
vn -0.49185231826070774 0.7697096495720441 0.4069746335795986
vn -0.5078047566962599 0.6386709695241479 -0.5781295025889417
vn -0.6326418333706052 -0.4419359772940583 0.6359692623410543
vn 0.6326418059541676 -0.4419359699770458 0.635969294698649
vn 0.4918522671099342 0.769709662801732 0.4069746703769928
vn -0.6326418333706052 -0.4419359772940583 0.6359692623410543
vn 0.4918522671099342 0.769709662801732 0.4069746703769928
vn -0.49185231826070774 0.7697096495720441 0.4069746335795986
vn 0.6348581268458595 -0.4518201862761497 -0.6267484966484975
vn 0.6326418059541676 -0.4419359699770458 0.635969294698649
vn -0.6326418333706052 -0.4419359772940583 0.6359692623410543
vn 0.6348581268458595 -0.4518201862761497 -0.6267484966484975
vn -0.6326418333706052 -0.4419359772940583 0.6359692623410543
vn -0.6348581097487176 -0.4518202337130141 -0.6267484797698377
vn -0.5078047566962599 0.6386709695241479 -0.5781295025889417
vn -0.49185231826070774 0.7697096495720441 0.4069746335795986
vn 0.4918522671099342 0.769709662801732 0.4069746703769928
vn -0.5078047566962599 0.6386709695241479 -0.5781295025889417
vn 0.4918522671099342 0.769709662801732 0.4069746703769928
vn 0.5078047566963025 0.6386709695241479 -0.5781295025889044
vn 0.6531405571661963 0.7406843059352436 0.15746165096891712
vn 0.6302495198457275 -0.008473300639052212 -0.7763464084482586
vn 0.4293780981085188 0.5044846192686866 -0.7490859214976875
vn 0.6531405571661963 0.7406843059352436 0.15746165096891712
vn 0.4293780981085188 0.5044846192686866 -0.7490859214976875
vn 0.4021410307679405 0.8058924014295104 -0.43453426641759224
vn 0.6302495198457275 -0.008473300639052212 -0.7763464084482586
vn 0.6531405571661963 0.7406843059352436 0.15746165096891712
vn 0.6778462433789915 0.30994182405635323 0.6666787352523021
vn 0.6302495198457275 -0.008473300639052212 -0.7763464084482586
vn 0.6778462433789915 0.30994182405635323 0.6666787352523021
vn 0.6199730650346571 -0.6304200935175716 -0.46712300769800397
vn -4.523487862679912e-8 -0.068503236955742 -0.9976508941140599
vn 0.6302495198457275 -0.008473300639052212 -0.7763464084482586
vn 0.6199730650346571 -0.6304200935175716 -0.46712300769800397
vn -4.523487862679912e-8 -0.068503236955742 -0.9976508941140599
vn 0.6199730650346571 -0.6304200935175716 -0.46712300769800397
vn -4.898866612746206e-8 -0.8280125110478316 -0.5607096231992653
vn 0.6531405571661963 0.7406843059352436 0.15746165096891712
vn 9.687250519480179e-8 0.9076777235626396 0.41966790459616365
vn 1.320171728487086e-7 0.3720154250704446 0.9282265475139349
vn 0.6531405571661963 0.7406843059352436 0.15746165096891712
vn 1.320171728487086e-7 0.3720154250704446 0.9282265475139349
vn 0.6778462433789915 0.30994182405635323 0.6666787352523021
vn 0.6778462433789915 0.30994182405635323 0.6666787352523021
vn 1.320171728487086e-7 0.3720154250704446 0.9282265475139349
vn 0.04888059250292281 -0.3867194350011201 0.9209010621499889
vn 0.6778462433789915 0.30994182405635323 0.6666787352523021
vn 0.04888059250292281 -0.3867194350011201 0.9209010621499889
vn 0.6956024371449023 -0.2597138056936974 0.6698402709379071
vn 0.6601197786747833 -0.7129080050145894 0.23665175720554793
vn 0.6956024371449023 -0.2597138056936974 0.6698402709379071
vn 0.04888059250292281 -0.3867194350011201 0.9209010621499889
vn 0.6601197786747833 -0.7129080050145894 0.23665175720554793
vn 0.04888059250292281 -0.3867194350011201 0.9209010621499889
vn -1.2947891249497244e-14 -0.9364151681380863 0.3508940479417107
vn -4.898866612746206e-8 -0.8280125110478316 -0.5607096231992653
vn 0.6199730650346571 -0.6304200935175716 -0.46712300769800397
vn 0.6601197786747833 -0.7129080050145894 0.23665175720554793
vn -4.898866612746206e-8 -0.8280125110478316 -0.5607096231992653
vn 0.6601197786747833 -0.7129080050145894 0.23665175720554793
vn -1.2947891249497244e-14 -0.9364151681380863 0.3508940479417107
vn -1 1.7462662552055292e-21 -3.689971289505728e-14
vn -1 1.7462662552055292e-21 -3.689971289505728e-14
vn -1 1.7462662552055292e-21 -3.689971289505728e-14
vn -1 1.7462662552055292e-21 -3.689971289505728e-14
vn -1 1.7462662552055292e-21 -3.689971289505728e-14
vn -1 1.7462662552055292e-21 -3.689971289505728e-14
vn 0.6199730650346571 -0.6304200935175716 -0.46712300769800397
vn 0.6778462433789915 0.30994182405635323 0.6666787352523021
vn 0.6956024371449023 -0.2597138056936974 0.6698402709379071
vn 0.6199730650346571 -0.6304200935175716 -0.46712300769800397
vn 0.6956024371449023 -0.2597138056936974 0.6698402709379071
vn 0.6601197786747833 -0.7129080050145894 0.23665175720554793
vn -1.378745719159643e-8 0.5156973165708298 -0.856770843155651
vn -3.211894714934913e-8 0.9125306207084776 -0.4090083938862375
vn 0.4021410307679405 0.8058924014295104 -0.43453426641759224
vn -1.378745719159643e-8 0.5156973165708298 -0.856770843155651
vn 0.4021410307679405 0.8058924014295104 -0.43453426641759224
vn 0.4293780981085188 0.5044846192686866 -0.7490859214976875
vn 0.6302495198457275 -0.008473300639052212 -0.7763464084482586
vn -4.523487862679912e-8 -0.068503236955742 -0.9976508941140599
vn -1.378745719159643e-8 0.5156973165708298 -0.856770843155651
vn 0.6302495198457275 -0.008473300639052212 -0.7763464084482586
vn -1.378745719159643e-8 0.5156973165708298 -0.856770843155651
vn 0.4293780981085188 0.5044846192686866 -0.7490859214976875
vn 9.687250519480179e-8 0.9076777235626396 0.41966790459616365
vn 0.6531405571661963 0.7406843059352436 0.15746165096891712
vn 0.4021410307679405 0.8058924014295104 -0.43453426641759224
vn 9.687250519480179e-8 0.9076777235626396 0.41966790459616365
vn 0.4021410307679405 0.8058924014295104 -0.43453426641759224
vn -3.211894714934913e-8 0.9125306207084776 -0.4090083938862375
vn -0.6531404492481755 0.7406843783445911 0.15746175799913398
vn -0.40214097559459394 0.805892410309912 -0.43453430100822715
vn -0.42937806088942043 0.5044846701592824 -0.7490859085586387
vn -0.6531404492481755 0.7406843783445911 0.15746175799913398
vn -0.42937806088942043 0.5044846701592824 -0.7490859085586387
vn -0.6302495200943431 -0.008473254076265266 -0.7763464087546288
vn -0.6302495200943431 -0.008473254076265266 -0.7763464087546288
vn -0.6199731129565965 -0.6304201412426673 -0.4671228796863655
vn -0.6778460865931026 0.30994186393088546 0.6666788761266285
vn -0.6302495200943431 -0.008473254076265266 -0.7763464087546288
vn -0.6778460865931026 0.30994186393088546 0.6666788761266285
vn -0.6531404492481755 0.7406843783445911 0.15746175799913398
vn -4.523487862679912e-8 -0.068503236955742 -0.9976508941140599
vn -4.898866612746206e-8 -0.8280125110478316 -0.5607096231992653
vn -0.6199731129565965 -0.6304201412426673 -0.4671228796863655
vn -4.523487862679912e-8 -0.068503236955742 -0.9976508941140599
vn -0.6199731129565965 -0.6304201412426673 -0.4671228796863655
vn -0.6302495200943431 -0.008473254076265266 -0.7763464087546288
vn -0.6531404492481755 0.7406843783445911 0.15746175799913398
vn -0.6778460865931026 0.30994186393088546 0.6666788761266285
vn 1.320171728487086e-7 0.3720154250704446 0.9282265475139349
vn -0.6531404492481755 0.7406843783445911 0.15746175799913398
vn 1.320171728487086e-7 0.3720154250704446 0.9282265475139349
vn 9.687250519480179e-8 0.9076777235626396 0.41966790459616365
vn -0.6778460865931026 0.30994186393088546 0.6666788761266285
vn -0.6956024093726141 -0.2597137953244625 0.6698403037987319
vn -0.048880469862137635 -0.3867194373249589 0.9209010676837789
vn -0.6778460865931026 0.30994186393088546 0.6666788761266285
vn -0.048880469862137635 -0.3867194373249589 0.9209010676837789
vn 1.320171728487086e-7 0.3720154250704446 0.9282265475139349
vn -0.6601197100096271 -0.7129080548341497 0.23665179866080718
vn 3.381552149484648e-8 -0.9364151852695233 0.35089400222381034
vn -0.048880469862137635 -0.3867194373249589 0.9209010676837789
vn -0.6601197100096271 -0.7129080548341497 0.23665179866080718
vn -0.048880469862137635 -0.3867194373249589 0.9209010676837789
vn -0.6956024093726141 -0.2597137953244625 0.6698403037987319
vn -4.898866612746206e-8 -0.8280125110478316 -0.5607096231992653
vn 3.381552149484648e-8 -0.9364151852695233 0.35089400222381034
vn -0.6601197100096271 -0.7129080548341497 0.23665179866080718
vn -4.898866612746206e-8 -0.8280125110478316 -0.5607096231992653
vn -0.6601197100096271 -0.7129080548341497 0.23665179866080718
vn -0.6199731129565965 -0.6304201412426673 -0.4671228796863655
vn -0.6199731129565965 -0.6304201412426673 -0.4671228796863655
vn -0.6601197100096271 -0.7129080548341497 0.23665179866080718
vn -0.6956024093726141 -0.2597137953244625 0.6698403037987319
vn -0.6199731129565965 -0.6304201412426673 -0.4671228796863655
vn -0.6956024093726141 -0.2597137953244625 0.6698403037987319
vn -0.6778460865931026 0.30994186393088546 0.6666788761266285
vn -1.378745719159643e-8 0.5156973165708298 -0.856770843155651
vn -0.42937806088942043 0.5044846701592824 -0.7490859085586387
vn -0.40214097559459394 0.805892410309912 -0.43453430100822715
vn -1.378745719159643e-8 0.5156973165708298 -0.856770843155651
vn -0.40214097559459394 0.805892410309912 -0.43453430100822715
vn -3.211894714934913e-8 0.9125306207084776 -0.4090083938862375
vn -0.6302495200943431 -0.008473254076265266 -0.7763464087546288
vn -0.42937806088942043 0.5044846701592824 -0.7490859085586387
vn -1.378745719159643e-8 0.5156973165708298 -0.856770843155651
vn -0.6302495200943431 -0.008473254076265266 -0.7763464087546288
vn -1.378745719159643e-8 0.5156973165708298 -0.856770843155651
vn -4.523487862679912e-8 -0.068503236955742 -0.9976508941140599
vn 9.687250519480179e-8 0.9076777235626396 0.41966790459616365
vn -3.211894714934913e-8 0.9125306207084776 -0.4090083938862375
vn -0.40214097559459394 0.805892410309912 -0.43453430100822715
vn 9.687250519480179e-8 0.9076777235626396 0.41966790459616365
vn -0.40214097559459394 0.805892410309912 -0.43453430100822715
vn -0.6531404492481755 0.7406843783445911 0.15746175799913398
vn -0.9830795556383666 -0.11154196162373933 -0.14530305600020968
vn -0.6998747470603661 0.2829566563703712 -0.655828383834436
vn -0.6545973430863107 0.22329273093142127 -0.7222483469953604
vn -0.9830795556383666 -0.11154196162373933 -0.14530305600020968
vn -0.6545973430863107 0.22329273093142127 -0.7222483469953604
vn -0.8634831477100997 -0.23172791811210533 -0.44799444816659006
vn 0.6545973987963772 0.22329277430639694 -0.722248283093542
vn 0.8634831220691827 -0.2317278665275225 -0.4479945242703977
vn 0.41660385579121945 -0.6871433338879748 -0.5952102704365979
vn 0.6545973987963772 0.22329277430639694 -0.722248283093542
vn 0.41660385579121945 -0.6871433338879748 -0.5952102704365979
vn 0.4427891098979848 0.4555025577203196 -0.772305136630592
vn 0.9830795715054821 -0.11154189636881476 -0.14530299874072125
vn 0.699874784071554 0.2829567607408184 -0.6558282993069594
vn 0.5844364121571812 0.6678844616134375 -0.46083014884029716
vn 0.9830795715054821 -0.11154189636881476 -0.14530299874072125
vn 0.5844364121571812 0.6678844616134375 -0.46083014884029716
vn 0.9988089376127147 0.048371964896198355 0.006392116788745282
vn 4.564450875197378e-15 0.9923198143640408 -0.12369877129751777
vn -0.6698593945663283 0.7418978010957248 -0.029598044539471825
vn -0.4607657875159925 0.8251826162266552 0.32675455456978647
vn 4.564450875197378e-15 0.9923198143640408 -0.12369877129751777
vn -0.4607657875159925 0.8251826162266552 0.32675455456978647
vn -1.074665855093657e-14 0.9566501211179222 0.2912396706581444
vn 6.091419950600797e-16 -0.9998637322156372 -0.016508088920787322
vn 0.5886604136318931 -0.8082229442958041 -0.01595586840476054
vn 0.5286873100986228 -0.7645310434736112 0.3687573886796492
vn 6.091419950600797e-16 -0.9998637322156372 -0.016508088920787322
vn 0.5286873100986228 -0.7645310434736112 0.3687573886796492
vn -1.6416605943622206e-14 -0.8955813016266877 0.44489788960687116
vn 3.2879441569100824e-14 0.45390773683196384 -0.891048689154574
vn -0.6998747470603661 0.2829566563703712 -0.655828383834436
vn -0.5844364594294102 0.6678844475201976 -0.4608301093138942
vn 3.2879441569100824e-14 0.45390773683196384 -0.891048689154574
vn -0.5844364594294102 0.6678844475201976 -0.4608301093138942
vn -1.4248810362872675e-9 0.8436375637868968 -0.5369130851150024
vn -3.393227970093462e-14 0.39290012555121834 0.9195811499491694
vn -1.074665855093657e-14 0.9566501211179222 0.2912396706581444
vn -0.4607657875159925 0.8251826162266552 0.32675455456978647
vn -3.393227970093462e-14 0.39290012555121834 0.9195811499491694
vn -0.4607657875159925 0.8251826162266552 0.32675455456978647
vn -0.44379304375276246 0.35263408195083457 0.8238306492012486
vn 0.9404260501453975 0.17218727805266237 0.2931729617218158
vn 0.6698595195281253 0.7418976882575831 -0.029598044793583522
vn 0.4607657875159684 0.8251826162266552 0.3267545545698205
vn 0.9404260501453975 0.17218727805266237 0.2931729617218158
vn 0.4607657875159684 0.8251826162266552 0.3267545545698205
vn 0.4437929594904823 0.3526340264341692 0.8238307183563289
vn -0.9404260908804477 0.17218731930119344 0.2931728068276267
vn -0.6574879996460344 -0.46542950255029386 0.5925241838754282
vn -0.34925910023906626 -0.3350498019225166 0.875076974403898
vn -0.9404260908804477 0.17218731930119344 0.2931728068276267
vn -0.34925910023906626 -0.3350498019225166 0.875076974403898
vn -0.44379304375276246 0.35263408195083457 0.8238306492012486
vn -2.6966790677992748e-14 -0.6825777418710304 0.730812989965453
vn 0.6574879152274183 -0.465429574391707 0.5925242211179707
vn 0.3492590112757324 -0.33504989175512634 0.8750769755156264
vn -2.6966790677992748e-14 -0.6825777418710304 0.730812989965453
vn 0.3492590112757324 -0.33504989175512634 0.8750769755156264
vn -3.345672055021537e-14 -0.42179069221778 0.9066932292448455
vn -0.6698593945663283 0.7418978010957248 -0.029598044539471825
vn -0.9404260908804477 0.17218731930119344 0.2931728068276267
vn -0.44379304375276246 0.35263408195083457 0.8238306492012486
vn -0.6698593945663283 0.7418978010957248 -0.029598044539471825
vn -0.44379304375276246 0.35263408195083457 0.8238306492012486
vn -0.4607657875159925 0.8251826162266552 0.32675455456978647
vn 0.6574879152274183 -0.465429574391707 0.5925242211179707
vn 0.9404260501453975 0.17218727805266237 0.2931729617218158
vn 0.4437929594904823 0.3526340264341692 0.8238307183563289
vn 0.6574879152274183 -0.465429574391707 0.5925242211179707
vn 0.4437929594904823 0.3526340264341692 0.8238307183563289
vn 0.3492590112757324 -0.33504989175512634 0.8750769755156264
vn -3.345672055021537e-14 -0.42179069221778 0.9066932292448455
vn -3.393227970093462e-14 0.39290012555121834 0.9195811499491694
vn -0.44379304375276246 0.35263408195083457 0.8238306492012486
vn -3.345672055021537e-14 -0.42179069221778 0.9066932292448455
vn -0.44379304375276246 0.35263408195083457 0.8238306492012486
vn -0.34925910023906626 -0.3350498019225166 0.875076974403898
vn 0.5886604136318931 -0.8082229442958041 -0.01595586840476054
vn 0.9830795715054821 -0.11154189636881476 -0.14530299874072125
vn 0.9988089376127147 0.048371964896198355 0.006392116788745282
vn 0.5886604136318931 -0.8082229442958041 -0.01595586840476054
vn 0.9988089376127147 0.048371964896198355 0.006392116788745282
vn 0.5286873100986228 -0.7645310434736112 0.3687573886796492
vn -0.6973559284141553 -0.7018866161818411 -0.1450857923107429
vn -0.8634831477100997 -0.23172791811210533 -0.44799444816659006
vn -0.44291991581071805 0.27263245792319324 -0.8541039111636153
vn -0.6973559284141553 -0.7018866161818411 -0.1450857923107429
vn -0.44291991581071805 0.27263245792319324 -0.8541039111636153
vn -0.4340816203392584 -0.7329089856099869 -0.5238488004145697
vn -0.5886604809577975 -0.8082228952923471 -0.015955866751454596
vn -0.9830795556383666 -0.11154196162373933 -0.14530305600020968
vn -0.8634831477100997 -0.23172791811210533 -0.44799444816659006
vn -0.5886604809577975 -0.8082228952923471 -0.015955866751454596
vn -0.8634831477100997 -0.23172791811210533 -0.44799444816659006
vn -0.6973559284141553 -0.7018866161818411 -0.1450857923107429
vn 2.375587245364104e-14 -0.7651974844835472 -0.6437956273073402
vn 3.0006343645275585e-14 0.5820034093915617 -0.8131863448537476
vn 0.4427891098979848 0.4555025577203196 -0.772305136630592
vn 2.375587245364104e-14 -0.7651974844835472 -0.6437956273073402
vn 0.4427891098979848 0.4555025577203196 -0.772305136630592
vn 0.41660385579121945 -0.6871433338879748 -0.5952102704365979
vn 2.401877865806071e-14 0.7591459548676688 -0.650920439998665
vn 0.6545973987963772 0.22329277430639694 -0.722248283093542
vn 0.4427891098979848 0.4555025577203196 -0.772305136630592
vn 2.401877865806071e-14 0.7591459548676688 -0.650920439998665
vn 0.4427891098979848 0.4555025577203196 -0.772305136630592
vn 3.0006343645275585e-14 0.5820034093915617 -0.8131863448537476
vn -0.8634831477100997 -0.23172791811210533 -0.44799444816659006
vn -0.6545973430863107 0.22329273093142127 -0.7222483469953604
vn -0.44278910989792775 0.45550255772031945 -0.7723051366306246
vn -0.8634831477100997 -0.23172791811210533 -0.44799444816659006
vn -0.44278910989792775 0.45550255772031945 -0.7723051366306246
vn -0.4166038535083403 -0.6871433897273184 -0.5952102075704447
vn 3.4358278960399144e-14 -0.36469781374674115 -0.9311259338286887
vn 0.08908496577489 -0.36418074006620826 -0.9270578501030642
vn 0.012951425149700846 -0.9920931193471234 0.12483390216878602
vn 3.4358278960399144e-14 -0.36469781374674115 -0.9311259338286887
vn 0.012951425149700846 -0.9920931193471234 0.12483390216878602
vn -4.373649778658999e-15 -0.992950713993791 0.11852796960726526
vn 2.042808055490729e-14 -0.8327754850879702 -0.5536108664364312
vn 3.4226018581498574e-14 0.373719974643176 -0.9275415788808089
vn 0.44291991581078116 0.27263245792319324 -0.8541039111635824
vn 2.042808055490729e-14 -0.8327754850879702 -0.5536108664364312
vn 0.44291991581078116 0.27263245792319324 -0.8541039111635824
vn 0.4340815961525317 -0.732908995091367 -0.5238488071913814
vn 3.4358278960399144e-14 -0.36469781374674115 -0.9311259338286887
vn -0.08908469757244651 -0.3641805017233605 -0.9270579695051152
vn -0.012001115939036805 0.8127917535567083 -0.5824307156790658
vn 3.4358278960399144e-14 -0.36469781374674115 -0.9311259338286887
vn -0.012001115939036805 0.8127917535567083 -0.5824307156790658
vn 2.1682375235743187e-14 0.8091495375394817 -0.5876027790094622
vn 0.8634831220691827 -0.2317278665275225 -0.4479945242703977
vn 0.6973558947802783 -0.7018866423213352 -0.14508582751626467
vn 0.4340815961525317 -0.732908995091367 -0.5238488071913814
vn 0.8634831220691827 -0.2317278665275225 -0.4479945242703977
vn 0.4340815961525317 -0.732908995091367 -0.5238488071913814
vn 0.44291991581078116 0.27263245792319324 -0.8541039111635824
vn -3.3372498900441225e-15 -0.9959018121978458 0.090441033060479
vn -0.6973559284141553 -0.7018866161818411 -0.1450857923107429
vn -0.4340816203392584 -0.7329089856099869 -0.5238488004145697
vn -3.3372498900441225e-15 -0.9959018121978458 0.090441033060479
vn -0.4340816203392584 -0.7329089856099869 -0.5238488004145697
vn 2.042808055490729e-14 -0.8327754850879702 -0.5536108664364312
vn -0.5286873414228217 -0.7645310025774104 0.36875742855873195
vn -0.9988089366949521 0.048371983478203595 0.006392119576763395
vn -0.9830795556383666 -0.11154196162373933 -0.14530305600020968
vn -0.5286873414228217 -0.7645310025774104 0.36875742855873195
vn -0.9830795556383666 -0.11154196162373933 -0.14530305600020968
vn -0.5886604809577975 -0.8082228952923471 -0.015955866751454596
vn 0.6973558947802783 -0.7018866423213352 -0.14508582751626467
vn 0.8634831220691827 -0.2317278665275225 -0.4479945242703977
vn 0.9830795715054821 -0.11154189636881476 -0.14530299874072125
vn 0.6973558947802783 -0.7018866423213352 -0.14508582751626467
vn 0.9830795715054821 -0.11154189636881476 -0.14530299874072125
vn 0.5886604136318931 -0.8082229442958041 -0.01595586840476054
vn 2.401877865806071e-14 0.7591459548676688 -0.650920439998665
vn -0.6545973430863107 0.22329273093142127 -0.7222483469953604
vn -0.6998747470603661 0.2829566563703712 -0.655828383834436
vn 2.401877865806071e-14 0.7591459548676688 -0.650920439998665
vn -0.6998747470603661 0.2829566563703712 -0.655828383834436
vn 3.2879441569100824e-14 0.45390773683196384 -0.891048689154574
vn -3.3372498900441225e-15 -0.9959018121978458 0.090441033060479
vn 0.6973558947802783 -0.7018866423213352 -0.14508582751626467
vn 0.5886604136318931 -0.8082229442958041 -0.01595586840476054
vn -3.3372498900441225e-15 -0.9959018121978458 0.090441033060479
vn 0.5886604136318931 -0.8082229442958041 -0.01595586840476054
vn 6.091419950600797e-16 -0.9998637322156372 -0.016508088920787322
vn 0.8634831220691827 -0.2317278665275225 -0.4479945242703977
vn 0.6545973987963772 0.22329277430639694 -0.722248283093542
vn 0.699874784071554 0.2829567607408184 -0.6558282993069594
vn 0.8634831220691827 -0.2317278665275225 -0.4479945242703977
vn 0.699874784071554 0.2829567607408184 -0.6558282993069594
vn 0.9830795715054821 -0.11154189636881476 -0.14530299874072125
vn -0.9988089366949521 0.048371983478203595 0.006392119576763395
vn -0.5844364594294102 0.6678844475201976 -0.4608301093138942
vn -0.6998747470603661 0.2829566563703712 -0.655828383834436
vn -0.9988089366949521 0.048371983478203595 0.006392119576763395
vn -0.6998747470603661 0.2829566563703712 -0.655828383834436
vn -0.9830795556383666 -0.11154196162373933 -0.14530305600020968
vn 0.5286873100986228 -0.7645310434736112 0.3687573886796492
vn 0.9988089376127147 0.048371964896198355 0.006392116788745282
vn 0.9404260501453975 0.17218727805266237 0.2931729617218158
vn 0.5286873100986228 -0.7645310434736112 0.3687573886796492
vn 0.9404260501453975 0.17218727805266237 0.2931729617218158
vn 0.6574879152274183 -0.465429574391707 0.5925242211179707
vn -0.5844364594294102 0.6678844475201976 -0.4608301093138942
vn -0.9988089366949521 0.048371983478203595 0.006392119576763395
vn -0.9404260908804477 0.17218731930119344 0.2931728068276267
vn -0.5844364594294102 0.6678844475201976 -0.4608301093138942
vn -0.9404260908804477 0.17218731930119344 0.2931728068276267
vn -0.6698593945663283 0.7418978010957248 -0.029598044539471825
vn -1.6416605943622206e-14 -0.8955813016266877 0.44489788960687116
vn 0.5286873100986228 -0.7645310434736112 0.3687573886796492
vn 0.6574879152274183 -0.465429574391707 0.5925242211179707
vn -1.6416605943622206e-14 -0.8955813016266877 0.44489788960687116
vn 0.6574879152274183 -0.465429574391707 0.5925242211179707
vn -2.6966790677992748e-14 -0.6825777418710304 0.730812989965453
vn -0.9988089366949521 0.048371983478203595 0.006392119576763395
vn -0.5286873414228217 -0.7645310025774104 0.36875742855873195
vn -0.6574879996460344 -0.46542950255029386 0.5925241838754282
vn -0.9988089366949521 0.048371983478203595 0.006392119576763395
vn -0.6574879996460344 -0.46542950255029386 0.5925241838754282
vn -0.9404260908804477 0.17218731930119344 0.2931728068276267
vn 0.9988089376127147 0.048371964896198355 0.006392116788745282
vn 0.5844364121571812 0.6678844616134375 -0.46083014884029716
vn 0.6698595195281253 0.7418976882575831 -0.029598044793583522
vn 0.9988089376127147 0.048371964896198355 0.006392116788745282
vn 0.6698595195281253 0.7418976882575831 -0.029598044793583522
vn 0.9404260501453975 0.17218727805266237 0.2931729617218158
vn -1.4248810362872675e-9 0.8436375637868968 -0.5369130851150024
vn -0.5844364594294102 0.6678844475201976 -0.4608301093138942
vn -0.6698593945663283 0.7418978010957248 -0.029598044539471825
vn -1.4248810362872675e-9 0.8436375637868968 -0.5369130851150024
vn -0.6698593945663283 0.7418978010957248 -0.029598044539471825
vn 4.564450875197378e-15 0.9923198143640408 -0.12369877129751777
vn -0.7946666685251728 -0.6040205434815787 0.06053155365031974
vn -0.7946665409599064 0.5708632834615027 0.20644660393033729
vn -0.7947696975468183 0.6040826905622376 -0.058525471586539014
vn -0.7946666685251728 -0.6040205434815787 0.06053155365031974
vn -0.7947696975468183 0.6040826905622376 -0.058525471586539014
vn -0.7947697429056281 -0.5714141253955985 -0.20451638824335058
vn 8.333341131012749e-8 0.9998532438079174 -0.017131574556311223
vn 0.7947697481182457 0.6040826240916903 -0.05852547092128155
vn 0.6025306400336348 0.5258376824858161 -0.6003761816549726
vn 8.333341131012749e-8 0.9998532438079174 -0.017131574556311223
vn 0.6025306400336348 0.5258376824858161 -0.6003761816549726
vn 2.6400240680989822e-14 0.6986545047470943 -0.7154592112738448
vn 0.7947698016178331 -0.5714140651493019 -0.2045163284090037
vn 0.7947697481182457 0.6040826240916903 -0.05852547092128155
vn 0.7946666118170499 0.5708632915449112 0.20644630883045606
vn 0.7947698016178331 -0.5714140651493019 -0.2045163284090037
vn 0.7946666118170499 0.5708632915449112 0.20644630883045606
vn 0.794666695507231 -0.6040205186853983 0.060531446857315964
vn 8.336162399202756e-8 0.9648632123364803 0.2627527002329779
vn -0.7946665409599064 0.5708632834615027 0.20644660393033729
vn -0.601752896886298 0.36227126735370097 0.7117956026408789
vn 8.336162399202756e-8 0.9648632123364803 0.2627527002329779
vn -0.601752896886298 0.36227126735370097 0.7117956026408789
vn 1.247932437359109e-8 0.5010578639978194 0.8654137836468416
vn 1.250001341201506e-7 -0.9652868024800761 -0.2611922452098744
vn 0.7947698016178331 -0.5714140651493019 -0.2045163284090037
vn 0.794666695507231 -0.6040205186853983 0.060531446857315964
vn 1.250001341201506e-7 -0.9652868024800761 -0.2611922452098744
vn 0.794666695507231 -0.6040205186853983 0.060531446857315964
vn 8.336162797628877e-8 -0.9998242441737738 0.018747820202220117
vn 8.333341131012749e-8 0.9998532438079174 -0.017131574556311223
vn -0.7947696975468183 0.6040826905622376 -0.058525471586539014
vn -0.7946665409599064 0.5708632834615027 0.20644660393033729
vn 8.333341131012749e-8 0.9998532438079174 -0.017131574556311223
vn -0.7946665409599064 0.5708632834615027 0.20644660393033729
vn 8.336162399202756e-8 0.9648632123364803 0.2627527002329779
vn 1.4522341308894978e-7 -0.50241577120712 -0.8646261578522441
vn 2.6400240680989822e-14 0.6986545047470943 -0.7154592112738448
vn 0.6025306400336348 0.5258376824858161 -0.6003761816549726
vn 1.4522341308894978e-7 -0.50241577120712 -0.8646261578522441
vn 0.6025306400336348 0.5258376824858161 -0.6003761816549726
vn 0.602530776678978 -0.36299917664218245 -0.7107659677500922
vn -0.7947697429056281 -0.5714141253955985 -0.20451638824335058
vn -0.7947696975468183 0.6040826905622376 -0.058525471586539014
vn -0.6025306020680041 0.5258377013705527 -0.6003762032167014
vn -0.7947697429056281 -0.5714141253955985 -0.20451638824335058
vn -0.6025306020680041 0.5258377013705527 -0.6003762032167014
vn -0.6025306687032693 -0.36299921321230105 -0.7107660406063598
vn 0.7947697481182457 0.6040826240916903 -0.05852547092128155
vn 0.7947698016178331 -0.5714140651493019 -0.2045163284090037
vn 0.602530776678978 -0.36299917664218245 -0.7107659677500922
vn 0.7947697481182457 0.6040826240916903 -0.05852547092128155
vn 0.602530776678978 -0.36299917664218245 -0.7107659677500922
vn 0.6025306400336348 0.5258376824858161 -0.6003761816549726
vn 1.250001341201506e-7 -0.9652868024800761 -0.2611922452098744
vn -0.7947697429056281 -0.5714141253955985 -0.20451638824335058
vn -0.6025306687032693 -0.36299921321230105 -0.7107660406063598
vn 1.250001341201506e-7 -0.9652868024800761 -0.2611922452098744
vn -0.6025306687032693 -0.36299921321230105 -0.7107660406063598
vn 1.4522341308894978e-7 -0.50241577120712 -0.8646261578522441
vn 1.1855383432817288e-7 -0.6975313308954428 0.7165542843492166
vn 1.247932437359109e-8 0.5010578639978194 0.8654137836468416
vn -0.601752896886298 0.36227126735370097 0.7117956026408789
vn 1.1855383432817288e-7 -0.6975313308954428 0.7165542843492166
vn -0.601752896886298 0.36227126735370097 0.7117956026408789
vn -0.6017529127844273 -0.5253833110113265 0.6015528309851371
vn 0.794666695507231 -0.6040205186853983 0.060531446857315964
vn 0.7946666118170499 0.5708632915449112 0.20644630883045606
vn 0.6017530040416705 0.36227146871318805 0.7117954095687994
vn 0.794666695507231 -0.6040205186853983 0.060531446857315964
vn 0.6017530040416705 0.36227146871318805 0.7117954095687994
vn 0.6017530319793013 -0.5253833109987994 0.6015527117615354
vn -0.7946665409599064 0.5708632834615027 0.20644660393033729
vn -0.7946666685251728 -0.6040205434815787 0.06053155365031974
vn -0.6017529127844273 -0.5253833110113265 0.6015528309851371
vn -0.7946665409599064 0.5708632834615027 0.20644660393033729
vn -0.6017529127844273 -0.5253833110113265 0.6015528309851371
vn -0.601752896886298 0.36227126735370097 0.7117956026408789
vn 8.336162797628877e-8 -0.9998242441737738 0.018747820202220117
vn 0.794666695507231 -0.6040205186853983 0.060531446857315964
vn 0.6017530319793013 -0.5253833109987994 0.6015527117615354
vn 8.336162797628877e-8 -0.9998242441737738 0.018747820202220117
vn 0.6017530319793013 -0.5253833109987994 0.6015527117615354
vn 1.1855383432817288e-7 -0.6975313308954428 0.7165542843492166
vn -0.7946666373127333 -0.5878883318541872 0.15130183347128887
vn -0.7946666439797194 0.595542443734531 0.11761854724792803
vn -0.7947698791705091 0.5882533558548304 -0.14932792266962183
vn -0.7946666373127333 -0.5878883318541872 0.15130183347128887
vn -0.7947698791705091 0.5882533558548304 -0.14932792266962183
vn -0.7947698790671567 -0.5957945709955995 -0.11562728267907532
vn 6.211834528918563e-15 0.9857283658820644 -0.16834366247493573
vn 0.7947698293489671 0.5882534227004859 -0.14932792450769927
vn 0.6025302931903775 0.4288563963218688 -0.673082043380848
vn 6.211834528918563e-15 0.9857283658820644 -0.16834366247493573
vn 0.6025302931903775 0.4288563963218688 -0.673082043380848
vn 6.246194050273277e-9 0.5822543024304005 -0.8130067203297198
vn 0.7947697828176926 -0.5957947074165799 -0.1156272413158308
vn 0.7947698293489671 0.5882534227004859 -0.14932792450769927
vn 0.7946666906707293 0.595542374452109 0.11761858258955228
vn 0.7947697828176926 -0.5957947074165799 -0.1156272413158308
vn 0.7946666906707293 0.595542374452109 0.11761858258955228
vn 0.7946666977218096 -0.5878883920540267 0.1513012822815615
vn -4.192225169264129e-15 0.9935252673038566 0.11361136927614304
vn -0.7946666439797194 0.595542443734531 0.11761854724792803
vn -0.6017533746156015 0.4658820169671594 0.6487270785201946
vn -4.192225169264129e-15 0.9935252673038566 0.11361136927614304
vn -0.6017533746156015 0.4658820169671594 0.6487270785201946
vn -6.239706445948471e-9 0.6263309589620363 0.7795572652767057
vn -7.812507291705581e-8 -0.9937076828974549 -0.11200464700433334
vn 0.7947697828176926 -0.5957947074165799 -0.1156272413158308
vn 0.7946666977218096 -0.5878883920540267 0.1513012822815615
vn -7.812507291705581e-8 -0.9937076828974549 -0.11200464700433334
vn 0.7946666977218096 -0.5878883920540267 0.1513012822815615
vn -6.270636908687662e-15 -0.9854548878834012 0.16993723531561114
vn 6.211834528918563e-15 0.9857283658820644 -0.16834366247493573
vn -0.7947698791705091 0.5882533558548304 -0.14932792266962183
vn -0.7946666439797194 0.595542443734531 0.11761854724792803
vn 6.211834528918563e-15 0.9857283658820644 -0.16834366247493573
vn -0.7946666439797194 0.595542443734531 0.11761854724792803
vn -4.192225169264129e-15 0.9935252673038566 0.11361136927614304
vn -1.2180008105907117e-7 -0.6275545041676687 -0.7785726326418471
vn 6.246194050273277e-9 0.5822543024304005 -0.8130067203297198
vn 0.6025302931903775 0.4288563963218688 -0.673082043380848
vn -1.2180008105907117e-7 -0.6275545041676687 -0.7785726326418471
vn 0.6025302931903775 0.4288563963218688 -0.673082043380848
vn 0.6025299394641325 -0.4664467223889829 -0.6475995114435495
vn -0.7947698790671567 -0.5957945709955995 -0.11562728267907532
vn -0.7947698791705091 0.5882533558548304 -0.14932792266962183
vn -0.6025302310519165 0.42885639451842866 -0.6730821001550835
vn -0.7947698790671567 -0.5957945709955995 -0.11562728267907532
vn -0.6025302310519165 0.42885639451842866 -0.6730821001550835
vn -0.6025300507689094 -0.4664465076535225 -0.647599562552545
vn 0.7947698293489671 0.5882534227004859 -0.14932792450769927
vn 0.7947697828176926 -0.5957947074165799 -0.1156272413158308
vn 0.6025299394641325 -0.4664467223889829 -0.6475995114435495
vn 0.7947698293489671 0.5882534227004859 -0.14932792450769927
vn 0.6025299394641325 -0.4664467223889829 -0.6475995114435495
vn 0.6025302931903775 0.4288563963218688 -0.673082043380848
vn -7.812507291705581e-8 -0.9937076828974549 -0.11200464700433334
vn -0.7947698790671567 -0.5957945709955995 -0.11562728267907532
vn -0.6025300507689094 -0.4664465076535225 -0.647599562552545
vn -7.812507291705581e-8 -0.9937076828974549 -0.11200464700433334
vn -0.6025300507689094 -0.4664465076535225 -0.647599562552545
vn -1.2180008105907117e-7 -0.6275545041676687 -0.7785726326418471
vn 7.643609089342212e-8 -0.5809771939702538 0.8139198364006397
vn -6.239706445948471e-9 0.6263309589620363 0.7795572652767057
vn -0.6017533746156015 0.4658820169671594 0.6487270785201946
vn 7.643609089342212e-8 -0.5809771939702538 0.8139198364006397
vn -0.6017533746156015 0.4658820169671594 0.6487270785201946
vn -0.6017532757885935 -0.42823015196789477 0.6741750010370088
vn 0.7946666977218096 -0.5878883920540267 0.1513012822815615
vn 0.7946666906707293 0.595542374452109 0.11761858258955228
vn 0.601753420991894 0.4658819769233827 0.6487270642593179
vn 0.7946666977218096 -0.5878883920540267 0.1513012822815615
vn 0.601753420991894 0.4658819769233827 0.6487270642593179
vn 0.601753427798662 -0.4282304435311458 0.6741746801576566
vn -0.7946666439797194 0.595542443734531 0.11761854724792803
vn -0.7946666373127333 -0.5878883318541872 0.15130183347128887
vn -0.6017532757885935 -0.42823015196789477 0.6741750010370088
vn -0.7946666439797194 0.595542443734531 0.11761854724792803
vn -0.6017532757885935 -0.42823015196789477 0.6741750010370088
vn -0.6017533746156015 0.4658820169671594 0.6487270785201946
vn -6.270636908687662e-15 -0.9854548878834012 0.16993723531561114
vn 0.7946666977218096 -0.5878883920540267 0.1513012822815615
vn 0.601753427798662 -0.4282304435311458 0.6741746801576566
vn -6.270636908687662e-15 -0.9854548878834012 0.16993723531561114
vn 0.601753427798662 -0.4282304435311458 0.6741746801576566
vn 7.643609089342212e-8 -0.5809771939702538 0.8139198364006397
vn -0.7946667211426365 -0.5616955544134677 0.2302236010068439
vn -0.7946666848337369 0.6060287826643352 0.035127974575003475
vn -0.7947698736899398 0.5623271091561882 -0.22831791472182247
vn -0.7946667211426365 -0.5616955544134677 0.2302236010068439
vn -0.7947698736899398 0.5623271091561882 -0.22831791472182247
vn -0.7947698164764253 -0.606006561765434 -0.03312077769718738
vn 1.8750019051277215e-7 0.9534741944283598 -0.30147464331043655
vn 0.7947699435139368 0.562326997177427 -0.22831794745983489
vn 0.6025306216871522 0.3328488813925676 -0.7253747115008975
vn 1.8750019051277215e-7 0.9534741944283598 -0.30147464331043655
vn 0.6025306216871522 0.3328488813925676 -0.7253747115008975
vn 2.3110831955902719e-7 0.4656845012922319 -0.884950815162149
vn 0.794769922116268 -0.6060064322095154 -0.033120613218890614
vn 0.7947699435139368 0.562326997177427 -0.22831794745983489
vn 0.794666685561677 0.6060287832194756 0.03512794853020922
vn 0.794769922116268 -0.6060064322095154 -0.033120613218890614
vn 0.794666685561677 0.6060287832194756 0.03512794853020922
vn 0.794666648693844 -0.5616956645441219 0.23022358238467291
vn 8.57216994688833e-16 0.9997301251502219 -0.023230946324278693
vn -0.7946666848337369 0.6060287826643352 0.035127974575003475
vn -0.6017529467545973 0.5501678858506068 0.5789720964354261
vn 8.57216994688833e-16 0.9997301251502219 -0.023230946324278693
vn -0.6017529467545973 0.5501678858506068 0.5789720964354261
vn -6.239697208922035e-9 0.7269900150122253 0.6866480307060702
vn 9.375008907360316e-8 -0.9996912596296633 0.024847241698997515
vn 0.794769922116268 -0.6060064322095154 -0.033120613218890614
vn 0.794666648693844 -0.5616956645441219 0.23022358238467291
vn 9.375008907360316e-8 -0.9996912596296633 0.024847241698997515
vn 0.794666648693844 -0.5616956645441219 0.23022358238467291
vn -6.25212480800157e-8 -0.9529854085685727 0.3030161894278694
vn 1.8750019051277215e-7 0.9534741944283598 -0.30147464331043655
vn -0.7947698736899398 0.5623271091561882 -0.22831791472182247
vn -0.7946666848337369 0.6060287826643352 0.035127974575003475
vn 1.8750019051277215e-7 0.9534741944283598 -0.30147464331043655
vn -0.7946666848337369 0.6060287826643352 0.035127974575003475
vn 8.57216994688833e-16 0.9997301251502219 -0.023230946324278693
vn 2.201771458274604e-7 -0.7280675121918148 -0.6855054322839269
vn 2.3110831955902719e-7 0.4656845012922319 -0.884950815162149
vn 0.6025306216871522 0.3328488813925676 -0.7253747115008975
vn 2.201771458274604e-7 -0.7280675121918148 -0.6855054322839269
vn 0.6025306216871522 0.3328488813925676 -0.7253747115008975
vn 0.6025306070319648 -0.5505717057618166 -0.5777782138539108
vn -0.7947698164764253 -0.606006561765434 -0.03312077769718738
vn -0.7947698736899398 0.5623271091561882 -0.22831791472182247
vn -0.6025304100165828 0.3328492208698472 -0.725374731550241
vn -0.7947698164764253 -0.606006561765434 -0.03312077769718738
vn -0.6025304100165828 0.3328492208698472 -0.725374731550241
vn -0.6025302768386073 -0.5505719743891133 -0.5777783022146683
vn 0.7947699435139368 0.562326997177427 -0.22831794745983489
vn 0.794769922116268 -0.6060064322095154 -0.033120613218890614
vn 0.6025306070319648 -0.5505717057618166 -0.5777782138539108
vn 0.7947699435139368 0.562326997177427 -0.22831794745983489
vn 0.6025306070319648 -0.5505717057618166 -0.5777782138539108
vn 0.6025306216871522 0.3328488813925676 -0.7253747115008975
vn 9.375008907360316e-8 -0.9996912596296633 0.024847241698997515
vn -0.7947698164764253 -0.606006561765434 -0.03312077769718738
vn -0.6025302768386073 -0.5505719743891133 -0.5777783022146683
vn 9.375008907360316e-8 -0.9996912596296633 0.024847241698997515
vn -0.6025302768386073 -0.5505719743891133 -0.5777783022146683
vn 2.201771458274604e-7 -0.7280675121918148 -0.6855054322839269
vn -1.5599514987408483e-9 -0.46429492753441015 0.8856806536589907
vn -6.239697208922035e-9 0.7269900150122253 0.6866480307060702
vn -0.6017529467545973 0.5501678858506068 0.5789720964354261
vn -1.5599514987408483e-9 -0.46429492753441015 0.8856806536589907
vn -0.6017529467545973 0.5501678858506068 0.5789720964354261
vn -0.6017523294765081 -0.33207775699212494 0.7263735246281182
vn 0.794666648693844 -0.5616956645441219 0.23022358238467291
vn 0.794666685561677 0.6060287832194756 0.03512794853020922
vn 0.6017529847759623 0.5501678661175863 0.5789720756693216
vn 0.794666648693844 -0.5616956645441219 0.23022358238467291
vn 0.6017529847759623 0.5501678661175863 0.5789720756693216
vn 0.6017523294764544 -0.33207775699212483 0.7263735246281625
vn -0.7946666848337369 0.6060287826643352 0.035127974575003475
vn -0.7946667211426365 -0.5616955544134677 0.2302236010068439
vn -0.6017523294765081 -0.33207775699212494 0.7263735246281182
vn -0.7946666848337369 0.6060287826643352 0.035127974575003475
vn -0.6017523294765081 -0.33207775699212494 0.7263735246281182
vn -0.6017529467545973 0.5501678858506068 0.5789720964354261
vn -6.25212480800157e-8 -0.9529854085685727 0.3030161894278694
vn 0.794666648693844 -0.5616956645441219 0.23022358238467291
vn 0.6017523294764544 -0.33207775699212483 0.7263735246281625
vn -6.25212480800157e-8 -0.9529854085685727 0.3030161894278694
vn 0.6017523294764544 -0.33207775699212483 0.7263735246281625
vn -1.5599514987408483e-9 -0.46429492753441015 0.8856806536589907
vn -0.6811678376679803 0.010351705883976233 0.7320541094154311
vn -0.5316695411103709 0.4768468044584805 0.6999604446918577
vn -0.5388699683432505 0.47089357963956197 -0.6984829231069173
vn -0.6811678376679803 0.010351705883976233 0.7320541094154311
vn -0.5388699683432505 0.47089357963956197 -0.6984829231069173
vn -0.6811678398349792 0.010351201864545937 -0.7320541145260421
vn -0.6811678398349792 0.010351201864545937 -0.7320541145260421
vn -0.5388699683432505 0.47089357963956197 -0.6984829231069173
vn 0.6719501556070231 -0.029433262053746984 -0.7400112644173551
vn -0.6811678398349792 0.010351201864545937 -0.7320541145260421
vn 0.6719501556070231 -0.029433262053746984 -0.7400112644173551
vn 0.5832477854538197 -0.3520213483153465 -0.7320539536765448
vn 0.5832477854538197 -0.3520213483153465 -0.7320539536765448
vn 0.6719501556070231 -0.029433262053746984 -0.7400112644173551
vn 0.6760470364503304 -0.015736516521787113 0.7366904143223836
vn 0.5832477854538197 -0.3520213483153465 -0.7320539536765448
vn 0.6760470364503304 -0.015736516521787113 0.7366904143223836
vn 0.5832477441776862 -0.3520209242431265 0.7320541904850045
vn 0.5832477441776862 -0.3520209242431265 0.7320541904850045
vn 0.6760470364503304 -0.015736516521787113 0.7366904143223836
vn -0.5316695411103709 0.4768468044584805 0.6999604446918577
vn 0.5832477441776862 -0.3520209242431265 0.7320541904850045
vn -0.5316695411103709 0.4768468044584805 0.6999604446918577
vn -0.6811678376679803 0.010351705883976233 0.7320541094154311
vn -0.6811678398349792 0.010351201864545937 -0.7320541145260421
vn 0.5832477854538197 -0.3520213483153465 -0.7320539536765448
vn 0.39611185042969144 -0.8197428636133891 -0.4136629539904274
vn -0.6811678398349792 0.010351201864545937 -0.7320541145260421
vn 0.39611185042969144 -0.8197428636133891 -0.4136629539904274
vn -0.7701827825287847 -0.4854908210438455 -0.41366308051165446
vn -0.5316695411103709 0.4768468044584805 0.6999604446918577
vn 0.6760470364503304 -0.015736516521787113 0.7366904143223836
vn 0.9156711760657488 0.10226439762210782 0.3887007721903262
vn -0.5316695411103709 0.4768468044584805 0.6999604446918577
vn 0.9156711760657488 0.10226439762210782 0.3887007721903262
vn 0.10237049483031177 0.9292903579088378 0.3548798564103927
vn -0.7701827825287847 -0.4854908210438455 -0.41366308051165446
vn 0.39611185042969144 -0.8197428636133891 -0.4136629539904274
vn 0.39611184030492597 -0.8197426122925997 0.41366346171972856
vn -0.7701827825287847 -0.4854908210438455 -0.41366308051165446
vn 0.39611184030492597 -0.8197426122925997 0.41366346171972856
vn -0.7701827957181819 -0.48549047978063375 0.41366345647409497
vn -0.6811678376679803 0.010351705883976233 0.7320541094154311
vn -0.6811678398349792 0.010351201864545937 -0.7320541145260421
vn -0.7701827825287847 -0.4854908210438455 -0.41366308051165446
vn -0.6811678376679803 0.010351705883976233 0.7320541094154311
vn -0.7701827825287847 -0.4854908210438455 -0.41366308051165446
vn -0.7701827957181819 -0.48549047978063375 0.41366345647409497
vn 0.5832477854538197 -0.3520213483153465 -0.7320539536765448
vn 0.5832477441776862 -0.3520209242431265 0.7320541904850045
vn 0.39611184030492597 -0.8197426122925997 0.41366346171972856
vn 0.5832477854538197 -0.3520213483153465 -0.7320539536765448
vn 0.39611184030492597 -0.8197426122925997 0.41366346171972856
vn 0.39611185042969144 -0.8197428636133891 -0.4136629539904274
vn 0.5832477441776862 -0.3520209242431265 0.7320541904850045
vn -0.6811678376679803 0.010351705883976233 0.7320541094154311
vn -0.7701827957181819 -0.48549047978063375 0.41366345647409497
vn 0.5832477441776862 -0.3520209242431265 0.7320541904850045
vn -0.7701827957181819 -0.48549047978063375 0.41366345647409497
vn 0.39611184030492597 -0.8197426122925997 0.41366346171972856
vn 0.910081814936075 0.09773752017179341 -0.4027387084367828
vn 0.10438969084641671 0.9245708179576467 -0.36643088710712907
vn 0.10237049483031177 0.9292903579088378 0.3548798564103927
vn 0.910081814936075 0.09773752017179341 -0.4027387084367828
vn 0.10237049483031177 0.9292903579088378 0.3548798564103927
vn 0.9156711760657488 0.10226439762210782 0.3887007721903262
vn 0.6719501556070231 -0.029433262053746984 -0.7400112644173551
vn -0.5388699683432505 0.47089357963956197 -0.6984829231069173
vn 0.10438969084641671 0.9245708179576467 -0.36643088710712907
vn 0.6719501556070231 -0.029433262053746984 -0.7400112644173551
vn 0.10438969084641671 0.9245708179576467 -0.36643088710712907
vn 0.910081814936075 0.09773752017179341 -0.4027387084367828
vn 0.6760470364503304 -0.015736516521787113 0.7366904143223836
vn 0.6719501556070231 -0.029433262053746984 -0.7400112644173551
vn 0.910081814936075 0.09773752017179341 -0.4027387084367828
vn 0.6760470364503304 -0.015736516521787113 0.7366904143223836
vn 0.910081814936075 0.09773752017179341 -0.4027387084367828
vn 0.9156711760657488 0.10226439762210782 0.3887007721903262
vn -0.5388699683432505 0.47089357963956197 -0.6984829231069173
vn -0.5316695411103709 0.4768468044584805 0.6999604446918577
vn 0.10237049483031177 0.9292903579088378 0.3548798564103927
vn -0.5388699683432505 0.47089357963956197 -0.6984829231069173
vn 0.10237049483031177 0.9292903579088378 0.3548798564103927
vn 0.10438969084641671 0.9245708179576467 -0.36643088710712907
vn 0.6811678053054987 0.010351764971300435 0.732054138692808
vn 0.681167527955228 0.010351701774149187 -0.7320543976575394
vn 0.5388700413940462 0.47089329336624414 -0.6984830597449528
vn 0.6811678053054987 0.010351764971300435 0.732054138692808
vn 0.5388700413940462 0.47089329336624414 -0.6984830597449528
vn 0.5316695693921725 0.47684706824262263 0.6999602435072706
vn 0.681167527955228 0.010351701774149187 -0.7320543976575394
vn -0.5832479565613881 -0.35202083702471215 -0.7320540632134942
vn -0.6719499616894867 -0.029433611569471038 -0.7400114265979107
vn 0.681167527955228 0.010351701774149187 -0.7320543976575394
vn -0.6719499616894867 -0.029433611569471038 -0.7400114265979107
vn 0.5388700413940462 0.47089329336624414 -0.6984830597449528
vn -0.5832479565613881 -0.35202083702471215 -0.7320540632134942
vn -0.5832479778395556 -0.352020921372187 0.7320540057006354
vn -0.6760470392840645 -0.015736250229486253 0.7366904174101668
vn -0.5832479565613881 -0.35202083702471215 -0.7320540632134942
vn -0.6760470392840645 -0.015736250229486253 0.7366904174101668
vn -0.6719499616894867 -0.029433611569471038 -0.7400114265979107
vn -0.5832479778395556 -0.352020921372187 0.7320540057006354
vn 0.6811678053054987 0.010351764971300435 0.732054138692808
vn 0.5316695693921725 0.47684706824262263 0.6999602435072706
vn -0.5832479778395556 -0.352020921372187 0.7320540057006354
vn 0.5316695693921725 0.47684706824262263 0.6999602435072706
vn -0.6760470392840645 -0.015736250229486253 0.7366904174101668
vn 0.681167527955228 0.010351701774149187 -0.7320543976575394
vn 0.7701826489751527 -0.4854906331878888 -0.4136635496444419
vn -0.39611210949524045 -0.8197424274342777 -0.4136635702782985
vn 0.681167527955228 0.010351701774149187 -0.7320543976575394
vn -0.39611210949524045 -0.8197424274342777 -0.4136635702782985
vn -0.5832479565613881 -0.35202083702471215 -0.7320540632134942
vn 0.5316695693921725 0.47684706824262263 0.6999602435072706
vn -0.10237076869555219 0.9292903415120476 0.3548798203464148
vn -0.9156711434040128 0.10226428966625267 0.3887008775346983
vn 0.5316695693921725 0.47684706824262263 0.6999602435072706
vn -0.9156711434040128 0.10226428966625267 0.3887008775346983
vn -0.6760470392840645 -0.015736250229486253 0.7366904174101668
vn 0.7701826489751527 -0.4854906331878888 -0.4136635496444419
vn 0.7701825695509333 -0.4854909345382378 0.41366334384510106
vn -0.39611169043641886 -0.8197426701238506 0.4136634906271308
vn 0.7701826489751527 -0.4854906331878888 -0.4136635496444419
vn -0.39611169043641886 -0.8197426701238506 0.4136634906271308
vn -0.39611210949524045 -0.8197424274342777 -0.4136635702782985
vn 0.6811678053054987 0.010351764971300435 0.732054138692808
vn 0.7701825695509333 -0.4854909345382378 0.41366334384510106
vn 0.7701826489751527 -0.4854906331878888 -0.4136635496444419
vn 0.6811678053054987 0.010351764971300435 0.732054138692808
vn 0.7701826489751527 -0.4854906331878888 -0.4136635496444419
vn 0.681167527955228 0.010351701774149187 -0.7320543976575394
vn -0.5832479565613881 -0.35202083702471215 -0.7320540632134942
vn -0.39611210949524045 -0.8197424274342777 -0.4136635702782985
vn -0.39611169043641886 -0.8197426701238506 0.4136634906271308
vn -0.5832479565613881 -0.35202083702471215 -0.7320540632134942
vn -0.39611169043641886 -0.8197426701238506 0.4136634906271308
vn -0.5832479778395556 -0.352020921372187 0.7320540057006354
vn -0.5832479778395556 -0.352020921372187 0.7320540057006354
vn -0.39611169043641886 -0.8197426701238506 0.4136634906271308
vn 0.7701825695509333 -0.4854909345382378 0.41366334384510106
vn -0.5832479778395556 -0.352020921372187 0.7320540057006354
vn 0.7701825695509333 -0.4854909345382378 0.41366334384510106
vn 0.6811678053054987 0.010351764971300435 0.732054138692808
vn -0.9100817610751684 0.09773678318110816 -0.40273900900177173
vn -0.9156711434040128 0.10226428966625267 0.3887008775346983
vn -0.10237076869555219 0.9292903415120476 0.3548798203464148
vn -0.9100817610751684 0.09773678318110816 -0.40273900900177173
vn -0.10237076869555219 0.9292903415120476 0.3548798203464148
vn -0.10439007991315194 0.924570653638557 -0.36643119087503656
vn -0.6719499616894867 -0.029433611569471038 -0.7400114265979107
vn -0.9100817610751684 0.09773678318110816 -0.40273900900177173
vn -0.10439007991315194 0.924570653638557 -0.36643119087503656
vn -0.6719499616894867 -0.029433611569471038 -0.7400114265979107
vn -0.10439007991315194 0.924570653638557 -0.36643119087503656
vn 0.5388700413940462 0.47089329336624414 -0.6984830597449528
vn -0.6760470392840645 -0.015736250229486253 0.7366904174101668
vn -0.9156711434040128 0.10226428966625267 0.3887008775346983
vn -0.9100817610751684 0.09773678318110816 -0.40273900900177173
vn -0.6760470392840645 -0.015736250229486253 0.7366904174101668
vn -0.9100817610751684 0.09773678318110816 -0.40273900900177173
vn -0.6719499616894867 -0.029433611569471038 -0.7400114265979107
vn 0.5388700413940462 0.47089329336624414 -0.6984830597449528
vn -0.10439007991315194 0.924570653638557 -0.36643119087503656
vn -0.10237076869555219 0.9292903415120476 0.3548798203464148
vn 0.5388700413940462 0.47089329336624414 -0.6984830597449528
vn -0.10237076869555219 0.9292903415120476 0.3548798203464148
vn 0.5316695693921725 0.47684706824262263 0.6999602435072706
vn 0.5844364121571812 0.6678844616134375 -0.46083014884029716
vn -1.4248810362872675e-9 0.8436375637868968 -0.5369130851150024
vn 4.564450875197378e-15 0.9923198143640408 -0.12369877129751777
vn 0.5844364121571812 0.6678844616134375 -0.46083014884029716
vn 4.564450875197378e-15 0.9923198143640408 -0.12369877129751777
vn 0.6698595195281253 0.7418976882575831 -0.029598044793583522
vn -0.5286873414228217 -0.7645310025774104 0.36875742855873195
vn -1.6416605943622206e-14 -0.8955813016266877 0.44489788960687116
vn -2.6966790677992748e-14 -0.6825777418710304 0.730812989965453
vn -0.5286873414228217 -0.7645310025774104 0.36875742855873195
vn -2.6966790677992748e-14 -0.6825777418710304 0.730812989965453
vn -0.6574879996460344 -0.46542950255029386 0.5925241838754282
vn -0.6973559284141553 -0.7018866161818411 -0.1450857923107429
vn -3.3372498900441225e-15 -0.9959018121978458 0.090441033060479
vn 6.091419950600797e-16 -0.9998637322156372 -0.016508088920787322
vn -0.6973559284141553 -0.7018866161818411 -0.1450857923107429
vn 6.091419950600797e-16 -0.9998637322156372 -0.016508088920787322
vn -0.5886604809577975 -0.8082228952923471 -0.015955866751454596
vn 0.6545973987963772 0.22329277430639694 -0.722248283093542
vn 2.401877865806071e-14 0.7591459548676688 -0.650920439998665
vn 3.2879441569100824e-14 0.45390773683196384 -0.891048689154574
vn 0.6545973987963772 0.22329277430639694 -0.722248283093542
vn 3.2879441569100824e-14 0.45390773683196384 -0.891048689154574
vn 0.699874784071554 0.2829567607408184 -0.6558282993069594
vn 0.6973558947802783 -0.7018866423213352 -0.14508582751626467
vn -3.3372498900441225e-15 -0.9959018121978458 0.090441033060479
vn 2.042808055490729e-14 -0.8327754850879702 -0.5536108664364312
vn 0.6973558947802783 -0.7018866423213352 -0.14508582751626467
vn 2.042808055490729e-14 -0.8327754850879702 -0.5536108664364312
vn 0.4340815961525317 -0.732908995091367 -0.5238488071913814
vn 0.08908496577489 -0.36418074006620826 -0.9270578501030642
vn 3.4358278960399144e-14 -0.36469781374674115 -0.9311259338286887
vn 2.1682375235743187e-14 0.8091495375394817 -0.5876027790094622
vn 0.08908496577489 -0.36418074006620826 -0.9270578501030642
vn 2.1682375235743187e-14 0.8091495375394817 -0.5876027790094622
vn 0.01200111593907979 0.8127917535567083 -0.582430715679065
vn -0.4340816203392584 -0.7329089856099869 -0.5238488004145697
vn -0.44291991581071805 0.27263245792319324 -0.8541039111636153
vn 3.4226018581498574e-14 0.373719974643176 -0.9275415788808089
vn -0.4340816203392584 -0.7329089856099869 -0.5238488004145697
vn 3.4226018581498574e-14 0.373719974643176 -0.9275415788808089
vn 2.042808055490729e-14 -0.8327754850879702 -0.5536108664364312
vn -0.08908469757244651 -0.3641805017233605 -0.9270579695051152
vn 3.4358278960399144e-14 -0.36469781374674115 -0.9311259338286887
vn -4.373649778658999e-15 -0.992950713993791 0.11852796960726526
vn -0.08908469757244651 -0.3641805017233605 -0.9270579695051152
vn -4.373649778658999e-15 -0.992950713993791 0.11852796960726526
vn -0.012951364005923196 -0.9920931441279038 0.1248337115718196
vn -0.6545973430863107 0.22329273093142127 -0.7222483469953604
vn 2.401877865806071e-14 0.7591459548676688 -0.650920439998665
vn 3.0006343645275585e-14 0.5820034093915617 -0.8131863448537476
vn -0.6545973430863107 0.22329273093142127 -0.7222483469953604
vn 3.0006343645275585e-14 0.5820034093915617 -0.8131863448537476
vn -0.44278910989792775 0.45550255772031945 -0.7723051366306246
vn -0.4166038535083403 -0.6871433897273184 -0.5952102075704447
vn -0.44278910989792775 0.45550255772031945 -0.7723051366306246
vn 3.0006343645275585e-14 0.5820034093915617 -0.8131863448537476
vn -0.4166038535083403 -0.6871433897273184 -0.5952102075704447
vn 3.0006343645275585e-14 0.5820034093915617 -0.8131863448537476
vn 2.375587245364104e-14 -0.7651974844835472 -0.6437956273073402
vn 0.3492590112757324 -0.33504989175512634 0.8750769755156264
vn 0.4437929594904823 0.3526340264341692 0.8238307183563289
vn -3.393227970093462e-14 0.39290012555121834 0.9195811499491694
vn 0.3492590112757324 -0.33504989175512634 0.8750769755156264
vn -3.393227970093462e-14 0.39290012555121834 0.9195811499491694
vn -3.345672055021537e-14 -0.42179069221778 0.9066932292448455
vn -0.6574879996460344 -0.46542950255029386 0.5925241838754282
vn -2.6966790677992748e-14 -0.6825777418710304 0.730812989965453
vn -3.345672055021537e-14 -0.42179069221778 0.9066932292448455
vn -0.6574879996460344 -0.46542950255029386 0.5925241838754282
vn -3.345672055021537e-14 -0.42179069221778 0.9066932292448455
vn -0.34925910023906626 -0.3350498019225166 0.875076974403898
vn 0.4437929594904823 0.3526340264341692 0.8238307183563289
vn 0.4607657875159684 0.8251826162266552 0.3267545545698205
vn -1.074665855093657e-14 0.9566501211179222 0.2912396706581444
vn 0.4437929594904823 0.3526340264341692 0.8238307183563289
vn -1.074665855093657e-14 0.9566501211179222 0.2912396706581444
vn -3.393227970093462e-14 0.39290012555121834 0.9195811499491694
vn 0.699874784071554 0.2829567607408184 -0.6558282993069594
vn 3.2879441569100824e-14 0.45390773683196384 -0.891048689154574
vn -1.4248810362872675e-9 0.8436375637868968 -0.5369130851150024
vn 0.699874784071554 0.2829567607408184 -0.6558282993069594
vn -1.4248810362872675e-9 0.8436375637868968 -0.5369130851150024
vn 0.5844364121571812 0.6678844616134375 -0.46083014884029716
vn -0.5886604809577975 -0.8082228952923471 -0.015955866751454596
vn 6.091419950600797e-16 -0.9998637322156372 -0.016508088920787322
vn -1.6416605943622206e-14 -0.8955813016266877 0.44489788960687116
vn -0.5886604809577975 -0.8082228952923471 -0.015955866751454596
vn -1.6416605943622206e-14 -0.8955813016266877 0.44489788960687116
vn -0.5286873414228217 -0.7645310025774104 0.36875742855873195
vn 0.6698595195281253 0.7418976882575831 -0.029598044793583522
vn 4.564450875197378e-15 0.9923198143640408 -0.12369877129751777
vn -1.074665855093657e-14 0.9566501211179222 0.2912396706581444
vn 0.6698595195281253 0.7418976882575831 -0.029598044793583522
vn -1.074665855093657e-14 0.9566501211179222 0.2912396706581444
vn 0.4607657875159684 0.8251826162266552 0.3267545545698205
vn -0.012951364005923196 -0.9920931441279038 0.1248337115718196
vn -4.373649778658999e-15 -0.992950713993791 0.11852796960726526
vn 2.375587245364104e-14 -0.7651974844835472 -0.6437956273073402
vn -0.012951364005923196 -0.9920931441279038 0.1248337115718196
vn 2.375587245364104e-14 -0.7651974844835472 -0.6437956273073402
vn 0.41660385579121945 -0.6871433338879748 -0.5952102704365979
vn -0.08908469757244651 -0.3641805017233605 -0.9270579695051152
vn -0.012951364005923196 -0.9920931441279038 0.1248337115718196
vn 0.41660385579121945 -0.6871433338879748 -0.5952102704365979
vn -0.08908469757244651 -0.3641805017233605 -0.9270579695051152
vn 0.41660385579121945 -0.6871433338879748 -0.5952102704365979
vn 0.8634831220691827 -0.2317278665275225 -0.4479945242703977
vn 0.012951425149700846 -0.9920931193471234 0.12483390216878602
vn 0.08908496577489 -0.36418074006620826 -0.9270578501030642
vn -0.8634831477100997 -0.23172791811210533 -0.44799444816659006
vn 0.012951425149700846 -0.9920931193471234 0.12483390216878602
vn -0.8634831477100997 -0.23172791811210533 -0.44799444816659006
vn -0.4166038535083403 -0.6871433897273184 -0.5952102075704447
vn 2.1682375235743187e-14 0.8091495375394817 -0.5876027790094622
vn -0.012001115939036805 0.8127917535567083 -0.5824307156790658
vn 0.44291991581078116 0.27263245792319324 -0.8541039111635824
vn 2.1682375235743187e-14 0.8091495375394817 -0.5876027790094622
vn 0.44291991581078116 0.27263245792319324 -0.8541039111635824
vn 3.4226018581498574e-14 0.373719974643176 -0.9275415788808089
vn 0.08908496577489 -0.36418074006620826 -0.9270578501030642
vn 0.01200111593907979 0.8127917535567083 -0.582430715679065
vn -0.44291991581071805 0.27263245792319324 -0.8541039111636153
vn 0.08908496577489 -0.36418074006620826 -0.9270578501030642
vn -0.44291991581071805 0.27263245792319324 -0.8541039111636153
vn -0.8634831477100997 -0.23172791811210533 -0.44799444816659006
vn -0.012001115939036805 0.8127917535567083 -0.5824307156790658
vn -0.08908469757244651 -0.3641805017233605 -0.9270579695051152
vn 0.8634831220691827 -0.2317278665275225 -0.4479945242703977
vn -0.012001115939036805 0.8127917535567083 -0.5824307156790658
vn 0.8634831220691827 -0.2317278665275225 -0.4479945242703977
vn 0.44291991581078116 0.27263245792319324 -0.8541039111635824
vn -4.373649778658999e-15 -0.992950713993791 0.11852796960726526
vn 0.012951425149700846 -0.9920931193471234 0.12483390216878602
vn -0.4166038535083403 -0.6871433897273184 -0.5952102075704447
vn -4.373649778658999e-15 -0.992950713993791 0.11852796960726526
vn -0.4166038535083403 -0.6871433897273184 -0.5952102075704447
vn 2.375587245364104e-14 -0.7651974844835472 -0.6437956273073402
vn 0.01200111593907979 0.8127917535567083 -0.582430715679065
vn 2.1682375235743187e-14 0.8091495375394817 -0.5876027790094622
vn 3.4226018581498574e-14 0.373719974643176 -0.9275415788808089
vn 0.01200111593907979 0.8127917535567083 -0.582430715679065
vn 3.4226018581498574e-14 0.373719974643176 -0.9275415788808089
vn -0.44291991581071805 0.27263245792319324 -0.8541039111636153
vn -0.757022675003723 -0.09182882013303816 -0.6469034992355364
vn -0.7559301830007411 -0.014042682365129028 -0.6545016130617695
vn -0.021411371838855713 -0.01256269021063704 -0.9996918184974055
vn -0.757022675003723 -0.09182882013303816 -0.6469034992355364
vn -0.021411371838855713 -0.01256269021063704 -0.9996918184974055
vn -0.027615053885794823 -0.036163840953684676 -0.998964256320696
vn 0.6765306827888181 -0.2847068092603709 0.67915261024756
vn 0.7189973487699587 -0.07148707950766872 0.6913265580933765
vn -0.0764051015671984 -0.09334588251507325 0.9926977418489418
vn 0.6765306827888181 -0.2847068092603709 0.67915261024756
vn -0.0764051015671984 -0.09334588251507325 0.9926977418489418
vn -0.12525948776648335 -0.27090131105819604 0.954422621479305
vn -0.757022675003723 -0.09182882013303816 -0.6469034992355364
vn -0.027615053885794823 -0.036163840953684676 -0.998964256320696
vn -0.21918815504710926 -0.6123649938892795 -0.7595825609807186
vn -0.757022675003723 -0.09182882013303816 -0.6469034992355364
vn -0.21918815504710926 -0.6123649938892795 -0.7595825609807186
vn -0.6199582301210302 -0.47741502581073536 -0.6226770318835716
vn -0.6199582301210302 -0.47741502581073536 -0.6226770318835716
vn -0.21918815504710926 -0.6123649938892795 -0.7595825609807186
vn -0.3065522926201289 -0.8481414380746716 0.4320668847643511
vn -0.6199582301210302 -0.47741502581073536 -0.6226770318835716
vn -0.3065522926201289 -0.8481414380746716 0.4320668847643511
vn -0.6615008591654767 -0.6750264202217217 0.3267352832584561
vn -0.7430637501270209 0.1889371399128587 0.6419961218019287
vn -0.06954714830844794 0.20026847943413614 0.9772695279743975
vn -0.049017225667904736 0.896673343313828 0.4399707115004632
vn -0.7430637501270209 0.1889371399128587 0.6419961218019287
vn -0.049017225667904736 0.896673343313828 0.4399707115004632
vn -0.5639823243261941 0.7626429251617042 0.3167012891486596
vn 0.5399549464837766 0.5981920604459986 -0.5921274479257593
vn -0.020109389381561066 0.684408759353753 -0.7288211458091466
vn -0.049017225667904736 0.896673343313828 0.4399707115004632
vn 0.5399549464837766 0.5981920604459986 -0.5921274479257593
vn -0.049017225667904736 0.896673343313828 0.4399707115004632
vn 0.5242973071664598 0.7739673287983133 0.35508718316887006
vn 0.7369620750739452 0.08888758597321987 -0.67006409914467
vn -0.01959886738657324 0.05826014174584432 -0.9981090322609638
vn -0.020109389381561066 0.684408759353753 -0.7288211458091466
vn 0.7369620750739452 0.08888758597321987 -0.67006409914467
vn -0.020109389381561066 0.684408759353753 -0.7288211458091466
vn 0.5399549464837766 0.5981920604459986 -0.5921274479257593
vn 0.6765306827888181 -0.2847068092603709 0.67915261024756
vn -0.12525948776648335 -0.27090131105819604 0.954422621479305
vn -0.3065522926201289 -0.8481414380746716 0.4320668847643511
vn 0.6765306827888181 -0.2847068092603709 0.67915261024756
vn -0.3065522926201289 -0.8481414380746716 0.4320668847643511
vn 0.389697249016165 -0.8541544706498072 0.3443199012229482
vn 0.7189973487699587 -0.07148707950766872 0.6913265580933765
vn 0.6964911689557178 0.18958705670521242 0.6920670484111725
vn -0.06954714830844794 0.20026847943413614 0.9772695279743975
vn 0.7189973487699587 -0.07148707950766872 0.6913265580933765
vn -0.06954714830844794 0.20026847943413614 0.9772695279743975
vn -0.0764051015671984 -0.09334588251507325 0.9926977418489418
vn -0.7559301830007411 -0.014042682365129028 -0.6545016130617695
vn -0.7489398740327794 0.0910903826394102 -0.6563471697770703
vn -0.01959886738657324 0.05826014174584432 -0.9981090322609638
vn -0.7559301830007411 -0.014042682365129028 -0.6545016130617695
vn -0.01959886738657324 0.05826014174584432 -0.9981090322609638
vn -0.021411371838855713 -0.01256269021063704 -0.9996918184974055
vn 0.7570228132798943 -0.09182840521335663 -0.6469033963195479
vn 0.027615070815465617 -0.03616366235686145 -0.9989642623181251
vn 0.02141136252897155 -0.012562693937844443 -0.9996918186499663
vn 0.7570228132798943 -0.09182840521335663 -0.6469033963195479
vn 0.02141136252897155 -0.012562693937844443 -0.9996918186499663
vn 0.7559301301312644 -0.014042478530608261 -0.6545016784978072
vn -0.6765307380740879 -0.2847066882333182 0.679152605911327
vn 0.12525956514835312 -0.270901198069178 0.9544226433941776
vn 0.07640513860255574 -0.09334588224938171 0.9926977390234193
vn -0.6765307380740879 -0.2847066882333182 0.679152605911327
vn 0.07640513860255574 -0.09334588224938171 0.9926977390234193
vn -0.7189973234249889 -0.07148701585874105 0.6913265910344504
vn 0.7570228132798943 -0.09182840521335663 -0.6469033963195479
vn 0.6199581685011885 -0.4774148752472559 -0.6226772086734018
vn 0.21918825657424482 -0.61236474770107 -0.7595827301571224
vn 0.7570228132798943 -0.09182840521335663 -0.6469033963195479
vn 0.21918825657424482 -0.61236474770107 -0.7595827301571224
vn 0.027615070815465617 -0.03616366235686145 -0.9989642623181251
vn 0.6199581685011885 -0.4774148752472559 -0.6226772086734018
vn 0.6615006259049329 -0.6750266042991647 0.3267353752132155
vn 0.30655237333289487 -0.8481413544157688 0.43206699171975044
vn 0.6199581685011885 -0.4774148752472559 -0.6226772086734018
vn 0.30655237333289487 -0.8481413544157688 0.43206699171975044
vn 0.21918825657424482 -0.61236474770107 -0.7595827301571224
vn 0.7430638403176637 0.1889370729297155 0.6419960371257107
vn 0.5639823702951154 0.762642906722877 0.3167012516893234
vn 0.049017175427294 0.896673310170446 0.4399707846449636
vn 0.7430638403176637 0.1889370729297155 0.6419960371257107
vn 0.049017175427294 0.896673310170446 0.4399707846449636
vn 0.069547193210728 0.20026845020447281 0.9772695307688705
vn -0.5399550077674822 0.5981920623062136 -0.5921273901625034
vn -0.5242973468317611 0.7739672397592072 0.35508731867625143
vn 0.049017175427294 0.896673310170446 0.4399707846449636
vn -0.5399550077674822 0.5981920623062136 -0.5921273901625034
vn 0.049017175427294 0.896673310170446 0.4399707846449636
vn 0.020109332810982327 0.6844089146405172 -0.7288210015459806
vn -0.7369620745858319 0.08888759336493329 -0.6700640987009656
vn -0.5399550077674822 0.5981920623062136 -0.5921273901625034
vn 0.020109332810982327 0.6844089146405172 -0.7288210015459806
vn -0.7369620745858319 0.08888759336493329 -0.6700640987009656
vn 0.020109332810982327 0.6844089146405172 -0.7288210015459806
vn 0.019598869078429573 0.05826029024954181 -0.9981090235594935
vn -0.6765307380740879 -0.2847066882333182 0.679152605911327
vn -0.38969718646667206 -0.8541544641950972 0.34431998802791874
vn 0.30655237333289487 -0.8481413544157688 0.43206699171975044
vn -0.6765307380740879 -0.2847066882333182 0.679152605911327
vn 0.30655237333289487 -0.8481413544157688 0.43206699171975044
vn 0.12525956514835312 -0.270901198069178 0.9544226433941776
vn -0.7189973234249889 -0.07148701585874105 0.6913265910344504
vn 0.07640513860255574 -0.09334588224938171 0.9926977390234193
vn 0.069547193210728 0.20026845020447281 0.9772695307688705
vn -0.7189973234249889 -0.07148701585874105 0.6913265910344504
vn 0.069547193210728 0.20026845020447281 0.9772695307688705
vn -0.6964911996539503 0.18958705016018304 0.6920670193096629
vn 0.7559301301312644 -0.014042478530608261 -0.6545016784978072
vn 0.02141136252897155 -0.012562693937844443 -0.9996918186499663
vn 0.019598869078429573 0.05826029024954181 -0.9981090235594935
vn 0.7559301301312644 -0.014042478530608261 -0.6545016784978072
vn 0.019598869078429573 0.05826029024954181 -0.9981090235594935
vn 0.748939892658297 0.09109054136695198 -0.6563471264951605
vn -0.5712094199775396 0.817560309588313 0.07290362621149016
vn -0.9935396565285904 -0.11343240326752316 -0.0034699847268661772
vn -0.5556693248187775 0.7074991077071822 0.43666533415074915
vn 0.5709639926903466 0.8177110254404194 0.07313547650952974
vn 0.5424278354207778 0.71614080287805 0.43922021107174897
vn 0.9935427492458767 -0.1134055729574321 -0.0034614221270027885
vn -0.7946667211426365 -0.5616955544134677 0.2302236010068439
vn -6.25212480800157e-8 -0.9529854085685727 0.3030161894278694
vn -1.5599514987408483e-9 -0.46429492753441015 0.8856806536589907
vn -0.7946667211426365 -0.5616955544134677 0.2302236010068439
vn -1.5599514987408483e-9 -0.46429492753441015 0.8856806536589907
vn -0.6017523294765081 -0.33207775699212494 0.7263735246281182
vn 0.6017523294764544 -0.33207775699212483 0.7263735246281625
vn 0.6017529847759623 0.5501678661175863 0.5789720756693216
vn -6.239697208922035e-9 0.7269900150122253 0.6866480307060702
vn 0.6017523294764544 -0.33207775699212483 0.7263735246281625
vn -6.239697208922035e-9 0.7269900150122253 0.6866480307060702
vn -1.5599514987408483e-9 -0.46429492753441015 0.8856806536589907
vn 0.794769922116268 -0.6060064322095154 -0.033120613218890614
vn 9.375008907360316e-8 -0.9996912596296633 0.024847241698997515
vn 2.201771458274604e-7 -0.7280675121918148 -0.6855054322839269
vn 0.794769922116268 -0.6060064322095154 -0.033120613218890614
vn 2.201771458274604e-7 -0.7280675121918148 -0.6855054322839269
vn 0.6025306070319648 -0.5505717057618166 -0.5777782138539108
vn -0.6025302768386073 -0.5505719743891133 -0.5777783022146683
vn -0.6025304100165828 0.3328492208698472 -0.725374731550241
vn 2.3110831955902719e-7 0.4656845012922319 -0.884950815162149
vn -0.6025302768386073 -0.5505719743891133 -0.5777783022146683
vn 2.3110831955902719e-7 0.4656845012922319 -0.884950815162149
vn 2.201771458274604e-7 -0.7280675121918148 -0.6855054322839269
vn 0.7947699435139368 0.562326997177427 -0.22831794745983489
vn 1.8750019051277215e-7 0.9534741944283598 -0.30147464331043655
vn 8.57216994688833e-16 0.9997301251502219 -0.023230946324278693
vn 0.7947699435139368 0.562326997177427 -0.22831794745983489
vn 8.57216994688833e-16 0.9997301251502219 -0.023230946324278693
vn 0.794666685561677 0.6060287832194756 0.03512794853020922
vn -0.7947698164764253 -0.606006561765434 -0.03312077769718738
vn 9.375008907360316e-8 -0.9996912596296633 0.024847241698997515
vn -6.25212480800157e-8 -0.9529854085685727 0.3030161894278694
vn -0.7947698164764253 -0.606006561765434 -0.03312077769718738
vn -6.25212480800157e-8 -0.9529854085685727 0.3030161894278694
vn -0.7946667211426365 -0.5616955544134677 0.2302236010068439
vn 0.794666685561677 0.6060287832194756 0.03512794853020922
vn 8.57216994688833e-16 0.9997301251502219 -0.023230946324278693
vn -6.239697208922035e-9 0.7269900150122253 0.6866480307060702
vn 0.794666685561677 0.6060287832194756 0.03512794853020922
vn -6.239697208922035e-9 0.7269900150122253 0.6866480307060702
vn 0.6017529847759623 0.5501678661175863 0.5789720756693216
vn -0.7947698736899398 0.5623271091561882 -0.22831791472182247
vn 1.8750019051277215e-7 0.9534741944283598 -0.30147464331043655
vn 2.3110831955902719e-7 0.4656845012922319 -0.884950815162149
vn -0.7947698736899398 0.5623271091561882 -0.22831791472182247
vn 2.3110831955902719e-7 0.4656845012922319 -0.884950815162149
vn -0.6025304100165828 0.3328492208698472 -0.725374731550241
vn -0.7946666373127333 -0.5878883318541872 0.15130183347128887
vn -6.270636908687662e-15 -0.9854548878834012 0.16993723531561114
vn 7.643609089342212e-8 -0.5809771939702538 0.8139198364006397
vn -0.7946666373127333 -0.5878883318541872 0.15130183347128887
vn 7.643609089342212e-8 -0.5809771939702538 0.8139198364006397
vn -0.6017532757885935 -0.42823015196789477 0.6741750010370088
vn 0.601753427798662 -0.4282304435311458 0.6741746801576566
vn 0.601753420991894 0.4658819769233827 0.6487270642593179
vn -6.239706445948471e-9 0.6263309589620363 0.7795572652767057
vn 0.601753427798662 -0.4282304435311458 0.6741746801576566
vn -6.239706445948471e-9 0.6263309589620363 0.7795572652767057
vn 7.643609089342212e-8 -0.5809771939702538 0.8139198364006397
vn 0.7947697828176926 -0.5957947074165799 -0.1156272413158308
vn -7.812507291705581e-8 -0.9937076828974549 -0.11200464700433334
vn -1.2180008105907117e-7 -0.6275545041676687 -0.7785726326418471
vn 0.7947697828176926 -0.5957947074165799 -0.1156272413158308
vn -1.2180008105907117e-7 -0.6275545041676687 -0.7785726326418471
vn 0.6025299394641325 -0.4664467223889829 -0.6475995114435495
vn -0.6025300507689094 -0.4664465076535225 -0.647599562552545
vn -0.6025302310519165 0.42885639451842866 -0.6730821001550835
vn 6.246194050273277e-9 0.5822543024304005 -0.8130067203297198
vn -0.6025300507689094 -0.4664465076535225 -0.647599562552545
vn 6.246194050273277e-9 0.5822543024304005 -0.8130067203297198
vn -1.2180008105907117e-7 -0.6275545041676687 -0.7785726326418471
vn 0.7947698293489671 0.5882534227004859 -0.14932792450769927
vn 6.211834528918563e-15 0.9857283658820644 -0.16834366247493573
vn -4.192225169264129e-15 0.9935252673038566 0.11361136927614304
vn 0.7947698293489671 0.5882534227004859 -0.14932792450769927
vn -4.192225169264129e-15 0.9935252673038566 0.11361136927614304
vn 0.7946666906707293 0.595542374452109 0.11761858258955228
vn -0.7947698790671567 -0.5957945709955995 -0.11562728267907532
vn -7.812507291705581e-8 -0.9937076828974549 -0.11200464700433334
vn -6.270636908687662e-15 -0.9854548878834012 0.16993723531561114
vn -0.7947698790671567 -0.5957945709955995 -0.11562728267907532
vn -6.270636908687662e-15 -0.9854548878834012 0.16993723531561114
vn -0.7946666373127333 -0.5878883318541872 0.15130183347128887
vn 0.7946666906707293 0.595542374452109 0.11761858258955228
vn -4.192225169264129e-15 0.9935252673038566 0.11361136927614304
vn -6.239706445948471e-9 0.6263309589620363 0.7795572652767057
vn 0.7946666906707293 0.595542374452109 0.11761858258955228
vn -6.239706445948471e-9 0.6263309589620363 0.7795572652767057
vn 0.601753420991894 0.4658819769233827 0.6487270642593179
vn -0.7947698791705091 0.5882533558548304 -0.14932792266962183
vn 6.211834528918563e-15 0.9857283658820644 -0.16834366247493573
vn 6.246194050273277e-9 0.5822543024304005 -0.8130067203297198
vn -0.7947698791705091 0.5882533558548304 -0.14932792266962183
vn 6.246194050273277e-9 0.5822543024304005 -0.8130067203297198
vn -0.6025302310519165 0.42885639451842866 -0.6730821001550835
vn -0.7946666685251728 -0.6040205434815787 0.06053155365031974
vn 8.336162797628877e-8 -0.9998242441737738 0.018747820202220117
vn 1.1855383432817288e-7 -0.6975313308954428 0.7165542843492166
vn -0.7946666685251728 -0.6040205434815787 0.06053155365031974
vn 1.1855383432817288e-7 -0.6975313308954428 0.7165542843492166
vn -0.6017529127844273 -0.5253833110113265 0.6015528309851371
vn 0.6017530319793013 -0.5253833109987994 0.6015527117615354
vn 0.6017530040416705 0.36227146871318805 0.7117954095687994
vn 1.247932437359109e-8 0.5010578639978194 0.8654137836468416
vn 0.6017530319793013 -0.5253833109987994 0.6015527117615354
vn 1.247932437359109e-8 0.5010578639978194 0.8654137836468416
vn 1.1855383432817288e-7 -0.6975313308954428 0.7165542843492166
vn 0.7947698016178331 -0.5714140651493019 -0.2045163284090037
vn 1.250001341201506e-7 -0.9652868024800761 -0.2611922452098744
vn 1.4522341308894978e-7 -0.50241577120712 -0.8646261578522441
vn 0.7947698016178331 -0.5714140651493019 -0.2045163284090037
vn 1.4522341308894978e-7 -0.50241577120712 -0.8646261578522441
vn 0.602530776678978 -0.36299917664218245 -0.7107659677500922
vn -0.6025306687032693 -0.36299921321230105 -0.7107660406063598
vn -0.6025306020680041 0.5258377013705527 -0.6003762032167014
vn 2.6400240680989822e-14 0.6986545047470943 -0.7154592112738448
vn -0.6025306687032693 -0.36299921321230105 -0.7107660406063598
vn 2.6400240680989822e-14 0.6986545047470943 -0.7154592112738448
vn 1.4522341308894978e-7 -0.50241577120712 -0.8646261578522441
vn 0.7947697481182457 0.6040826240916903 -0.05852547092128155
vn 8.333341131012749e-8 0.9998532438079174 -0.017131574556311223
vn 8.336162399202756e-8 0.9648632123364803 0.2627527002329779
vn 0.7947697481182457 0.6040826240916903 -0.05852547092128155
vn 8.336162399202756e-8 0.9648632123364803 0.2627527002329779
vn 0.7946666118170499 0.5708632915449112 0.20644630883045606
vn -0.7947697429056281 -0.5714141253955985 -0.20451638824335058
vn 1.250001341201506e-7 -0.9652868024800761 -0.2611922452098744
vn 8.336162797628877e-8 -0.9998242441737738 0.018747820202220117
vn -0.7947697429056281 -0.5714141253955985 -0.20451638824335058
vn 8.336162797628877e-8 -0.9998242441737738 0.018747820202220117
vn -0.7946666685251728 -0.6040205434815787 0.06053155365031974
vn 0.7946666118170499 0.5708632915449112 0.20644630883045606
vn 8.336162399202756e-8 0.9648632123364803 0.2627527002329779
vn 1.247932437359109e-8 0.5010578639978194 0.8654137836468416
vn 0.7946666118170499 0.5708632915449112 0.20644630883045606
vn 1.247932437359109e-8 0.5010578639978194 0.8654137836468416
vn 0.6017530040416705 0.36227146871318805 0.7117954095687994
vn -0.7947696975468183 0.6040826905622376 -0.058525471586539014
vn 8.333341131012749e-8 0.9998532438079174 -0.017131574556311223
vn 2.6400240680989822e-14 0.6986545047470943 -0.7154592112738448
vn -0.7947696975468183 0.6040826905622376 -0.058525471586539014
vn 2.6400240680989822e-14 0.6986545047470943 -0.7154592112738448
vn -0.6025306020680041 0.5258377013705527 -0.6003762032167014
f 1/1/1 2/2/2 3/3/3
f 4/4/4 5/5/5 6/6/6
f 7/7/7 8/8/8 9/9/9
f 10/10/10 11/11/11 12/12/12
f 13/13/13 14/14/14 15/15/15
f 16/16/16 17/17/17 18/18/18
f 19/19/19 20/20/20 21/21/21
f 22/22/22 23/23/23 24/24/24
f 25/25/25 26/26/26 27/27/27
f 28/28/28 29/29/29 30/30/30
f 31/31/31 32/32/32 33/33/33
f 34/34/34 35/35/35 36/36/36
f 37/37/37 38/38/38 39/39/39
f 40/40/40 41/41/41 42/42/42
f 43/43/43 44/44/44 45/45/45
f 46/46/46 47/47/47 48/48/48
f 49/49/49 50/50/50 51/51/51
f 52/52/52 53/53/53 54/54/54
f 55/55/55 56/56/56 57/57/57
f 58/58/58 59/59/59 60/60/60
f 61/61/61 62/62/62 63/63/63
f 64/64/64 65/65/65 66/66/66
f 67/67/67 68/68/68 69/69/69
f 70/70/70 71/71/71 72/72/72
f 73/73/73 74/74/74 75/75/75
f 76/76/76 77/77/77 78/78/78
f 79/79/79 80/80/80 81/81/81
f 82/82/82 83/83/83 84/84/84
f 85/85/85 86/86/86 87/87/87
f 88/88/88 89/89/89 90/90/90
f 91/91/91 92/92/92 93/93/93
f 94/94/94 95/95/95 96/96/96
f 97/97/97 98/98/98 99/99/99
f 100/100/100 101/101/101 102/102/102
f 103/103/103 104/104/104 105/105/105
f 106/106/106 107/107/107 108/108/108
f 109/109/109 110/110/110 111/111/111
f 112/112/112 113/113/113 114/114/114
f 115/115/115 116/116/116 117/117/117
f 118/118/118 119/119/119 120/120/120
f 121/121/121 122/122/122 123/123/123
f 124/124/124 125/125/125 126/126/126
f 127/127/127 128/128/128 129/129/129
f 130/130/130 131/131/131 132/132/132
f 133/133/133 134/134/134 135/135/135
f 136/136/136 137/137/137 138/138/138
f 139/139/139 140/140/140 141/141/141
f 142/142/142 143/143/143 144/144/144
f 145/145/145 146/146/146 147/147/147
f 148/148/148 149/149/149 150/150/150
f 151/151/151 152/152/152 153/153/153
f 154/154/154 155/155/155 156/156/156
f 157/157/157 158/158/158 159/159/159
f 160/160/160 161/161/161 162/162/162
f 163/163/163 164/164/164 165/165/165
f 166/166/166 167/167/167 168/168/168
f 169/169/169 170/170/170 171/171/171
f 172/172/172 173/173/173 174/174/174
f 175/175/175 176/176/176 177/177/177
f 178/178/178 179/179/179 180/180/180
f 181/181/181 182/182/182 183/183/183
f 184/184/184 185/185/185 186/186/186
f 187/187/187 188/188/188 189/189/189
f 190/190/190 191/191/191 192/192/192
f 193/193/193 194/194/194 195/195/195
f 196/196/196 197/197/197 198/198/198
f 199/199/199 200/200/200 201/201/201
f 202/202/202 203/203/203 204/204/204
f 205/205/205 206/206/206 207/207/207
f 208/208/208 209/209/209 210/210/210
f 211/211/211 212/212/212 213/213/213
f 214/214/214 215/215/215 216/216/216
f 217/217/217 218/218/218 219/219/219
f 220/220/220 221/221/221 222/222/222
f 223/223/223 224/224/224 225/225/225
f 226/226/226 227/227/227 228/228/228
f 229/229/229 230/230/230 231/231/231
f 232/232/232 233/233/233 234/234/234
f 235/235/235 236/236/236 237/237/237
f 238/238/238 239/239/239 240/240/240
f 241/241/241 242/242/242 243/243/243
f 244/244/244 245/245/245 246/246/246
f 247/247/247 248/248/248 249/249/249
f 250/250/250 251/251/251 252/252/252
f 253/253/253 254/254/254 255/255/255
f 256/256/256 257/257/257 258/258/258
f 259/259/259 260/260/260 261/261/261
f 262/262/262 263/263/263 264/264/264
f 265/265/265 266/266/266 267/267/267
f 268/268/268 269/269/269 270/270/270
f 271/271/271 272/272/272 273/273/273
f 274/274/274 275/275/275 276/276/276
f 277/277/277 278/278/278 279/279/279
f 280/280/280 281/281/281 282/282/282
f 283/283/283 284/284/284 285/285/285
f 286/286/286 287/287/287 288/288/288
f 289/289/289 290/290/290 291/291/291
f 292/292/292 293/293/293 294/294/294
f 295/295/295 296/296/296 297/297/297
f 298/298/298 299/299/299 300/300/300
f 301/301/301 302/302/302 303/303/303
f 304/304/304 305/305/305 306/306/306
f 307/307/307 308/308/308 309/309/309
f 310/310/310 311/311/311 312/312/312
f 313/313/313 314/314/314 315/315/315
f 316/316/316 317/317/317 318/318/318
f 319/319/319 320/320/320 321/321/321
f 322/322/322 323/323/323 324/324/324
f 325/325/325 326/326/326 327/327/327
f 328/328/328 329/329/329 330/330/330
f 331/331/331 332/332/332 333/333/333
f 334/334/334 335/335/335 336/336/336
f 337/337/337 338/338/338 339/339/339
f 340/340/340 341/341/341 342/342/342
f 343/343/343 344/344/344 345/345/345
f 346/346/346 347/347/347 348/348/348
f 349/349/349 350/350/350 351/351/351
f 352/352/352 353/353/353 354/354/354
f 355/355/355 356/356/356 357/357/357
f 358/358/358 359/359/359 360/360/360
f 361/361/361 362/362/362 363/363/363
f 364/364/364 365/365/365 366/366/366
f 367/367/367 368/368/368 369/369/369
f 370/370/370 371/371/371 372/372/372
f 373/373/373 374/374/374 375/375/375
f 376/376/376 377/377/377 378/378/378
f 379/379/379 380/380/380 381/381/381
f 382/382/382 383/383/383 384/384/384
f 385/385/385 386/386/386 387/387/387
f 388/388/388 389/389/389 390/390/390
f 391/391/391 392/392/392 393/393/393
f 394/394/394 395/395/395 396/396/396
f 397/397/397 398/398/398 399/399/399
f 400/400/400 401/401/401 402/402/402
f 403/403/403 404/404/404 405/405/405
f 406/406/406 407/407/407 408/408/408
f 409/409/409 410/410/410 411/411/411
f 412/412/412 413/413/413 414/414/414
f 415/415/415 416/416/416 417/417/417
f 418/418/418 419/419/419 420/420/420
f 421/421/421 422/422/422 423/423/423
f 424/424/424 425/425/425 426/426/426
f 427/427/427 428/428/428 429/429/429
f 430/430/430 431/431/431 432/432/432
f 433/433/433 434/434/434 435/435/435
f 436/436/436 437/437/437 438/438/438
f 439/439/439 440/440/440 441/441/441
f 442/442/442 443/443/443 444/444/444
f 445/445/445 446/446/446 447/447/447
f 448/448/448 449/449/449 450/450/450
f 451/451/451 452/452/452 453/453/453
f 454/454/454 455/455/455 456/456/456
f 457/457/457 458/458/458 459/459/459
f 460/460/460 461/461/461 462/462/462
f 463/463/463 464/464/464 465/465/465
f 466/466/466 467/467/467 468/468/468
f 469/469/469 470/470/470 471/471/471
f 472/472/472 473/473/473 474/474/474
f 475/475/475 476/476/476 477/477/477
f 478/478/478 479/479/479 480/480/480
f 481/481/481 482/482/482 483/483/483
f 484/484/484 485/485/485 486/486/486
f 487/487/487 488/488/488 489/489/489
f 490/490/490 491/491/491 492/492/492
f 493/493/493 494/494/494 495/495/495
f 496/496/496 497/497/497 498/498/498
f 499/499/499 500/500/500 501/501/501
f 502/502/502 503/503/503 504/504/504
f 505/505/505 506/506/506 507/507/507
f 508/508/508 509/509/509 510/510/510
f 511/511/511 512/512/512 513/513/513
f 514/514/514 515/515/515 516/516/516
f 517/517/517 518/518/518 519/519/519
f 520/520/520 521/521/521 522/522/522
f 523/523/523 524/524/524 525/525/525
f 526/526/526 527/527/527 528/528/528
f 529/529/529 530/530/530 531/531/531
f 532/532/532 533/533/533 534/534/534
f 535/535/535 536/536/536 537/537/537
f 538/538/538 539/539/539 540/540/540
f 541/541/541 542/542/542 543/543/543
f 544/544/544 545/545/545 546/546/546
f 547/547/547 548/548/548 549/549/549
f 550/550/550 551/551/551 552/552/552
f 553/553/553 554/554/554 555/555/555
f 556/556/556 557/557/557 558/558/558
f 559/559/559 560/560/560 561/561/561
f 562/562/562 563/563/563 564/564/564
f 565/565/565 566/566/566 567/567/567
f 568/568/568 569/569/569 570/570/570
f 571/571/571 572/572/572 573/573/573
f 574/574/574 575/575/575 576/576/576
f 577/577/577 578/578/578 579/579/579
f 580/580/580 581/581/581 582/582/582
f 583/583/583 584/584/584 585/585/585
f 586/586/586 587/587/587 588/588/588
f 589/589/589 590/590/590 591/591/591
f 592/592/592 593/593/593 594/594/594
f 595/595/595 596/596/596 597/597/597
f 598/598/598 599/599/599 600/600/600
f 601/601/601 602/602/602 603/603/603
f 604/604/604 605/605/605 606/606/606
f 607/607/607 608/608/608 609/609/609
f 610/610/610 611/611/611 612/612/612
f 613/613/613 614/614/614 615/615/615
f 616/616/616 617/617/617 618/618/618
f 619/619/619 620/620/620 621/621/621
f 622/622/622 623/623/623 624/624/624
f 625/625/625 626/626/626 627/627/627
f 628/628/628 629/629/629 630/630/630
f 631/631/631 632/632/632 633/633/633
f 634/634/634 635/635/635 636/636/636
f 637/637/637 638/638/638 639/639/639
f 640/640/640 641/641/641 642/642/642
f 643/643/643 644/644/644 645/645/645
f 646/646/646 647/647/647 648/648/648
f 649/649/649 650/650/650 651/651/651
f 652/652/652 653/653/653 654/654/654
f 655/655/655 656/656/656 657/657/657
f 658/658/658 659/659/659 660/660/660
f 661/661/661 662/662/662 663/663/663
f 664/664/664 665/665/665 666/666/666
f 667/667/667 668/668/668 669/669/669
f 670/670/670 671/671/671 672/672/672
f 673/673/673 674/674/674 675/675/675
f 676/676/676 677/677/677 678/678/678
f 679/679/679 680/680/680 681/681/681
f 682/682/682 683/683/683 684/684/684
f 685/685/685 686/686/686 687/687/687
f 688/688/688 689/689/689 690/690/690
f 691/691/691 692/692/692 693/693/693
f 694/694/694 695/695/695 696/696/696
f 697/697/697 698/698/698 699/699/699
f 700/700/700 701/701/701 702/702/702
f 703/703/703 704/704/704 705/705/705
f 706/706/706 707/707/707 708/708/708
f 709/709/709 710/710/710 711/711/711
f 712/712/712 713/713/713 714/714/714
f 715/715/715 716/716/716 717/717/717
f 718/718/718 719/719/719 720/720/720
f 721/721/721 722/722/722 723/723/723
f 724/724/724 725/725/725 726/726/726
f 727/727/727 728/728/728 729/729/729
f 730/730/730 731/731/731 732/732/732
f 733/733/733 734/734/734 735/735/735
f 736/736/736 737/737/737 738/738/738
f 739/739/739 740/740/740 741/741/741
f 742/742/742 743/743/743 744/744/744
f 745/745/745 746/746/746 747/747/747
f 748/748/748 749/749/749 750/750/750
f 751/751/751 752/752/752 753/753/753
f 754/754/754 755/755/755 756/756/756
f 757/757/757 758/758/758 759/759/759
f 760/760/760 761/761/761 762/762/762
f 763/763/763 764/764/764 765/765/765
f 766/766/766 767/767/767 768/768/768
f 769/769/769 770/770/770 771/771/771
f 772/772/772 773/773/773 774/774/774
f 775/775/775 776/776/776 777/777/777
f 778/778/778 779/779/779 780/780/780
f 781/781/781 782/782/782 783/783/783
f 784/784/784 785/785/785 786/786/786
f 787/787/787 788/788/788 789/789/789
f 790/790/790 791/791/791 792/792/792
f 793/793/793 794/794/794 795/795/795
f 796/796/796 797/797/797 798/798/798
f 799/799/799 800/800/800 801/801/801
f 802/802/802 803/803/803 804/804/804
f 805/805/805 806/806/806 807/807/807
f 808/808/808 809/809/809 810/810/810
f 811/811/811 812/812/812 813/813/813
f 814/814/814 815/815/815 816/816/816
f 817/817/817 818/818/818 819/819/819
f 820/820/820 821/821/821 822/822/822
f 823/823/823 824/824/824 825/825/825
f 826/826/826 827/827/827 828/828/828
f 829/829/829 830/830/830 831/831/831
f 832/832/832 833/833/833 834/834/834
f 835/835/835 836/836/836 837/837/837
f 838/838/838 839/839/839 840/840/840
f 841/841/841 842/842/842 843/843/843
f 844/844/844 845/845/845 846/846/846
f 847/847/847 848/848/848 849/849/849
f 850/850/850 851/851/851 852/852/852
f 853/853/853 854/854/854 855/855/855
f 856/856/856 857/857/857 858/858/858
f 859/859/859 860/860/860 861/861/861
f 862/862/862 863/863/863 864/864/864
f 865/865/865 866/866/866 867/867/867
f 868/868/868 869/869/869 870/870/870
f 871/871/871 872/872/872 873/873/873
f 874/874/874 875/875/875 876/876/876
f 877/877/877 878/878/878 879/879/879
f 880/880/880 881/881/881 882/882/882
f 883/883/883 884/884/884 885/885/885
f 886/886/886 887/887/887 888/888/888
f 889/889/889 890/890/890 891/891/891
f 892/892/892 893/893/893 894/894/894
f 895/895/895 896/896/896 897/897/897
f 898/898/898 899/899/899 900/900/900
f 901/901/901 902/902/902 903/903/903
f 904/904/904 905/905/905 906/906/906
f 907/907/907 908/908/908 909/909/909
f 910/910/910 911/911/911 912/912/912
f 913/913/913 914/914/914 915/915/915
f 916/916/916 917/917/917 918/918/918
f 919/919/919 920/920/920 921/921/921
f 922/922/922 923/923/923 924/924/924
f 925/925/925 926/926/926 927/927/927
f 928/928/928 929/929/929 930/930/930
f 931/931/931 932/932/932 933/933/933
f 934/934/934 935/935/935 936/936/936
f 937/937/937 938/938/938 939/939/939
f 940/940/940 941/941/941 942/942/942
f 943/943/943 944/944/944 945/945/945
f 946/946/946 947/947/947 948/948/948
f 949/949/949 950/950/950 951/951/951
f 952/952/952 953/953/953 954/954/954
f 955/955/955 956/956/956 957/957/957
f 958/958/958 959/959/959 960/960/960
f 961/961/961 962/962/962 963/963/963
f 964/964/964 965/965/965 966/966/966
f 967/967/967 968/968/968 969/969/969
f 970/970/970 971/971/971 972/972/972
f 973/973/973 974/974/974 975/975/975
f 976/976/976 977/977/977 978/978/978
f 979/979/979 980/980/980 981/981/981
f 982/982/982 983/983/983 984/984/984
f 985/985/985 986/986/986 987/987/987
f 988/988/988 989/989/989 990/990/990
f 991/991/991 992/992/992 993/993/993
f 994/994/994 995/995/995 996/996/996
f 997/997/997 998/998/998 999/999/999
f 1000/1000/1000 1001/1001/1001 1002/1002/1002
f 1003/1003/1003 1004/1004/1004 1005/1005/1005
f 1006/1006/1006 1007/1007/1007 1008/1008/1008
f 1009/1009/1009 1010/1010/1010 1011/1011/1011
f 1012/1012/1012 1013/1013/1013 1014/1014/1014
f 1015/1015/1015 1016/1016/1016 1017/1017/1017
f 1018/1018/1018 1019/1019/1019 1020/1020/1020
f 1021/1021/1021 1022/1022/1022 1023/1023/1023
f 1024/1024/1024 1025/1025/1025 1026/1026/1026
f 1027/1027/1027 1028/1028/1028 1029/1029/1029
f 1030/1030/1030 1031/1031/1031 1032/1032/1032
f 1033/1033/1033 1034/1034/1034 1035/1035/1035
f 1036/1036/1036 1037/1037/1037 1038/1038/1038
f 1039/1039/1039 1040/1040/1040 1041/1041/1041
f 1042/1042/1042 1043/1043/1043 1044/1044/1044
f 1045/1045/1045 1046/1046/1046 1047/1047/1047
f 1048/1048/1048 1049/1049/1049 1050/1050/1050
f 1051/1051/1051 1052/1052/1052 1053/1053/1053
f 1054/1054/1054 1055/1055/1055 1056/1056/1056
f 1057/1057/1057 1058/1058/1058 1059/1059/1059
f 1060/1060/1060 1061/1061/1061 1062/1062/1062
f 1063/1063/1063 1064/1064/1064 1065/1065/1065
f 1066/1066/1066 1067/1067/1067 1068/1068/1068
f 1069/1069/1069 1070/1070/1070 1071/1071/1071
f 1072/1072/1072 1073/1073/1073 1074/1074/1074
f 1075/1075/1075 1076/1076/1076 1077/1077/1077
f 1078/1078/1078 1079/1079/1079 1080/1080/1080
f 1081/1081/1081 1082/1082/1082 1083/1083/1083
f 1084/1084/1084 1085/1085/1085 1086/1086/1086
f 1087/1087/1087 1088/1088/1088 1089/1089/1089
f 1090/1090/1090 1091/1091/1091 1092/1092/1092
f 1093/1093/1093 1094/1094/1094 1095/1095/1095
f 1096/1096/1096 1097/1097/1097 1098/1098/1098
f 1099/1099/1099 1100/1100/1100 1101/1101/1101
f 1102/1102/1102 1103/1103/1103 1104/1104/1104
f 1105/1105/1105 1106/1106/1106 1107/1107/1107
f 1108/1108/1108 1109/1109/1109 1110/1110/1110
f 1111/1111/1111 1112/1112/1112 1113/1113/1113
f 1114/1114/1114 1115/1115/1115 1116/1116/1116
f 1117/1117/1117 1118/1118/1118 1119/1119/1119
f 1120/1120/1120 1121/1121/1121 1122/1122/1122
f 1123/1123/1123 1124/1124/1124 1125/1125/1125
f 1126/1126/1126 1127/1127/1127 1128/1128/1128
f 1129/1129/1129 1130/1130/1130 1131/1131/1131
f 1132/1132/1132 1133/1133/1133 1134/1134/1134
f 1135/1135/1135 1136/1136/1136 1137/1137/1137
f 1138/1138/1138 1139/1139/1139 1140/1140/1140
f 1141/1141/1141 1142/1142/1142 1143/1143/1143
f 1144/1144/1144 1145/1145/1145 1146/1146/1146
f 1147/1147/1147 1148/1148/1148 1149/1149/1149
f 1150/1150/1150 1151/1151/1151 1152/1152/1152
f 1153/1153/1153 1154/1154/1154 1155/1155/1155
f 1156/1156/1156 1157/1157/1157 1158/1158/1158
f 1159/1159/1159 1160/1160/1160 1161/1161/1161
f 1162/1162/1162 1163/1163/1163 1164/1164/1164
f 1165/1165/1165 1166/1166/1166 1167/1167/1167
f 1168/1168/1168 1169/1169/1169 1170/1170/1170
f 1171/1171/1171 1172/1172/1172 1173/1173/1173
f 1174/1174/1174 1175/1175/1175 1176/1176/1176
f 1177/1177/1177 1178/1178/1178 1179/1179/1179
f 1180/1180/1180 1181/1181/1181 1182/1182/1182
f 1183/1183/1183 1184/1184/1184 1185/1185/1185
f 1186/1186/1186 1187/1187/1187 1188/1188/1188
f 1189/1189/1189 1190/1190/1190 1191/1191/1191
f 1192/1192/1192 1193/1193/1193 1194/1194/1194
f 1195/1195/1195 1196/1196/1196 1197/1197/1197
f 1198/1198/1198 1199/1199/1199 1200/1200/1200
f 1201/1201/1201 1202/1202/1202 1203/1203/1203
f 1204/1204/1204 1205/1205/1205 1206/1206/1206
f 1207/1207/1207 1208/1208/1208 1209/1209/1209
f 1210/1210/1210 1211/1211/1211 1212/1212/1212
f 1213/1213/1213 1214/1214/1214 1215/1215/1215
f 1216/1216/1216 1217/1217/1217 1218/1218/1218
f 1219/1219/1219 1220/1220/1220 1221/1221/1221
f 1222/1222/1222 1223/1223/1223 1224/1224/1224
f 1225/1225/1225 1226/1226/1226 1227/1227/1227
f 1228/1228/1228 1229/1229/1229 1230/1230/1230
f 1231/1231/1231 1232/1232/1232 1233/1233/1233
f 1234/1234/1234 1235/1235/1235 1236/1236/1236
f 1237/1237/1237 1238/1238/1238 1239/1239/1239
f 1240/1240/1240 1241/1241/1241 1242/1242/1242
f 1243/1243/1243 1244/1244/1244 1245/1245/1245
f 1246/1246/1246 1247/1247/1247 1248/1248/1248
f 1249/1249/1249 1250/1250/1250 1251/1251/1251
f 1252/1252/1252 1253/1253/1253 1254/1254/1254
f 1255/1255/1255 1256/1256/1256 1257/1257/1257
f 1258/1258/1258 1259/1259/1259 1260/1260/1260
f 1261/1261/1261 1262/1262/1262 1263/1263/1263
f 1264/1264/1264 1265/1265/1265 1266/1266/1266
f 1267/1267/1267 1268/1268/1268 1269/1269/1269
f 1270/1270/1270 1271/1271/1271 1272/1272/1272
f 1273/1273/1273 1274/1274/1274 1275/1275/1275
f 1276/1276/1276 1277/1277/1277 1278/1278/1278
f 1279/1279/1279 1280/1280/1280 1281/1281/1281
f 1282/1282/1282 1283/1283/1283 1284/1284/1284
f 1285/1285/1285 1286/1286/1286 1287/1287/1287
f 1288/1288/1288 1289/1289/1289 1290/1290/1290
f 1291/1291/1291 1292/1292/1292 1293/1293/1293
f 1294/1294/1294 1295/1295/1295 1296/1296/1296
f 1297/1297/1297 1298/1298/1298 1299/1299/1299
f 1300/1300/1300 1301/1301/1301 1302/1302/1302
f 1303/1303/1303 1304/1304/1304 1305/1305/1305
f 1306/1306/1306 1307/1307/1307 1308/1308/1308
f 1309/1309/1309 1310/1310/1310 1311/1311/1311
f 1312/1312/1312 1313/1313/1313 1314/1314/1314
f 1315/1315/1315 1316/1316/1316 1317/1317/1317
f 1318/1318/1318 1319/1319/1319 1320/1320/1320
f 1321/1321/1321 1322/1322/1322 1323/1323/1323
f 1324/1324/1324 1325/1325/1325 1326/1326/1326
f 1327/1327/1327 1328/1328/1328 1329/1329/1329
f 1330/1330/1330 1331/1331/1331 1332/1332/1332
f 1333/1333/1333 1334/1334/1334 1335/1335/1335
f 1336/1336/1336 1337/1337/1337 1338/1338/1338
f 1339/1339/1339 1340/1340/1340 1341/1341/1341
f 1342/1342/1342 1343/1343/1343 1344/1344/1344
f 1345/1345/1345 1346/1346/1346 1347/1347/1347
f 1348/1348/1348 1349/1349/1349 1350/1350/1350
f 1351/1351/1351 1352/1352/1352 1353/1353/1353
f 1354/1354/1354 1355/1355/1355 1356/1356/1356
f 1357/1357/1357 1358/1358/1358 1359/1359/1359
f 1360/1360/1360 1361/1361/1361 1362/1362/1362
f 1363/1363/1363 1364/1364/1364 1365/1365/1365
f 1366/1366/1366 1367/1367/1367 1368/1368/1368
f 1369/1369/1369 1370/1370/1370 1371/1371/1371
f 1372/1372/1372 1373/1373/1373 1374/1374/1374
f 1375/1375/1375 1376/1376/1376 1377/1377/1377
f 1378/1378/1378 1379/1379/1379 1380/1380/1380
f 1381/1381/1381 1382/1382/1382 1383/1383/1383
f 1384/1384/1384 1385/1385/1385 1386/1386/1386
f 1387/1387/1387 1388/1388/1388 1389/1389/1389
f 1390/1390/1390 1391/1391/1391 1392/1392/1392
f 1393/1393/1393 1394/1394/1394 1395/1395/1395
f 1396/1396/1396 1397/1397/1397 1398/1398/1398
f 1399/1399/1399 1400/1400/1400 1401/1401/1401
f 1402/1402/1402 1403/1403/1403 1404/1404/1404
f 1405/1405/1405 1406/1406/1406 1407/1407/1407
f 1408/1408/1408 1409/1409/1409 1410/1410/1410
f 1411/1411/1411 1412/1412/1412 1413/1413/1413
f 1414/1414/1414 1415/1415/1415 1416/1416/1416
f 1417/1417/1417 1418/1418/1418 1419/1419/1419
f 1420/1420/1420 1421/1421/1421 1422/1422/1422
f 1423/1423/1423 1424/1424/1424 1425/1425/1425
f 1426/1426/1426 1427/1427/1427 1428/1428/1428
f 1429/1429/1429 1430/1430/1430 1431/1431/1431
f 1432/1432/1432 1433/1433/1433 1434/1434/1434
f 1435/1435/1435 1436/1436/1436 1437/1437/1437
f 1438/1438/1438 1439/1439/1439 1440/1440/1440
f 1441/1441/1441 1442/1442/1442 1443/1443/1443
f 1444/1444/1444 1445/1445/1445 1446/1446/1446
f 1447/1447/1447 1448/1448/1448 1449/1449/1449
f 1450/1450/1450 1451/1451/1451 1452/1452/1452
f 1453/1453/1453 1454/1454/1454 1455/1455/1455
f 1456/1456/1456 1457/1457/1457 1458/1458/1458
f 1459/1459/1459 1460/1460/1460 1461/1461/1461
f 1462/1462/1462 1463/1463/1463 1464/1464/1464
f 1465/1465/1465 1466/1466/1466 1467/1467/1467
f 1468/1468/1468 1469/1469/1469 1470/1470/1470
f 1471/1471/1471 1472/1472/1472 1473/1473/1473
f 1474/1474/1474 1475/1475/1475 1476/1476/1476
f 1477/1477/1477 1478/1478/1478 1479/1479/1479
f 1480/1480/1480 1481/1481/1481 1482/1482/1482
f 1483/1483/1483 1484/1484/1484 1485/1485/1485
f 1486/1486/1486 1487/1487/1487 1488/1488/1488
f 1489/1489/1489 1490/1490/1490 1491/1491/1491
f 1492/1492/1492 1493/1493/1493 1494/1494/1494
f 1495/1495/1495 1496/1496/1496 1497/1497/1497
f 1498/1498/1498 1499/1499/1499 1500/1500/1500
f 1501/1501/1501 1502/1502/1502 1503/1503/1503
f 1504/1504/1504 1505/1505/1505 1506/1506/1506
f 1507/1507/1507 1508/1508/1508 1509/1509/1509
f 1510/1510/1510 1511/1511/1511 1512/1512/1512
f 1513/1513/1513 1514/1514/1514 1515/1515/1515
f 1516/1516/1516 1517/1517/1517 1518/1518/1518
f 1519/1519/1519 1520/1520/1520 1521/1521/1521
f 1522/1522/1522 1523/1523/1523 1524/1524/1524
f 1525/1525/1525 1526/1526/1526 1527/1527/1527
f 1528/1528/1528 1529/1529/1529 1530/1530/1530
f 1531/1531/1531 1532/1532/1532 1533/1533/1533
f 1534/1534/1534 1535/1535/1535 1536/1536/1536
f 1537/1537/1537 1538/1538/1538 1539/1539/1539
f 1540/1540/1540 1541/1541/1541 1542/1542/1542
f 1543/1543/1543 1544/1544/1544 1545/1545/1545
f 1546/1546/1546 1547/1547/1547 1548/1548/1548
f 1549/1549/1549 1550/1550/1550 1551/1551/1551
f 1552/1552/1552 1553/1553/1553 1554/1554/1554
f 1555/1555/1555 1556/1556/1556 1557/1557/1557
f 1558/1558/1558 1559/1559/1559 1560/1560/1560
f 1561/1561/1561 1562/1562/1562 1563/1563/1563
f 1564/1564/1564 1565/1565/1565 1566/1566/1566
f 1567/1567/1567 1568/1568/1568 1569/1569/1569
f 1570/1570/1570 1571/1571/1571 1572/1572/1572
f 1573/1573/1573 1574/1574/1574 1575/1575/1575
f 1576/1576/1576 1577/1577/1577 1578/1578/1578
f 1579/1579/1579 1580/1580/1580 1581/1581/1581
f 1582/1582/1582 1583/1583/1583 1584/1584/1584
f 1585/1585/1585 1586/1586/1586 1587/1587/1587
f 1588/1588/1588 1589/1589/1589 1590/1590/1590
f 1591/1591/1591 1592/1592/1592 1593/1593/1593
f 1594/1594/1594 1595/1595/1595 1596/1596/1596
f 1597/1597/1597 1598/1598/1598 1599/1599/1599
f 1600/1600/1600 1601/1601/1601 1602/1602/1602
f 1603/1603/1603 1604/1604/1604 1605/1605/1605
f 1606/1606/1606 1607/1607/1607 1608/1608/1608
f 1609/1609/1609 1610/1610/1610 1611/1611/1611
f 1612/1612/1612 1613/1613/1613 1614/1614/1614
f 1615/1615/1615 1616/1616/1616 1617/1617/1617
f 1618/1618/1618 1619/1619/1619 1620/1620/1620
f 1621/1621/1621 1622/1622/1622 1623/1623/1623
f 1624/1624/1624 1625/1625/1625 1626/1626/1626
f 1627/1627/1627 1628/1628/1628 1629/1629/1629
f 1630/1630/1630 1631/1631/1631 1632/1632/1632
f 1633/1633/1633 1634/1634/1634 1635/1635/1635
f 1636/1636/1636 1637/1637/1637 1638/1638/1638
f 1639/1639/1639 1640/1640/1640 1641/1641/1641
f 1642/1642/1642 1643/1643/1643 1644/1644/1644
f 1645/1645/1645 1646/1646/1646 1647/1647/1647
f 1648/1648/1648 1649/1649/1649 1650/1650/1650
f 1651/1651/1651 1652/1652/1652 1653/1653/1653
f 1654/1654/1654 1655/1655/1655 1656/1656/1656
f 1657/1657/1657 1658/1658/1658 1659/1659/1659
f 1660/1660/1660 1661/1661/1661 1662/1662/1662
f 1663/1663/1663 1664/1664/1664 1665/1665/1665
f 1666/1666/1666 1667/1667/1667 1668/1668/1668
f 1669/1669/1669 1670/1670/1670 1671/1671/1671
f 1672/1672/1672 1673/1673/1673 1674/1674/1674
f 1675/1675/1675 1676/1676/1676 1677/1677/1677
f 1678/1678/1678 1679/1679/1679 1680/1680/1680
f 1681/1681/1681 1682/1682/1682 1683/1683/1683
f 1684/1684/1684 1685/1685/1685 1686/1686/1686
f 1687/1687/1687 1688/1688/1688 1689/1689/1689
f 1690/1690/1690 1691/1691/1691 1692/1692/1692
f 1693/1693/1693 1694/1694/1694 1695/1695/1695
f 1696/1696/1696 1697/1697/1697 1698/1698/1698
f 1699/1699/1699 1700/1700/1700 1701/1701/1701
f 1702/1702/1702 1703/1703/1703 1704/1704/1704
f 1705/1705/1705 1706/1706/1706 1707/1707/1707
f 1708/1708/1708 1709/1709/1709 1710/1710/1710
f 1711/1711/1711 1712/1712/1712 1713/1713/1713
f 1714/1714/1714 1715/1715/1715 1716/1716/1716
f 1717/1717/1717 1718/1718/1718 1719/1719/1719
f 1720/1720/1720 1721/1721/1721 1722/1722/1722
f 1723/1723/1723 1724/1724/1724 1725/1725/1725
f 1726/1726/1726 1727/1727/1727 1728/1728/1728
f 1729/1729/1729 1730/1730/1730 1731/1731/1731
f 1732/1732/1732 1733/1733/1733 1734/1734/1734
f 1735/1735/1735 1736/1736/1736 1737/1737/1737
f 1738/1738/1738 1739/1739/1739 1740/1740/1740
f 1741/1741/1741 1742/1742/1742 1743/1743/1743
f 1744/1744/1744 1745/1745/1745 1746/1746/1746
f 1747/1747/1747 1748/1748/1748 1749/1749/1749
f 1750/1750/1750 1751/1751/1751 1752/1752/1752
f 1753/1753/1753 1754/1754/1754 1755/1755/1755
f 1756/1756/1756 1757/1757/1757 1758/1758/1758
f 1759/1759/1759 1760/1760/1760 1761/1761/1761
f 1762/1762/1762 1763/1763/1763 1764/1764/1764
f 1765/1765/1765 1766/1766/1766 1767/1767/1767
f 1768/1768/1768 1769/1769/1769 1770/1770/1770
f 1771/1771/1771 1772/1772/1772 1773/1773/1773
f 1774/1774/1774 1775/1775/1775 1776/1776/1776
f 1777/1777/1777 1778/1778/1778 1779/1779/1779
f 1780/1780/1780 1781/1781/1781 1782/1782/1782
f 1783/1783/1783 1784/1784/1784 1785/1785/1785
f 1786/1786/1786 1787/1787/1787 1788/1788/1788
f 1789/1789/1789 1790/1790/1790 1791/1791/1791
f 1792/1792/1792 1793/1793/1793 1794/1794/1794
f 1795/1795/1795 1796/1796/1796 1797/1797/1797
f 1798/1798/1798 1799/1799/1799 1800/1800/1800
f 1801/1801/1801 1802/1802/1802 1803/1803/1803
f 1804/1804/1804 1805/1805/1805 1806/1806/1806
f 1807/1807/1807 1808/1808/1808 1809/1809/1809
f 1810/1810/1810 1811/1811/1811 1812/1812/1812
f 1813/1813/1813 1814/1814/1814 1815/1815/1815
f 1816/1816/1816 1817/1817/1817 1818/1818/1818
f 1819/1819/1819 1820/1820/1820 1821/1821/1821
f 1822/1822/1822 1823/1823/1823 1824/1824/1824
f 1825/1825/1825 1826/1826/1826 1827/1827/1827
f 1828/1828/1828 1829/1829/1829 1830/1830/1830
f 1831/1831/1831 1832/1832/1832 1833/1833/1833
f 1834/1834/1834 1835/1835/1835 1836/1836/1836
f 1837/1837/1837 1838/1838/1838 1839/1839/1839
f 1840/1840/1840 1841/1841/1841 1842/1842/1842
f 1843/1843/1843 1844/1844/1844 1845/1845/1845
f 1846/1846/1846 1847/1847/1847 1848/1848/1848
f 1849/1849/1849 1850/1850/1850 1851/1851/1851
f 1852/1852/1852 1853/1853/1853 1854/1854/1854
f 1855/1855/1855 1856/1856/1856 1857/1857/1857
f 1858/1858/1858 1859/1859/1859 1860/1860/1860
f 1861/1861/1861 1862/1862/1862 1863/1863/1863
f 1864/1864/1864 1865/1865/1865 1866/1866/1866
f 1867/1867/1867 1868/1868/1868 1869/1869/1869
f 1870/1870/1870 1871/1871/1871 1872/1872/1872
f 1873/1873/1873 1874/1874/1874 1875/1875/1875
f 1876/1876/1876 1877/1877/1877 1878/1878/1878
f 1879/1879/1879 1880/1880/1880 1881/1881/1881
f 1882/1882/1882 1883/1883/1883 1884/1884/1884
f 1885/1885/1885 1886/1886/1886 1887/1887/1887
f 1888/1888/1888 1889/1889/1889 1890/1890/1890
f 1891/1891/1891 1892/1892/1892 1893/1893/1893
f 1894/1894/1894 1895/1895/1895 1896/1896/1896
f 1897/1897/1897 1898/1898/1898 1899/1899/1899
f 1900/1900/1900 1901/1901/1901 1902/1902/1902
f 1903/1903/1903 1904/1904/1904 1905/1905/1905
f 1906/1906/1906 1907/1907/1907 1908/1908/1908
f 1909/1909/1909 1910/1910/1910 1911/1911/1911
f 1912/1912/1912 1913/1913/1913 1914/1914/1914
f 1915/1915/1915 1916/1916/1916 1917/1917/1917
f 1918/1918/1918 1919/1919/1919 1920/1920/1920
f 1921/1921/1921 1922/1922/1922 1923/1923/1923
f 1924/1924/1924 1925/1925/1925 1926/1926/1926
f 1927/1927/1927 1928/1928/1928 1929/1929/1929
f 1930/1930/1930 1931/1931/1931 1932/1932/1932
f 1933/1933/1933 1934/1934/1934 1935/1935/1935
f 1936/1936/1936 1937/1937/1937 1938/1938/1938
f 1939/1939/1939 1940/1940/1940 1941/1941/1941
f 1942/1942/1942 1943/1943/1943 1944/1944/1944
f 1945/1945/1945 1946/1946/1946 1947/1947/1947
f 1948/1948/1948 1949/1949/1949 1950/1950/1950
f 1951/1951/1951 1952/1952/1952 1953/1953/1953
f 1954/1954/1954 1955/1955/1955 1956/1956/1956
f 1957/1957/1957 1958/1958/1958 1959/1959/1959
f 1960/1960/1960 1961/1961/1961 1962/1962/1962
f 1963/1963/1963 1964/1964/1964 1965/1965/1965
f 1966/1966/1966 1967/1967/1967 1968/1968/1968
f 1969/1969/1969 1970/1970/1970 1971/1971/1971
f 1972/1972/1972 1973/1973/1973 1974/1974/1974
f 1975/1975/1975 1976/1976/1976 1977/1977/1977
f 1978/1978/1978 1979/1979/1979 1980/1980/1980
f 1981/1981/1981 1982/1982/1982 1983/1983/1983
f 1984/1984/1984 1985/1985/1985 1986/1986/1986
f 1987/1987/1987 1988/1988/1988 1989/1989/1989
f 1990/1990/1990 1991/1991/1991 1992/1992/1992
f 1993/1993/1993 1994/1994/1994 1995/1995/1995
f 1996/1996/1996 1997/1997/1997 1998/1998/1998
f 1999/1999/1999 2000/2000/2000 2001/2001/2001
f 2002/2002/2002 2003/2003/2003 2004/2004/2004
f 2005/2005/2005 2006/2006/2006 2007/2007/2007
f 2008/2008/2008 2009/2009/2009 2010/2010/2010
f 2011/2011/2011 2012/2012/2012 2013/2013/2013
f 2014/2014/2014 2015/2015/2015 2016/2016/2016
f 2017/2017/2017 2018/2018/2018 2019/2019/2019
f 2020/2020/2020 2021/2021/2021 2022/2022/2022
f 2023/2023/2023 2024/2024/2024 2025/2025/2025
f 2026/2026/2026 2027/2027/2027 2028/2028/2028
f 2029/2029/2029 2030/2030/2030 2031/2031/2031
f 2032/2032/2032 2033/2033/2033 2034/2034/2034
f 2035/2035/2035 2036/2036/2036 2037/2037/2037
f 2038/2038/2038 2039/2039/2039 2040/2040/2040
f 2041/2041/2041 2042/2042/2042 2043/2043/2043
f 2044/2044/2044 2045/2045/2045 2046/2046/2046
f 2047/2047/2047 2048/2048/2048 2049/2049/2049
f 2050/2050/2050 2051/2051/2051 2052/2052/2052
f 2053/2053/2053 2054/2054/2054 2055/2055/2055
f 2056/2056/2056 2057/2057/2057 2058/2058/2058
f 2059/2059/2059 2060/2060/2060 2061/2061/2061
f 2062/2062/2062 2063/2063/2063 2064/2064/2064
f 2065/2065/2065 2066/2066/2066 2067/2067/2067
f 2068/2068/2068 2069/2069/2069 2070/2070/2070
f 2071/2071/2071 2072/2072/2072 2073/2073/2073
f 2074/2074/2074 2075/2075/2075 2076/2076/2076
f 2077/2077/2077 2078/2078/2078 2079/2079/2079
f 2080/2080/2080 2081/2081/2081 2082/2082/2082
f 2083/2083/2083 2084/2084/2084 2085/2085/2085
f 2086/2086/2086 2087/2087/2087 2088/2088/2088
f 2089/2089/2089 2090/2090/2090 2091/2091/2091
f 2092/2092/2092 2093/2093/2093 2094/2094/2094
f 2095/2095/2095 2096/2096/2096 2097/2097/2097
f 2098/2098/2098 2099/2099/2099 2100/2100/2100
f 2101/2101/2101 2102/2102/2102 2103/2103/2103
f 2104/2104/2104 2105/2105/2105 2106/2106/2106
f 2107/2107/2107 2108/2108/2108 2109/2109/2109
f 2110/2110/2110 2111/2111/2111 2112/2112/2112
f 2113/2113/2113 2114/2114/2114 2115/2115/2115
f 2116/2116/2116 2117/2117/2117 2118/2118/2118
f 2119/2119/2119 2120/2120/2120 2121/2121/2121
f 2122/2122/2122 2123/2123/2123 2124/2124/2124
f 2125/2125/2125 2126/2126/2126 2127/2127/2127
f 2128/2128/2128 2129/2129/2129 2130/2130/2130
f 2131/2131/2131 2132/2132/2132 2133/2133/2133
f 2134/2134/2134 2135/2135/2135 2136/2136/2136
f 2137/2137/2137 2138/2138/2138 2139/2139/2139
f 2140/2140/2140 2141/2141/2141 2142/2142/2142
f 2143/2143/2143 2144/2144/2144 2145/2145/2145
f 2146/2146/2146 2147/2147/2147 2148/2148/2148
f 2149/2149/2149 2150/2150/2150 2151/2151/2151
f 2152/2152/2152 2153/2153/2153 2154/2154/2154
f 2155/2155/2155 2156/2156/2156 2157/2157/2157
f 2158/2158/2158 2159/2159/2159 2160/2160/2160
f 2161/2161/2161 2162/2162/2162 2163/2163/2163
f 2164/2164/2164 2165/2165/2165 2166/2166/2166
f 2167/2167/2167 2168/2168/2168 2169/2169/2169
f 2170/2170/2170 2171/2171/2171 2172/2172/2172
f 2173/2173/2173 2174/2174/2174 2175/2175/2175
f 2176/2176/2176 2177/2177/2177 2178/2178/2178
f 2179/2179/2179 2180/2180/2180 2181/2181/2181
f 2182/2182/2182 2183/2183/2183 2184/2184/2184
f 2185/2185/2185 2186/2186/2186 2187/2187/2187
f 2188/2188/2188 2189/2189/2189 2190/2190/2190
f 2191/2191/2191 2192/2192/2192 2193/2193/2193
f 2194/2194/2194 2195/2195/2195 2196/2196/2196
f 2197/2197/2197 2198/2198/2198 2199/2199/2199
f 2200/2200/2200 2201/2201/2201 2202/2202/2202
f 2203/2203/2203 2204/2204/2204 2205/2205/2205
f 2206/2206/2206 2207/2207/2207 2208/2208/2208
f 2209/2209/2209 2210/2210/2210 2211/2211/2211
f 2212/2212/2212 2213/2213/2213 2214/2214/2214
f 2215/2215/2215 2216/2216/2216 2217/2217/2217
f 2218/2218/2218 2219/2219/2219 2220/2220/2220
f 2221/2221/2221 2222/2222/2222 2223/2223/2223
f 2224/2224/2224 2225/2225/2225 2226/2226/2226
f 2227/2227/2227 2228/2228/2228 2229/2229/2229
f 2230/2230/2230 2231/2231/2231 2232/2232/2232
f 2233/2233/2233 2234/2234/2234 2235/2235/2235
f 2236/2236/2236 2237/2237/2237 2238/2238/2238
f 2239/2239/2239 2240/2240/2240 2241/2241/2241
f 2242/2242/2242 2243/2243/2243 2244/2244/2244
f 2245/2245/2245 2246/2246/2246 2247/2247/2247
f 2248/2248/2248 2249/2249/2249 2250/2250/2250
f 2251/2251/2251 2252/2252/2252 2253/2253/2253
f 2254/2254/2254 2255/2255/2255 2256/2256/2256
f 2257/2257/2257 2258/2258/2258 2259/2259/2259
f 2260/2260/2260 2261/2261/2261 2262/2262/2262
f 2263/2263/2263 2264/2264/2264 2265/2265/2265
f 2266/2266/2266 2267/2267/2267 2268/2268/2268
f 2269/2269/2269 2270/2270/2270 2271/2271/2271
f 2272/2272/2272 2273/2273/2273 2274/2274/2274
f 2275/2275/2275 2276/2276/2276 2277/2277/2277
f 2278/2278/2278 2279/2279/2279 2280/2280/2280
f 2281/2281/2281 2282/2282/2282 2283/2283/2283
f 2284/2284/2284 2285/2285/2285 2286/2286/2286
f 2287/2287/2287 2288/2288/2288 2289/2289/2289
f 2290/2290/2290 2291/2291/2291 2292/2292/2292
f 2293/2293/2293 2294/2294/2294 2295/2295/2295
f 2296/2296/2296 2297/2297/2297 2298/2298/2298
f 2299/2299/2299 2300/2300/2300 2301/2301/2301
f 2302/2302/2302 2303/2303/2303 2304/2304/2304
f 2305/2305/2305 2306/2306/2306 2307/2307/2307
f 2308/2308/2308 2309/2309/2309 2310/2310/2310
f 2311/2311/2311 2312/2312/2312 2313/2313/2313
f 2314/2314/2314 2315/2315/2315 2316/2316/2316
f 2317/2317/2317 2318/2318/2318 2319/2319/2319
f 2320/2320/2320 2321/2321/2321 2322/2322/2322
f 2323/2323/2323 2324/2324/2324 2325/2325/2325
f 2326/2326/2326 2327/2327/2327 2328/2328/2328
f 2329/2329/2329 2330/2330/2330 2331/2331/2331
f 2332/2332/2332 2333/2333/2333 2334/2334/2334
f 2335/2335/2335 2336/2336/2336 2337/2337/2337
f 2338/2338/2338 2339/2339/2339 2340/2340/2340
f 2341/2341/2341 2342/2342/2342 2343/2343/2343
f 2344/2344/2344 2345/2345/2345 2346/2346/2346
f 2347/2347/2347 2348/2348/2348 2349/2349/2349
f 2350/2350/2350 2351/2351/2351 2352/2352/2352
f 2353/2353/2353 2354/2354/2354 2355/2355/2355
f 2356/2356/2356 2357/2357/2357 2358/2358/2358
f 2359/2359/2359 2360/2360/2360 2361/2361/2361
f 2362/2362/2362 2363/2363/2363 2364/2364/2364
f 2365/2365/2365 2366/2366/2366 2367/2367/2367
f 2368/2368/2368 2369/2369/2369 2370/2370/2370
f 2371/2371/2371 2372/2372/2372 2373/2373/2373
f 2374/2374/2374 2375/2375/2375 2376/2376/2376
f 2377/2377/2377 2378/2378/2378 2379/2379/2379
f 2380/2380/2380 2381/2381/2381 2382/2382/2382
f 2383/2383/2383 2384/2384/2384 2385/2385/2385
f 2386/2386/2386 2387/2387/2387 2388/2388/2388
f 2389/2389/2389 2390/2390/2390 2391/2391/2391
f 2392/2392/2392 2393/2393/2393 2394/2394/2394
f 2395/2395/2395 2396/2396/2396 2397/2397/2397
f 2398/2398/2398 2399/2399/2399 2400/2400/2400
f 2401/2401/2401 2402/2402/2402 2403/2403/2403
f 2404/2404/2404 2405/2405/2405 2406/2406/2406
f 2407/2407/2407 2408/2408/2408 2409/2409/2409
f 2410/2410/2410 2411/2411/2411 2412/2412/2412
f 2413/2413/2413 2414/2414/2414 2415/2415/2415
f 2416/2416/2416 2417/2417/2417 2418/2418/2418
f 2419/2419/2419 2420/2420/2420 2421/2421/2421
f 2422/2422/2422 2423/2423/2423 2424/2424/2424
f 2425/2425/2425 2426/2426/2426 2427/2427/2427
f 2428/2428/2428 2429/2429/2429 2430/2430/2430
f 2431/2431/2431 2432/2432/2432 2433/2433/2433
f 2434/2434/2434 2435/2435/2435 2436/2436/2436
f 2437/2437/2437 2438/2438/2438 2439/2439/2439
f 2440/2440/2440 2441/2441/2441 2442/2442/2442
f 2443/2443/2443 2444/2444/2444 2445/2445/2445
f 2446/2446/2446 2447/2447/2447 2448/2448/2448
f 2449/2449/2449 2450/2450/2450 2451/2451/2451
f 2452/2452/2452 2453/2453/2453 2454/2454/2454
f 2455/2455/2455 2456/2456/2456 2457/2457/2457
f 2458/2458/2458 2459/2459/2459 2460/2460/2460
f 2461/2461/2461 2462/2462/2462 2463/2463/2463
f 2464/2464/2464 2465/2465/2465 2466/2466/2466
f 2467/2467/2467 2468/2468/2468 2469/2469/2469
f 2470/2470/2470 2471/2471/2471 2472/2472/2472
f 2473/2473/2473 2474/2474/2474 2475/2475/2475
f 2476/2476/2476 2477/2477/2477 2478/2478/2478
f 2479/2479/2479 2480/2480/2480 2481/2481/2481
f 2482/2482/2482 2483/2483/2483 2484/2484/2484
f 2485/2485/2485 2486/2486/2486 2487/2487/2487
f 2488/2488/2488 2489/2489/2489 2490/2490/2490
f 2491/2491/2491 2492/2492/2492 2493/2493/2493
f 2494/2494/2494 2495/2495/2495 2496/2496/2496
f 2497/2497/2497 2498/2498/2498 2499/2499/2499
f 2500/2500/2500 2501/2501/2501 2502/2502/2502
f 2503/2503/2503 2504/2504/2504 2505/2505/2505
f 2506/2506/2506 2507/2507/2507 2508/2508/2508
f 2509/2509/2509 2510/2510/2510 2511/2511/2511
f 2512/2512/2512 2513/2513/2513 2514/2514/2514
f 2515/2515/2515 2516/2516/2516 2517/2517/2517
f 2518/2518/2518 2519/2519/2519 2520/2520/2520
f 2521/2521/2521 2522/2522/2522 2523/2523/2523
f 2524/2524/2524 2525/2525/2525 2526/2526/2526
f 2527/2527/2527 2528/2528/2528 2529/2529/2529
f 2530/2530/2530 2531/2531/2531 2532/2532/2532
f 2533/2533/2533 2534/2534/2534 2535/2535/2535
f 2536/2536/2536 2537/2537/2537 2538/2538/2538
f 2539/2539/2539 2540/2540/2540 2541/2541/2541
f 2542/2542/2542 2543/2543/2543 2544/2544/2544
f 2545/2545/2545 2546/2546/2546 2547/2547/2547
f 2548/2548/2548 2549/2549/2549 2550/2550/2550
f 2551/2551/2551 2552/2552/2552 2553/2553/2553
f 2554/2554/2554 2555/2555/2555 2556/2556/2556
f 2557/2557/2557 2558/2558/2558 2559/2559/2559
f 2560/2560/2560 2561/2561/2561 2562/2562/2562
f 2563/2563/2563 2564/2564/2564 2565/2565/2565
f 2566/2566/2566 2567/2567/2567 2568/2568/2568
f 2569/2569/2569 2570/2570/2570 2571/2571/2571
f 2572/2572/2572 2573/2573/2573 2574/2574/2574
f 2575/2575/2575 2576/2576/2576 2577/2577/2577
f 2578/2578/2578 2579/2579/2579 2580/2580/2580
f 2581/2581/2581 2582/2582/2582 2583/2583/2583
f 2584/2584/2584 2585/2585/2585 2586/2586/2586
f 2587/2587/2587 2588/2588/2588 2589/2589/2589
f 2590/2590/2590 2591/2591/2591 2592/2592/2592
f 2593/2593/2593 2594/2594/2594 2595/2595/2595
f 2596/2596/2596 2597/2597/2597 2598/2598/2598
f 2599/2599/2599 2600/2600/2600 2601/2601/2601
f 2602/2602/2602 2603/2603/2603 2604/2604/2604
f 2605/2605/2605 2606/2606/2606 2607/2607/2607
f 2608/2608/2608 2609/2609/2609 2610/2610/2610
