# File generated by ImageToStl.com - Free Image and 3D model conversion tools

mtllib Hip Hop Dancing.mtl

# Object_12004_Object_12001_0
o obj1
v 10.82732975 84.61496567 2.48957246
v 23.71512105 78.68879641 1.17884612
v 24.39998367 81.60633636 2.06267069
v 9.80897317 81.78399606 -5.2896261
v 9.78537894 81.82200694 2.71094176
v 24.3963818 81.59091183 -4.78367184
v 11.86208858 87.37709956 -4.84692837
v 25.15972107 84.78991246 -3.49182849
v 7.40299672 85.31724773 -2.83887234
v 6.5224919 83.98038735 0.24436323
v 7.40300024 85.31725608 0.30760343
v 8.28350699 86.65411646 -2.75982006
v 11.86929173 87.40792441 2.26820268
v 11.86208858 87.37709956 -4.84692837
v 6.5224919 83.98038735 0.24436323
v 23.39422679 79.76763903 -3.47966136
v 24.77918606 79.52093711 -3.41409306
v 24.8332212 79.59426447 0.36436429
v 24.3618792 83.7476683 -3.5112984
v 25.71406649 83.52926227 -3.41292809
v 25.24662055 81.52510706 -3.71817352
v 25.08485479 84.5238831 0.57798998
v 7.40300024 85.31725608 0.30760343
v 10.8355346 84.58054781 -5.0682763
v 8.28350699 86.65411646 -2.75982006
v 23.93765807 81.73494951 0.50315715
v 23.45175115 79.7362359 0.49525803
v 24.8332212 79.59426447 0.36436429
v 24.42356499 83.73366312 0.5110572
v 25.72337742 83.44758846 0.53251412
v 25.71406649 83.52926227 -3.41292809
v 25.08485479 84.5238831 0.57798998
v 24.42356499 83.73366312 0.5110572
v 25.27830024 81.52093392 0.4484392
v 23.87804954 81.75765361 -3.68521316
v 24.77918606 79.52093711 -3.41409306
v 26.63368899 81.28941486 -3.75157932
v 28.74679232 80.74893071 -3.61382301
v 28.32559418 78.91733884 -3.2427413
v 34.23574426 78.41823361 0.52932902
v 34.51568431 79.45613947 0.56920363
v 28.75185292 80.80800585 0.44028272
v 34.16560735 77.95372841 -2.9568442
v 34.23574426 78.41823361 0.52932902
v 28.38137467 79.17332964 0.31159075
v 34.79561975 80.4940378 0.35264492
v 29.12233092 82.44267459 0.5001423
v 34.84640884 80.5979997 -2.74618704
v 29.16797098 82.58051536 -3.16102376
v 29.12233092 82.44267459 0.5001423
v 27.08451268 83.30791931 -3.31323007
v 29.16797098 82.58051536 -3.16102376
v 39.7110216 77.59520813 0.93797273
v 26.18285333 79.27089573 -3.34763871
v 25.72337742 83.44758846 0.53251412
v 26.63705968 81.30401122 0.39298044
v 45.6833922 74.18855851 2.29451054
v 45.33777374 73.85636511 2.23805239
v 45.85207151 73.6016127 2.22610402
v 46.88067452 73.09209298 2.20220822
v 46.5350635 72.75989958 2.14575053
v 46.18944504 72.42771364 2.08929284
v 44.48610989 75.28501658 2.38681147
v 42.5205582 75.86313656 1.95326164
v 43.99061108 74.77657769 2.29602807
v 43.49511226 74.26813134 2.20524468
v 41.53778236 76.15219281 1.73648672
v 42.03327744 76.66063917 1.82727058
v 43.19409213 77.47648624 1.15842686
v 43.62475975 76.74599635 1.56788848
v 46.80773182 76.91671819 1.0491238
v 45.64691713 76.10087857 1.71796798
v 49.06132045 75.04728155 0.94145172
v 49.12099326 75.03109793 -1.54947698
v 48.34990736 75.65963802 -0.68327746
v 46.86740836 76.90054202 -1.44180497
v 41.42468715 75.50685097 0.34657976
v 40.80994225 76.34998044 0.6536304
v 39.61185072 76.93840868 -2.58590153
v 40.80994225 76.34998044 0.6536304
v 39.46735352 77.39089754 -0.12217723
v -23.42477652 81.15924307 -4.7714208
v -23.42950464 81.17480923 2.07492246
v -24.32743453 84.11876595 0.5902433
v -7.38646898 85.70140476 0.31985431
v -10.76083545 84.78687286 2.50182335
v -9.51477966 81.9907983 2.7231912
v -24.42173604 84.38649485 -3.47957574
v -11.99745212 87.55184678 -4.83467584
v -22.53158116 78.23086674 1.19109564
v -7.38646692 85.70139642 -2.826621
v -7.38646898 85.70140476 0.31985431
v -6.40812373 84.38494545 0.25661356
v -6.40812373 84.38494545 0.25661356
v -9.53561206 81.950581 -5.27737721
v -33.00497118 76.79651919 -2.94459277
v -38.38903705 75.47394761 -2.57364996
v -38.54080679 76.19571628 -2.54353378
v -23.67813615 83.44764695 -3.4990457
v -23.7388882 83.42996689 0.52330986
v -23.06627956 81.29847283 0.51540907
v -8.36481444 87.01786319 -2.74756829
v -11.99745212 87.55184678 -4.83467584
v -12.0069015 87.58294742 2.28045574
v 3.91830297 92.7370906 -2.28167385
v 4.45746951 92.58484056 -0.17985427
v 3.99676079 87.89513257 -2.46444294
v -2.67447577 94.92968815 4.69395085
v -3.54553133 95.8128002 0.09432031
v -2.55833724 90.97085017 1.86106273
v -0.66377797 89.81073402 2.50301082
v -0.6028476 90.48359675 4.72440153
v 1.89496299 90.4836042 4.72439282
v 1.86449765 89.78027643 2.503002
v 3.88081941 90.97085017 1.86104353
v 3.14991645 99.43126782 3.67811513
v 5.26073161 99.80528564 1.21422467
v 4.2304563 101.15468499 2.10189722
v 3.96657779 94.92968068 4.66346731
v 3.88081941 90.97085017 1.86104353
v 4.83475203 95.78235752 0.0942905
v 0.61560827 93.83338723 6.79575465
v 0.61560434 96.93956087 5.66869372
v -0.23730694 93.43749795 5.60777227
v -2.62625324 92.76753328 -2.28165428
v -2.61330616 87.89513257 -2.49488259
v -3.16540884 92.61528323 -0.17983159
v 3.75309764 97.51816509 4.29792882
v 1.49897464 93.43750541 5.60776621
v 1.89496299 90.4836042 4.72439282
v 3.96657779 94.92968068 4.66346731
v -2.67447577 94.92968815 4.69395085
v -0.6028476 90.48359675 4.72440153
v 2.59556439 86.76838195 1.16044304
v -1.12069835 86.73792439 1.22137375
v 1.86449765 89.78027643 2.503002
v 4.45746951 92.58484056 -0.17985427
v 1.89496299 90.4836042 4.72439282
v -2.49144095 97.54860777 4.29795059
v -2.71659324 96.2391405 4.49595119
v 3.9935108 96.22392661 4.48069806
v 3.75309764 97.51816509 4.29792882
v -4.239149 96.36094644 -2.7081066
v -2.39312701 95.70172492 -4.38361974
v -0.73995134 92.98070626 -3.25641677
v 5.51256135 96.36094644 -2.70813457
v 3.66667583 95.70172492 -4.38363436
v 3.98589243 98.91160067 -4.66867772
v 5.79868154 98.04776433 -2.47924528
v -3.82429539 97.4724776 0.35323787
v -4.63676184 97.97493746 -2.47964772
v 5.65722156 99.83383399 -2.25035639
v 4.87138545 97.73780005 0.65425768
v 0.57879931 99.02292327 4.528315
v 0.64286565 101.20588765 2.90812159
v -2.75267131 101.15469244 2.0714491
v -2.61803157 99.47351787 3.79254825
v -0.66377797 89.81073402 2.50301082
v 1.86449765 89.78027643 2.503002
v 0.64283716 98.51507782 -5.79002592
v 3.66667583 95.70172492 -4.38363436
v 2.09293738 92.96548493 -3.25642664
v 0.70694814 93.19387925 -4.23117888
v 3.14991645 99.43126782 3.67811513
v 2.30616346 88.1844271 -3.60672853
v 2.09293738 92.96548493 -3.25642664
v 0.61556799 88.47372909 -4.74901296
v -0.99887001 88.1844271 -3.62194836
v -0.73995134 92.98070626 -3.25641677
v 0.70694814 93.19387925 -4.23117888
v -1.12069835 86.73792439 1.22137375
v 2.59556439 86.76838195 1.16044304
v 4.2304563 101.15468499 2.10189722
v -2.61803157 99.47351787 3.79254825
v -2.71659324 96.2391405 4.49595119
v -2.49144095 97.54860777 4.29795059
v 3.9935108 96.22392661 4.48069806
v 7.8738492 -2.48830015 7.88192366
v 6.95421894 -2.4883046 -7.88981294
v 10.1469518 -2.48830463 -7.98654051
v 10.84482466 -2.47248771 9.18558595
v 12.38789425 3.93113014 -1.75467624
v 10.12805337 3.91531762 -1.6739033
v 10.84482466 -0.11658434 9.18558529
v 13.81580094 -0.11658486 4.84823697
v 12.17256745 3.96275331 -6.89392416
v 12.5170375 -0.14821313 -6.44291756
v 10.1469518 -0.13240114 -7.98654117
v 9.99174595 3.94694126 -6.81597615
v 12.5170375 -2.48830466 -6.4429169
v 12.5170375 -0.14821313 -6.44291756
v 13.81580094 -0.11658486 4.84823697
v 13.81580088 -2.4566764 4.82967871
v 7.81092632 3.93112873 -6.73802813
v 7.86821436 3.89950557 -1.59313082
v 10.12805337 3.91531762 -1.6739033
v 9.99174595 3.94694126 -6.81597615
v 13.81580094 -0.11658486 4.84823697
v 10.84482466 -0.11658434 9.18558529
v 10.84482466 -2.47248771 9.18558595
v 13.81580088 -2.4566764 4.82967871
v 7.8738492 -2.48830015 7.88192366
v 7.87384926 -0.11658447 7.90048191
v 6.95421894 -0.11658892 -7.88981361
v 6.95421894 -2.4883046 -7.88981294
v 7.81092632 3.93112873 -6.73802813
v 7.86821436 3.89950557 -1.59313082
v 6.95421894 -2.4883046 -7.88981294
v 6.95421894 -0.11658892 -7.88981361
v 10.1469518 -2.48830463 -7.98654051
v 12.17256745 3.96275331 -6.89392416
v 12.38789425 3.93113014 -1.75467624
v -10.49158287 -2.47248771 9.18559237
v -13.43047616 -2.4566764 4.82968618
v -12.14574557 -2.48830466 -6.44291005
v -9.80125601 -2.48830463 -7.98653427
v -9.78255859 3.91531762 -1.67389777
v -10.49158287 -0.11658434 9.18559171
v -7.55269437 -0.11658447 7.90048635
v -7.54712571 3.89950557 -1.59312654
v -9.6477257 3.94694126 -6.81597052
v -7.49045871 3.93112873 -6.73802367
v -6.64300436 -0.11658892 -7.88980903
v -9.80125601 -0.13240114 -7.98653493
v -9.6477257 3.94694126 -6.81597052
v -11.80499549 3.96275331 -6.89391738
v -12.01799428 3.93113014 -1.75466947
v -9.78255859 3.91531762 -1.67389777
v -10.49158287 -0.11658434 9.18559171
v -10.49158287 -2.47248771 9.18559237
v -7.55269443 -2.48830015 7.8819281
v -7.55269437 -0.11658447 7.90048635
v -9.80125601 -2.48830463 -7.98653427
v -12.14574557 -2.48830466 -6.44291005
v -12.14574557 -0.14821313 -6.44291071
v -12.14574557 -0.14821313 -6.44291071
v -13.43047609 -0.11658486 4.84824444
v -12.01799428 3.93113014 -1.75466947
v -11.80499549 3.96275331 -6.89391738
v -6.64300436 -2.4883046 -7.88980836
v -7.49045871 3.93112873 -6.73802367
v -7.54712571 3.89950557 -1.59312654
v -7.55269437 -0.11658447 7.90048635
v -6.64300436 -0.11658892 -7.88980903
v -7.55269443 -2.48830015 7.8819281
v -6.64300436 -2.4883046 -7.88980836
v 6.95961405 61.71787381 0.17361322
v 0.09018083 58.70346723 -1.38985989
v 6.68508367 62.26177106 -3.1151209
v 10.89043088 79.27788002 -4.17433872
v 7.18267767 80.54280062 -7.13251369
v 12.50318927 86.74087464 -4.39570994
v 3.90101273 62.26177781 -5.59514344
v 0.07693321 62.26177781 -5.59512917
v -3.74714258 62.26177036 -5.59511583
v -6.50473033 62.28874011 -3.11507093
v -6.77923869 61.77178955 0.17366301
v -3.69091559 63.94140979 7.36275847
v -9.1900328 78.10784427 3.03573638
v -5.36366571 78.20494285 6.79883611
v -11.34039006 86.80411717 1.54946327
v 0.11205942 63.95485704 7.36274473
v 3.9150363 63.9683043 7.36273099
v -9.79089079 79.3095079 -4.17426657
v -11.34041081 86.74087464 -4.39562675
v -6.01998818 80.54280062 -7.13247694
v 12.50319766 88.22713228 -1.99237017
v 12.50321002 86.80411717 1.54938009
v 12.50318927 86.74087464 -4.39570994
v 4.62910853 89.49284302 -4.93326777
v -3.43470966 89.46120768 -4.93323962
v -4.1303859 87.55593381 2.8619938
v 9.0824395 79.60587875 3.0040441
v 6.43164983 78.2049354 6.79879496
v 5.32483916 87.55593381 2.86196081
v -11.34040242 88.22713228 -1.99228698
v -11.34041081 86.74087464 -4.39562675
v -11.34039006 86.80411717 1.54946327
v 8.85471096 67.06550201 2.15755094
v 6.68508367 62.26177106 -3.1151209
v 9.04682291 67.37363958 -2.55187683
v 4.85451349 67.69800541 -5.08656221
v 6.68508367 62.26177106 -3.1151209
v 3.90101273 62.26177781 -5.59514344
v 0.20520525 67.69800522 -5.74496199
v 0.07693321 62.26177781 -5.59512917
v 0.58137759 80.54280052 -7.4658343
v 0.5971985 90.80439749 -4.9332536
v -4.50166052 75.28701923 -6.53135442
v -3.43470966 89.46120768 -4.93323962
v -11.34040242 88.22713228 -1.99228698
v -3.35673884 90.40622079 -2.62477547
v 0.20868746 67.33339038 8.46788509
v 6.95857272 67.34339362 7.76282786
v 6.95961405 61.71787381 0.17361322
v 4.55114078 90.43784867 -2.62479887
v -6.54154188 67.32339419 7.7628582
v -6.77923869 61.77178955 0.17366301
v -3.69091559 63.94140979 7.36275847
v -9.1900328 78.10784427 3.03573638
v -9.31569037 74.43858336 -3.51039839
v -8.87874764 73.61214552 2.67974727
v -9.79089079 79.3095079 -4.17426657
v 0.53399113 78.20494285 6.79881554
v 0.5972272 86.11470753 3.82627144
v 0.5971985 90.80439749 -4.9332536
v 4.62910853 89.49284302 -4.93326777
v 0.5972272 86.11470753 3.82627144
v 4.55114078 90.43784867 -2.62479887
v 0.59720842 92.29067747 -2.62478746
v 10.89043088 79.27788002 -4.17433872
v 7.22144437 30.09699802 -6.17193315
v 5.78503342 39.18487044 -6.10546641
v 9.5205808 30.09258524 -5.94000074
v 4.58442209 39.18491886 -6.22663425
v 2.04948977 48.27715192 -6.27093114
v 3.38380704 39.18496728 -6.3478035
v 1.94739795 48.27283597 -6.28133582
v 4.92230795 30.10142571 -6.40386696
v -0.00647343 59.8985275 8.15131283
v 2.42338676 57.41064377 7.50198216
v 2.57510747 60.22833532 7.3065745
v 6.11616696 59.04899465 6.85929268
v 3.46425155 55.83153066 7.40460006
v 1.11976044 55.82958537 8.2337397
v 1.89786506 51.09028192 8.08723761
v -0.44537056 55.82958536 8.23219097
v -2.78584597 55.83153066 7.3991128
v -1.23240253 51.09028192 8.08414109
v -6.12032698 59.05210675 6.85125882
v -1.74334617 57.41064377 7.49832321
v -2.58363062 60.22989323 7.30255748
v 0.33570701 54.24981618 7.72821252
v 0.33273033 51.09028192 8.08568982
v 10.09407639 54.11643772 1.76229144
v 8.05819309 52.72301142 3.99801038
v 10.03938774 51.02384165 2.4282621
v 8.55403229 48.10139397 4.43738769
v 9.98470283 47.93123812 3.09423277
v 7.12335616 48.27154236 5.78054238
v 7.56235576 57.3446065 3.55863236
v 6.80358954 54.42215536 6.52213003
v 5.21190776 54.46031313 6.75932138
v 5.78099381 52.39738936 5.79681361
v 5.91273145 48.30970013 6.0177324
v 4.7021142 48.34786907 6.25492382
v -9.41737156 54.11643771 1.74299927
v -7.37968083 52.66861116 3.99180092
v -6.87833333 57.3446065 3.54504728
v -6.12354648 54.38683023 6.5130783
v -6.45423113 48.20088464 5.77031331
v -9.36259249 50.95039236 2.42489649
v -7.88102088 47.99261955 4.43855339
v -6.33338845 32.84706942 6.84497194
v -7.75316765 40.60239628 6.03024323
v -9.05210044 33.00389674 6.29017175
v -5.7856249 40.55980348 6.42690148
v -3.81808123 40.51720323 6.82356205
v -5.23785949 48.27252637 6.00883195
v -2.58228843 40.66414305 7.69635173
v -3.6146746 32.6902421 7.39977166
v -4.02149438 48.34416064 6.24735011
v -3.06202033 43.22415637 7.2133515
v -2.78569599 48.49111164 7.12014119
v -1.54989481 48.63804773 7.99293413
v 4.49173266 40.51905186 6.83125181
v 3.25288137 40.62983541 7.70084859
v 4.28134926 32.69024955 7.4075784
v 2.22441534 48.56940636 7.9941211
v 3.73595401 43.20250957 7.21887553
v 3.46326104 48.45863772 7.12452339
v 14.46849744 3.63982208 -2.18940593
v 12.85971748 12.40546234 0.11097725
v 13.22324911 3.9345334 1.48793279
v 11.97798506 4.83264483 2.79474004
v 11.98961845 17.80012021 1.00792087
v 13.48288151 16.75545653 -1.35501643
v 12.78661307 30.14560059 -0.38781338
v 11.23361797 20.12608924 2.4454475
v 10.75121698 15.03099892 4.75254864
v 9.72161515 24.77800867 5.32050075
v 11.25411505 27.46180091 2.46634395
v -14.15304269 3.63349725 -2.19191106
v -12.30759771 12.34070456 0.06777315
v -12.9459422 16.81533368 -1.4414886
v -11.98893731 18.2775705 1.40142392
v -12.10608252 30.14560059 -0.41242586
v -11.48031609 4.94143799 3.1904294
v -12.81667446 3.97253837 1.77795802
v -10.14716588 15.04146828 4.84661256
v -11.08043566 21.0822216 3.1365925
v -10.57865108 27.4618009 2.44475678
v -9.05122617 24.77800867 5.30194023
v -6.9675364 18.71704694 6.10010958
v -6.85558962 24.6741951 5.74487201
v -4.65995029 24.57037035 6.1878052
v -5.81959261 14.72982995 5.84669837
v -8.46709055 14.85504057 5.31261018
v -6.78814901 4.42074862 4.49187848
v -9.09955254 11.79269829 3.61308287
v -9.13423209 4.68107654 3.84115487
v 9.11713684 14.84976488 5.20233624
v 6.5424629 14.72804278 5.71645718
v 7.6265504 4.34998641 3.99248944
v 5.32878099 24.57037035 6.19768155
v 7.81832786 18.16458735 4.89641807
v 7.525199 24.6741951 5.75909138
v 9.77294214 11.7926983 3.6317425
v 9.80227518 4.59131376 3.39361521
v -3.60842105 16.17343623 -0.74693959
v -5.25739761 13.34215668 2.56332905
v -5.21804123 2.32076504 -2.12058043
v -3.72842837 19.59598856 2.06040939
v -3.29241554 26.91842479 3.44251573
v -1.924878 29.26646433 0.69722533
v -3.72842837 19.59598856 2.06040939
v -5.21804123 2.32076504 -2.12058043
v -6.06185047 9.90095132 3.04831704
v -6.00309625 3.76239937 2.46434861
v -5.25739761 13.34215668 2.56332905
v -4.13731198 28.63031927 6.79378913
v -2.76977723 30.97835135 4.04849826
v -3.39983895 28.84235893 4.76160104
v -3.29241554 26.91842479 3.44251573
v -9.05166051 28.89095643 5.79605529
v -10.06980801 29.30916991 3.72656185
v -10.57909009 31.57475984 2.93887254
v -6.85602769 28.78714286 6.23898754
v -7.58776362 27.45075859 5.92663859
v -5.77557604 30.08817221 6.62591667
v 6.00159115 13.37902107 2.52346559
v 4.40426756 16.13143594 -0.6977645
v 6.18626217 2.41154145 -2.13966369
v 2.60346417 29.26646433 0.70170268
v 5.13800606 18.89351663 1.54088565
v 3.96611513 26.9184248 3.44969133
v 7.07171692 10.85317732 2.36400821
v 6.90641508 3.74213149 2.11167842
v 4.80506699 28.63031927 6.80263021
v 4.0711969 28.84235893 4.76898764
v 3.44240299 30.97835135 4.05464022
v 9.72117522 28.89095644 5.81461721
v 9.72073715 33.00390792 6.30873227
v 10.74298784 29.30916991 3.74713951
v 11.25367884 31.57475985 2.96045901
v 7.52475721 28.78714287 6.25320737
v 8.25704443 27.45075859 5.94230501
v 6.44362247 30.08817222 6.63799772
v 7.00104693 32.84707688 6.85815557
v 10.81603791 39.7902751 2.5590064
v 9.85272185 40.46757302 4.70148333
v 10.37839326 48.00579409 2.15755333
v 10.77208741 48.0803575 1.22087402
v 11.7793521 39.112966 0.41653038
v 2.40769796 37.01377897 3.31050641
v 1.47087604 39.17552877 1.26197169
v 2.30982044 40.88742697 4.61490929
v 0.33829163 49.08460439 1.82224018
v 2.28135145 43.44809298 5.74131276
v 1.28135255 48.82701283 4.90818087
v 7.91500684 58.45696405 2.9753951
v 7.13302777 61.31467737 4.67738307
v 9.09411975 60.69609545 1.82815056
v 9.75543154 57.39905098 1.78560589
v -10.11807012 39.95001715 2.56386099
v -11.05617445 39.50590683 0.42924044
v -9.65704083 48.32527818 2.1888499
v -9.30781342 47.78433583 3.10679301
v -9.17995833 40.39412001 4.69848192
v -1.63819335 40.88742697 4.61100592
v -1.60875864 43.47097343 5.73831579
v -0.6057988 48.86132792 4.90758739
v -1.73375987 37.01377897 3.30641247
v -0.79329412 39.17552877 1.25973287
v -1.73375987 37.01377897 3.30641247
v -2.76977723 30.97835135 4.04849826
v -9.06546284 57.39905097 1.76900878
v -8.38985187 60.69609544 1.81284207
v -7.22455836 58.45696405 2.96170436
v -7.13055022 61.31898586 4.6662768
v -9.41737156 54.11643771 1.74299927
v -8.05441305 55.10071355 -2.70070719
v -8.36547648 52.47745584 -1.55184698
v -6.73053227 50.83845907 -4.84669246
v -6.6249811 55.59284216 -4.92256
v -8.11934411 57.23183148 -1.62771453
v -5.38448163 60.32782929 -6.09473579
v 10.09407639 54.11643772 1.76229144
v 8.73933951 55.10071356 -2.68697563
v 8.80239775 57.23183148 -1.61359302
v 7.31431793 55.59284216 -4.91160726
v 6.07446252 60.32782929 -6.08487808
v 7.41885122 50.83845907 -4.83373856
v 9.04728862 52.47745585 -1.53572422
v 8.35830261 39.27595639 -5.45030242
v 7.19603374 48.45932381 -4.9606041
v 6.25536251 42.27635987 -5.72384626
v 4.62275896 48.36824532 -5.61576762
v -4.99883749 16.67683863 -5.03364082
v -5.08383645 16.83131727 -7.82534194
v -4.23110308 30.10143316 -6.41291603
v -5.45540519 2.75223408 -9.91729402
v -5.57134543 11.30194721 -6.06637651
v -5.33672088 2.53650888 -6.01893676
v -5.21804123 2.32076504 -2.12058043
v -5.57134543 11.30194721 -6.06637651
v -4.31796047 20.73720734 -2.66884598
v -3.60842105 16.17343623 -0.74693959
v -1.924878 29.26646433 0.69722533
v -3.07798961 29.68393943 -2.85784605
v -8.8301992 30.09258896 -5.95814437
v -11.01355123 21.08914851 -2.90126048
v -10.46814272 30.11909291 -3.18528529
v -12.10608252 30.14560059 -0.41242586
v -12.9459422 16.81533368 -1.4414886
v -10.97091551 16.78337501 -4.78500003
v -14.15304269 3.63349725 -2.19191106
v -10.04072041 17.03640845 -7.57010362
v -11.00878644 11.51325139 -5.91324461
v -12.85411417 2.98655579 -6.08105389
v -11.55518472 3.33989917 -9.97019724
v -7.87427185 21.21433779 -6.44126145
v -6.53064788 30.09700547 -6.18553136
v -7.26792879 17.04173435 -7.84428558
v -7.08406551 11.5451955 -7.94013922
v -8.50529496 3.04606476 -9.94374656
v -5.45540519 2.75223408 -9.91729402
v 5.00251442 20.73720734 -2.65963071
v 3.76288047 29.68393943 -2.85108176
v 2.60346417 29.26646433 0.70170268
v 4.40426756 16.13143594 -0.6977645
v 5.76335742 16.62082088 -4.86238706
v 6.18626217 2.41154145 -2.13966369
v 5.85080169 16.7709985 -7.57616003
v 6.67834533 12.01505628 -5.19583044
v 6.30269615 2.61151988 -5.75294595
v 6.4191264 2.81146104 -9.36622821
v 5.85080169 16.7709985 -7.57616003
v 7.97409242 16.97555105 -7.59037694
v 6.4191264 2.81146104 -9.36622821
v 7.93564509 12.21679819 -6.74730571
v 9.24620082 3.08383128 -9.38516046
v 12.07327339 3.35619034 -9.40408899
v 8.56552034 21.21433034 -6.42500637
v 10.66917196 16.97037424 -7.31850154
v -0.33516233 49.10669729 -2.23343337
v 1.0189422 49.10669729 -2.23209496
v 1.69960023 49.12877901 -6.28642963
v 0.34309559 49.11405041 -3.58443189
v 0.3454957 49.12877901 -6.28776711
v -1.00861255 49.12877901 -6.28910693
v 0.34309559 49.11405041 -3.58443189
v -0.33516233 49.10669729 -2.23343337
v 7.23920755 49.62925735 -4.57393641
v 7.04547727 49.64889517 -4.89717205
v 7.19603374 48.45932381 -4.9606041
v 7.22481318 49.2392795 -4.70282611
v 7.38976216 48.439686 -4.6373694
v 7.58349617 48.42004445 -4.31413469
v 7.22481318 49.2392795 -4.70282611
v 10.18505462 39.28281507 -2.35097447
v 11.7793521 39.112966 0.41653038
v 12.78661307 30.14560059 -0.38781338
v 10.77208741 48.0803575 1.22087402
v 10.38072973 42.21533418 -1.16035815
v 9.77693626 48.25019911 -1.54663086
v 2.63029792 39.59300759 -2.29081339
v 2.20137648 44.14583042 -4.28994841
v 1.84530613 48.26851257 -6.2917391
v 1.0189422 49.10669729 -2.23209496
v 1.77245318 48.69863834 -6.28908437
v 0.33829163 49.08460439 1.82224018
v 2.62135458 36.15082775 -1.29330794
v 1.47087604 39.17552877 1.26197169
v 9.75543154 57.39905098 1.78560589
v 9.09411975 60.69609545 1.82815056
v 9.07864813 58.38178071 -0.47275523
v 7.83233836 60.51195497 -1.91479828
v -8.71920571 50.51941571 -1.53154887
v -9.7118199 51.49133099 1.50695291
v -10.00626359 48.86622799 1.27090667
v -6.94261716 48.25649708 -4.29340807
v -6.57455826 49.54747435 -4.57005071
v -9.52434984 39.20104697 -2.35291737
v -8.60559535 39.16714886 -3.91335592
v -6.74305263 48.21520854 -4.64142679
v -7.68684086 39.13323958 -5.47379494
v -5.09852724 39.17472909 -6.11604638
v -3.89604296 39.17731937 -6.23494491
v -1.26144177 48.25761836 -6.28435985
v -2.69356521 39.17989101 -6.35384437
v -1.36685434 48.25687668 -6.27394839
v -5.58018303 42.17446188 -5.74051198
v -3.95516889 48.21539462 -5.63169602
v -6.54348344 48.1739051 -4.98944504
v -1.93922857 36.15082775 -1.29781692
v -0.79329412 39.17552877 1.25973287
v -1.94640666 39.59301505 -2.29533816
v -2.26101633 38.95175811 -3.53329555
v -0.79682287 47.80208678 -0.65367505
v -1.89268481 42.05395875 -4.453787
v -1.08745254 48.03022341 -3.47422285
v -1.15602362 48.25835632 -6.29477038
v -9.06546284 57.39905097 1.76900878
v -7.13527585 60.51195497 -1.92738104
v -8.38985187 60.69609544 1.81284207
v -8.38817153 58.3817807 -0.48680356
v 1.11808673 50.08744315 4.95473866
v -0.44705359 50.08744315 4.95319087
v 0.33458845 50.42172026 5.99787343
v 11.56863422 16.72439052 -4.60919003
v 11.18752153 12.19029551 -5.05991687
v 13.27087796 3.02867917 -5.7967457
v 14.46849744 3.63982208 -2.18940593
v 11.69850987 21.08914852 -2.87880378
v 13.48288151 16.75545653 -1.35501643
v 11.1535988 30.11909292 -3.16390726
v -0.8959307 50.68383742 -6.93621957
v -2.25003896 50.68383742 -6.93755892
v -3.49145977 52.23889211 -7.58601044
v -0.93348759 50.16549207 -6.72051582
v 0.3454957 49.12877901 -6.28776711
v 1.69960023 49.12877901 -6.28642963
v -5.32611015 54.04328811 -6.08459474
v -4.44572561 57.2481097 -7.32249798
v -5.21049344 56.14460049 -5.72253971
v -4.71248325 58.79767472 -6.89141061
v 6.01672845 54.04328811 -6.07338044
v 5.90096331 56.14460049 -5.71207886
v 5.40398668 58.79767472 -6.88219673
v 5.13853423 57.2481097 -7.31302135
v 2.94217378 50.68383742 -6.93242483
v 4.29725958 49.98361904 -5.56008365
v 5.53983127 51.53867745 -6.20608025
v 4.18474361 52.23889211 -7.57842004
v 4.2597555 50.73538294 -6.23286291
v 0.61185583 59.60223643 -6.88693504
v 0.3464071 57.2481097 -7.3177599
v 2.12074778 58.28114428 -7.27261298
v 0.3449138 60.32782904 -6.95998341
v -1.25185093 59.31417907 -6.50108163
v -0.13049193 54.74350277 -7.45045971
v -3.96859083 54.74350277 -7.45425398
v -1.25081082 53.90862509 -7.49564251
v 0.34664285 52.23889211 -7.58221524
v 1.62585447 55.57836926 -7.40464692
v 4.66164078 54.74350277 -7.44572116
v 0.79762678 51.20219396 -7.15028732
v 5.40606932 53.44182154 -6.5750603
v -3.60755642 49.98361904 -5.56789968
v -3.56885598 50.73538294 -6.24060327
v -4.84897723 51.53867745 -6.21635213
v -4.71455816 53.44182153 -6.58506711
v -1.3911496 49.86416296 8.03853854
v -3.19125246 52.16132115 7.25761579
v -4.52582706 54.4584645 6.75159607
v 9.41211057 50.36382934 -1.54117748
v 10.43307817 51.09839761 1.49158267
v -6.56419937 49.08963035 -4.70984867
v -6.37499 49.50618581 -4.9180685
v -3.78136638 49.09950683 -5.59979785
v -1.18773531 48.69282784 -6.28152766
v -1.15602362 48.25835632 -6.29477038
v -1.26967656 44.87505342 -3.56564625
v -1.08745254 48.03022341 -3.47422285
v -0.79682287 47.80208678 -0.65367505
v -2.26101633 38.95175811 -3.53329555
v -1.26967656 44.87505342 -3.56564625
v -1.08231715 48.69357325 -6.29193819
v 10.2836191 50.04268772 2.02579875
v 10.43307817 51.09839761 1.49158267
v 1.48685734 49.58142716 5.96786583
v 2.06114206 49.82984414 8.04067796
v -9.57715076 50.2556709 2.04023232
v -10.00626359 48.86622799 1.27090667
v -9.7118199 51.49133099 1.50695291
v 4.46000927 49.17592659 -5.5879261
v 1.874545 48.70296919 -6.27867969
v 6.45689012 40.57839036 6.43794585
v 8.42204759 40.63772141 6.04463709
v -5.10063529 52.37260437 5.78825277
v 3.86919304 52.1450786 7.26255003
v 9.27167582 39.27938946 -3.90063915
v 7.38976216 48.439686 -4.6373694
v -9.68498869 42.4227864 -1.14497591
v -9.07293494 48.56136067 -1.51125088
v -11.05617445 39.50590683 0.42924044
v -1.1771635 48.5480127 -6.28594143
v -1.1771635 48.5480127 -6.28594143
v -1.08231715 48.69357325 -6.29193819
v 1.86479871 48.55815777 -6.28303329
v 1.874545 48.70296919 -6.27867969
v 1.77245318 48.69863834 -6.28908437
v -0.81467292 49.60431135 5.9664394
v 8.94293329 43.06889365 5.06116953
v -8.27138042 42.99637986 5.05575874
v 6.43095418 61.74841548 -5.6435108
v 8.11746436 61.92993208 -1.9537227
v -12.85411417 2.98655579 -6.08105389
v -8.50529496 3.04606476 -9.94374656
v 8.9699746 62.11145613 1.73606726
v 8.80987634 63.45750741 -1.5489457
v 8.59288496 63.6188381 1.73025311
v 8.9699746 62.11145613 1.73606726
v 0.34503027 61.74841518 -6.69210374
v -7.02920024 62.21158868 5.96453576
v -5.08741887 62.23028414 7.726675
v 7.03179587 62.20733983 5.97548434
v -0.00630582 62.07317352 8.12014462
v -2.54686086 62.14245962 7.94730893
v -8.26568219 62.11145613 1.72097605
v -8.26568219 62.11145613 1.72097605
v -7.4201114 61.92993207 -1.96612738
v 5.08352492 62.22720558 7.73459494
v 2.53861057 62.14093152 7.95126889
v -5.74110066 61.74841547 -5.65322859
v 39.7110216 77.59520813 0.93797273
v 46.56928592 76.27207002 1.2196418
v 45.87489391 75.94305221 1.60869875
v 46.33083257 75.62741439 1.39015887
v 45.4084675 75.45621549 1.88848506
v 51.3148979 73.17784492 0.83377877
v 49.5274054 73.74456026 1.07209163
v 51.12568622 72.80312574 0.91305796
v 50.93647827 72.42842147 0.99233627
v 48.63365169 74.0279142 1.1912471
v 48.8228671 74.40261847 1.11196885
v 48.15115285 75.24066414 1.09102112
v 51.32580901 73.21954974 -2.86782679
v 51.0788578 72.69451086 -1.67310154
v 51.15004756 72.82755928 -3.00582161
v 50.97427865 72.43556882 -3.14381457
v 50.95537846 72.43199142 -1.07573915
v 51.13114364 72.82398934 -0.93774526
v 51.32035905 73.19870106 -1.01702445
v 51.19240003 72.94193623 -0.34723662
v 50.93647827 72.42842147 0.99233627
v 51.12568622 72.80312574 0.91305796
v 51.3148979 73.17784492 0.83377877
v 42.2182322 75.21240536 0.50445186
v 43.65020796 74.44583019 1.51272101
v 43.80530367 74.62350668 0.82019798
v 42.2182322 75.21240536 0.50445186
v 41.57978285 75.68453491 -0.34594318
v 41.57978285 75.68453491 -0.34594318
v 44.59138871 73.86191821 1.42985776
v 44.98443123 73.48110907 1.73468739
v 45.1395232 73.65879301 1.04216465
v 43.80530367 74.62350668 0.82019798
v 44.84228238 73.34792622 2.14726946
v 45.38610498 73.12997478 1.85288998
v 46.18944504 72.42771364 2.08929284
v 46.33159762 72.56089649 1.67671217
v 46.4737502 72.69407935 1.26413127
v 44.87408328 75.17864588 1.53238892
v 45.06807184 75.12546053 1.10517799
v 44.14569932 74.95426163 1.60350487
v 43.1634636 75.66549722 0.23275652
v 45.06807184 75.12546053 1.10517799
v 42.8425473 76.18648877 -0.06096322
v 42.75625601 76.00015705 -2.8453244
v 43.94778153 75.87591198 -1.43349618
v 46.33083257 75.62741439 1.39015887
v 46.24454128 75.44109013 -1.39420216
v 46.15824626 75.25475841 -4.17856413
v 48.63365169 74.0279142 1.1912471
v 48.65255188 74.0314916 -0.87682831
v 49.41386317 73.49712744 -0.25377346
v 50.93647827 72.42842147 0.99233627
v 50.95537846 72.43199142 -1.07573915
v 48.56626805 73.84516734 -3.66118853
v 47.82111792 74.43924721 -1.9774056
v 45.47992259 73.98954797 1.82547125
v 44.92171877 74.20087251 1.49038034
v 45.6833922 74.18855851 2.29451054
v 45.94684238 73.69039879 1.95105086
v 46.67721608 72.89308989 1.73316939
v 46.88067452 73.09209298 2.20220822
v 46.5146307 72.73796199 1.85187845
v 46.5350635 72.75989958 2.14575053
v 40.13203084 78.76025819 -2.30112155
v 41.7395933 76.6683826 -3.17156044
v 39.70109914 77.61226965 -2.55578548
v 39.61185072 76.93840868 -2.58590153
v 41.7395933 76.6683826 -3.17156044
v 42.93225148 76.62979232 -4.00129867
v 42.75625601 76.00015705 -2.8453244
v 41.7395933 76.6683826 -3.17156044
v 42.93225148 76.62979232 -4.00129867
v 43.31666894 77.44459604 -3.87838463
v 44.26386511 76.71465017 -3.97844431
v 46.15824626 75.25475841 -4.17856413
v 46.54266372 76.06956213 -4.05564893
v 46.92709236 76.88436585 -3.93273466
v 50.97427865 72.43556882 -3.14381457
v 49.74240452 74.17982814 -3.31479178
v 51.15004756 72.82755928 -3.00582161
v 51.32580901 73.21954974 -2.86782679
v 49.12645069 75.05195407 -3.40028131
v 48.95068551 74.65996361 -3.53827427
v 49.12645069 75.05195407 -3.40028131
v 49.85593185 74.42725351 -1.98892746
v 51.32580901 73.21954974 -2.86782679
v 51.32035905 73.19870106 -1.01702445
v 39.61185072 76.93840868 -2.58590153
v 39.7110216 77.59520813 0.93797273
v 34.84640884 80.5979997 -2.74618704
v 40.05743884 78.60120265 0.26343562
v 40.13203084 78.76025819 -2.30112155
v 34.79561975 80.4940378 0.35264492
v 48.56626805 73.84516734 -3.66118853
v 48.01987615 74.85822854 -3.7517043
v 44.67619181 77.63022697 -1.43799872
v 43.55073781 78.00315753 -0.19063083
v 43.61042181 77.98697391 -2.68155974
v 46.92709236 76.88436585 -3.93273466
v 43.61042181 77.98697391 -2.68155974
v 42.30903344 77.9929222 -3.06238493
v 40.13203084 78.76025819 -2.30112155
v 42.22730688 78.01418233 0.29548937
v 42.22730688 78.01418233 0.29548937
v 39.7110216 77.59520813 0.93797273
v 42.22730688 78.01418233 0.29548937
v 39.88423208 78.09821285 0.60070414
v 43.19409213 77.47648624 1.15842686
v 44.48610989 75.28501658 2.38681147
v 44.72355324 73.99362549 2.22711648
v 44.84228238 73.34792622 2.14726946
v 43.49511226 74.26813134 2.20524468
v 43.99061108 74.77657769 2.29602807
v -8.62953047 67.40527491 -2.55181423
v -8.42927181 67.12064023 2.16572132
v -8.87874764 73.61214552 2.67974727
v -5.648282 73.11747606 8.44831443
v 9.72117166 73.5709018 2.65767942
v 0.37423248 73.12156092 8.44829808
v -4.44410306 67.69800541 -5.08652884
v -9.31569037 74.43858336 -3.51039839
v -4.50166052 75.28701923 -6.53135442
v 0.58137759 80.54280052 -7.4658343
v 5.35657217 75.28701923 -6.53138881
v 0.42745633 75.28701904 -7.18978808
v 9.0824395 79.60587875 3.0040441
v 10.13607134 74.40694802 -3.51046648
v 10.89043088 79.27788002 -4.17433872
v -3.74714258 62.26177036 -5.59511583
v -8.62953047 67.40527491 -2.55181423
v -6.50473033 62.28874011 -3.11507093
v -6.54154188 67.32339419 7.7628582
v 9.72117166 73.5709018 2.65767942
v 0.42745633 75.28701904 -7.18978808
v 10.13607134 74.40694802 -3.51046648
v 5.35657217 75.28701923 -6.53138881
v 0.20520525 67.69800522 -5.74496199
v 6.39658762 73.12564579 8.44828173
v 6.95857272 67.34339362 7.76282786
v 0.42745633 75.28701904 -7.18978808
v -3.35673884 90.40622079 -2.62477547
v -4.1303859 87.55593381 2.8619938
v 0.5971985 90.80439749 -4.9332536
v 0.07693321 62.26177781 -5.59512917
v 7.40299672 85.31724773 -2.83887234
v 8.28351046 86.6541248 0.3708427
v 11.86929173 87.40792441 2.26820268
v 23.63304769 78.39190432 -4.06102142
v 8.28350699 86.65411646 -2.75982006
v 8.28351046 86.6541248 0.3708427
v 40.13203084 78.76025819 -2.30112155
v 39.70109914 77.61226965 -2.55578548
v 23.93765807 81.73494951 0.50315715
v 23.45175115 79.7362359 0.49525803
v 27.08451268 83.30791931 -3.31323007
v 27.04075551 83.1576451 0.55426077
v 27.04075551 83.1576451 0.55426077
v 26.23336384 79.45037733 0.23170105
v 28.32559418 78.91733884 -3.2427413
v 26.23336384 79.45037733 0.23170105
v 26.18285333 79.27089573 -3.34763871
v 39.70109914 77.61226965 -2.55578548
v 40.05743884 78.60120265 0.26343562
v 40.13203084 78.76025819 -2.30112155
v 39.88423208 78.09821285 0.60070414
v 28.38137467 79.17332964 0.31159075
v 34.50600675 79.27586022 -3.23836782
v 34.16560735 77.95372841 -2.9568442
v 24.3618792 83.7476683 -3.5112984
v 23.87804954 81.75765361 -3.68521316
v 25.24662055 81.52510706 -3.71817352
v 24.42356499 83.73366312 0.5110572
v 25.71406649 83.52926227 -3.41292809
v 24.3618792 83.7476683 -3.5112984
v 23.39422679 79.76763903 -3.47966136
v 39.88423208 78.09821285 0.60070414
v 42.03327744 76.66063917 1.82727058
v 51.3148979 73.17784492 0.83377877
v 41.42468715 75.50685097 0.34657976
v 39.46735352 77.39089754 -0.12217723
v 40.80994225 76.34998044 0.6536304
v 43.65020796 74.44583019 1.51272101
v 41.57978285 75.68453491 -0.34594318
v 50.97427865 72.43556882 -3.14381457
v 40.13203084 78.76025819 -2.30112155
v 42.93225148 76.62979232 -4.00129867
v 41.7395933 76.6683826 -3.17156044
v 39.70109914 77.61226965 -2.55578548
v 41.7395933 76.6683826 -3.17156044
v 46.15824626 75.25475841 -4.17856413
v 40.13203084 78.76025819 -2.30112155
v 40.05743884 78.60120265 0.26343562
v 42.30903344 77.9929222 -3.06238493
v 40.05743884 78.60120265 0.26343562
v 40.05743884 78.60120265 0.26343562
v 24.42356499 83.73366312 0.5110572
v 39.61185072 76.93840868 -2.58590153
v 9.04682291 67.37363958 -2.55187683
v -9.31569037 74.43858336 -3.51039839
v -11.34041081 86.74087464 -4.39562675
v -9.79089079 79.3095079 -4.17426657
v -9.79089079 79.3095079 -4.17426657
v 0.59720842 92.29067747 -2.62478746
v 5.32483916 87.55593381 2.86196081
v 10.13607134 74.40694802 -3.51046648
v -3.74714258 62.26177036 -5.59511583
v -6.50473033 62.28874011 -3.11507093
v -8.62953047 67.40527491 -2.55181423
v 6.39658762 73.12564579 8.44828173
v 0.42745633 75.28701904 -7.18978808
v 6.52249204 83.980379 -2.91792368
v 8.28351046 86.6541248 0.3708427
v 6.52249204 83.980379 -2.91792368
v 25.15972107 84.78991246 -3.49182849
v -10.76653442 84.75121016 -5.05602652
v -8.36481444 87.01786319 -2.74756829
v -27.81227623 80.0342882 -3.60157121
v -27.22012617 78.08000132 -3.23049045
v -27.2997798 78.35327079 0.32384155
v -25.16493912 78.74204101 0.24395155
v -25.74151564 80.7207925 0.40523246
v -24.32743453 84.11876595 0.5902433
v -38.99018419 77.24546754 0.27568772
v -38.54080679 76.19571628 -2.54353378
v -38.76969725 76.7112002 0.61295587
v -23.70891206 78.87926309 -3.40184266
v -23.77000412 78.95593736 0.37661439
v -25.16493912 78.74204101 0.24395155
v -27.22012617 78.08000132 -3.23049045
v -25.09762402 78.55092352 -3.3353881
v -25.01798617 83.15554192 -3.40067529
v -24.36344366 81.01740615 -3.7059218
v -25.73678182 80.70521965 -3.73932774
v -24.3949191 81.01157819 0.46069044
v -28.34581931 81.84207284 0.51239548
v -27.82280037 80.09767183 0.45253456
v -25.01983408 83.06720412 0.54476673
v -25.01798617 83.15554192 -3.40067529
v -26.37592736 82.85950111 -3.30097658
v -28.40440479 81.98856786 -3.14877057
v -28.34581931 81.84207284 0.51239548
v -26.3180903 82.69953653 0.56651331
v -22.33870684 79.20321964 -3.46741081
v -23.0084203 81.32543324 -3.67296118
v -33.93299493 79.61485191 -2.7339347
v -33.46898441 78.20567798 -3.22611547
v -42.04886856 72.43536161 2.21749541
v -43.25909894 72.08806617 2.23936736
v -43.3190938 71.38785483 2.15951958
v -43.86421414 71.91440727 2.2503031
v -44.58931159 70.34034805 2.10154304
v -43.13912414 73.48848139 2.39906317
v -42.59399635 72.9619215 2.30827917
v -38.76969725 76.7112002 0.61295587
v -38.99018419 77.24546754 0.27568772
v -41.11848777 76.52202916 0.3077413
v -42.04133981 75.90238979 1.17067901
v -42.44849664 76.45442005 -0.17837847
v -45.6242096 75.14749493 1.0613763
v -39.07984398 77.41357239 -2.28886905
v -41.11848777 76.52202916 0.3077413
v -38.99018419 77.24546754 0.27568772
v -42.50703145 76.43448699 -2.66930731
v -42.1616857 75.86288893 -3.86613233
v -45.74127176 75.10763629 -3.92048238
v -39.07984398 77.41357239 -2.28886905
v -41.1987283 76.49570022 -3.0501323
v -41.1987283 76.49570022 -3.0501323
v -42.50703145 76.43448699 -2.66930731
v -45.74127176 75.10763629 -3.92048238
v -43.54608835 76.00548716 -1.42574603
v -45.68273322 75.12755443 -1.42955252
v -44.81807095 73.3854709 -4.1663126
v -46.65389165 72.88011816 -3.73945335
v -45.27966762 74.24654986 -4.04339679
v -47.57179641 72.62745297 -3.52602338
v -47.11019974 71.76636655 -3.64893778
v -49.40232107 70.14726219 -3.13156344
v -39.07984398 77.41357239 -2.28886905
v -38.99018419 77.24546754 0.27568772
v -33.87235221 79.50506833 0.36489757
v -38.99018419 77.24546754 0.27568772
v -38.76969725 76.7112002 0.61295587
v -33.49530284 78.39937467 0.58145575
v -38.38903705 75.47394761 -2.57364996
v -33.00497118 76.79651919 -2.94459277
v -33.11825436 77.29368094 0.54158062
v -47.7772328 73.01986139 -1.53722537
v -49.82060598 70.95432164 -1.00477334
v -49.81319384 70.93210139 0.84603001
v -49.82800694 70.97654933 -2.85557576
v -48.46082666 72.33875488 -1.97667589
v -47.78464121 73.04208908 -3.3880293
v -47.78464121 73.04208908 -3.3880293
v -49.82800694 70.97654933 -2.85557576
v -48.32387653 72.0771443 -3.3025399
v -49.61516587 70.56190576 -2.9935703
v -43.0471549 75.03708292 -3.96619211
v -41.70009275 75.00180251 -3.98904744
v -41.70009275 75.00180251 -3.98904744
v -41.4651494 74.33131859 -2.83307297
v -44.81807095 73.3854709 -4.1663126
v -38.38903705 75.47394761 -2.57364996
v -40.50413778 75.09359292 -3.15930894
v -38.54080679 76.19571628 -2.54353378
v -39.07984398 77.41357239 -2.28886905
v -40.50413778 75.09359292 -3.15930894
v -41.70009275 75.00180251 -3.98904744
v -44.74453414 70.47775739 1.68896213
v -45.12270068 70.82086364 1.74541978
v -44.89976042 70.61515929 1.27638156
v -44.96748186 70.68344684 2.15800069
v -45.34564095 71.02655308 2.21445881
v -44.58931159 70.34034805 2.10154304
v -44.94490805 70.66068183 1.86412835
v -44.46150726 71.71006707 1.96330137
v -44.01943669 72.05181661 1.83772219
v -44.2423844 72.25751351 2.30676169
v -43.13912414 73.48848139 2.39906317
v -42.39354126 72.80492217 0.83244814
v -43.4774703 72.30285677 1.50263069
v -42.76632338 73.14669433 1.6157556
v -43.64664711 71.71004445 1.05441485
v -47.21412298 71.96333531 -0.86457667
v -44.92200537 73.58244711 -1.3819509
v -45.02593607 73.77941587 1.40240998
v -44.81807095 73.3854709 -4.1663126
v -46.41543897 72.4373805 -1.96515477
v -47.11019974 71.76636655 -3.64893778
v -49.40232107 70.14726219 -3.13156344
v -49.38298157 70.14421404 -1.06348827
v -49.36364206 70.14115843 1.00458702
v -47.93063431 71.35594301 -0.24152212
v -47.1947872 71.96028715 1.20349826
v -42.65207704 74.14735102 -1.42124493
v -41.56908382 74.52828735 -0.04871192
v -41.4651494 74.33131859 -2.83307297
v -38.38903705 75.47394761 -2.57364996
v -40.25288269 74.0410405 -0.33369275
v -43.70973866 73.29216902 1.11742883
v -42.39354126 72.80492217 0.83244814
v -41.843898 73.95383478 0.24500797
v -43.70973866 73.29216902 1.11742883
v -44.08252451 73.63394118 1.9007364
v -45.02593607 73.77941587 1.40240998
v -43.51953382 73.35760896 1.54463969
v -43.84597895 71.13029213 1.86514024
v -43.3190938 71.38785483 2.15951958
v -43.47431263 71.52525672 1.7469382
v -42.04886856 72.43536161 2.21749541
v -43.11405923 71.95182678 1.44210826
v -42.22120304 72.62014934 1.5249716
v -40.0805482 73.85626768 0.35883092
v -40.25288269 74.0410405 -0.33369275
v -40.85155086 73.50581917 0.51670302
v -42.22120304 72.62014934 1.5249716
v -40.85155086 73.50581917 0.51670302
v -40.0805482 73.85626768 0.35883092
v -49.81319384 70.93210139 0.84603001
v -49.66828592 70.68326723 -0.33498614
v -49.58841423 70.53662991 0.92530846
v -49.36364206 70.14115843 1.00458702
v -49.59582636 70.55885015 -0.92549455
v -49.82060598 70.95432164 -1.00477334
v -49.82800694 70.97654933 -2.85557576
v -49.38298157 70.14421404 -1.06348827
v -49.40232107 70.14726219 -3.13156344
v -49.53132833 70.4216492 -1.66085123
v -49.61516587 70.56190576 -2.9935703
v -46.82111193 73.28633988 1.10327217
v -45.3250747 74.46345168 1.23189349
v -47.41956682 72.35575118 1.12422005
v -47.71870545 73.03980189 0.95370321
v -49.81319384 70.93210139 0.84603001
v -47.1947872 71.96028715 1.20349826
v -49.36364206 70.14115843 1.00458702
v -48.0675919 71.61756105 1.08434257
v -49.58841423 70.53662991 0.92530846
v -44.38166314 74.31799189 1.73022003
v -44.59642451 74.13846655 1.62094978
v -38.54921031 76.17693286 0.95022432
v -39.53985796 74.78993503 0.66588134
v -38.2853452 75.96721802 -0.10992602
v -39.53985796 74.78993503 0.66588134
v -40.25367301 74.54632686 1.74873793
v -47.05956088 73.72907008 -0.67102501
v -42.40726543 75.09775366 1.58014005
v -42.04133981 75.90238979 1.17067901
v -40.79879708 75.0728793 1.83952215
v -38.54921031 76.17693286 0.95022432
v -40.25367301 74.54632686 1.74873793
v -41.21549006 74.19370922 1.96551324
v -42.59399635 72.9619215 2.30827917
v -40.79879708 75.0728793 1.83952215
v -44.35802059 71.61846332 2.23835454
v -44.96748186 70.68344684 2.15800069
v -45.34564095 71.02655308 2.21445881
v -44.2423844 72.25751351 2.30676169
v -7.38646692 85.70139642 -2.826621
v -8.36481656 87.01787152 0.38309494
v -12.0069015 87.58294742 2.28045574
v -22.42782302 77.9319993 -4.04877279
v -8.36481444 87.01786319 -2.74756829
v -8.36481656 87.01787152 0.38309494
v -25.01983408 83.06720412 0.54476673
v -26.3180903 82.69953653 0.56651331
v -23.70891206 78.87926309 -3.40184266
v -25.09762402 78.55092352 -3.3353881
v -38.54921031 76.17693286 0.95022432
v -28.40440479 81.98856786 -3.14877057
v -33.93299493 79.61485191 -2.7339347
v -33.87235221 79.50506833 0.36489757
v -27.2997798 78.35327079 0.32384155
v -33.11825436 77.29368094 0.54158062
v -23.0084203 81.32543324 -3.67296118
v -22.33870684 79.20321964 -3.46741081
v -23.7388882 83.42996689 0.52330986
v -23.7388882 83.42996689 0.52330986
v -23.67813615 83.44764695 -3.4990457
v -25.01798617 83.15554192 -3.40067529
v -23.06627956 81.29847283 0.51540907
v -23.77000412 78.95593736 0.37661439
v -24.36344366 81.01740615 -3.7059218
v -22.39367092 79.16697877 0.50750804
v -38.54921031 76.17693286 0.95022432
v -39.07984398 77.41357239 -2.28886905
v -26.37592736 82.85950111 -3.30097658
v -39.07984398 77.41357239 -2.28886905
v -41.11848777 76.52202916 0.3077413
v -40.50413778 75.09359292 -3.15930894
v -40.50413778 75.09359292 -3.15930894
v -39.07984398 77.41357239 -2.28886905
v -38.54080679 76.19571628 -2.54353378
v -40.50413778 75.09359292 -3.15930894
v -40.25288269 74.0410405 -0.33369275
v -40.25367301 74.54632686 1.74873793
v -38.2853452 75.96721802 -0.10992602
v -39.53985796 74.78993503 0.66588134
v -23.7388882 83.42996689 0.52330986
v -22.39367092 79.16697877 0.50750804
v -23.67813615 83.44764695 -3.4990457
v -6.40811986 84.3849371 -2.90567417
v -8.36481656 87.01787152 0.38309494
v -6.40811986 84.3849371 -2.90567417
v -24.42173604 84.38649485 -3.47957574
v 0.34431602 63.2961912 -6.30566289
v -8.11418748 63.4575074 -1.55996885
v -2.53337804 63.64639034 7.99553016
v 6.99825715 63.70404712 4.70132414
v -6.10070093 63.29619154 -5.0935874
v 0.34431602 63.2961912 -6.30566289
v 5.05954804 63.72171422 7.5435876
v 6.78941974 63.29619154 -5.08495111
v -0.00529382 63.58481926 8.14913331
v 2.52712951 63.64503369 7.99904949
v -8.26568219 62.11145613 1.72097605
v -8.11418748 63.4575074 -1.55996885
v -7.4201114 61.92993207 -1.96612738
v -2.53337804 63.64639034 7.99553016
v -5.06146332 63.72444243 7.53654894
v -6.10070093 63.29619154 -5.0935874
v -6.9937137 63.70782636 4.69159453
v 8.80987634 63.45750741 -1.5489457
v -6.9937137 63.70782636 4.69159453
v -7.89005547 63.6188381 1.71684147
v -3.39983895 28.84235893 4.76160104
v -0.79329412 39.17552877 1.25973287
v -4.99883749 16.67683863 -5.03364082
v -5.08383645 16.83131727 -7.82534194
v 6.67834533 12.01505628 -5.19583044
v -1.00861255 49.12877901 -6.28910693
v -1.18773531 48.69282784 -6.28152766
v 1.84530613 48.26851257 -6.2917391
v 1.86479871 48.55815777 -6.28303329
v 2.04948977 48.27715192 -6.27093114
v 1.94739795 48.27283597 -6.28133582
v 13.27087796 3.02867917 -5.7967457
v 9.24620082 3.08383128 -9.38516046
v 12.07327339 3.35619034 -9.40408899
v -11.55518472 3.33989917 -9.97019724
v 8.80987634 63.45750741 -1.5489457
v -7.89005547 63.6188381 1.71684147
v -6.9937137 63.70782636 4.69159453
v -5.06146332 63.72444243 7.53654894
v -0.00529382 63.58481926 8.14913331
v 2.52712951 63.64503369 7.99904949
v 5.05954804 63.72171422 7.5435876
v 6.99825715 63.70404712 4.70132414
v 8.59288496 63.6188381 1.73025311
v 8.80987634 63.45750741 -1.5489457
v 6.78941974 63.29619154 -5.08495111
v -6.10070093 63.29619154 -5.0935874
v 6.78941974 63.29619154 -5.08495111
v -7.89005547 63.6188381 1.71684147
v -6.10070093 63.29619154 -5.0935874
v 3.64567554 102.36781523 2.52335413
v 4.2304563 101.15468499 2.10189722
v 4.93347779 101.16784093 -0.04475107
v 4.31987044 102.21868715 -0.04475098
v -2.36055072 102.36781523 2.52335598
v 0.63967732 102.21046609 2.95883294
v -3.72797193 101.90636586 -2.24949287
v -4.22557343 101.16784031 -2.24949255
v -4.00098113 101.16784093 -0.04474844
v -3.03475049 102.25729955 -0.04474897
v -2.72245714 99.13260823 -4.66877737
v 0.64283716 98.51507782 -5.79002592
v 0.63965542 99.88026577 -2.24949379
v -4.36999245 99.88409751 -1.14754448
v 0.63965752 99.8802664 -0.04474965
v 5.0130914 101.90636586 -2.24949541
v 0.63967592 102.33992798 -2.24949378
v 0.63967616 102.54529738 -0.04474999
v 4.31987044 102.21868715 -0.04475098
v -3.72797193 101.90636586 -2.24949287
v -3.03475049 102.25729955 -0.04474897
v 3.64567554 102.36781523 2.52335413
v 5.65722156 99.83383399 -2.25035639
v 5.26073161 99.80528564 1.21422467
v 0.6396559 99.88026702 2.15999457
v -3.03475196 101.49541895 -4.47367763
v -2.76156515 100.54810305 -4.91136443
v 4.37528984 100.54810305 -4.91136743
v 4.31986617 101.49541895 -4.47367999
v 5.0130914 101.90636586 -2.24949541
v 5.45184857 101.19672518 -1.85436172
v 0.63967375 101.92898852 -4.47367846
v -3.03475196 101.49541895 -4.47367763
v -4.36999245 99.88409751 -1.14754448
v -2.75267131 101.15469244 2.0714491
v -2.36055072 102.36781523 2.52335598
v 4.93347779 101.16784093 -0.04475107
v 5.45184857 101.19672518 -1.85436172
v 4.31986617 101.49541895 -4.47367999
v 4.37528984 100.54810305 -4.91136743
v 0.63967661 100.5481028 -5.79120284
v 0.63967375 101.92898852 -4.47367846
v 3.98589243 98.91160067 -4.66867772
v 0.63967661 100.5481028 -5.79120284
v 0.64283716 98.51507782 -5.79002592
v -2.72245714 99.13260823 -4.66877737
v -2.76156515 100.54810305 -4.91136443
v 0.63967375 101.92898852 -4.47367846
v -3.03475196 101.49541895 -4.47367763
v 4.37528984 100.54810305 -4.91136743
v 3.98589243 98.91160067 -4.66867772
v 4.31986617 101.49541895 -4.47367999
v -2.72245714 99.13260823 -4.66877737
v -2.39312701 95.70172492 -4.38361974
v 2.30616346 88.1844271 -3.60672853
v 0.61556799 88.47372909 -4.74901296
v -0.99887001 88.1844271 -3.62194836
v -2.61330616 87.89513257 -2.49488259
v -2.62625324 92.76753328 -2.28165428
v -0.73995134 92.98070626 -3.25641677
v -13.43047609 -0.11658486 4.84824444
v -13.43047616 -2.4566764 4.82968618
v -10.49158287 -2.47248771 9.18559237
v -10.49158287 -0.11658434 9.18559171
v -7.49045871 3.93112873 -6.73802367
v -7.54712571 3.89950557 -1.59312654
v -12.14574557 -2.48830466 -6.44291005
v -13.43047616 -2.4566764 4.82968618
v -11.80499549 3.96275331 -6.89391738
v -12.01799428 3.93113014 -1.75466947
v -13.43047609 -0.11658486 4.84824444
v -7.55269443 -2.48830015 7.8819281
v -6.64300436 -2.4883046 -7.88980836
v 12.5170375 -2.48830466 -6.4429169
v 10.84482466 -0.11658434 9.18558529
v 7.87384926 -0.11658447 7.90048191
v 7.8738492 -2.48830015 7.88192366
v 10.84482466 -2.47248771 9.18558595
v 12.38789425 3.93113014 -1.75467624
v 12.17256745 3.96275331 -6.89392416
v 7.81092632 3.93112873 -6.73802813
v 7.86821436 3.89950557 -1.59313082
v 7.87384926 -0.11658447 7.90048191
v 12.5170375 -2.48830466 -6.4429169
v 13.81580088 -2.4566764 4.82967871
vn 0.21725 0.14582 -0.96516
vn -0.44704 -0.75202 -0.48438
vn -0.65222 -0.10405 -0.75085
vn 0.40036 -0.5473 0.73496
vn 0.39284 -0.54581 -0.74011
vn -0.6578 -0.10891 0.74527
vn 0.10327 0.74082 0.66372
vn -0.74538 0.53379 0.39935
vn 0.72799 0.49283 0.47661
vn 0.91824 -0.13557 -0.3721
vn 0.74514 0.46431 -0.47873
vn 0.57194 0.73498 0.36426
vn 0.08741 0.74403 -0.66241
vn -0.4892 -0.70301 0.51619
vn 0.10707 -0.7562 0.64552
vn 0.02188 -0.71959 -0.69406
vn -0.67947 0.44349 0.5845
vn -0.15976 0.7507 0.64104
vn 0.0106 -0.01538 0.99983
vn -0.76008 0.50965 -0.40316
vn 0.23171 0.15669 0.96008
vn -0.70753 -0.18355 -0.68243
vn -0.53887 -0.67815 -0.49974
vn -0.68447 0.42762 -0.59046
vn -0.13775 0.66291 -0.73592
vn -0.03291 -0.05133 -0.99814
vn -0.65476 -0.17945 0.73422
vn -0.03303 -0.00122 0.99945
vn -0.07346 0.00798 0.99727
vn 0.09649 -0.78857 0.60733
vn 0.13644 -0.65606 -0.74227
vn -0.0043 0.10039 -0.99494
vn 0.02449 -0.04389 -0.99874
vn 0.08953 -0.80398 0.58788
vn 0.12259 -0.69396 -0.7095
vn -0.24316 0.71576 -0.65465
vn -0.22872 0.63634 -0.73672
vn -0.31004 0.76416 0.56563
vn -0.29775 0.74118 0.60166
vn -0.23896 0.76529 0.59769
vn 0.53005 -0.09172 -0.84299
vn 0.11246 -0.77721 0.61911
vn 0.00622 -0.07233 -0.99736
vn -0.59002 0.59867 -0.54173
vn 0.0434 -0.12903 -0.99069
vn 0.03987 -0.12697 -0.99111
vn -0.89887 0.11604 -0.42258
vn -0.44618 -0.58004 -0.68153
vn 0.03803 -0.91443 -0.40295
vn -0.30158 0.09623 -0.94857
vn 0.20755 0.02767 -0.97783
vn 0.12806 -0.05204 -0.9904
vn 0.46561 -0.65543 -0.59466
vn 0.54332 -0.30685 -0.78144
vn 0.11189 0.36372 -0.92476
vn -0.09792 0.75731 -0.64567
vn -0.10805 0.53381 -0.83867
vn -0.42675 0.71877 -0.54887
vn -0.30039 0.31163 -0.90147
vn -0.52318 0.59558 -0.60956
vn -0.63864 0.76944 -0.01043
vn -0.63872 0.76937 -0.0103
vn -0.48569 0.87411 -0.00596
vn 0.55844 -0.82937 -0.01719
vn 0.70214 -0.66205 -0.26207
vn 0.53501 -0.59969 0.59509
vn 0.66361 -0.72817 -0.17142
vn 0.65084 -0.15379 0.74348
vn 0.64608 -0.14887 -0.74861
vn 0.79038 0.45948 -0.40519
vn -0.71727 0.50607 -0.47897
vn -0.20707 0.15597 -0.96581
vn -0.42553 -0.52175 -0.73939
vn 0.77692 0.48606 0.40017
vn -0.0592 0.74533 0.66406
vn 0.39967 -0.77706 -0.48625
vn -0.699 0.53273 0.47708
vn -0.92498 -0.07564 -0.3724
vn -0.43365 -0.52267 0.73401
vn -0.13292 -0.79643 0.58994
vn -0.05495 -0.74512 0.66467
vn 0.3923 -0.00522 0.91982
vn -0.39695 0.7271 0.56014
vn -0.38764 0.70716 -0.59132
vn -0.65441 0.19486 -0.7306
vn -0.53068 0.76488 0.36516
vn -0.04274 0.74756 -0.66282
vn -0.83361 -0.18738 0.51959
vn -0.97762 -0.19975 -0.0661
vn -0.93703 -0.08787 0.33801
vn 0.75746 -0.08701 -0.64706
vn 0.97168 -0.19234 -0.13729
vn 0.75546 -0.65283 0.05574
vn 0.43541 -0.69817 -0.56831
vn 0.34986 -0.65218 -0.6725
vn -0.34861 -0.65214 -0.67319
vn -0.4111 -0.6979 -0.58646
vn -0.75545 -0.65331 0.04975
vn -0.40417 0.47314 -0.7828
vn -0.86951 -0.22054 -0.44195
vn -0.62217 0.11847 -0.77386
vn -0.76097 -0.0692 -0.64508
vn -0.97775 -0.15338 -0.14309
vn 0.00676 -0.25904 -0.96584
vn -0.00615 0.25841 -0.96602
vn 0.36791 -0.24805 -0.89617
vn 0.83251 -0.19689 0.51785
vn 0.93532 -0.10084 0.33913
vn 0.97607 -0.20636 -0.06851
vn -0.66242 0.20367 -0.72092
vn -0.36666 -0.2421 -0.8983
vn -0.57451 -0.31157 -0.75688
vn 0.55182 -0.33749 -0.76262
vn 0.66416 0.2168 -0.71547
vn 0.76401 0.07024 -0.64137
vn -0.77042 0.05538 -0.63513
vn 0.89628 -0.26949 0.35222
vn 0.47052 -0.30635 0.8275
vn 0.48666 -0.16244 0.85836
vn -0.91131 -0.23598 0.33739
vn -0.47689 -0.30004 0.82616
vn -0.58437 -0.45939 0.66894
vn -0.96977 -0.06394 0.23551
vn 0.96179 -0.0804 -0.26171
vn 0.96869 0.0273 0.24677
vn -0.92722 -0.35531 0.1184
vn -0.9694 -0.08823 -0.22907
vn -0.01314 0.5033 -0.86401
vn -0.05285 0.15739 -0.98612
vn 0.59182 0.33502 -0.73315
vn 0.52775 0.15882 -0.83442
vn 0.00491 -0.55282 0.83328
vn -0.49138 -0.1634 0.85548
vn -0.00573 -0.17514 0.98453
vn -0.54595 0.07159 0.83475
vn 0.00735 0.10905 0.99401
vn 0.54514 0.07896 0.83462
vn 0.65179 -0.6083 -0.45292
vn 0.60219 -0.57655 0.55224
vn -0.20818 -0.64554 0.73481
vn -0.22344 -0.58849 -0.77702
vn -0.66481 0.74177 -0.08835
vn -0.05156 0.97981 -0.19314
vn -0.22534 0.47539 -0.85043
vn -0.85368 0.41968 -0.30839
vn -0.59977 0.60543 0.52319
vn -0.83028 0.06894 0.55307
vn -0.20465 0.09692 0.97403
vn -0.08233 0.78008 0.62024
vn -0.66659 -0.62221 0.4105
vn -0.75037 -0.63472 -0.18458
vn 0.54994 0.69132 0.46866
vn 0.63047 0.75942 -0.16057
vn 0.6852 0.46094 -0.56395
vn 0.72262 0.14274 0.67635
vn 0.22395 -0.58794 -0.77729
vn 0.75031 -0.63524 -0.18305
vn 0.66767 -0.62249 0.40831
vn 0.21001 -0.64506 0.73471
vn 0.05213 0.9798 -0.19309
vn 0.22589 0.47512 -0.85043
vn -0.68628 0.46096 -0.56261
vn -0.63131 0.75876 -0.16038
vn 0.08317 0.78016 0.62003
vn -0.55062 0.69083 0.46858
vn -0.7224 0.14227 0.67668
vn 0.2064 0.09696 0.97365
vn 0.60151 0.60462 0.52212
vn 0.66613 0.74055 -0.08857
vn -0.65267 -0.60855 -0.45131
vn 0.8317 0.06841 0.551
vn 0.85444 0.41912 -0.30704
vn -0.60207 -0.5766 0.5523
vn -0.69899 -0.70662 -0.11004
vn 0.00168 -0.99778 0.06653
vn -0.70291 -0.54656 0.45517
vn -0.88816 -0.24803 0.38686
vn -0.30119 -0.02611 0.95321
vn -0.76574 0.27159 0.58299
vn -0.32916 -0.43914 0.83595
vn 0.01783 -0.41772 0.9084
vn 0.2962 -0.4312 0.85225
vn 0.71504 -0.56457 0.41227
vn 0.7155 -0.68962 -0.11175
vn 0.27324 -0.61645 -0.73846
vn 0.8898 -0.11518 -0.44158
vn 0.37249 0.2525 -0.89303
vn 0.75816 0.41408 -0.50371
vn -0.0022 -0.62355 -0.78178
vn -0.26492 -0.61936 -0.73906
vn 0.86583 -0.19752 0.4597
vn 0.76387 0.27551 0.5836
vn 0.30513 -0.00915 0.95227
vn -0.71981 0.69383 0.02175
vn -0.76805 0.3712 -0.52183
vn -0.21393 0.63123 0.74551
vn 0.21421 0.6305 0.74604
vn 0.06551 0.70471 -0.70646
vn -0.90443 -0.17597 -0.38865
vn -0.42639 0.24695 -0.87018
vn -0.06714 0.70282 -0.70819
vn 0.7185 0.69516 0.02265
vn -0.94465 -0.27876 -0.17297
vn -0.86478 -0.26146 0.42872
vn -0.35714 -0.11538 0.9269
vn 0.01333 -0.09356 0.99552
vn -0.01049 0.08845 0.99603
vn 0.00246 0.65094 0.75913
vn 0.31333 -0.17948 0.93253
vn 0.2799 0.95655 -0.0817
vn -0.00028 -0.15541 -0.98785
vn -0.6131 -0.27356 -0.74113
vn -0.27904 0.95671 -0.08273
vn 0.62541 -0.24479 -0.74091
vn 0.87593 -0.14641 0.45968
vn 0.95444 -0.03002 -0.29687
vn 6E-05 0.34359 -0.93912
vn -0 0.56223 -0.82698
vn 0.00282 0.99657 -0.08274
vn -0.10038 0.03333 0.99439
vn -0.17231 0.05289 0.98362
vn -0.55172 0.07812 0.83036
vn -0.10039 0.02314 0.99468
vn -0.17231 0.05289 0.98362
vn 0.59859 -0.09648 0.79522
vn -0.10039 0.02314 0.99468
vn 0.54699 -0.04572 0.83589
vn 0.01618 0.02722 -0.9995
vn -0.26667 0.09131 -0.95945
vn -0.16665 -0.11029 -0.97983
vn -0.60769 -0.04066 -0.79313
vn -0.29316 0.02081 -0.95584
vn -0.13911 -0.01516 -0.99016
vn 0.02931 -0.24686 -0.96861
vn 0.13981 -0.02542 -0.98985
vn 0.28301 0.01233 -0.95904
vn -0.02685 -0.24684 -0.96869
vn 0.65196 -0.10485 -0.75097
vn 0.28892 0.05787 -0.9556
vn 0.16101 -0.13195 -0.97809
vn 0.00085 -0.10005 -0.99498
vn 0.00083 -0.54309 -0.83967
vn -0.96251 0.12154 -0.24249
vn -0.79683 0.10221 -0.59549
vn -0.81896 0.10693 -0.56381
vn -0.68646 0.14146 -0.71327
vn -0.81896 0.10693 -0.5638
vn -0.46089 0.08672 -0.88321
vn -0.82529 0.0829 -0.55859
vn -0.58466 -0.06526 -0.80865
vn -0.30064 -0.121 -0.94603
vn -0.20353 -0.15971 -0.96596
vn -0.1938 0.06301 -0.97902
vn -0.41048 0.01245 -0.91179
vn 0.96264 0.12264 -0.24143
vn 0.79687 0.10262 -0.59537
vn 0.86142 0.03742 -0.50652
vn 0.58156 -0.09539 -0.80789
vn 0.46173 0.08715 -0.88273
vn 0.81946 0.10709 -0.56305
vn 0.68643 0.14174 -0.71324
vn 0.20132 -0.02595 -0.97918
vn 0.45968 0.10873 -0.8814
vn 0.61877 0.00268 -0.78557
vn 0.19579 0.06694 -0.97836
vn 0.39661 0.05714 -0.91621
vn 0.19562 0.06307 -0.97865
vn -0.31966 -0.07651 -0.94444
vn -0.47595 -0.10886 -0.87271
vn 0.41252 0.01302 -0.91086
vn 0.57986 0.04482 -0.81348
vn 0.56414 -0.01029 -0.82562
vn -0.31963 -0.07651 -0.94445
vn -0.39388 0.05695 -0.91739
vn 0.32239 -0.07661 -0.9435
vn 0.47761 -0.10889 -0.8718
vn 0.32237 -0.07661 -0.94351
vn -0.57662 0.04456 -0.8158
vn -0.56168 -0.00983 -0.82729
vn -0.85356 -0.52081 -0.01343
vn -0.87892 0.05632 -0.47363
vn -0.6583 -0.56204 -0.50074
vn -0.50827 -0.25391 -0.82291
vn -0.89018 0.03845 -0.45397
vn -0.9958 0.09122 0.00741
vn -0.99733 0.0552 0.04774
vn -0.90766 0.03662 -0.4181
vn -0.6447 -0.08645 -0.75953
vn -0.59561 -0.0633 -0.80077
vn -0.8914 -0.02794 -0.45236
vn 0.8537 -0.52008 -0.0267
vn 0.92349 0.03233 -0.38226
vn 0.99066 0.08357 0.10772
vn 0.92382 0.01662 -0.38247
vn 0.99596 0.07134 0.05461
vn 0.51214 -0.23583 -0.82589
vn 0.66776 -0.54892 -0.50277
vn 0.5708 -0.10088 -0.81487
vn 0.85384 0.05817 -0.51727
vn 0.86656 0.0367 -0.49773
vn 0.57274 0.01005 -0.81968
vn 0.17869 -0.03238 -0.98337
vn 0.19893 -0.02752 -0.97963
vn -0.49769 -0.12211 -0.85871
vn -0.53816 -0.16489 -0.82656
vn 0.30817 -0.16038 -0.93771
vn -0.31525 -0.53694 -0.7825
vn 0.22964 -0.22111 -0.94783
vn 0.22665 -0.51197 -0.82856
vn -0.25117 -0.10564 -0.96216
vn 0.50793 -0.12503 -0.85228
vn 0.33864 -0.5429 -0.76849
vn 0.49595 -0.19438 -0.84631
vn -0.1503 0.01556 -0.98852
vn -0.19982 -0.11836 -0.97266
vn -0.2392 -0.22843 -0.94372
vn -0.22434 -0.53901 -0.81188
vn -0.99295 -0.11544 0.02677
vn -0.93965 -0.16467 -0.29989
vn -0.64453 -0.75582 -0.11537
vn -0.93147 -0.16548 -0.32401
vn -0.92957 -0.14523 -0.33884
vn -0.99133 -0.13135 0.00415
vn -0.96193 -0.12307 -0.244
vn -0.6434 -0.6591 -0.38937
vn -0.48143 -0.1897 -0.85571
vn -0.93887 -0.14652 -0.31155
vn -0.93216 -0.16788 -0.32077
vn 0.61443 -0.09417 -0.78333
vn 0.9002 -0.05204 -0.43236
vn 0.91125 0.008 -0.41179
vn 0.2034 -0.11773 -0.97199
vn 0.2017 -0.11685 -0.97245
vn 0.2051 -0.11861 -0.97153
vn 0.91238 -0.22714 -0.34054
vn 0.9949 -0.09655 -0.02908
vn 0.64657 -0.7544 -0.11328
vn 0.98968 -0.14323 0.00286
vn 0.92828 -0.14348 -0.34308
vn 0.93427 -0.18658 -0.30385
vn 0.90333 -0.22169 -0.36721
vn 0.6539 -0.64887 -0.38907
vn 0.48304 -0.18968 -0.8548
vn 0.93274 -0.16787 -0.31909
vn 0.93943 -0.14651 -0.30985
vn -0.61294 -0.09418 -0.7845
vn -0.6173 0.00264 -0.78673
vn -0.89941 -0.05204 -0.43399
vn -0.9105 0.008 -0.41344
vn -0.20148 -0.11773 -0.97239
vn -0.19978 -0.11685 -0.97285
vn -0.20318 -0.11861 -0.97193
vn -0.19939 -0.026 -0.97958
vn -0.9178 0.06801 -0.39117
vn -0.81896 0.10693 -0.56381
vn -0.9178 0.06801 -0.39117
vn -0.99484 0.09931 -0.02055
vn -0.99176 0.11623 0.05382
vn 0.94557 -0.12506 -0.30044
vn 0.99355 -0.11302 0.00951
vn 0.94827 -0.12929 -0.28996
vn 0.00031 -0.9411 -0.33812
vn 0.95084 -0.13349 -0.27943
vn 0.95084 -0.13349 -0.27943
vn -0.76012 0.04303 -0.64836
vn -0.88726 -0.22659 -0.40178
vn -0.97273 0.10521 -0.20673
vn -0.93975 0.13347 -0.31474
vn 0.91851 0.068 -0.38951
vn 0.99166 0.11623 0.05563
vn 0.91851 0.068 -0.38951
vn 0.81946 0.10709 -0.56305
vn 0.81946 0.10709 -0.56305
vn -0.94774 -0.12929 -0.29166
vn -0.95034 -0.1335 -0.28114
vn -0.95034 -0.1335 -0.28114
vn -0.94502 -0.12507 -0.30214
vn -0.99356 -0.11302 0.00772
vn 0.93934 0.1371 -0.31439
vn 0.98736 0.08036 -0.13662
vn 0.80898 -0.00951 -0.58777
vn 0.93158 -0.20838 -0.29788
vn 0.90514 0.07602 0.41825
vn 0.92046 0.05443 0.38703
vn 0.69332 -0.12952 0.7089
vn 0.74391 0.06939 0.66467
vn 0.91802 0.14959 0.36723
vn 0.57718 0.15298 0.80216
vn -0.90599 0.07577 0.41647
vn -0.91838 0.14746 0.36719
vn -0.74477 0.0693 0.66371
vn -0.58632 0.15711 0.7947
vn -0.69278 -0.13703 0.70801
vn -0.92153 0.05324 0.38465
vn -0.59386 0.1176 0.79593
vn -0.59385 0.1176 0.79593
vn -0.24316 0.08231 0.96649
vn -0.24316 0.08231 0.96649
vn -0.98414 -0.06035 0.16684
vn -0.69501 0.00092 0.719
vn -0.54894 -0.04308 0.83475
vn -0.54215 -0.53026 0.65184
vn -0.99778 -0.04678 0.04748
vn -0.6918 -0.719 0.06675
vn -0.94575 -0.0631 0.31872
vn -0.94111 -0.1133 0.31856
vn 0.54991 0.07994 0.83139
vn 0.85569 0.11855 0.50373
vn 0.85749 0.08553 0.50734
vn 0.90741 0.12547 0.40108
vn 0.61208 0.19758 0.76572
vn 0.93849 0.13216 0.31901
vn 0.747 -0.62587 0.22424
vn 0.52322 -0.42806 0.73689
vn 0.09766 0.16758 0.98101
vn 0.09841 0.03333 0.99459
vn 0.04738 0.15052 0.98747
vn -0.01973 0.10372 0.99441
vn 0.0362 -0.58799 0.80806
vn 0.94479 -0.07596 0.31877
vn 0.94053 -0.1133 0.32025
vn 0.97756 -0.09695 0.18703
vn 0.6757 -0.08616 0.73213
vn 0.97966 -0.09683 0.17577
vn 0.6971 -0.71375 0.06792
vn 0.54201 -0.51527 0.66387
vn -0.0221 0.07343 0.99706
vn 0.07614 0.01884 0.99692
vn -0.03534 -0.56763 0.82252
vn -0.52341 -0.41637 0.74342
vn -0.09963 0.14236 0.98479
vn -0.63195 0.15104 0.76015
vn -0.63756 -0.76251 0.11002
vn 0.63736 -0.76251 0.11116
vn 0.15622 -0.52844 0.83447
vn -1E-05 -0.99999 0.00544
vn -0.00055 -0.83043 0.55713
vn -0.15786 -0.52839 0.8342
vn -0.84002 -0.04381 0.54078
vn -0.55665 -0.00297 0.83074
vn -0.8535 0.13486 0.50335
vn -0.8535 0.13486 0.50334
vn -0.82671 0.11359 0.55104
vn -0.85759 0.1377 0.49556
vn -0.86378 0.1279 0.48737
vn -0.87111 0.10321 0.48012
vn 0.96182 -0.12728 0.24227
vn 0.97274 -0.16374 0.1642
vn 0.5986 -0.09648 0.79522
vn 0.59861 -0.09648 0.79521
vn 0.94365 -0.08985 0.31851
vn -0.9322 0.17936 0.31439
vn -0.93309 0.0486 0.35634
vn 0.88247 0.1292 0.45228
vn 0.99347 0.11253 -0.01898
vn 0.99463 0.10133 -0.02112
vn 0.82735 0.11293 0.55022
vn 0.84831 -0.03677 0.52823
vn 0.85668 0.13771 0.49713
vn 0.85257 0.13487 0.50491
vn 0.85257 0.13488 0.50491
vn 0.59234 0.11761 0.79706
vn 0.17036 0.05289 0.98396
vn 0.09842 0.02314 0.99488
vn 0.09841 0.02314 0.99488
vn -0.60011 -0.09647 0.79408
vn 0.17036 0.05289 0.98396
vn 0.24125 0.08232 0.96696
vn 0.24125 0.08232 0.96696
vn 0.59233 0.11761 0.79707
vn -0.94422 -0.08984 0.31681
vn -0.96226 -0.12727 0.24054
vn -0.97345 -0.16129 0.16245
vn 0.14316 -0.58368 0.79926
vn -0.98173 -0.14924 0.11806
vn 0.07209 -0.98928 0.12698
vn -0.60401 -0.10663 0.78981
vn 0.93348 0.05071 0.35504
vn 0.9319 0.18356 0.31282
vn 0.61075 -0.69726 -0.37525
vn -0.61004 -0.69728 -0.37636
vn 0.0003 -0.95236 -0.30496
vn -0.90256 0.07695 0.42363
vn -0.91225 0.07546 0.40263
vn -0.75532 -0.61576 0.22435
vn -0.85883 0.10169 0.50207
vn -0.85842 0.08552 0.50577
vn -0.00092 -0.38425 0.92323
vn 0.20163 -0.50973 0.83637
vn 0.32903 -0.2464 0.91161
vn -0.00092 -0.38425 0.92323
vn 0.67977 -0.01211 0.73332
vn 0.48948 0.10615 0.86553
vn 0.73261 0.0367 0.67966
vn 0.43891 0.20579 0.87465
vn -0.68074 -0.01229 0.73242
vn -0.73325 0.03656 0.67898
vn -0.48571 0.20004 0.85092
vn -0.50785 0.07662 0.85803
vn -0.20328 -0.50971 0.83599
vn -0.33283 -0.28567 0.89868
vn -0.51105 -0.35746 0.7817
vn -0.33079 -0.24639 0.91097
vn -0.39257 -0.60239 0.69499
vn 0.01167 0.10539 0.99436
vn 0.01187 0.10638 0.99425
vn -0.01745 0.21179 0.97716
vn 0.02205 0.02942 0.99932
vn 0.18127 0.26562 0.94688
vn -0.00099 0.05272 0.99861
vn 0.36812 -0.02123 0.92954
vn -0.00099 0.05272 0.99861
vn -0.00098 -0.16999 0.98544
vn -0.00099 0.05272 0.99861
vn -0.36991 -0.02122 0.92882
vn -0.00092 -0.38425 0.92323
vn -0.68466 -0.09206 0.72302
vn 0.3308 -0.28568 0.89942
vn 0.39121 -0.60242 0.69573
vn 0.50968 -0.35752 0.78256
vn 0.6833 -0.09207 0.72431
vn -0.37163 -0.1286 -0.91943
vn 0.4524 -0.05213 -0.89029
vn 0.29753 -0.13142 -0.94562
vn -0.88276 0.12802 0.45205
vn -0.99344 0.11241 -0.02107
vn 0.85257 0.13488 0.50491
vn 0.56794 0.01634 0.8229
vn 0.24125 0.08232 0.96696
vn 0.17036 0.05289 0.98396
vn 0.10528 -0.27853 0.95464
vn -0.60011 -0.09647 0.79408
vn -0.9178 0.06801 -0.39117
vn 0.95084 -0.13349 -0.27943
vn 0.37385 -0.12839 -0.91856
vn 0.91851 0.068 -0.38951
vn -0.24316 0.08231 0.96649
vn -0.17231 0.05289 0.98362
vn -0.19387 0.06684 -0.97875
vn -0.45882 0.10856 -0.88187
vn 0.20119 -0.15911 -0.96654
vn -0.45011 -0.05243 -0.89143
vn -0.8535 0.13486 0.50335
vn 0.86294 0.12824 0.48877
vn 0.87314 0.10474 0.47607
vn 0.09841 0.02314 0.99488
vn -0.10039 0.02314 0.99468
vn -0.95034 -0.1335 -0.28114
vn -0.68646 0.14146 -0.71328
vn 0.68643 0.14174 -0.71324
vn -0.62094 0.10478 0.77682
vn -0.91254 -0.23606 0.33399
vn -0.98217 0.08851 -0.16584
vn -0.79686 0.54565 0.25938
vn -0.62496 0.76427 -0.1591
vn -0.00076 0.22396 0.9746
vn 0.87039 0.09323 -0.48346
vn 0.37037 -0.03845 -0.92809
vn -0.85145 0.08802 -0.517
vn 0.0009 -0.0731 -0.99732
vn 0.08006 -0.1751 -0.98129
vn 0.99297 0.08838 -0.07873
vn 0.91292 -0.2365 0.33262
vn -0.36844 -0.03875 -0.92885
vn -0.07832 -0.17506 -0.98144
vn 0.62081 0.10497 0.7769
vn -0.33522 0.12308 -0.93407
vn -0.4656 0.0613 -0.88287
vn -0.1626 -0.61447 -0.772
vn -0.47735 -0.52858 -0.70195
vn -0.84036 0.19258 -0.50666
vn -0.16896 0.12162 -0.97809
vn -0.71772 -0.22282 -0.65972
vn -0.23021 -0.76588 -0.60036
vn 0.31828 -0.5539 -0.76935
vn -0.18307 0.15188 -0.9713
vn -0.19697 0.18196 -0.96338
vn -0.88552 0.22136 0.40848
vn -0.91144 -0.41136 -0.00762
vn -0.80225 -0.15695 0.57599
vn -0.30355 -0.75708 0.57852
vn -0.2664 -0.96386 -0.00077
vn -0.90217 -0.43138 -0.00258
vn -0.97905 0.20357 -0.00518
vn -0.89244 -0.45116 0.00245
vn 0.27971 -0.91302 0.2969
vn 0.40338 -0.86051 0.31113
vn -0.09554 -0.69577 0.71188
vn -0.03554 -0.82609 0.56241
vn 0.51969 -0.79229 0.31968
vn 0.52277 -0.76784 0.37032
vn -0.0433 -0.16675 0.98505
vn 0.48061 -0.73384 -0.4801
vn 0.52418 -0.74095 0.4198
vn -0.11003 -0.95633 0.27079
vn -0.43092 -0.4045 0.80665
vn -0.30731 -0.91716 -0.25373
vn -0.41554 -0.80539 0.4227
vn -0.91757 -0.28299 0.27926
vn -0.32356 -0.30556 0.89551
vn -0.10279 -0.83552 0.53976
vn 0.2986 -0.93223 0.20442
vn 0.18672 -0.97982 -0.07136
vn 0.35668 -0.93134 -0.07338
vn 0.17195 -0.59309 0.78656
vn 0.54388 -0.8385 -0.03328
vn 0.57084 -0.82103 0.00664
vn 0.22814 -0.65436 0.72095
vn 0.51549 -0.85377 -0.0731
vn -0.55623 0.65069 0.51692
vn -0.55647 0.65074 0.5166
vn -0.55598 0.65065 0.51724
vn -0.92407 -0.05239 0.37862
vn -0.69247 -0.72142 -0.00569
vn 0.14777 0.84679 0.51098
vn 0.42119 -0.4471 0.78911
vn 0.4431 0.21465 0.8704
vn 0.33612 -0.29048 0.8959
vn 0.02575 0.57599 0.81705
vn -0.0077 0.1456 0.98931
vn -0.12026 0.09237 0.98844
vn -0.3923 0.66026 0.64044
vn -0.35831 0.16295 0.91927
vn -0.60792 0.56864 0.55415
vn -0.29592 0.10076 0.94988
vn -0.63856 0.7695 -0.01056
vn 0.11847 0.86944 -0.47963
vn -0.23096 0.0377 0.97223
vn -0.31595 0.94878 -0.00141
vn -0.20727 0.96059 -0.1852
vn -0.21514 0.95395 0.20903
vn -0.16087 0.89109 0.42435
vn -0.09831 0.91604 -0.38886
vn 0.30845 0.59648 -0.74099
vn 0.04693 -0.13108 -0.99026
vn 0.88735 -0.20452 0.41326
vn 0.95733 -0.23002 -0.17497
vn 0.47039 0.14394 -0.87064
vn -0.96149 -0.00229 -0.27483
vn 8E-05 0.15789 -0.98746
vn 0.33326 -0.08366 0.93912
vn -0.29757 -0.1795 0.93767
vn -0.01275 -0.1317 0.99121
vn -0.88811 -0.15933 0.43114
vn -0.47004 0.12012 -0.87444
vn 0.57882 0.71441 -0.39317
vn -0.42426 -0.76814 0.47956
vn -0.18415 0.64555 -0.74119
vn 0.08057 -0.7236 -0.6855
vn -0.11093 0.04932 0.9926
vn 0.90748 -0.11999 0.4026
vn -0.22114 0.16799 0.96066
vn 0.07314 0.00163 0.99732
vn -0.13843 -0.7796 0.61078
vn -0.15836 -0.68169 -0.7143
vn -0.11655 -0.71501 -0.68933
vn -0.0087 -0.06586 -0.99779
vn 0.61117 0.60422 -0.51126
vn 0.55653 0.27256 -0.78485
vn -0.14747 -0.74685 0.64844
vn -0.05765 -0.71687 -0.69482
vn -0.15413 -0.76714 0.62269
vn 0.20083 0.73686 0.64553
vn -0.01217 -0.01386 0.99983
vn 0.03205 -0.00357 0.99948
vn 0.03062 -0.05033 -0.99826
vn 0.27261 0.61874 -0.73678
vn -0.02593 -0.03793 -0.99894
vn 0.17612 0.65433 -0.73541
vn 0.28555 0.74614 0.60144
vn 0.34737 0.71442 0.6074
vn 0.22603 0.63456 -0.73909
vn -0.7158 -0.42966 0.55048
vn -0.67044 0.1916 0.7168
vn 0.36047 0.73468 0.57472
vn 0.1123 0.0374 0.99297
vn -0.51994 -0.61933 -0.58829
vn -0.05164 -0.11752 -0.99173
vn -0.54777 -0.6904 -0.47254
vn -0.04806 -0.1159 -0.9921
vn -0.09653 -0.91473 -0.39238
vn 0.31337 0.0486 -0.94839
vn -0.1289 -0.0374 -0.99095
vn 0.14368 0.89889 -0.41394
vn 0.13249 0.72934 -0.67119
vn 0.26322 0.94401 -0.19892
vn 0.47832 0.68097 -0.55452
vn 0.50965 0.6546 0.55835
vn 0.27147 0.93604 0.22391
vn 0.001 0.5588 0.8293
vn 0.44247 0.62731 0.64086
vn 0.20728 0.86691 0.45332
vn 0.38006 0.92496 -0.00153
vn 0.55585 0.83126 -0.00641
vn -0.21444 -0.58136 0.78488
vn 0.23045 0.01535 0.97296
vn 0.12282 0.07541 0.98956
vn 0.29794 0.06847 0.95212
vn -0.28625 -0.63463 0.71785
vn 0.24468 -0.78362 0.57102
vn 0.29005 0.69142 -0.66167
vn 0.00865 0.09406 -0.99553
vn -0.17046 -0.64179 -0.7477
vn 0.70949 0.70463 -0.01117
vn 0.99124 0.13198 -0.00555
vn 0.84851 0.12914 -0.51317
vn 0.89627 0.15268 0.4164
vn 0.70941 0.70471 -0.0113
vn 0.657 0.50585 0.55899
vn 0.36311 0.12107 0.92385
vn 0.78846 -0.21266 0.57715
vn 0.01329 0.13431 0.99085
vn -0.35208 -0.25721 0.89993
vn -0.35851 -0.90779 0.21769
vn -0.44093 -0.39498 0.80596
vn 0.06025 -0.95362 0.29493
vn 0.91571 -0.11361 0.38544
vn 0.39624 -0.44283 0.8043
vn 0.43049 -0.58726 -0.68542
vn 0.90655 0.06563 -0.41697
vn 0.67146 -0.74102 -0.0058
vn 0.6047 0.58269 0.54296
vn 0.60497 0.58272 0.54264
vn 0.65333 0.54625 -0.52419
vn 0.05957 -0.68094 0.72991
vn 0.60523 0.58275 0.54231
vn 0.89767 -0.34187 0.27805
vn 0.02443 -0.17169 0.98485
vn -0.61592 -0.78699 -0.03594
vn -0.42223 -0.90298 -0.07964
vn 0.12477 -0.61969 -0.77486
vn -0.58698 -0.80575 -0.07891
vn 0.19665 -0.98047 -0.00039
vn 0.17337 -0.78541 -0.5942
vn -0.643 -0.76584 0.00714
vn -0.37044 -0.52541 -0.76597
vn -0.24204 -0.96717 -0.07745
vn 0.05887 -0.83797 0.54253
vn -0.00853 -0.81082 0.58523
vn 0.39363 -0.81817 0.41911
vn 0.30973 -0.31121 0.89845
vn 0.45489 -0.54958 -0.70074
vn 0.28315 -0.92112 -0.26716
vn -0.58162 -0.68063 0.44549
vn -0.58347 -0.70998 0.39432
vn -0.58329 -0.73686 0.34177
vn -0.46497 -0.81973 0.33443
vn -0.62738 -0.77858 -0.01426
vn -0.33693 -0.88545 0.3201
vn 0.86917 -0.4945 0.00246
vn 0.70265 -0.26717 -0.65947
vn 0.87906 -0.4767 -0.00258
vn 0.88858 -0.45867 -0.00763
vn 0.20302 0.15233 -0.96725
vn 0.33794 0.08586 -0.93724
vn 0.18784 0.12545 -0.97416
vn 0.57441 0.53935 -0.61575
vn 0.17246 0.09845 -0.98008
vn 0.31142 0.26851 -0.91155
vn 0.4649 0.01735 -0.88519
vn -0.06903 -0.27007 -0.96036
vn -0.76242 -0.58503 -0.27651
vn -0.73063 -0.65767 -0.18345
vn -0.56464 -0.25262 -0.78572
vn 0.70956 0.70456 -0.01103
vn 0.13074 0.49622 -0.8583
vn -0.09478 0.35359 -0.93059
vn -0.20457 0.04318 -0.9779
vn -0.04448 -0.11428 -0.99245
vn -0.53836 0.74518 -0.39353
vn 0.37502 -0.79283 0.48039
vn -0.6698 -0.43959 -0.59844
vn -0.91338 -0.06096 0.40251
vn -0.00039 0.74519 0.66685
vn 0.7976 0.54543 0.25757
vn 0.04736 0.70107 -0.71152
vn -0.49073 0.83679 -0.24283
vn 0.52987 0.62974 0.56804
vn -0.33175 0.7119 -0.61898
vn -0.5294 0.63006 0.56812
vn 0.00013 0.68675 -0.72689
vn -0.04659 0.70149 -0.71116
vn 0.3326 0.71194 -0.61848
vn 0.56233 0.80093 -0.20564
vn 0.61277 0.78586 -0.08329
vn -0.41019 0.62133 -0.66761
vn -0.89218 0.39716 -0.21511
vn -0.51795 0.84927 -0.10233
vn 0.4004 0.62512 -0.67001
vn 0.00226 0.5775 -0.81639
vn 0.59898 0.78256 0.16977
vn 0.95243 0.20431 0.22611
vn 0.89464 0.35464 -0.27176
vn 0.48816 0.86618 -0.10696
vn 0.60596 -0.44002 0.66272
vn 0.00395 -0.98496 -0.17273
vn 0.95412 -0.28843 -0.08035
vn -0.00559 -0.99976 0.02111
vn -0.63348 0.7575 0.15775
vn -0.00115 0.9884 0.15187
vn -0.00249 0.99944 0.03344
vn -0.10828 -0.80534 -0.58284
vn 0.50358 0.67995 0.53299
vn 0.57284 0.18226 0.79915
vn -0.61509 0.21673 0.75808
vn -0.48152 0.70902 0.5152
vn -0.95144 0.30539 0.03882
vn 0.00172 0.8522 0.52321
vn 0.00528 0.25972 0.96567
vt 0.22522 0.74441
vt 0.20592 0.61923
vt 0.23202 0.62046
vt 0.19905 0.74642
vt 0.19932 0.74673
vt 0.23189 0.62045
vt 0.25084 0.74207
vt 0.26054 0.6217
vt 0.22859 0.70248
vt 0.24326 0.69416
vt 0.24326 0.70309
vt 0.24204 0.77706
vt 0.20447 0.7481
vt 0.25763 0.74809
vt 0.20972 0.78185
vt 0.67198 0.39467
vt 0.67242 0.37978
vt 0.69787 0.37944
vt 0.70916 0.40128
vt 0.71025 0.38767
vt 0.68745 0.38712
vt 0.25813 0.6217
vt 0.22302 0.77727
vt 0.22495 0.74424
vt 0.23632 0.77269
vt 0.68895 0.39383
vt 0.67008 0.39383
vt 0.67149 0.38008
vt 0.55235 0.397
vt 0.55325 0.38238
vt 0.58952 0.38576
vt 0.21709 0.62747
vt 0.70781 0.39383
vt 0.68961 0.38032
vt 0.68651 0.40084
vt 0.66481 0.3862
vt 0.68841 0.3732
vt 0.68797 0.35142
vt 0.66732 0.35047
vt 0.67892 0.2861
vt 0.68875 0.28583
vt 0.68987 0.34493
vt 0.6755 0.27919
vt 0.69898 0.27981
vt 0.69752 0.34191
vt 0.69866 0.28554
vt 0.70523 0.3452
vt 0.59096 0.27972
vt 0.59009 0.34616
vt 0.55638 0.3434
vt 0.71136 0.37387
vt 0.70884 0.35188
vt 0.68192 0.23107
vt 0.66569 0.37203
vt 0.70773 0.38055
vt 0.69028 0.36662
vt 0.55986 0.91093
vt 0.56064 0.9165
vt 0.56478 0.91046
vt 0.57307 0.89838
vt 0.57385 0.90394
vt 0.57463 0.90951
vt 0.54173 0.91255
vt 0.5381 0.93246
vt 0.54097 0.91585
vt 0.54021 0.91915
vt 0.53628 0.94242
vt 0.53704 0.93912
vt 0.53144 0.93041
vt 0.53487 0.92446
vt 0.53052 0.89512
vt 0.53613 0.90384
vt 0.52962 0.86911
vt 0.50875 0.86851
vt 0.51601 0.87738
vt 0.50966 0.89452
vt 0.52464 0.94178
vt 0.52721 0.94975
vt 0.50045 0.94957
vt 0.52759 0.93681
vt 0.52109 0.95211
vt 0.10278 0.60758
vt 0.10265 0.60758
vt 0.07828 0.60874
vt 0.11106 0.754
vt 0.10901 0.72332
vt 0.1332 0.72549
vt 0.07603 0.60874
vt 0.08508 0.72114
vt 0.12703 0.60643
vt 0.22859 0.68378
vt 0.24326 0.68438
vt 0.24326 0.67523
vt 0.12348 0.75828
vt 0.13344 0.72519
vt 0.67178 0.29171
vt 0.67471 0.23654
vt 0.68218 0.23742
vt 0.67177 0.39623
vt 0.69886 0.39556
vt 0.69881 0.39477
vt 0.2199 0.61497
vt 0.20162 0.64907
vt 0.26392 0.64905
vt 0.85447 0.76985
vt 0.88164 0.76981
vt 0.8575 0.70572
vt 0.93188 0.81115
vt 0.88049 0.82365
vt 0.90023 0.75516
vt 0.9074 0.73875
vt 0.93222 0.74827
vt 0.93428 0.75615
vt 0.91126 0.74506
vt 0.90333 0.75981
vt 0.92535 0.87255
vt 0.89164 0.865
vt 0.90087 0.89166
vt 0.94124 0.80531
vt 0.90964 0.7504
vt 0.8816 0.8123
vt 0.68887 0.78993
vt 0.68887 0.83334
vt 0.67765 0.7844
vt 0.85394 0.78057
vt 0.85156 0.71166
vt 0.87743 0.77842
vt 0.93367 0.83916
vt 0.70048 0.7844
vt 0.70569 0.74312
vt 0.73292 0.80525
vt 0.64561 0.80525
vt 0.67285 0.74312
vt 0.90532 0.69423
vt 0.89308 0.69529
vt 0.91921 0.73527
vt 0.8801 0.77873
vt 0.94696 0.74664
vt 0.64802 0.84185
vt 0.64506 0.82355
vt 0.73327 0.82334
vt 0.73011 0.84143
vt 0.84918 0.8314
vt 0.83046 0.82207
vt 0.84305 0.78359
vt 0.84496 0.81732
vt 0.82418 0.80704
vt 0.81752 0.8424
vt 0.84603 0.83981
vt 0.88338 0.84712
vt 0.85173 0.85423
vt 0.84709 0.86231
vt 0.88662 0.83865
vt 0.68887 0.8776
vt 0.68922 0.89921
vt 0.64459 0.89915
vt 0.63002 0.87
vt 0.67205 0.73371
vt 0.70529 0.73329
vt 0.87341 0.87767
vt 0.84113 0.85662
vt 0.84489 0.82575
vt 0.85897 0.82513
vt 0.72863 0.87718
vt 0.84251 0.70848
vt 0.8417 0.77196
vt 0.91131 0.8057
vt 0.92472 0.81347
vt 0.89825 0.84718
vt 0.88656 0.83989
vt 0.66604 0.69077
vt 0.7149 0.6912
vt 0.73639 0.89915
vt 0.91872 0.87542
vt 0.92967 0.82968
vt 0.92746 0.8482
vt 0.93745 0.82223
vt 0.60667 0.58175
vt 0.60667 0.55973
vt 0.61089 0.55991
vt 0.61049 0.58385
vt 0.68422 0.5412
vt 0.66513 0.54038
vt 0.67477 0.41988
vt 0.70067 0.46588
vt 0.65807 0.47344
vt 0.65539 0.44542
vt 0.67089 0.44553
vt 0.67052 0.47425
vt 0.69049 0.5158
vt 0.67401 0.51645
vt 0.67082 0.43152
vt 0.6873 0.431
vt 0.60523 0.45328
vt 0.60528 0.46569
vt 0.60011 0.46556
vt 0.60024 0.45315
vt 0.61909 0.42846
vt 0.61912 0.45605
vt 0.60367 0.45605
vt 0.60375 0.42833
vt 0.62539 0.52219
vt 0.61257 0.5223
vt 0.61258 0.43173
vt 0.6254 0.43173
vt 0.5907 0.43834
vt 0.59087 0.46785
vt 0.68904 0.43072
vt 0.68913 0.44696
vt 0.6708 0.42939
vt 0.64519 0.52124
vt 0.64407 0.48289
vt 0.61121 0.58378
vt 0.6163 0.57689
vt 0.61529 0.55801
vt 0.61169 0.55516
vt 0.64478 0.43315
vt 0.64241 0.53923
vt 0.68296 0.47505
vt 0.59525 0.45303
vt 0.59494 0.46543
vt 0.59203 0.4261
vt 0.57242 0.42872
vt 0.57228 0.45286
vt 0.59203 0.45026
vt 0.65531 0.42939
vt 0.22878 0.64562
vt 0.16559 0.61437
vt 0.22626 0.65126
vt 0.07572 0.70532
vt 0.10463 0.69512
vt 0.0649 0.64001
vt 0.20064 0.65126
vt 0.16546 0.65126
vt 0.13029 0.65126
vt 0.10492 0.65154
vt 0.10239 0.64618
vt 0.1308 0.66867
vt 0.08021 0.81552
vt 0.11541 0.81653
vt 0.06043 0.90567
vt 0.16579 0.66881
vt 0.20077 0.66895
vt 0.26198 0.70595
vt 0.27482 0.64144
vt 0.23299 0.69477
vt 0.27978 0.92042
vt 0.27978 0.90567
vt 0.27978 0.90501
vt 0.12661 0.60625
vt 0.21422 0.60528
vt 0.12676 0.91346
vt 0.24831 0.83105
vt 0.22393 0.81653
vt 0.21374 0.91346
vt 0.21099 0.72236
vt 0.20607 0.70833
vt 0.22852 0.72667
vt 0.2214 0.71559
vt 0.18911 0.75029
vt 0.19337 0.71107
vt 0.12266 0.69631
vt 0.10733 0.74321
vt 0.12883 0.74383
vt 0.15857 0.69733
vt 0.15836 0.74467
vt 0.182 0.69399
vt 0.18308 0.60467
vt 0.22064 0.74034
vt 0.13316 0.94697
vt 0.06043 0.92042
vt 0.13388 0.94301
vt 0.16668 0.70383
vt 0.25662 0.7187
vt 0.20812 0.75521
vt 0.20662 0.94333
vt 0.18855 0.72739
vt 0.2385 0.76467
vt 0.19121 0.75603
vt 0.21403 0.64272
vt 0.25653 0.66678
vt 0.21827 0.67596
vt 0.07469 0.82798
vt 0.16967 0.81653
vt 0.17025 0.89852
vt 0.17025 0.94713
vt 0.20734 0.9473
vt 0.16846 0.92813
vt 0.20677 0.97533
vt 0.16846 0.99556
vt 0.26494 0.82765
vt 0.43334 0.27372
vt 0.42181 0.33561
vt 0.45178 0.27369
vt 0.43139 0.33255
vt 0.39185 0.39754
vt 0.42176 0.33255
vt 0.39103 0.39751
vt 0.41489 0.27375
vt 0.10859 0.47021
vt 0.12808 0.45327
vt 0.1293 0.47246
vt 0.1577 0.46443
vt 0.13643 0.44251
vt 0.11762 0.4425
vt 0.12387 0.41022
vt 0.10507 0.4425
vt 0.08629 0.44251
vt 0.09875 0.41022
vt 0.05954 0.46445
vt 0.09466 0.45327
vt 0.08791 0.47247
vt 0.11133 0.43174
vt 0.11131 0.41022
vt 0.18961 0.43083
vt 0.17328 0.42134
vt 0.18917 0.40977
vt 0.17726 0.38987
vt 0.18874 0.38871
vt 0.16578 0.39103
vt 0.1693 0.45282
vt 0.16322 0.43291
vt 0.15045 0.43317
vt 0.15501 0.41912
vt 0.15607 0.39128
vt 0.14636 0.39154
vt 0.0331 0.43083
vt 0.04944 0.42097
vt 0.05346 0.45282
vt 0.05952 0.43267
vt 0.05687 0.39054
vt 0.03354 0.40927
vt 0.04542 0.38913
vt 0.05783 0.28597
vt 0.04645 0.33879
vt 0.03603 0.28704
vt 0.06223 0.3385
vt 0.07801 0.33821
vt 0.06662 0.39103
vt 0.08793 0.33921
vt 0.07964 0.28491
vt 0.07638 0.39152
vt 0.08408 0.35665
vt 0.08629 0.39252
vt 0.09621 0.39352
vt 0.16388 0.33517
vt 0.15394 0.33592
vt 0.16219 0.28185
vt 0.12648 0.39305
vt 0.13861 0.3565
vt 0.13642 0.3923
vt 0.21153 0.07292
vt 0.21061 0.13417
vt 0.20215 0.07709
vt 0.19358 0.08528
vt 0.21099 0.17165
vt 0.22131 0.16204
vt 0.21121 0.26758
vt 0.19875 0.19934
vt 0.19488 0.16464
vt 0.18662 0.23102
vt 0.19892 0.2493
vt 0.00951 0.08701
vt 0.00991 0.14631
vt 0.00479 0.17679
vt 0.01247 0.18675
vt 0.01153 0.26758
vt 0.01655 0.09592
vt 0.02023 0.08932
vt 0.02724 0.16471
vt 0.01975 0.20585
vt 0.02378 0.2493
vt 0.03603 0.23102
vt 0.05275 0.18974
vt 0.05365 0.23031
vt 0.07126 0.2296
vt 0.06196 0.16258
vt 0.04072 0.16344
vt 0.05419 0.09237
vt 0.03565 0.14258
vt 0.03537 0.09415
vt 0.18178 0.1634
vt 0.16112 0.16257
vt 0.16982 0.09189
vt 0.15139 0.2296
vt 0.17136 0.18598
vt 0.169 0.23031
vt 0.18704 0.14258
vt 0.18727 0.09353
vt 0.0736 0.17242
vt 0.06037 0.15313
vt 0.06069 0.07807
vt 0.07873 0.19573
vt 0.08223 0.2456
vt 0.0871 0.26159
vt 0.07263 0.19573
vt 0.06678 0.07807
vt 0.06001 0.1297
vt 0.06049 0.08789
vt 0.06647 0.15313
vt 0.07545 0.25726
vt 0.08642 0.27325
vt 0.07527 0.2587
vt 0.07613 0.2456
vt 0.03603 0.25903
vt 0.02786 0.26188
vt 0.02378 0.27731
vt 0.05364 0.25832
vt 0.04777 0.24922
vt 0.06231 0.26718
vt 0.15678 0.15338
vt 0.16318 0.16907
vt 0.15826 0.07869
vt 0.14873 0.25853
vt 0.14986 0.19094
vt 0.15966 0.24254
vt 0.16537 0.13618
vt 0.16404 0.08775
vt 0.14718 0.25726
vt 0.1605 0.25564
vt 0.15546 0.27019
vt 0.18662 0.25903
vt 0.18662 0.28704
vt 0.19482 0.26188
vt 0.19891 0.27731
vt 0.169 0.25832
vt 0.17487 0.24922
vt 0.16033 0.26718
vt 0.1648 0.28597
vt 0.1954 0.33326
vt 0.18768 0.33787
vt 0.19189 0.38922
vt 0.19505 0.38972
vt 0.20313 0.32865
vt 0.14716 0.31129
vt 0.13965 0.32602
vt 0.14637 0.33768
vt 0.11135 0.39656
vt 0.12694 0.35817
vt 0.11892 0.39481
vt 0.17213 0.46039
vt 0.16586 0.47986
vt 0.18159 0.47564
vt 0.18689 0.45319
vt 0.02748 0.33435
vt 0.01995 0.33133
vt 0.03117 0.39139
vt 0.03397 0.38771
vt 0.035 0.33737
vt 0.0955 0.34073
vt 0.09573 0.35833
vt 0.10378 0.39504
vt 0.09473 0.31435
vt 0.10228 0.32908
vt 0.08863 0.31435
vt 0.08032 0.27325
vt 0.03592 0.45319
vt 0.04134 0.47564
vt 0.05069 0.46039
vt 0.05144 0.47989
vt 0.29986 0.43731
vt 0.3108 0.44401
vt 0.3083 0.42614
vt 0.32142 0.41498
vt 0.32226 0.44736
vt 0.31028 0.45852
vt 0.33222 0.47961
vt 0.45638 0.43731
vt 0.44551 0.44401
vt 0.44602 0.45852
vt 0.43408 0.44736
vt 0.42414 0.47961
vt 0.43492 0.41498
vt 0.44798 0.42614
vt 0.44246 0.33623
vt 0.43313 0.39878
vt 0.42559 0.35667
vt 0.41249 0.39816
vt 0.31549 0.18555
vt 0.31481 0.18661
vt 0.32165 0.27698
vt 0.06488 0.08101
vt 0.06395 0.13924
vt 0.06583 0.07954
vt 0.33355 0.08454
vt 0.33072 0.14571
vt 0.32095 0.21321
vt 0.32665 0.18212
vt 0.34015 0.2713
vt 0.3309 0.27414
vt 0.30457 0.27369
vt 0.28706 0.21237
vt 0.29143 0.27387
vt 0.2783 0.27405
vt 0.27156 0.18326
vt 0.2874 0.18304
vt 0.27628 0.09348
vt 0.29486 0.18477
vt 0.2871 0.14715
vt 0.2867 0.08908
vt 0.28272 0.09148
vt 0.31224 0.21322
vt 0.32302 0.27372
vt 0.31711 0.1848
vt 0.31858 0.14737
vt 0.30718 0.08948
vt 0.33165 0.08748
vt 0.41554 0.20997
vt 0.4248 0.26785
vt 0.4155 0.265
vt 0.42994 0.17554
vt 0.42164 0.18194
vt 0.42503 0.08516
vt 0.42234 0.18296
vt 0.16221 0.14409
vt 0.1592 0.08005
vt 0.16013 0.08141
vt 0.15557 0.17649
vt 0.43937 0.18435
vt 0.4269 0.08789
vt 0.43907 0.15194
vt 0.44958 0.08974
vt 0.44845 0.08337
vt 0.44412 0.21322
vt 0.46099 0.18432
vt 0.10595 0.39671
vt 0.11681 0.39671
vt 0.12227 0.39686
vt 0.11139 0.39676
vt 0.11141 0.39686
vt 0.36046 0.40495
vt 0.37816 0.40324
vt 0.36586 0.4048
vt 0.43348 0.40674
vt 0.43193 0.40688
vt 0.16636 0.3923
vt 0.1666 0.39762
vt 0.16792 0.39217
vt 0.43624 0.39851
vt 0.43336 0.40409
vt 0.45711 0.33628
vt 0.4699 0.33512
vt 0.47798 0.27405
vt 0.46182 0.3962
vt 0.45868 0.35625
vt 0.45384 0.39735
vt 0.41571 0.33533
vt 0.39307 0.3694
vt 0.39021 0.39748
vt 0.38358 0.40319
vt 0.38963 0.40041
vt 0.37812 0.40304
vt 0.41564 0.31189
vt 0.40641 0.33249
vt 0.45366 0.45966
vt 0.44836 0.48212
vt 0.44823 0.46635
vt 0.43824 0.48086
vt 0.30546 0.41281
vt 0.2975 0.41943
vt 0.29514 0.40155
vt 0.31972 0.3974
vt 0.32267 0.40619
vt 0.29901 0.33572
vt 0.30637 0.33549
vt 0.32132 0.39711
vt 0.31375 0.33526
vt 0.31469 0.33878
vt 0.32434 0.3388
vt 0.35843 0.39902
vt 0.33399 0.33881
vt 0.35758 0.39902
vt 0.33065 0.35597
vt 0.33682 0.39873
vt 0.32292 0.39683
vt 0.34004 0.31818
vt 0.34923 0.33878
vt 0.33998 0.34163
vt 0.33745 0.33726
vt 0.36216 0.39592
vt 0.34041 0.35839
vt 0.35983 0.39747
vt 0.35928 0.39903
vt 0.30269 0.45966
vt 0.31817 0.48086
vt 0.30811 0.48212
vt 0.30812 0.46635
vt 0.11761 0.40339
vt 0.10505 0.40339
vt 0.11132 0.40567
vt 0.46234 0.17332
vt 0.4533 0.14379
vt 0.45741 0.07907
vt 0.46762 0.08102
vt 0.46925 0.21237
vt 0.4774 0.17013
vt 0.46488 0.27387
vt 0.36822 0.41393
vt 0.35736 0.41393
vt 0.3474 0.42452
vt 0.36792 0.4104
vt 0.37818 0.40334
vt 0.38904 0.40334
vt 0.33268 0.43681
vt 0.33975 0.45863
vt 0.33361 0.45112
vt 0.33761 0.46919
vt 0.42367 0.43681
vt 0.42274 0.45112
vt 0.41876 0.46919
vt 0.41663 0.45863
vt 0.39901 0.41393
vt 0.40988 0.40916
vt 0.41985 0.41975
vt 0.40898 0.42452
vt 0.40958 0.41428
vt 0.38032 0.47467
vt 0.37819 0.45863
vt 0.39242 0.46567
vt 0.37817 0.47961
vt 0.36537 0.47271
vt 0.37436 0.44158
vt 0.34357 0.44158
vt 0.36537 0.43589
vt 0.37819 0.42452
vt 0.38845 0.44726
vt 0.4128 0.44158
vt 0.38181 0.41746
vt 0.41877 0.43271
vt 0.34647 0.40916
vt 0.34678 0.41428
vt 0.33651 0.41975
vt 0.33759 0.43271
vt 0.09748 0.40187
vt 0.08304 0.41752
vt 0.07234 0.43316
vt 0.45091 0.41175
vt 0.4591 0.41675
vt 0.32275 0.40307
vt 0.32427 0.40591
vt 0.33822 0.40475
vt 0.35902 0.40199
vt 0.09937 0.39094
vt 0.09846 0.36789
vt 0.09992 0.38938
vt 0.10225 0.38783
vt 0.0905 0.32755
vt 0.35836 0.37598
vt 0.35986 0.40199
vt 0.19113 0.40309
vt 0.19233 0.41028
vt 0.12057 0.39995
vt 0.12517 0.40164
vt 0.03181 0.40454
vt 0.02837 0.39508
vt 0.03073 0.41295
vt 0.41118 0.40366
vt 0.39045 0.40044
vt 0.16044 0.33863
vt 0.1762 0.33903
vt 0.06772 0.41896
vt 0.13968 0.41741
vt 0.44978 0.33626
vt 0.43468 0.39864
vt 0.29772 0.35766
vt 0.30263 0.39947
vt 0.28672 0.3378
vt 0.35911 0.401
vt 0.0992 0.39291
vt 0.09996 0.3939
vt 0.39037 0.39945
vt 0.12368 0.39396
vt 0.12286 0.39393
vt 0.1021 0.4001
vt 0.18038 0.35559
vt 0.04229 0.3551
vt 0.427 0.48928
vt 0.44052 0.49052
vt 0.01993 0.0826
vt 0.04041 0.08301
vt 0.18059 0.48528
vt 0.17931 0.49081
vt 0.17757 0.49191
vt 0.44736 0.49176
vt 0.37818 0.48928
vt 0.05225 0.48597
vt 0.06783 0.48609
vt 0.16505 0.48594
vt 0.10859 0.48502
vt 0.08821 0.4855
vt 0.04234 0.48528
vt 0.3091 0.49176
vt 0.31589 0.49052
vt 0.14942 0.48607
vt 0.129 0.48548
vt 0.32935 0.48928
vt 0.52935 0.96089
vt 0.53195 0.89566
vt 0.53521 0.90129
vt 0.53338 0.89619
vt 0.53756 0.90437
vt 0.52872 0.8431
vt 0.53072 0.86132
vt 0.52938 0.84389
vt 0.53005 0.84467
vt 0.53171 0.87043
vt 0.53105 0.86965
vt 0.53087 0.87814
vt 0.52269 0.8544
vt 0.51293 0.84771
vt 0.52379 0.84938
vt 0.52488 0.84437
vt 0.50806 0.84437
vt 0.50696 0.84938
vt 0.50763 0.85426
vt 0.50216 0.85097
vt 0.49123 0.84437
vt 0.4919 0.84925
vt 0.49257 0.85413
vt 0.52596 0.93358
vt 0.53441 0.91816
vt 0.47073 0.91556
vt 0.4678 0.93196
vt 0.4599 0.93918
vt 0.51884 0.9408
vt 0.53371 0.90782
vt 0.53627 0.90314
vt 0.53047 0.90215
vt 0.52861 0.91718
vt 0.53972 0.90412
vt 0.53726 0.89845
vt 0.53924 0.88909
vt 0.53578 0.88811
vt 0.53233 0.88713
vt 0.53457 0.90864
vt 0.53099 0.90668
vt 0.53517 0.91486
vt 0.46528 0.92431
vt 0.47338 0.90507
vt 0.46255 0.92869
vt 0.43669 0.929
vt 0.4498 0.91753
vt 0.47603 0.89457
vt 0.45017 0.89489
vt 0.4243 0.89521
vt 0.47418 0.86881
vt 0.45497 0.86865
vt 0.46076 0.86011
vt 0.47233 0.84305
vt 0.45312 0.84289
vt 0.42911 0.86896
vt 0.44475 0.8775
vt 0.53703 0.89984
vt 0.53422 0.90562
vt 0.54096 0.89846
vt 0.53808 0.89468
vt 0.53625 0.88575
vt 0.54018 0.88437
vt 0.53725 0.88686
vt 0.53971 0.88673
vt 0.53395 0.91575
vt 0.53395 0.90713
vt 0.53159 0.91475
vt 0.44062 0.94876
vt 0.43366 0.94027
vt 0.47405 0.91757
vt 0.4697 0.91836
vt 0.47202 0.92212
vt 0.52198 0.93769
vt 0.52364 0.93705
vt 0.52309 0.93324
vt 0.52198 0.92562
vt 0.52364 0.92498
vt 0.5253 0.92434
vt 0.52435 0.90761
vt 0.52533 0.91303
vt 0.52535 0.90737
vt 0.52634 0.90713
vt 0.52582 0.91574
vt 0.52483 0.91598
vt 0.49325 0.86852
vt 0.50507 0.86005
vt 0.49771 0.84473
vt 0.51321 0.84473
vt 0.678 0.22052
vt 0.70173 0.2214
vt 0.70197 0.29194
vt 0.69179 0.23002
vt 0.59122 0.21785
vt 0.56241 0.27755
vt 0.52317 0.91662
vt 0.52388 0.91919
vt 0.50969 0.91695
vt 0.52014 0.92846
vt 0.49927 0.92786
vt 0.48879 0.89392
vt 0.52767 0.93699
vt 0.52578 0.94125
vt 0.50284 0.95597
vt 0.52459 0.9344
vt 0.52421 0.94087
vt 0.52988 0.95927
vt 0.5245 0.93683
vt 0.52705 0.95897
vt 0.53173 0.92637
vt 0.54665 0.92348
vt 0.55703 0.9244
vt 0.56222 0.92485
vt 0.54982 0.9402
vt 0.54823 0.93184
vt 0.25365 0.71968
vt 0.22438 0.72396
vt 0.08308 0.76892
vt 0.1128 0.76379
vt 0.25419 0.76849
vt 0.1682 0.76383
vt 0.21856 0.72675
vt 0.25698 0.66865
vt 0.2199 0.6607
vt 0.15561 0.69658
vt 0.11757 0.74126
vt 0.15564 0.74235
vt 0.23365 0.6268
vt 0.19085 0.65932
vt 0.18911 0.62348
vt 0.21253 0.77399
vt 0.25086 0.72979
vt 0.25853 0.75994
vt 0.10458 0.70373
vt 0.22745 0.66853
vt 0.15852 0.63124
vt 0.08335 0.63676
vt 0.12045 0.63015
vt 0.18264 0.7262
vt 0.2236 0.76387
vt 0.22877 0.70393
vt 0.18257 0.73976
vt 0.13014 0.97499
vt 0.12265 0.94387
vt 0.15775 0.60727
vt 0.18299 0.77354
vt 0.25112 0.74208
vt 0.20324 0.61921
vt 0.22867 0.71142
vt 0.24326 0.71203
vt 0.69567 0.23612
vt 0.69875 0.39399
vt 0.58977 0.37054
vt 0.55416 0.36756
vt 0.70764 0.36709
vt 0.67292 0.36615
vt 0.67357 0.34174
vt 0.69698 0.36469
vt 0.67287 0.36469
vt 0.6782 0.22155
vt 0.69719 0.22075
vt 0.67992 0.22045
vt 0.69946 0.22107
vt 0.67453 0.34466
vt 0.68677 0.29205
vt 0.67059 0.39545
vt 0.67037 0.38077
vt 0.56189 0.39148
vt 0.58911 0.37768
vt 0.58979 0.39215
vt 0.66395 0.40018
vt 0.68685 0.23055
vt 0.53733 0.93508
vt 0.52872 0.84472
vt 0.52502 0.92884
vt 0.521 0.96101
vt 0.5275 0.94571
vt 0.47717 0.91654
vt 0.51922 0.92785
vt 0.43391 0.84272
vt 0.53159 0.93181
vt 0.53159 0.91919
vt 0.52976 0.92374
vt 0.5007 0.95051
vt 0.49555 0.92895
vt 0.47144 0.90551
vt 0.52723 0.94956
vt 0.56756 0.21616
vt 0.49646 0.93358
vt 0.52432 0.95625
vt 0.52423 0.95868
vt 0.09022 0.69821
vt 0.25773 0.74829
vt 0.06043 0.90501
vt 0.25853 0.63015
vt 0.22852 0.67462
vt 0.17025 0.96254
vt 0.21426 0.94387
vt 0.08047 0.74787
vt 0.13853 0.63148
vt 0.11317 0.63074
vt 0.09176 0.68296
vt 0.26462 0.6788
vt 0.18182 0.66012
vt 0.22852 0.69354
vt 0.21864 0.77706
vt 0.2475 0.62748
vt 0.10926 0.72317
vt 0.09864 0.74973
vt 0.24912 0.78284
vt 0.52677 0.96059
vt 0.52394 0.9603
vt 0.52421 0.93845
vt 0.53036 0.95917
vt 0.52797 0.94561
vt 0.52147 0.96091
vt 0.53144 0.92798
vt 0.53704 0.9367
vt 0.52959 0.96089
vt 0.53628 0.93999
vt 0.08482 0.72115
vt 0.12954 0.60642
vt 0.22867 0.69294
vt 0.24326 0.69354
vt 0.53704 0.93828
vt 0.22852 0.67462
vt 0.24731 0.61497
vt 0.21349 0.78286
vt 0.25793 0.67842
vt 0.23775 0.72778
vt 0.1909 0.69893
vt 0.16478 0.49249
vt 0.32647 0.49618
vt 0.37817 0.49618
vt 0.14923 0.49261
vt 0.42987 0.49983
vt 0.1086 0.49168
vt 0.12891 0.49209
vt 0.26605 0.66992
vt 0.25793 0.65335
vt 0.26605 0.64984
vt 0.08832 0.4921
vt 0.06804 0.49263
vt 0.32647 0.49983
vt 0.05254 0.49252
vt 0.44608 0.50092
vt 0.05254 0.49616
vt 0.04535 0.49555
vt 0.08137 0.2587
vt 0.09618 0.32908
vt 0.06854 0.17584
vt 0.06786 0.1769
vt 0.42898 0.15057
vt 0.10055 0.39686
vt 0.09911 0.39389
vt 0.12344 0.391
vt 0.1236 0.39298
vt 0.12508 0.39106
vt 0.12426 0.39103
vt 0.20131 0.07098
vt 0.18281 0.08327
vt 0.19235 0.07528
vt 0.01595 0.08501
vt 0.44608 0.49728
vt 0.22213 0.72747
vt 0.20777 0.72326
vt 0.19376 0.71314
vt 0.18948 0.68464
vt 0.18948 0.67024
vt 0.19093 0.65574
vt 0.20386 0.64391
vt 0.21751 0.634
vt 0.23302 0.6318
vt 0.25036 0.64222
vt 0.25397 0.71532
vt 0.42987 0.49618
vt 0.25936 0.66932
vt 0.25963 0.6318
vt 0.91536 0.92098
vt 0.91039 0.90202
vt 0.88508 0.90223
vt 0.88508 0.91865
vt 0.64974 0.91838
vt 0.68918 0.91519
vt 0.8543 0.90983
vt 0.8543 0.89939
vt 0.87894 0.89939
vt 0.87894 0.9148
vt 0.64498 0.8582
vt 0.68922 0.8457
vt 0.68918 0.87444
vt 0.62332 0.87342
vt 0.74668 0.91437
vt 0.68918 0.92315
vt 0.68918 0.9273
vt 0.73757 0.92069
vt 0.63176 0.91437
vt 0.64088 0.92147
vt 0.7287 0.91838
vt 0.75515 0.8724
vt 0.74994 0.87182
vt 0.82945 0.90402
vt 0.82456 0.89062
vt 0.82769 0.89254
vt 0.83285 0.90735
vt 0.85908 0.91377
vt 0.86374 0.90268
vt 0.68918 0.91483
vt 0.64088 0.90605
vt 0.86661 0.88123
vt 0.90258 0.8992
vt 0.90763 0.91636
vt 0.87328 0.8899
vt 0.84998 0.88876
vt 0.84617 0.9149
vt 0.84557 0.90592
vt 0.87685 0.89757
vt 0.87491 0.91061
vt 0.845 0.8889
vt 0.84345 0.89372
vt 0.85441 0.87881
vt 0.8728 0.9036
vt 0.86479 0.91413
vt 0.83919 0.90421
vt 0.86228 0.92282
vt 0.80538 0.87302
vt 0.73318 0.85373
vt 0.73757 0.90605
vt 0.82727 0.8706
vt 0.89016 0.87659
vt 0.83637 0.77956
vt 0.85342 0.77889
vt 0.86336 0.69552
vt 0.87595 0.69143
vt 0.87833 0.76035
vt 0.86744 0.76336
vt 0.68362 0.54056
vt 0.70006 0.46524
vt 0.60665 0.58127
vt 0.60665 0.55495
vt 0.6139 0.56229
vt 0.61475 0.57809
usemtl mat0
f 1/1/1 2/2/2 3/3/3
f 4/4/4 2/2/2 5/5/5
f 6/6/6 7/7/7 8/8/8
f 9/9/9 10/10/10 11/11/11
f 12/12/12 13/13/13 14/14/7
f 15/15/10 4/4/4 5/5/5
f 16/16/14 17/17/15 18/18/16
f 19/19/17 20/20/18 21/21/19
f 6/6/6 22/22/20 3/3/3
f 23/23/11 5/5/5 1/1/1
f 24/24/21 25/25/12 7/7/7
f 26/26/22 27/27/23 28/28/16
f 29/29/24 30/30/25 31/31/18
f 32/32/20 14/14/7 13/13/13
f 33/33/24 26/26/22 34/34/26
f 35/35/27 21/21/19 36/36/15
f 37/37/28 38/38/29 39/39/30
f 40/40/31 41/41/32 42/42/33
f 43/43/34 44/44/31 45/45/35
f 46/46/36 47/47/37 42/42/33
f 48/48/38 49/49/39 50/50/37
f 37/37/28 51/51/40 52/52/39
f 41/41/32 40/40/31 53/53/41
f 21/21/19 37/37/28 54/54/42
f 55/55/25 34/34/26 56/56/43
f 57/57/44 58/58/45 59/59/46
f 60/60/47 59/59/46 61/61/48
f 62/62/49 59/59/46 58/58/45
f 63/63/50 64/64/51 65/65/52
f 66/66/53 64/64/51 67/67/54
f 68/68/55 67/67/54 64/64/51
f 69/69/56 68/68/55 70/70/57
f 71/71/58 70/70/57 72/72/59
f 63/63/50 70/70/57 68/68/55
f 73/73/60 74/74/61 75/75/62
f 71/71/58 75/75/62 76/76/63
f 74/74/61 76/76/63 75/75/62
f 77/77/64 67/67/54 78/78/65
f 79/79/66 80/80/65 81/81/67
f 82/82/68 83/83/69 84/84/70
f 85/85/71 86/86/72 87/87/73
f 82/82/68 88/88/74 89/89/75
f 86/86/72 83/83/69 90/90/76
f 91/91/77 92/92/71 93/93/78
f 94/94/78 87/87/73 95/95/79
f 96/96/80 97/97/81 98/98/82
f 99/99/83 100/100/84 101/101/85
f 95/95/79 87/87/73 90/90/76
f 102/102/86 103/103/75 104/104/87
f 105/105/88 106/106/89 107/107/90
f 108/108/91 109/109/92 110/110/93
f 111/111/94 112/112/95 110/110/93
f 113/113/96 114/114/97 115/115/98
f 116/116/99 117/117/100 118/118/101
f 119/119/102 120/120/98 121/121/103
f 122/122/104 123/123/105 124/124/106
f 125/125/107 126/126/108 127/127/109
f 116/116/99 128/128/110 117/117/100
f 129/129/111 130/130/96 131/131/102
f 124/124/106 132/132/91 133/133/95
f 107/107/90 106/106/89 134/134/112
f 110/110/93 127/127/109 111/111/94
f 126/126/108 135/135/113 127/127/109
f 124/124/106 129/129/111 122/122/104
f 111/111/94 127/127/109 135/135/113
f 136/136/97 134/134/112 106/106/89
f 115/115/98 114/114/97 137/137/89
f 127/127/109 110/110/93 109/109/92
f 106/106/89 121/121/103 120/120/98
f 112/112/95 108/108/91 110/110/93
f 138/138/96 120/120/98 119/119/102
f 122/122/104 129/129/111 123/123/105
f 132/132/91 123/123/105 139/139/114
f 139/139/114 140/140/115 132/132/91
f 131/131/102 141/141/116 142/142/110
f 142/142/110 123/123/105 131/131/102
f 124/124/106 123/123/105 132/132/91
f 129/129/111 131/131/102 123/123/105
f 125/125/107 143/143/117 144/144/118
f 144/144/118 145/145/119 125/125/107
f 146/146/120 147/147/121 148/148/122
f 148/148/122 149/149/123 146/146/120
f 143/143/117 109/109/92 150/150/124
f 150/150/124 151/151/125 143/143/117
f 152/152/126 117/117/100 153/153/127
f 153/153/127 149/149/123 152/152/126
f 154/154/128 155/155/129 156/156/130
f 156/156/130 157/157/131 154/154/128
f 158/158/94 159/159/97 130/130/96
f 130/130/96 133/133/95 158/158/94
f 160/160/132 161/161/121 162/162/133
f 162/162/133 163/163/134 160/160/132
f 139/139/114 123/123/105 154/154/128
f 154/154/128 157/157/131 139/139/114
f 154/154/128 123/123/105 142/142/110
f 142/142/110 164/164/99 154/154/128
f 133/133/95 130/130/96 129/129/111
f 129/129/111 124/124/106 133/133/95
f 105/105/88 107/107/90 165/165/135
f 165/165/135 166/166/133 105/105/88
f 167/167/136 168/168/137 169/169/119
f 169/169/119 170/170/134 167/167/136
f 158/158/94 171/171/113 172/172/112
f 172/172/112 159/159/97 158/158/94
f 105/105/88 146/146/120 121/121/103
f 121/121/103 106/106/89 105/105/88
f 109/109/92 143/143/117 125/125/107
f 125/125/107 127/127/109 109/109/92
f 155/155/129 154/154/128 164/164/99
f 164/164/99 173/173/101 155/155/129
f 174/174/131 150/150/124 175/175/115
f 175/175/115 176/176/114 174/174/131
f 119/119/102 121/121/103 153/153/127
f 153/153/127 177/177/116 119/119/102
f 178/178/138 179/179/139 180/180/140
f 180/180/140 181/181/141 178/178/138
f 182/182/142 183/183/143 184/184/144
f 184/184/144 185/185/145 182/182/142
f 186/186/146 187/187/147 188/188/148
f 188/188/148 189/189/149 186/186/146
f 190/190/150 191/191/147 192/192/145
f 192/192/145 193/193/151 190/190/150
f 194/194/152 195/195/153 196/196/143
f 196/196/143 197/197/149 194/194/152
f 198/198/145 199/199/144 200/200/141
f 200/200/141 201/201/151 198/198/145
f 202/202/138 203/203/154 204/204/155
f 204/204/155 205/205/139 202/202/138
f 206/206/152 204/204/155 203/203/154
f 203/203/154 207/207/153 206/206/152
f 208/208/139 209/209/155 188/188/148
f 188/188/148 210/210/140 208/208/139
f 191/191/147 211/211/146 212/212/142
f 212/212/142 192/192/145 191/191/147
f 213/213/156 214/214/157 215/215/158
f 215/215/158 216/216/159 213/213/156
f 217/183/160 218/184/161 219/217/162
f 219/217/162 220/218/163 217/183/160
f 221/189/164 222/219/165 223/209/166
f 223/209/166 224/188/167 221/189/164
f 225/197/164 226/220/168 227/221/169
f 227/221/169 228/196/160 225/197/164
f 229/222/161 230/223/156 231/224/170
f 231/224/170 232/225/162 229/222/161
f 233/210/159 234/226/158 235/187/171
f 235/187/171 224/188/167 233/210/159
f 236/191/171 237/192/172 238/212/169
f 238/212/169 239/211/168 236/191/171
f 240/208/173 233/210/159 224/188/167
f 224/188/167 223/209/166 240/208/173
f 241/206/165 242/207/163 243/203/162
f 243/203/162 244/204/166 241/206/165
f 245/202/170 246/205/173 244/204/166
f 244/204/166 243/203/162 245/202/170
f 247/227/174 248/228/175 249/229/176
f 250/230/177 251/231/178 252/232/179
f 249/229/176 248/228/175 253/233/180
f 248/228/175 254/234/181 253/233/180
f 255/235/182 248/228/175 256/236/183
f 256/236/183 248/228/175 257/237/184
f 257/237/184 248/228/175 258/238/185
f 259/239/186 260/240/187 261/241/188
f 248/228/175 262/242/189 258/238/185
f 263/243/190 248/228/175 247/227/174
f 264/244/191 265/245/192 266/246/193
f 267/247/194 268/248/195 269/249/179
f 251/231/178 270/250/196 252/232/179
f 266/246/193 265/245/192 271/251/197
f 272/252/198 261/241/188 260/240/187
f 273/253/199 268/248/195 274/254/200
f 274/254/200 268/248/195 275/255/201
f 276/256/202 277/257/192 278/258/188
f 279/259/203 280/260/176 281/261/204
f 282/262/205 283/263/176 284/264/180
f 285/265/206 284/264/180 286/266/181
f 287/267/207 271/251/197 288/268/208
f 289/269/209 264/244/191 266/246/193
f 290/270/197 291/271/202 292/272/210
f 293/273/211 258/238/185 262/242/189
f 294/274/212 295/275/174 279/259/203
f 275/255/201 267/247/194 296/276/213
f 297/277/214 298/278/184 299/279/185
f 300/280/186 301/281/215 302/282/216
f 261/241/188 303/283/191 259/239/186
f 304/284/217 275/255/201 305/285/218
f 306/286/208 296/276/213 307/287/196
f 307/287/196 267/247/194 269/249/179
f 291/271/202 272/252/198 292/272/210
f 308/288/218 309/289/213 310/290/219
f 311/291/177 268/248/195 273/253/199
f 312/292/220 313/293/221 314/294/222
f 315/295/223 316/296/224 313/293/221
f 317/297/225 318/298/226 315/295/223
f 319/299/227 315/295/223 312/292/220
f 320/300/228 321/301/229 322/302/230
f 323/303/231 321/301/229 324/304/232
f 324/304/232 325/305/233 326/306/234
f 327/307/235 328/308/236 329/309/237
f 330/310/238 331/311/239 332/312/240
f 320/300/228 331/311/239 327/307/235
f 327/307/235 325/305/233 320/300/228
f 326/306/234 333/313/241 334/314/242
f 329/309/237 333/313/241 327/307/235
f 335/315/243 336/316/244 337/317/245
f 337/317/245 338/318/246 339/319/247
f 336/316/244 340/320/248 338/318/246
f 341/321/249 342/322/250 336/316/244
f 343/323/251 342/322/250 323/303/231
f 340/320/248 344/324/252 345/325/253
f 346/326/254 344/324/252 343/323/251
f 347/327/255 348/328/256 349/329/257
f 349/329/257 350/330/258 330/310/238
f 348/328/256 351/331/259 350/330/258
f 352/332/260 353/333/261 348/328/256
f 354/334/262 355/335/263 356/336/264
f 357/337/265 351/331/259 355/335/263
f 358/338/266 359/339/267 357/337/265
f 354/334/262 358/338/266 357/337/265
f 360/340/268 358/338/266 361/341/269
f 362/342/270 363/343/271 364/344/272
f 365/345/273 363/343/271 360/340/268
f 366/346/274 367/347/275 368/348/276
f 369/349/277 370/350/278 371/351/279
f 346/326/254 370/350/278 366/346/274
f 372/352/280 373/353/281 374/354/282
f 375/355/283 373/353/281 376/356/284
f 376/356/284 377/357/285 378/358/286
f 378/358/286 379/359/287 376/356/284
f 376/356/284 380/360/288 375/355/283
f 381/361/289 379/359/287 382/362/290
f 383/363/291 384/364/292 385/365/293
f 385/365/293 386/366/294 387/367/295
f 388/368/296 384/364/292 389/369/297
f 390/370/298 386/366/294 388/368/296
f 387/367/295 391/371/299 392/372/300
f 393/373/301 391/371/299 390/370/298
f 393/373/301 394/374/302 395/375/303
f 396/376/304 394/374/302 397/377/305
f 397/377/305 398/378/306 399/379/307
f 399/379/307 400/380/308 401/381/309
f 388/368/296 400/380/308 390/370/298
f 390/370/298 398/378/306 393/373/301
f 402/382/310 403/383/311 404/384/312
f 405/385/313 406/386/314 407/387/315
f 381/361/289 406/386/314 402/382/310
f 402/382/310 380/360/288 381/361/289
f 375/355/283 408/388/316 409/389/317
f 404/384/312 408/388/316 402/382/310
f 410/390/318 411/391/319 412/392/320
f 396/376/304 413/393/321 414/394/322
f 415/395/323 416/396/321 410/390/318
f 417/397/320 418/398/324 419/399/325
f 399/379/307 418/398/324 397/377/305
f 397/377/305 420/400/319 396/376/304
f 414/394/322 421/401/326 396/376/304
f 421/401/326 422/402/327 361/341/269
f 415/395/323 423/403/328 424/404/322
f 425/405/329 392/372/300 393/373/301
f 387/367/295 426/406/330 427/407/331
f 356/336/264 426/406/330 425/405/329
f 425/405/329 428/408/332 356/336/264
f 396/376/304 429/409/333 395/375/303
f 393/373/301 429/409/333 425/405/329
f 421/401/326 428/408/332 396/376/304
f 356/336/264 430/410/334 354/334/262
f 361/341/269 430/410/334 421/401/326
f 431/411/335 432/412/336 433/413/337
f 434/414/338 435/415/339 436/416/340
f 405/385/313 435/415/339 431/411/335
f 433/413/337 437/417/341 431/411/335
f 431/411/335 403/383/311 405/385/313
f 404/384/312 437/417/341 438/418/342
f 439/419/343 436/416/340 405/385/313
f 434/414/338 440/420/344 441/421/345
f 441/421/345 439/419/343 368/348/276
f 382/362/290 442/422/346 381/361/289
f 443/423/347 444/424/348 445/425/349
f 378/358/286 444/424/348 382/362/290
f 446/426/350 442/422/346 443/423/347
f 381/361/289 447/427/351 407/387/315
f 405/385/313 447/427/351 446/426/350
f 446/426/350 439/419/343 405/385/313
f 368/348/276 448/428/352 449/429/353
f 443/423/347 448/428/352 446/426/350
f 443/423/347 450/430/354 451/431/355
f 451/431/355 452/432/356 339/319/247
f 450/430/354 453/433/357 452/432/356
f 445/425/349 454/434/358 450/430/354
f 368/348/276 455/435/359 441/421/345
f 434/414/338 455/435/359 456/436/360
f 456/436/360 457/437/361 458/438/362
f 367/347/275 457/437/361 368/348/276
f 458/438/362 459/439/363 460/440/364
f 369/349/277 459/439/363 367/347/275
f 323/303/231 461/441/365 462/442/366
f 463/443/367 461/441/365 464/444/368
f 464/444/368 341/321/249 335/315/243
f 356/336/264 465/445/369 427/407/331
f 427/407/331 466/446/370 387/367/295
f 467/447/371 466/446/370 465/445/369
f 468/448/372 465/445/369 469/449/373
f 470/450/374 360/340/268 361/341/269
f 365/345/273 471/451/375 472/452/376
f 458/438/362 471/451/375 470/450/374
f 361/341/269 473/453/377 470/450/374
f 470/450/374 474/454/378 458/438/362
f 415/395/323 475/455/377 476/456/327
f 349/329/257 477/457/379 347/327/255
f 478/458/380 479/459/381 480/460/382
f 330/310/238 479/459/381 349/329/257
f 481/461/255 482/462/383 483/463/384
f 484/464/385 482/462/383 485/465/386
f 485/465/386 486/466/387 487/467/388
f 488/468/243 489/469/389 490/470/390
f 490/470/390 491/471/391 492/472/392
f 493/473/393 489/469/389 494/474/394
f 313/293/221 495/475/395 314/294/222
f 496/476/396 497/477/397 498/478/398
f 316/296/224 497/477/397 313/293/221
f 499/479/399 500/480/400 501/481/401
f 502/482/402 503/483/403 504/484/404
f 505/485/320 506/486/403 499/479/399
f 501/481/401 507/487/405 499/479/399
f 499/479/399 508/488/318 505/485/320
f 509/489/323 507/487/405 510/490/406
f 511/491/407 512/492/408 513/493/409
f 514/494/295 512/492/408 515/495/293
f 515/495/293 516/496/410 517/497/291
f 518/498/411 516/496/410 511/491/407
f 517/497/291 519/499/412 520/500/413
f 521/501/414 519/499/412 518/498/411
f 501/481/401 522/502/415 523/503/416
f 511/491/407 522/502/415 518/498/411
f 518/498/411 524/504/417 521/501/414
f 500/480/400 524/504/417 501/481/401
f 521/501/414 525/505/418 526/506/419
f 527/507/402 525/505/418 500/480/400
f 319/299/227 528/508/420 529/509/421
f 530/510/338 528/508/420 531/511/336
f 531/511/336 532/512/422 533/513/337
f 534/514/423 532/512/422 319/299/227
f 433/413/337 535/515/424 536/516/425
f 537/517/426 535/515/424 538/518/423
f 539/519/427 534/514/423 319/299/227
f 540/520/426 541/521/428 542/522/429
f 543/523/430 541/521/428 539/519/427
f 319/299/227 544/524/431 539/519/427
f 539/519/427 545/525/432 543/523/430
f 314/294/222 544/524/431 312/292/220
f 546/526/433 547/527/434 458/438/362
f 548/528/435 549/529/436 550/530/437
f 551/531/438 552/532/436 553/533/433
f 554/534/439 555/535/440 493/473/393
f 556/536/396 557/537/441 558/538/442
f 559/539/443 560/540/441 554/534/439
f 561/541/444 562/542/358 563/543/286
f 564/544/357 565/545/445 566/546/446
f 559/539/443 565/545/445 561/541/444
f 567/547/447 317/297/225 319/299/227
f 568/548/448 569/549/449 317/297/225
f 570/550/434 571/551/450 568/548/448
f 572/552/362 568/548/448 567/547/447
f 319/299/227 573/553/451 567/547/447
f 567/547/447 574/554/360 572/552/362
f 530/510/338 573/553/451 529/509/421
f 490/470/390 575/555/368 488/468/243
f 576/556/367 577/557/452 578/558/453
f 578/558/453 490/470/390 492/472/392
f 484/464/385 579/559/454 483/463/384
f 483/463/384 580/560/455 481/461/255
f 579/559/454 581/561/456 580/560/455
f 582/562/457 579/559/454 583/563/458
f 584/564/459 513/493/409 514/494/295
f 585/565/460 511/491/407 513/493/409
f 586/566/461 587/567/462 585/565/460
f 582/562/457 585/565/460 584/564/459
f 588/568/463 523/503/416 511/491/407
f 589/569/464 501/481/401 523/503/416
f 590/570/465 591/571/466 589/569/464
f 592/572/467 589/569/464 588/568/463
f 587/567/462 588/568/463 511/491/407
f 592/572/467 593/573/468 594/574/469
f 595/575/470 593/573/468 587/567/462
f 501/481/401 596/576/471 510/490/406
f 509/489/323 596/576/471 597/577/378
f 597/577/378 598/578/472 572/552/362
f 591/571/466 599/579/473 501/481/401
f 600/580/474 601/581/475 602/582/476
f 603/583/477 601/581/475 591/571/466
f 604/584/379 486/466/387 481/461/255
f 486/466/387 605/585/478 487/467/388
f 606/586/380 607/587/479 604/584/379
f 608/588/480 609/589/481 458/438/362
f 329/309/237 610/590/482 334/314/242
f 326/306/234 610/590/482 608/588/480
f 611/591/483 545/525/432 314/294/222
f 543/523/430 612/592/484 613/593/485
f 614/594/280 612/592/484 611/591/483
f 314/294/222 615/595/486 611/591/483
f 611/591/483 616/596/285 614/594/280
f 563/543/286 615/595/486 617/597/487
f 618/598/488 619/599/489 620/600/490
f 551/531/438 621/601/491 622/602/437
f 622/602/437 618/598/488 623/603/435
f 485/465/386 624/604/492 484/464/385
f 625/605/493 626/606/494 627/607/495
f 487/467/388 626/606/494 485/465/386
f 628/608/496 491/471/391 493/473/393
f 492/472/392 629/609/497 630/610/498
f 631/611/499 629/609/497 628/608/496
f 632/612/500 633/613/501 623/603/435
f 633/613/501 634/614/502 493/473/393
f 635/615/503 636/616/504 632/612/500
f 637/617/505 638/618/506 625/605/493
f 631/611/499 639/619/507 630/610/498
f 492/472/392 639/619/507 637/617/505
f 637/617/505 640/620/508 492/472/392
f 487/467/388 641/621/509 627/607/495
f 625/605/493 641/621/509 637/617/505
f 642/622/510 643/623/511 625/605/493
f 620/600/490 644/624/512 645/625/513
f 645/625/513 642/622/510 635/615/503
f 635/615/503 646/626/514 647/627/515
f 631/611/499 646/626/514 638/618/506
f 638/618/506 642/622/510 625/605/493
f 623/603/435 648/628/516 632/612/500
f 635/615/503 648/628/516 645/625/513
f 645/625/513 618/598/488 620/600/490
f 634/614/502 628/608/496 493/473/393
f 628/608/496 647/627/515 631/611/499
f 635/615/503 649/629/517 634/614/502
f 650/630/518 619/599/489 551/531/438
f 620/600/490 651/631/519 652/632/520
f 652/632/520 650/630/518 484/464/385
f 624/604/492 652/632/520 484/464/385
f 620/600/490 653/633/521 643/623/511
f 643/623/511 624/604/492 625/605/493
f 654/634/522 364/344/272 365/345/273
f 655/635/523 362/342/270 364/344/272
f 328/308/236 656/636/524 655/635/523
f 329/309/237 655/635/523 654/634/522
f 559/539/443 657/637/525 566/546/446
f 657/637/525 564/544/357 566/546/446
f 494/474/394 658/638/526 657/637/525
f 493/473/393 657/637/525 554/534/439
f 582/562/457 659/639/527 586/566/461
f 595/575/470 659/639/527 660/640/528
f 660/640/528 583/563/458 484/464/385
f 660/640/528 594/574/469 595/575/470
f 661/641/529 592/572/467 594/574/469
f 650/630/518 662/642/530 661/641/529
f 660/640/528 650/630/518 661/641/529
f 663/643/477 664/644/531 665/645/476
f 666/646/474 664/644/531 667/647/473
f 599/579/473 598/578/472 501/481/401
f 572/552/362 668/648/531 553/533/433
f 553/533/433 669/649/532 551/531/438
f 453/433/357 670/650/533 452/432/356
f 339/319/247 670/650/533 337/317/245
f 337/317/245 671/651/526 335/315/243
f 369/349/277 672/652/534 460/440/364
f 460/440/364 608/588/480 458/438/362
f 326/306/234 672/652/534 673/653/535
f 468/448/372 674/654/536 467/447/371
f 675/655/456 674/654/536 676/656/455
f 676/656/455 352/332/260 347/327/255
f 316/296/224 677/657/537 498/478/398
f 498/478/398 555/535/440 496/476/396
f 633/613/501 555/535/440 677/657/537
f 678/658/538 633/613/501 677/657/537
f 366/346/274 345/325/253 346/326/254
f 679/659/539 340/320/248 345/325/253
f 449/429/353 680/660/540 679/659/539
f 366/346/274 449/429/353 679/659/539
f 362/342/270 681/661/541 359/339/267
f 351/331/259 681/661/541 350/330/258
f 350/330/258 656/636/524 330/310/238
f 346/326/254 682/662/542 371/351/279
f 371/351/279 673/653/535 369/349/277
f 682/662/542 326/306/234 673/653/535
f 343/323/251 324/304/232 682/662/542
f 559/539/443 683/663/543 684/664/442
f 684/664/442 495/475/395 496/476/396
f 683/663/543 314/294/222 495/475/395
f 561/541/444 617/597/487 683/663/543
f 582/562/457 685/665/544 686/666/545
f 581/561/456 685/665/544 687/667/370
f 687/667/370 584/564/459 514/494/295
f 592/572/467 688/668/546 590/570/465
f 663/643/477 689/669/546 690/670/532
f 669/649/532 662/642/530 551/531/438
f 569/549/449 691/671/547 318/298/226
f 316/296/224 691/671/547 678/658/538
f 692/672/538 693/673/450 548/528/435
f 609/589/481 472/452/376 458/438/362
f 365/345/273 694/674/548 654/634/522
f 329/309/237 694/674/548 609/589/481
f 340/320/248 695/675/549 338/318/246
f 339/319/247 695/675/549 451/431/355
f 451/431/355 680/660/540 443/423/347
f 468/448/372 696/676/550 353/333/261
f 351/331/259 696/676/550 355/335/263
f 355/335/263 469/449/373 356/336/264
f 578/558/453 697/677/551 698/678/552
f 374/354/282 409/389/317 438/418/342
f 699/679/413 700/680/419 504/484/404
f 701/681/553 702/682/554 703/683/555
f 578/558/453 704/684/553 576/556/367
f 487/467/388 705/685/556 640/620/508
f 330/310/238 706/686/557 480/460/382
f 332/312/240 707/687/558 330/310/238
f 492/472/392 705/685/556 697/677/551
f 462/442/366 701/681/553 708/688/559
f 332/312/240 709/689/560 710/690/561
f 480/460/382 711/691/562 478/458/380
f 322/302/230 709/689/560 320/300/228
f 605/585/478 712/692/562 713/693/563
f 323/303/231 708/688/559 714/694/564
f 322/302/230 714/694/564 715/695/565
f 605/585/478 716/696/566 487/467/388
f 717/697/41 78/78/65 67/67/54
f 718/698/567 72/72/59 719/699/568
f 720/700/569 719/699/568 721/701/570
f 72/72/59 721/701/570 719/699/568
f 722/702/571 723/703/572 724/704/573
f 725/705/574 723/703/572 726/706/575
f 727/707/576 726/706/575 723/703/572
f 727/707/576 73/73/60 728/708/577
f 720/700/569 728/708/577 718/698/567
f 71/71/58 728/708/577 73/73/60
f 729/709/578 730/710/579 731/711/580
f 732/712/581 730/710/579 733/713/582
f 734/714/583 733/713/582 730/710/579
f 734/714/583 735/715/584 736/716/585
f 737/717/574 736/716/585 738/718/573
f 739/719/571 736/716/585 735/715/584
f 66/66/53 740/720/586 741/721/587
f 742/722/588 743/723/586 744/724/589
f 77/77/64 745/725/589 740/720/586
f 66/66/53 746/726/590 747/727/591
f 748/728/592 747/727/591 746/726/590
f 749/729/588 746/726/590 741/721/587
f 750/730/593 747/727/591 751/731/594
f 752/732/49 751/731/594 753/733/595
f 754/734/596 751/731/594 747/727/591
f 63/63/50 755/735/597 721/701/570
f 756/736/598 721/701/570 755/735/597
f 757/737/599 756/736/598 755/735/597
f 742/722/588 758/738/600 759/739/598
f 760/740/601 759/739/598 758/738/600
f 744/724/589 760/740/601 758/738/600
f 760/740/601 761/741/602 762/742/603
f 763/743/569 762/742/603 764/744/604
f 765/745/605 762/742/603 761/741/602
f 766/746/575 767/747/606 768/748/607
f 769/749/574 768/748/607 770/750/582
f 767/747/606 770/750/582 768/748/607
f 771/751/608 767/747/606 772/752/609
f 765/745/605 772/752/609 764/744/604
f 767/747/606 764/744/604 772/752/609
f 773/753/610 748/728/592 774/754/611
f 63/63/50 774/754/611 757/737/599
f 749/729/588 774/754/611 748/728/592
f 773/753/610 775/755/44 776/756/612
f 754/734/596 776/756/612 777/757/613
f 778/758/47 776/756/612 775/755/44
f 752/732/49 779/759/614 780/760/48
f 777/757/613 780/760/48 779/759/614
f 753/733/595 777/757/613 779/759/614
f 781/761/615 782/762/616 783/763/617
f 784/764/66 785/765/616 761/741/602
f 786/766/618 787/767/602 788/768/616
f 789/769/618 790/770/619 791/771/620
f 792/772/605 791/771/620 793/773/621
f 794/774/622 791/771/620 790/770/619
f 795/775/581 796/776/623 797/777/580
f 798/778/578 796/776/623 799/779/624
f 800/780/625 799/779/624 796/776/623
f 801/781/624 74/74/61 802/782/626
f 803/783/578 802/782/626 804/784/584
f 74/74/61 804/784/584 802/782/626
f 805/785/66 806/786/41 44/44/31
f 38/38/29 52/52/39 807/787/38
f 808/788/627 46/46/36 41/41/32
f 809/789/615 48/48/38 810/790/36
f 800/780/625 811/791/608 812/792/628
f 794/774/622 812/792/628 793/773/621
f 792/772/605 812/792/628 811/791/608
f 71/71/58 813/793/629 814/794/630
f 815/795/631 814/794/630 813/793/629
f 816/796/622 813/793/629 76/76/63
f 817/797/631 790/770/619 818/798/632
f 819/799/615 820/800/633 814/794/630
f 69/69/56 814/794/630 821/801/633
f 822/802/41 823/803/633 824/804/634
f 825/805/56 823/803/633 822/802/41
f 826/806/50 827/807/635 58/58/45
f 828/808/593 58/58/45 827/807/635
f 829/809/53 827/807/635 830/810/52
f 302/282/216 831/811/636 832/812/637
f 260/240/187 833/813/216 834/814/638
f 274/254/200 835/815/639 273/253/199
f 260/240/187 836/816/640 304/284/217
f 837/817/641 838/818/215 839/819/209
f 840/820/207 841/821/642 842/822/643
f 250/230/177 841/821/642 251/231/178
f 843/823/199 844/824/644 845/825/177
f 846/826/182 847/827/636 837/817/641
f 832/812/637 848/828/183 298/278/184
f 833/813/216 849/829/214 834/814/638
f 850/830/639 294/274/212 279/259/203
f 834/814/638 293/273/211 836/816/640
f 851/831/643 282/262/205 285/265/206
f 852/832/644 282/262/205 853/833/642
f 850/830/639 281/261/204 844/824/644
f 839/819/209 854/834/206 837/817/641
f 855/835/645 293/273/211 856/836/212
f 266/246/193 857/837/643 289/269/209
f 304/284/217 855/835/645 274/254/200
f 308/288/218 858/838/210 859/839/198
f 292/272/210 306/286/208 290/270/197
f 272/252/198 304/284/217 305/285/218
f 293/273/211 263/243/190 856/836/212
f 270/250/196 840/820/207 860/840/208
f 837/817/641 861/841/181 846/826/182
f 4/4/4 862/23/9 24/24/21
f 863/25/646 1/1/1 864/842/13
f 6/6/6 2/2/2 865/843/647
f 866/844/12 11/11/11 867/845/646
f 865/843/647 24/24/21 6/6/6
f 864/842/13 3/3/3 22/22/20
f 807/787/38 868/846/615 869/98/617
f 16/16/14 870/101/22 871/847/23
f 49/49/39 872/848/40 873/849/648
f 30/30/25 873/849/648 872/848/40
f 47/47/37 874/850/648 56/56/43
f 34/34/26 28/28/16 875/851/649
f 20/20/18 51/51/40 37/37/28
f 876/852/30 45/45/35 877/853/649
f 17/17/15 878/854/42 877/853/649
f 879/855/617 880/856/627 881/857/615
f 805/785/66 882/858/634 879/855/617
f 806/786/41 882/858/634 805/785/66
f 883/859/35 42/42/33 56/56/43
f 38/38/29 884/860/650 885/96/34
f 885/96/34 884/860/650 869/98/617
f 886/99/17 870/101/22 887/861/27
f 16/16/14 18/18/16 871/847/23
f 886/99/17 888/862/19 887/861/27
f 26/26/22 28/28/16 34/34/26
f 889/863/24 890/864/18 891/865/17
f 33/33/24 34/34/26 55/55/25
f 35/35/27 36/36/15 892/866/14
f 37/37/28 39/39/30 54/54/42
f 40/40/31 42/42/33 883/859/35
f 43/43/34 45/45/35 876/852/30
f 46/46/36 42/42/33 41/41/32
f 48/48/38 50/50/37 810/790/36
f 37/37/28 52/52/39 38/38/29
f 41/41/32 53/53/41 893/867/634
f 21/21/19 54/54/42 36/36/15
f 55/55/25 56/56/43 874/850/648
f 57/57/44 826/806/50 58/58/45
f 60/60/47 57/57/44 59/59/46
f 62/62/49 61/61/48 59/59/46
f 63/63/50 68/68/55 64/64/51
f 66/66/53 65/65/52 64/64/51
f 68/68/55 717/697/41 67/67/54
f 825/805/56 822/802/41 894/868/55
f 71/71/58 69/69/56 70/70/57
f 63/63/50 72/72/59 70/70/57
f 73/73/60 895/869/571 74/74/61
f 71/71/58 73/73/60 75/75/62
f 74/74/61 816/796/622 76/76/63
f 77/77/64 66/66/53 67/67/54
f 79/79/66 896/870/64 80/80/65
f 822/802/41 897/871/67 898/872/65
f 718/698/567 71/71/58 72/72/59
f 720/700/569 718/698/567 719/699/568
f 72/72/59 63/63/50 721/701/570
f 722/702/571 727/707/576 723/703/572
f 725/705/574 724/704/573 723/703/572
f 727/707/576 720/700/569 726/706/575
f 727/707/576 722/702/571 73/73/60
f 720/700/569 727/707/576 728/708/577
f 71/71/58 718/698/567 728/708/577
f 729/709/578 734/714/583 730/710/579
f 732/712/581 731/711/580 730/710/579
f 734/714/583 737/717/574 733/713/582
f 734/714/583 729/709/578 735/715/584
f 737/717/574 734/714/583 736/716/585
f 739/719/571 738/718/573 736/716/585
f 66/66/53 77/77/64 740/720/586
f 742/722/588 899/873/587 743/723/586
f 896/870/64 79/79/66 900/874/589
f 66/66/53 741/721/587 746/726/590
f 748/728/592 754/734/596 747/727/591
f 749/729/588 748/728/592 746/726/590
f 750/730/593 66/66/53 747/727/591
f 752/732/49 750/730/593 751/731/594
f 754/734/596 753/733/595 751/731/594
f 63/63/50 757/737/599 755/735/597
f 756/736/598 720/700/569 721/701/570
f 757/737/599 749/729/588 756/736/598
f 742/722/588 744/724/589 758/738/600
f 760/740/601 763/743/569 759/739/598
f 744/724/589 784/764/66 760/740/601
f 760/740/601 784/764/66 761/741/602
f 763/743/569 760/740/601 762/742/603
f 765/745/605 764/744/604 762/742/603
f 766/746/575 763/743/569 767/747/606
f 769/749/574 766/746/575 768/748/607
f 767/747/606 901/875/581 770/750/582
f 771/751/608 901/875/581 767/747/606
f 765/745/605 771/751/608 772/752/609
f 767/747/606 763/743/569 764/744/604
f 773/753/610 754/734/596 748/728/592
f 63/63/50 773/753/610 774/754/611
f 749/729/588 757/737/599 774/754/611
f 773/753/610 63/63/50 775/755/44
f 754/734/596 773/753/610 776/756/612
f 778/758/47 777/757/613 776/756/612
f 752/732/49 753/733/595 779/759/614
f 777/757/613 778/758/47 780/760/48
f 753/733/595 754/734/596 777/757/613
f 902/876/615 903/877/618 904/878/616
f 79/79/66 905/879/617 906/880/616
f 786/766/618 907/881/605 787/767/602
f 789/769/618 908/882/615 790/770/619
f 792/772/605 789/769/618 791/771/620
f 794/774/622 793/773/621 791/771/620
f 795/775/581 800/780/625 796/776/623
f 798/778/578 797/777/580 796/776/623
f 800/780/625 794/774/622 799/779/624
f 801/781/624 816/796/622 74/74/61
f 803/783/578 801/781/624 802/782/626
f 74/74/61 895/869/571 804/784/584
f 805/785/66 44/44/31 43/43/34
f 38/38/29 807/787/38 884/860/650
f 808/788/627 41/41/32 893/867/634
f 809/789/615 810/790/36 909/883/627
f 800/780/625 795/775/581 811/791/608
f 794/774/622 800/780/625 812/792/628
f 792/772/605 793/773/621 812/792/628
f 71/71/58 76/76/63 813/793/629
f 815/795/631 819/799/615 814/794/630
f 816/796/622 815/795/631 813/793/629
f 819/799/615 815/795/631 910/884/632
f 908/882/615 818/798/632 790/770/619
f 817/797/631 794/774/622 790/770/619
f 819/799/615 911/885/627 820/800/633
f 69/69/56 71/71/58 814/794/630
f 824/804/634 823/803/633 912/886/627
f 826/806/50 830/810/52 827/807/635
f 828/808/593 62/62/49 58/58/45
f 829/809/53 828/808/593 827/807/635
f 807/787/38 869/98/617 884/860/650
f 16/16/14 887/861/27 870/101/22
f 49/49/39 873/849/648 50/50/37
f 30/30/25 872/848/40 31/31/18
f 47/47/37 56/56/43 42/42/33
f 34/34/26 875/851/649 56/56/43
f 20/20/18 37/37/28 21/21/19
f 876/852/30 877/853/649 878/854/42
f 17/17/15 877/853/649 18/18/16
f 880/856/627 879/855/617 882/858/634
f 883/859/35 56/56/43 875/851/649
f 38/38/29 885/96/34 39/39/30
f 886/99/17 913/100/24 870/101/22
f 885/96/34 869/98/617 914/97/66
f 248/228/175 255/235/182 254/234/181
f 248/228/175 263/243/190 262/242/189
f 279/259/203 295/275/174 280/260/176
f 282/262/205 915/887/204 283/263/176
f 285/265/206 282/262/205 284/264/180
f 287/267/207 266/246/193 271/251/197
f 289/269/209 916/888/215 264/244/191
f 290/270/197 917/889/192 291/271/202
f 293/273/211 849/829/214 258/238/185
f 856/836/212 263/243/190 247/227/174
f 275/255/201 268/248/195 267/247/194
f 297/277/214 832/812/637 298/278/184
f 300/280/186 918/890/191 301/281/215
f 278/258/188 277/257/192 919/891/191
f 304/284/217 274/254/200 275/255/201
f 306/286/208 920/892/219 296/276/213
f 307/287/196 296/276/213 267/247/194
f 291/271/202 261/241/188 272/252/198
f 308/288/218 921/893/201 309/289/213
f 311/291/177 269/249/179 268/248/195
f 302/282/216 301/281/215 831/811/636
f 260/240/187 259/239/186 833/813/216
f 274/254/200 855/835/645 835/815/639
f 260/240/187 834/814/638 836/816/640
f 837/817/641 847/827/636 838/818/215
f 840/820/207 251/231/178 841/821/642
f 250/230/177 922/894/644 841/821/642
f 843/823/199 850/830/639 844/824/644
f 923/895/182 924/896/183 925/897/636
f 832/812/637 831/811/636 848/828/183
f 302/282/216 832/812/637 297/277/214
f 850/830/639 926/898/645 294/274/212
f 834/814/638 849/829/214 293/273/211
f 851/831/643 853/833/642 282/262/205
f 852/832/644 915/887/204 282/262/205
f 850/830/639 279/259/203 281/261/204
f 839/819/209 927/899/643 854/834/206
f 855/835/645 836/816/640 293/273/211
f 266/246/193 287/267/207 857/837/643
f 304/284/217 836/816/640 855/835/645
f 308/288/218 310/290/219 858/838/210
f 292/272/210 920/892/219 306/286/208
f 272/252/198 260/240/187 304/284/217
f 293/273/211 262/242/189 263/243/190
f 270/250/196 251/231/178 840/820/207
f 837/817/641 854/834/206 861/841/181
f 1/1/1 5/5/5 2/2/2
f 4/4/4 865/843/647 2/2/2
f 6/6/6 24/24/21 7/7/7
f 9/9/9 928/900/651 10/10/10
f 12/12/12 929/901/646 13/13/13
f 15/15/10 930/15/651 4/4/4
f 6/6/6 8/8/8 22/22/20
f 23/23/11 15/15/10 5/5/5
f 24/24/21 862/23/9 25/25/12
f 32/32/20 931/902/8 14/14/7
f 4/4/4 930/15/651 862/23/9
f 863/25/646 23/23/11 1/1/1
f 6/6/6 3/3/3 2/2/2
f 866/844/12 9/9/9 11/11/11
f 865/843/647 4/4/4 24/24/21
f 864/842/13 1/1/1 3/3/3
f 932/903/652 89/89/75 933/904/86
f 934/38/653 935/39/654 96/96/80
f 936/859/655 937/851/656 938/56/657
f 939/905/70 104/104/87 103/103/75
f 940/856/658 941/855/82 942/858/659
f 943/17/660 944/18/661 945/853/656
f 946/852/654 947/854/662 945/853/656
f 948/20/663 949/21/664 950/37/665
f 951/34/666 938/56/657 937/851/656
f 952/47/667 953/42/668 938/56/657
f 954/30/669 955/31/663 956/848/670
f 957/49/671 958/50/667 959/849/672
f 960/16/673 961/861/674 101/101/85
f 962/787/675 963/860/676 98/98/82
f 964/809/677 965/807/678 966/808/679
f 966/808/679 967/58/680 968/62/681
f 969/806/682 965/807/678 970/810/683
f 971/906/659 972/907/658 973/908/684
f 974/69/685 975/794/686 976/71/687
f 977/799/688 978/800/684 979/885/658
f 980/797/689 981/770/690 982/774/691
f 983/882/688 981/770/690 984/798/692
f 977/799/688 985/884/692 986/795/689
f 987/796/691 988/793/693 986/795/689
f 986/795/689 975/794/686 977/799/688
f 976/71/687 988/793/693 989/76/694
f 990/772/695 991/792/696 992/773/697
f 982/774/691 991/792/696 993/780/698
f 993/780/698 994/791/699 995/775/700
f 996/789/688 997/883/658 998/790/701
f 999/788/658 1000/867/659 1001/41/702
f 934/38/653 963/860/676 962/787/675
f 1002/785/81 1003/43/80 1004/44/703
f 1005/74/704 1006/784/705 1007/869/706
f 1008/783/707 1009/782/708 1010/781/709
f 1010/781/709 1005/74/704 987/796/691
f 993/780/698 1011/779/709 982/774/691
f 1012/778/707 1013/776/710 1014/777/711
f 995/775/700 1013/776/710 993/780/698
f 982/774/691 1015/771/712 992/773/697
f 990/772/695 1015/771/712 1016/769/713
f 1016/769/713 981/770/690 983/882/688
f 1017/766/713 1018/767/714 1019/881/695
f 1020/79/81 1021/880/715 1022/879/82
f 1023/876/688 1024/878/715 1025/877/713
f 1026/733/716 1027/757/717 1028/734/718
f 1027/757/717 1029/760/719 1030/758/720
f 1031/732/681 1032/759/721 1026/733/716
f 1030/758/720 1033/756/722 1027/757/717
f 1028/734/718 1033/756/722 1034/753/723
f 1034/753/723 1035/755/724 1036/63/682
f 1037/729/725 1038/754/726 1039/737/727
f 1036/63/682 1038/754/726 1034/753/723
f 1034/753/723 1040/728/728 1028/734/718
f 1041/747/729 1042/744/730 1043/743/731
f 1044/745/695 1045/752/732 1046/751/699
f 1046/751/699 1041/747/729 1047/875/700
f 1041/747/729 1048/750/733 1047/875/700
f 1049/749/734 1050/748/735 1051/746/736
f 1051/746/736 1041/747/729 1043/743/731
f 1044/745/695 1052/742/737 1042/744/730
f 1043/743/731 1052/742/737 1053/740/738
f 1053/740/738 1054/741/714 1055/764/81
f 1056/724/739 1053/740/738 1055/764/81
f 1053/740/738 1057/739/740 1043/743/731
f 1058/722/725 1059/738/741 1056/724/739
f 1039/737/727 1060/736/740 1037/729/725
f 1060/736/740 1061/701/742 1062/700/731
f 1036/63/682 1063/735/743 1039/737/727
f 1028/734/718 1064/731/744 1026/733/716
f 1031/732/681 1064/731/744 1065/730/679
f 1065/730/679 1066/727/745 1067/66/677
f 1037/729/725 1068/726/746 1040/728/728
f 1040/728/728 1066/727/745 1028/734/718
f 1067/66/677 1068/726/746 1069/721/747
f 1070/870/748 1071/874/739 1020/79/81
f 1058/722/725 1072/723/749 1073/873/747
f 1067/66/677 1074/720/749 1075/77/748
f 1076/719/706 1077/716/750 1078/718/751
f 1079/717/734 1077/716/750 1080/714/752
f 1080/714/752 1081/715/705 1082/709/707
f 1080/714/752 1083/713/733 1079/717/734
f 1084/712/700 1085/710/753 1086/711/711
f 1082/709/707 1085/710/753 1080/714/752
f 976/71/687 1087/708/754 1088/698/755
f 1062/700/731 1087/708/754 1089/707/756
f 1089/707/756 1090/73/757 1091/702/706
f 1089/707/756 1092/706/736 1062/700/731
f 1093/705/734 1094/703/758 1095/704/751
f 1091/702/706 1094/703/758 1089/707/756
f 1096/72/759 1061/701/742 1036/63/682
f 1062/700/731 1097/699/760 1088/698/755
f 1088/698/755 1096/72/759 976/71/687
f 1098/909/761 1099/910/762 1100/911/763
f 1020/79/81 1101/80/762 1070/870/748
f 1075/77/748 1102/67/764 1067/66/677
f 1005/74/704 989/76/694 987/796/691
f 976/71/687 1103/75/765 1090/73/757
f 1090/73/757 1005/74/704 1007/869/706
f 1036/63/682 1104/70/766 1096/72/759
f 976/71/687 1104/70/766 974/69/685
f 1105/912/685 1106/913/767 1107/914/761
f 1106/913/767 1108/915/764 1107/914/761
f 1067/66/677 1109/64/768 1110/65/683
f 1036/63/682 1109/64/768 1111/68/767
f 968/62/681 1112/59/769 1113/61/719
f 1114/60/720 1112/59/769 1115/57/724
f 1115/57/724 967/58/680 969/806/682
f 95/95/79 932/903/652 1116/85/77
f 1117/904/770 1118/916/87 86/86/72
f 82/82/68 1119/917/771 90/90/76
f 1120/918/86 1121/919/770 92/92/71
f 1119/917/771 82/82/68 932/903/652
f 1118/916/87 84/84/70 83/83/69
f 1122/55/669 1123/850/672 938/56/657
f 949/21/664 1124/36/660 1125/54/662
f 1001/41/702 1000/867/659 1126/53/761
f 950/37/665 934/38/653 1127/52/671
f 1128/48/675 998/790/701 958/50/667
f 1129/46/701 1001/41/702 953/42/668
f 1003/43/80 946/852/654 1130/45/655
f 1131/40/703 936/859/655 953/42/668
f 950/37/665 1125/54/662 935/39/654
f 1132/35/674 1133/866/673 1124/36/660
f 1134/33/84 1122/55/669 951/34/666
f 1135/863/84 1136/865/83 1137/864/663
f 1138/26/85 951/34/666 1139/28/661
f 99/99/83 961/861/674 1140/862/664
f 960/16/673 1141/847/772 944/18/661
f 99/99/83 101/101/85 961/861/674
f 96/96/80 98/98/82 963/860/676
f 934/38/653 96/96/80 963/860/676
f 936/859/655 938/56/657 953/42/668
f 1142/786/761 942/858/659 1002/785/81
f 1002/785/81 942/858/659 941/855/82
f 941/855/82 940/856/658 1143/857/688
f 943/17/660 945/853/656 947/854/662
f 946/852/654 945/853/656 1130/45/655
f 948/20/663 950/37/665 1144/51/670
f 951/34/666 937/851/656 1139/28/661
f 952/47/667 938/56/657 1123/850/672
f 954/30/669 956/848/670 959/849/672
f 957/49/671 959/849/672 956/848/670
f 960/16/673 101/101/85 1141/847/772
f 962/787/675 98/98/82 1145/846/688
f 964/809/677 970/810/683 965/807/678
f 966/808/679 965/807/678 967/58/680
f 969/806/682 967/58/680 965/807/678
f 1105/912/685 1107/914/761 973/908/684
f 1107/914/761 971/906/659 973/908/684
f 974/69/685 1146/801/684 975/794/686
f 977/799/688 975/794/686 978/800/684
f 980/797/689 984/798/692 981/770/690
f 987/796/691 989/76/694 988/793/693
f 986/795/689 988/793/693 975/794/686
f 976/71/687 975/794/686 988/793/693
f 990/772/695 994/791/699 991/792/696
f 982/774/691 992/773/697 991/792/696
f 993/780/698 991/792/696 994/791/699
f 996/789/688 998/790/701 1128/48/675
f 999/788/658 1001/41/702 1129/46/701
f 934/38/653 962/787/675 1127/52/671
f 1002/785/81 1004/44/703 1142/786/761
f 1005/74/704 1009/782/708 1006/784/705
f 1008/783/707 1006/784/705 1009/782/708
f 1010/781/709 1009/782/708 1005/74/704
f 993/780/698 1013/776/710 1011/779/709
f 1012/778/707 1011/779/709 1013/776/710
f 995/775/700 1014/777/711 1013/776/710
f 982/774/691 981/770/690 1015/771/712
f 990/772/695 992/773/697 1015/771/712
f 1016/769/713 1015/771/712 981/770/690
f 1017/766/713 1147/768/715 1018/767/714
f 1055/764/81 1054/741/714 1148/765/715
f 1149/761/688 1150/763/82 1151/762/715
f 1026/733/716 1032/759/721 1027/757/717
f 1027/757/717 1032/759/721 1029/760/719
f 1031/732/681 1029/760/719 1032/759/721
f 1030/758/720 1035/755/724 1033/756/722
f 1028/734/718 1027/757/717 1033/756/722
f 1034/753/723 1033/756/722 1035/755/724
f 1037/729/725 1040/728/728 1038/754/726
f 1036/63/682 1039/737/727 1038/754/726
f 1034/753/723 1038/754/726 1040/728/728
f 1041/747/729 1045/752/732 1042/744/730
f 1044/745/695 1042/744/730 1045/752/732
f 1046/751/699 1045/752/732 1041/747/729
f 1041/747/729 1050/748/735 1048/750/733
f 1049/749/734 1048/750/733 1050/748/735
f 1051/746/736 1050/748/735 1041/747/729
f 1044/745/695 1054/741/714 1052/742/737
f 1043/743/731 1042/744/730 1052/742/737
f 1053/740/738 1052/742/737 1054/741/714
f 1056/724/739 1059/738/741 1053/740/738
f 1053/740/738 1059/738/741 1057/739/740
f 1058/722/725 1057/739/740 1059/738/741
f 1039/737/727 1063/735/743 1060/736/740
f 1060/736/740 1063/735/743 1061/701/742
f 1036/63/682 1061/701/742 1063/735/743
f 1028/734/718 1066/727/745 1064/731/744
f 1031/732/681 1026/733/716 1064/731/744
f 1065/730/679 1064/731/744 1066/727/745
f 1037/729/725 1069/721/747 1068/726/746
f 1040/728/728 1068/726/746 1066/727/745
f 1067/66/677 1066/727/745 1068/726/746
f 1075/77/748 1074/720/749 1152/725/739
f 1058/722/725 1056/724/739 1072/723/749
f 1067/66/677 1069/721/747 1074/720/749
f 1076/719/706 1081/715/705 1077/716/750
f 1079/717/734 1078/718/751 1077/716/750
f 1080/714/752 1077/716/750 1081/715/705
f 1080/714/752 1085/710/753 1083/713/733
f 1084/712/700 1083/713/733 1085/710/753
f 1082/709/707 1086/711/711 1085/710/753
f 976/71/687 1090/73/757 1087/708/754
f 1062/700/731 1088/698/755 1087/708/754
f 1089/707/756 1087/708/754 1090/73/757
f 1089/707/756 1094/703/758 1092/706/736
f 1093/705/734 1092/706/736 1094/703/758
f 1091/702/706 1095/704/751 1094/703/758
f 1096/72/759 1097/699/760 1061/701/742
f 1062/700/731 1061/701/742 1097/699/760
f 1088/698/755 1097/699/760 1096/72/759
f 1098/909/761 1153/920/764 1099/910/762
f 1020/79/81 1154/81/763 1101/80/762
f 1075/77/748 1155/78/762 1102/67/764
f 1005/74/704 1103/75/765 989/76/694
f 976/71/687 989/76/694 1103/75/765
f 1090/73/757 1103/75/765 1005/74/704
f 1036/63/682 1111/68/767 1104/70/766
f 976/71/687 1096/72/759 1104/70/766
f 974/69/685 1104/70/766 1111/68/767
f 1111/68/767 1109/64/768 1102/67/764
f 1067/66/677 1102/67/764 1109/64/768
f 1036/63/682 1110/65/683 1109/64/768
f 968/62/681 967/58/680 1112/59/769
f 1114/60/720 1113/61/719 1112/59/769
f 1115/57/724 1112/59/769 967/58/680
f 1122/55/669 938/56/657 951/34/666
f 949/21/664 1125/54/662 950/37/665
f 1001/41/702 1126/53/761 1131/40/703
f 950/37/665 1127/52/671 1144/51/670
f 1128/48/675 958/50/667 957/49/671
f 1129/46/701 953/42/668 952/47/667
f 1003/43/80 1130/45/655 1004/44/703
f 1131/40/703 953/42/668 1001/41/702
f 950/37/665 935/39/654 934/38/653
f 1132/35/674 1124/36/660 949/21/664
f 1134/33/84 951/34/666 1138/26/85
f 1156/29/84 955/31/663 954/30/669
f 1138/26/85 1139/28/661 1157/27/772
f 1158/19/83 949/21/664 948/20/663
f 960/16/673 944/18/661 943/17/660
f 86/86/72 90/90/76 87/87/73
f 95/95/79 90/90/76 1119/917/771
f 82/82/68 89/89/75 932/903/652
f 91/91/77 93/93/78 1159/921/773
f 102/102/86 104/104/87 1160/922/770
f 94/94/78 95/95/79 1161/94/773
f 82/82/68 84/84/70 88/88/74
f 85/85/71 87/87/73 94/94/78
f 932/903/652 933/904/86 1116/85/77
f 939/905/70 103/103/75 1162/923/74
f 95/95/79 1116/85/77 1161/94/773
f 1117/904/770 86/86/72 85/85/71
f 82/82/68 90/90/76 83/83/69
f 1120/918/86 92/92/71 91/91/77
f 1119/917/771 932/903/652 95/95/79
f 1118/916/87 83/83/69 86/86/72
f 1163/924/774 1164/925/775 1165/926/776
f 701/681/553 1166/927/777 708/688/559
f 705/685/556 1167/928/778 1168/929/774
f 708/688/559 1169/930/779 714/694/564
f 705/685/556 1170/931/780 697/677/551
f 715/695/565 1171/932/781 709/689/560
f 714/694/564 1172/933/782 715/695/565
f 1173/934/562 1174/935/775 1175/936/563
f 707/687/558 1176/937/776 1177/938/783
f 713/693/563 1178/939/778 716/696/566
f 710/690/561 1171/932/781 1176/937/776
f 706/686/557 1177/938/783 1179/940/784
f 698/678/552 1170/931/780 1180/941/554
f 711/691/562 1181/942/784 1182/943/785
f 312/292/220 315/295/223 313/293/221
f 315/295/223 318/298/226 316/296/224
f 317/297/225 569/549/449 318/298/226
f 319/299/227 317/297/225 315/295/223
f 320/300/228 325/305/233 321/301/229
f 323/303/231 322/302/230 321/301/229
f 324/304/232 321/301/229 325/305/233
f 327/307/235 331/311/239 328/308/236
f 330/310/238 328/308/236 331/311/239
f 320/300/228 332/312/240 331/311/239
f 327/307/235 333/313/241 325/305/233
f 326/306/234 325/305/233 333/313/241
f 329/309/237 334/314/242 333/313/241
f 335/315/243 341/321/249 336/316/244
f 337/317/245 336/316/244 338/318/246
f 336/316/244 342/322/250 340/320/248
f 341/321/249 323/303/231 342/322/250
f 343/323/251 344/324/252 342/322/250
f 340/320/248 342/322/250 344/324/252
f 346/326/254 345/325/253 344/324/252
f 347/327/255 352/332/260 348/328/256
f 349/329/257 348/328/256 350/330/258
f 348/328/256 353/333/261 351/331/259
f 352/332/260 468/448/372 353/333/261
f 354/334/262 357/337/265 355/335/263
f 357/337/265 359/339/267 351/331/259
f 358/338/266 362/342/270 359/339/267
f 354/334/262 361/341/269 358/338/266
f 360/340/268 363/343/271 358/338/266
f 362/342/270 358/338/266 363/343/271
f 365/345/273 364/344/272 363/343/271
f 366/346/274 370/350/278 367/347/275
f 369/349/277 367/347/275 370/350/278
f 346/326/254 371/351/279 370/350/278
f 372/352/280 377/357/285 373/353/281
f 375/355/283 374/354/282 373/353/281
f 376/356/284 373/353/281 377/357/285
f 378/358/286 382/362/290 379/359/287
f 376/356/284 379/359/287 380/360/288
f 381/361/289 380/360/288 379/359/287
f 383/363/291 389/369/297 384/364/292
f 385/365/293 384/364/292 386/366/294
f 388/368/296 386/366/294 384/364/292
f 390/370/298 391/371/299 386/366/294
f 387/367/295 386/366/294 391/371/299
f 393/373/301 392/372/300 391/371/299
f 393/373/301 398/378/306 394/374/302
f 396/376/304 395/375/303 394/374/302
f 397/377/305 394/374/302 398/378/306
f 399/379/307 398/378/306 400/380/308
f 388/368/296 401/381/309 400/380/308
f 390/370/298 400/380/308 398/378/306
f 402/382/310 406/386/314 403/383/311
f 405/385/313 403/383/311 406/386/314
f 381/361/289 407/387/315 406/386/314
f 402/382/310 408/388/316 380/360/288
f 375/355/283 380/360/288 408/388/316
f 404/384/312 409/389/317 408/388/316
f 410/390/318 416/396/321 411/391/319
f 396/376/304 420/400/319 413/393/321
f 415/395/323 424/404/322 416/396/321
f 417/397/320 420/400/319 418/398/324
f 399/379/307 419/399/325 418/398/324
f 397/377/305 418/398/324 420/400/319
f 414/394/322 1183/944/328 421/401/326
f 421/401/326 1183/944/328 422/402/327
f 415/395/323 476/456/327 423/403/328
f 425/405/329 426/406/330 392/372/300
f 387/367/295 392/372/300 426/406/330
f 356/336/264 427/407/331 426/406/330
f 425/405/329 429/409/333 428/408/332
f 396/376/304 428/408/332 429/409/333
f 393/373/301 395/375/303 429/409/333
f 421/401/326 430/410/334 428/408/332
f 356/336/264 428/408/332 430/410/334
f 361/341/269 354/334/262 430/410/334
f 431/411/335 435/415/339 432/412/336
f 434/414/338 432/412/336 435/415/339
f 405/385/313 436/416/340 435/415/339
f 433/413/337 438/418/342 437/417/341
f 431/411/335 437/417/341 403/383/311
f 404/384/312 403/383/311 437/417/341
f 439/419/343 440/420/344 436/416/340
f 434/414/338 436/416/340 440/420/344
f 441/421/345 440/420/344 439/419/343
f 382/362/290 444/424/348 442/422/346
f 443/423/347 442/422/346 444/424/348
f 378/358/286 445/425/349 444/424/348
f 446/426/350 447/427/351 442/422/346
f 381/361/289 442/422/346 447/427/351
f 405/385/313 407/387/315 447/427/351
f 446/426/350 448/428/352 439/419/343
f 368/348/276 439/419/343 448/428/352
f 443/423/347 449/429/353 448/428/352
f 443/423/347 445/425/349 450/430/354
f 451/431/355 450/430/354 452/432/356
f 450/430/354 454/434/358 453/433/357
f 445/425/349 378/358/286 454/434/358
f 368/348/276 457/437/361 455/435/359
f 434/414/338 441/421/345 455/435/359
f 456/436/360 455/435/359 457/437/361
f 367/347/275 459/439/363 457/437/361
f 458/438/362 457/437/361 459/439/363
f 369/349/277 460/440/364 459/439/363
f 323/303/231 341/321/249 461/441/365
f 463/443/367 462/442/366 461/441/365
f 464/444/368 461/441/365 341/321/249
f 356/336/264 469/449/373 465/445/369
f 427/407/331 465/445/369 466/446/370
f 467/447/371 675/655/456 466/446/370
f 468/448/372 467/447/371 465/445/369
f 470/450/374 471/451/375 360/340/268
f 365/345/273 360/340/268 471/451/375
f 458/438/362 472/452/376 471/451/375
f 361/341/269 422/402/327 473/453/377
f 470/450/374 473/453/377 474/454/378
f 415/395/323 1184/945/378 475/455/377
f 349/329/257 479/459/381 477/457/379
f 478/458/380 477/457/379 479/459/381
f 330/310/238 480/460/382 479/459/381
f 481/461/255 486/466/387 482/462/383
f 484/464/385 483/463/384 482/462/383
f 485/465/386 482/462/383 486/466/387
f 488/468/243 494/474/394 489/469/389
f 490/470/390 489/469/389 491/471/391
f 493/473/393 491/471/391 489/469/389
f 313/293/221 497/477/397 495/475/395
f 496/476/396 495/475/395 497/477/397
f 316/296/224 498/478/398 497/477/397
f 1185/946/399 503/483/403 1186/947/400
f 502/482/402 1186/947/400 503/483/403
f 417/397/320 504/484/404 503/483/403
f 501/481/401 510/490/406 507/487/405
f 499/479/399 507/487/405 508/488/318
f 509/489/323 508/488/318 507/487/405
f 511/491/407 516/496/410 512/492/408
f 514/494/295 513/493/409 512/492/408
f 515/495/293 512/492/408 516/496/410
f 518/498/411 519/499/412 516/496/410
f 517/497/291 516/496/410 519/499/412
f 521/501/414 520/500/413 519/499/412
f 501/481/401 524/504/417 522/502/415
f 511/491/407 523/503/416 522/502/415
f 518/498/411 522/502/415 524/504/417
f 500/480/400 525/505/418 524/504/417
f 521/501/414 524/504/417 525/505/418
f 527/507/402 526/506/419 525/505/418
f 319/299/227 532/512/422 528/508/420
f 530/510/338 529/509/421 528/508/420
f 531/511/336 528/508/420 532/512/422
f 534/514/423 1187/948/424 532/512/422
f 533/513/337 532/512/422 1187/948/424
f 537/517/426 536/516/425 535/515/424
f 539/519/427 541/521/428 534/514/423
f 540/520/426 534/514/423 541/521/428
f 543/523/430 542/522/429 541/521/428
f 319/299/227 312/292/220 544/524/431
f 539/519/427 544/524/431 545/525/432
f 314/294/222 545/525/432 544/524/431
f 553/533/433 552/532/436 570/550/434
f 623/603/435 570/550/434 552/532/436
f 1188/949/438 550/530/437 549/529/436
f 554/534/439 560/540/441 555/535/440
f 496/476/396 555/535/440 560/540/441
f 559/539/443 684/664/442 560/540/441
f 561/541/444 565/545/445 562/542/358
f 564/544/357 562/542/358 565/545/445
f 559/539/443 566/546/446 565/545/445
f 567/547/447 568/548/448 317/297/225
f 568/548/448 571/551/450 569/549/449
f 570/550/434 623/603/435 571/551/450
f 572/552/362 570/550/434 568/548/448
f 319/299/227 529/509/421 573/553/451
f 567/547/447 573/553/451 574/554/360
f 530/510/338 574/554/360 573/553/451
f 490/470/390 577/557/452 575/555/368
f 576/556/367 575/555/368 577/557/452
f 578/558/453 577/557/452 490/470/390
f 484/464/385 583/563/458 579/559/454
f 483/463/384 579/559/454 580/560/455
f 579/559/454 686/666/545 581/561/456
f 582/562/457 686/666/545 579/559/454
f 584/564/459 585/565/460 513/493/409
f 585/565/460 587/567/462 511/491/407
f 586/566/461 595/575/470 587/567/462
f 582/562/457 586/566/461 585/565/460
f 588/568/463 589/569/464 523/503/416
f 589/569/464 591/571/466 501/481/401
f 590/570/465 603/583/477 591/571/466
f 592/572/467 590/570/465 589/569/464
f 587/567/462 593/573/468 588/568/463
f 592/572/467 588/568/463 593/573/468
f 595/575/470 594/574/469 593/573/468
f 501/481/401 598/578/472 596/576/471
f 509/489/323 510/490/406 596/576/471
f 597/577/378 596/576/471 598/578/472
f 591/571/466 601/581/475 599/579/473
f 600/580/474 599/579/473 601/581/475
f 603/583/477 602/582/476 601/581/475
f 604/584/379 607/587/479 486/466/387
f 486/466/387 607/587/479 605/585/478
f 606/586/380 605/585/478 607/587/479
f 608/588/480 610/590/482 609/589/481
f 329/309/237 609/589/481 610/590/482
f 326/306/234 334/314/242 610/590/482
f 611/591/483 612/592/484 545/525/432
f 543/523/430 545/525/432 612/592/484
f 614/594/280 613/593/485 612/592/484
f 314/294/222 617/597/487 615/595/486
f 611/591/483 615/595/486 616/596/285
f 563/543/286 616/596/285 615/595/486
f 618/598/488 621/601/491 619/599/489
f 551/531/438 619/599/489 621/601/491
f 622/602/437 621/601/491 618/598/488
f 485/465/386 626/606/494 624/604/492
f 625/605/493 624/604/492 626/606/494
f 487/467/388 627/607/495 626/606/494
f 628/608/496 629/609/497 491/471/391
f 492/472/392 491/471/391 629/609/497
f 631/611/499 630/610/498 629/609/497
f 632/612/500 636/616/504 633/613/501
f 633/613/501 636/616/504 634/614/502
f 635/615/503 634/614/502 636/616/504
f 637/617/505 639/619/507 638/618/506
f 631/611/499 638/618/506 639/619/507
f 492/472/392 630/610/498 639/619/507
f 637/617/505 641/621/509 640/620/508
f 487/467/388 640/620/508 641/621/509
f 625/605/493 627/607/495 641/621/509
f 642/622/510 644/624/512 643/623/511
f 620/600/490 643/623/511 644/624/512
f 645/625/513 644/624/512 642/622/510
f 635/615/503 642/622/510 646/626/514
f 631/611/499 647/627/515 646/626/514
f 638/618/506 646/626/514 642/622/510
f 623/603/435 618/598/488 648/628/516
f 635/615/503 632/612/500 648/628/516
f 645/625/513 648/628/516 618/598/488
f 634/614/502 649/629/517 628/608/496
f 628/608/496 649/629/517 647/627/515
f 635/615/503 647/627/515 649/629/517
f 650/630/518 651/631/519 619/599/489
f 620/600/490 619/599/489 651/631/519
f 652/632/520 651/631/519 650/630/518
f 624/604/492 653/633/521 652/632/520
f 620/600/490 652/632/520 653/633/521
f 643/623/511 653/633/521 624/604/492
f 654/634/522 655/635/523 364/344/272
f 655/635/523 656/636/524 362/342/270
f 328/308/236 330/310/238 656/636/524
f 329/309/237 328/308/236 655/635/523
f 559/539/443 554/534/439 657/637/525
f 657/637/525 658/638/526 564/544/357
f 494/474/394 488/468/243 658/638/526
f 493/473/393 494/474/394 657/637/525
f 582/562/457 583/563/458 659/639/527
f 595/575/470 586/566/461 659/639/527
f 660/640/528 659/639/527 583/563/458
f 660/640/528 661/641/529 594/574/469
f 661/641/529 662/642/530 592/572/467
f 650/630/518 551/531/438 662/642/530
f 660/640/528 484/464/385 650/630/518
f 603/583/477 669/649/532 668/648/531
f 666/646/474 665/645/476 664/644/531
f 599/579/473 668/648/531 598/578/472
f 572/552/362 598/578/472 668/648/531
f 553/533/433 668/648/531 669/649/532
f 453/433/357 671/651/526 670/650/533
f 339/319/247 452/432/356 670/650/533
f 337/317/245 670/650/533 671/651/526
f 369/349/277 673/653/535 672/652/534
f 460/440/364 672/652/534 608/588/480
f 326/306/234 608/588/480 672/652/534
f 468/448/372 352/332/260 674/654/536
f 675/655/456 467/447/371 674/654/536
f 676/656/455 674/654/536 352/332/260
f 316/296/224 678/658/538 677/657/537
f 498/478/398 677/657/537 555/535/440
f 633/613/501 493/473/393 555/535/440
f 678/658/538 623/603/435 633/613/501
f 366/346/274 679/659/539 345/325/253
f 679/659/539 680/660/540 340/320/248
f 449/429/353 443/423/347 680/660/540
f 366/346/274 368/348/276 449/429/353
f 362/342/270 656/636/524 681/661/541
f 351/331/259 359/339/267 681/661/541
f 350/330/258 681/661/541 656/636/524
f 346/326/254 343/323/251 682/662/542
f 371/351/279 682/662/542 673/653/535
f 682/662/542 324/304/232 326/306/234
f 343/323/251 323/303/231 324/304/232
f 559/539/443 561/541/444 683/663/543
f 684/664/442 683/663/543 495/475/395
f 683/663/543 617/597/487 314/294/222
f 561/541/444 563/543/286 617/597/487
f 582/562/457 584/564/459 685/665/544
f 581/561/456 686/666/545 685/665/544
f 687/667/370 685/665/544 584/564/459
f 592/572/467 662/642/530 688/668/546
f 603/583/477 590/570/465 688/668/546
f 690/670/532 689/669/546 1189/950/530
f 1190/951/449 693/673/450 1191/952/547
f 1192/953/224 1193/954/226 1191/952/547
f 692/672/538 1191/952/547 693/673/450
f 609/589/481 694/674/548 472/452/376
f 365/345/273 472/452/376 694/674/548
f 329/309/237 654/634/522 694/674/548
f 340/320/248 680/660/540 695/675/549
f 339/319/247 338/318/246 695/675/549
f 451/431/355 695/675/549 680/660/540
f 468/448/372 469/449/373 696/676/550
f 351/331/259 353/333/261 696/676/550
f 355/335/263 696/676/550 469/449/373
f 578/558/453 492/472/392 697/677/551
f 438/418/342 433/413/337 374/354/282
f 433/413/337 536/516/425 1194/955/485
f 374/354/282 433/413/337 372/352/280
f 536/516/425 537/517/426 1195/956/429
f 1195/956/429 1196/957/430 1194/955/485
f 1194/955/485 372/352/280 433/413/337
f 374/354/282 375/355/283 409/389/317
f 409/389/317 404/384/312 438/418/342
f 536/516/425 1195/956/429 1194/955/485
f 504/484/404 417/397/320 699/679/413
f 417/397/320 419/399/325 389/369/297
f 389/369/297 419/399/325 401/381/309
f 419/399/325 399/379/307 401/381/309
f 401/381/309 388/368/296 389/369/297
f 389/369/297 383/363/291 417/397/320
f 383/363/291 699/679/413 417/397/320
f 699/679/413 1197/958/414 700/680/419
f 700/680/419 502/482/402 504/484/404
f 704/684/553 698/678/552 1198/959/554
f 578/558/453 698/678/552 704/684/553
f 487/467/388 716/696/566 705/685/556
f 330/310/238 707/687/558 706/686/557
f 332/312/240 710/690/561 707/687/558
f 492/472/392 640/620/508 705/685/556
f 462/442/366 463/443/367 701/681/553
f 332/312/240 320/300/228 709/689/560
f 480/460/382 706/686/557 711/691/562
f 322/302/230 715/695/565 709/689/560
f 605/585/478 606/586/380 712/692/562
f 323/303/231 462/442/366 708/688/559
f 322/302/230 323/303/231 714/694/564
f 605/585/478 713/693/563 716/696/566
f 1164/925/775 1199/960/785 1165/926/776
f 1199/960/785 1200/961/784 1165/926/776
f 1200/961/784 1201/962/783 1165/926/776
f 1165/926/776 1202/963/781 1163/924/774
f 1202/963/781 1203/964/782 1163/924/774
f 1203/964/782 1204/965/779 1205/966/777
f 1205/966/777 1206/967/555 1207/968/554
f 1207/968/554 1208/969/780 1163/924/774
f 1163/924/774 1209/970/778 1164/925/775
f 1203/964/782 1205/966/777 1207/968/554
f 1163/924/774 1203/964/782 1207/968/554
f 701/681/553 703/683/555 1166/927/777
f 705/685/556 716/696/566 1167/928/778
f 708/688/559 1166/927/777 1169/930/779
f 705/685/556 1168/929/774 1210/971/780
f 715/695/565 1172/933/782 1171/932/781
f 714/694/564 1169/930/779 1172/933/782
f 1173/934/562 1211/972/785 1174/935/775
f 707/687/558 710/690/561 1176/937/776
f 1175/936/563 1174/935/775 1212/973/778
f 710/690/561 709/689/560 1171/932/781
f 706/686/557 707/687/558 1177/938/783
f 698/678/552 697/677/551 1170/931/780
f 711/691/562 706/686/557 1181/942/784
f 1213/974/786 1214/975/101 1215/976/787
f 1215/976/787 1216/977/788 1213/974/786
f 1217/978/789 156/156/130 155/155/129
f 155/155/129 1218/979/790 1217/978/789
f 1219/980/791 1220/981/792 1221/982/793
f 1221/982/793 1222/983/794 1219/980/791
f 1223/984/795 1224/985/132 1225/986/796
f 1225/986/796 1226/987/797 1223/984/795
f 1227/986/798 1226/987/797 1225/986/796
f 1228/988/799 1229/989/800 1230/990/801
f 1230/990/801 1231/991/788 1228/988/799
f 1229/989/800 1232/992/791 1233/993/794
f 1233/993/794 1230/990/801 1229/989/800
f 1230/990/801 1233/993/794 1217/978/789
f 1217/978/789 1218/979/790 1230/990/801
f 1231/991/788 1230/990/801 1218/979/790
f 1218/979/790 1234/994/786 1231/991/788
f 1225/986/796 1235/995/126 1236/996/100
f 1236/996/100 1227/986/798 1225/986/796
f 1236/996/100 1237/986/802 1227/986/798
f 1226/987/797 1227/986/798 1237/986/802
f 1237/986/802 157/157/131 1226/987/797
f 1238/997/803 1239/998/804 1220/981/792
f 1220/981/792 1219/980/791 1238/997/803
f 1240/999/805 1241/1000/806 1242/1001/799
f 1242/1001/799 1243/1002/807 1240/999/805
f 1244/1003/808 1245/1004/803 1232/992/791
f 1232/992/791 1229/989/800 1244/1003/808
f 1246/1005/797 1221/982/793 1220/981/792
f 1221/982/793 1246/1005/797 174/174/131
f 174/174/131 1247/1006/130 1221/982/793
f 1222/983/794 1221/982/793 1247/1006/130
f 1247/1006/130 1248/1007/789 1222/983/794
f 156/156/130 157/157/131 1237/986/802
f 1237/986/802 155/155/129 156/156/130
f 155/155/129 1237/986/802 1236/996/100
f 1236/996/100 173/173/101 155/155/129
f 1218/979/790 155/155/129 173/173/101
f 173/173/101 1234/994/786 1218/979/790
f 117/117/100 1249/1008/787 118/118/101
f 1249/1008/787 117/117/100 152/152/126
f 152/152/126 1250/1009/807 1249/1008/787
f 1216/977/788 1215/976/787 1243/1002/807
f 1243/1002/807 1242/1001/799 1216/977/788
f 1251/1010/806 1252/1011/805 1253/1012/809
f 1253/1012/809 1254/1013/808 1251/1010/806
f 1252/1011/805 1255/1014/122 160/160/132
f 160/160/132 1253/1012/809 1252/1011/805
f 1256/1015/809 1257/1016/132 1258/1017/795
f 1258/1017/795 1259/1018/804 1256/1015/809
f 1260/1019/808 1256/1015/809 1259/1018/804
f 1259/1018/804 1261/1020/803 1260/1019/808
f 148/148/122 1262/1021/805 1250/1009/807
f 1250/1009/807 152/152/126 148/148/122
f 1224/985/132 1263/1022/122 1235/995/126
f 1235/995/126 1225/986/796 1224/985/132
f 1264/1023/806 1244/1003/808 1229/989/800
f 1229/989/800 1228/988/799 1264/1023/806
f 1239/998/804 1265/1024/795 1246/1005/797
f 1246/1005/797 1220/981/792 1239/998/804
f 177/177/116 153/153/127 117/117/100
f 117/117/100 128/128/110 177/177/116
f 150/150/124 109/109/92 108/108/91
f 108/108/91 175/175/115 150/150/124
f 151/151/125 1265/1024/795 144/144/118
f 144/144/118 143/143/117 151/151/125
f 149/149/123 153/153/127 121/121/103
f 121/121/103 146/146/120 149/149/123
f 151/151/125 150/150/124 174/174/131
f 174/174/131 1246/1005/797 151/151/125
f 1257/1016/132 1266/1025/118 1258/1017/795
f 162/162/133 1267/1026/135 1268/1027/136
f 1268/1027/136 163/163/134 162/162/133
f 147/147/121 146/146/120 105/105/88
f 105/105/88 166/166/133 147/147/121
f 1255/1014/122 161/161/121 160/160/132
f 148/148/122 152/152/126 149/149/123
f 1246/1005/797 1265/1024/795 151/151/125
f 1269/1028/137 1270/1029/108 1271/1030/107
f 1271/1030/107 1272/1031/119 1269/1028/137
f 169/169/119 1266/1025/118 1257/1016/132
f 1257/1016/132 170/170/134 169/169/119
f 1273/198/172 1274/201/157 1275/200/156
f 1275/200/156 1276/199/161 1273/198/172
f 1277/194/165 225/197/164 228/196/160
f 228/196/160 1278/195/163 1277/194/165
f 1279/190/158 1280/193/157 237/192/172
f 237/192/172 236/191/171 1279/190/158
f 1281/186/168 221/189/164 224/188/167
f 224/188/167 235/187/171 1281/186/168
f 1282/1032/169 1283/1033/172 218/184/161
f 218/184/161 217/183/160 1282/1032/169
f 1284/1034/170 213/213/156 216/216/159
f 216/216/159 1285/1035/173 1284/1034/170
f 210/210/140 188/188/148 187/187/147
f 187/187/147 1286/226/150 210/210/140
f 1287/222/144 1288/225/154 1289/224/138
f 1289/224/138 1290/223/141 1287/222/144
f 197/197/149 196/196/143 1291/221/142
f 1291/221/142 1292/220/146 197/197/149
f 189/189/149 188/188/148 209/209/155
f 209/209/155 1293/219/152 189/189/149
f 183/183/143 1294/218/153 1295/217/154
f 1295/217/154 184/184/144 183/183/143
f 181/181/141 180/180/140 1296/1036/150
f 1296/1036/150 1297/1037/151 181/181/141
# Vertices: 1297, normals: 809, texture coordinates: 1037, faces: 1591

