# Blender 4.0.2
# www.blender.org
mtllib loja.mtl
o Cube.001
v 2.998842 0.658893 0.980177
v 2.998842 0.537022 0.980177
v 2.998842 0.658893 -0.980177
v 2.998842 0.537022 -0.980177
v 3.135759 0.658893 0.980177
v 3.135759 0.537022 0.980177
v 3.135759 0.658893 -0.980177
v 3.135759 0.537022 -0.980177
v 2.757837 1.000000 -0.913191
v 3.020000 -1.000000 -1.000000
v 2.757837 1.000000 0.913191
v 3.020000 -1.000000 1.000000
v -2.757838 1.000000 -0.913191
v -3.020001 -1.000000 -1.000000
v -2.757838 1.000000 0.913191
v -3.020001 -1.000000 1.000000
v 3.020000 1.000000 1.000000
v -3.020001 1.000000 1.000000
v 3.020000 1.000000 -1.000000
v -3.020001 1.000000 -1.000000
v 2.757837 0.911101 0.913191
v -2.757838 0.911101 0.913191
v 2.757837 0.911101 -0.913191
v -2.757838 0.911101 -0.913191
v 1.480983 0.997505 -1.302792
v 1.488863 0.997505 -1.310946
v 1.496595 0.997505 -1.318907
v 1.504179 0.997505 -1.326674
v 1.511615 0.997505 -1.334247
v 1.518902 0.997505 -1.341627
v 1.526041 0.997505 -1.348813
v 1.533032 0.997505 -1.355806
v 1.539875 0.997505 -1.362606
v 1.546569 0.997505 -1.369212
v 1.553115 0.997505 -1.375624
v 1.559513 0.997505 -1.381843
v 1.565763 0.997505 -1.387869
v 1.722873 0.997505 -1.387869
v 1.731025 0.997505 -1.379941
v 1.738979 0.997505 -1.372166
v 1.746736 0.997505 -1.364543
v 1.754295 0.997505 -1.357072
v 1.761656 0.997505 -1.349754
v 1.768820 0.997505 -1.342588
v 1.775786 0.997505 -1.335575
v 1.782555 0.997505 -1.328714
v 1.789126 0.997505 -1.322005
v 1.795499 0.997505 -1.315448
v 1.801675 0.997505 -1.309044
v 1.807653 0.997505 -1.302792
v 1.807653 0.997505 -1.050527
v 1.799773 0.997505 -1.042421
v 1.792041 0.997505 -1.034503
v 1.784457 0.997505 -1.026775
v 1.777021 0.997505 -1.019237
v 1.769734 0.997505 -1.011888
v 1.762595 0.997505 -1.004728
v 1.755604 0.997505 -0.997758
v 1.748761 0.997505 -0.990977
v 1.742067 0.997505 -0.984385
v 1.735521 0.997505 -0.977983
v 1.729123 0.997505 -0.971771
v 1.722873 0.997505 -0.965747
v 1.565763 0.997505 -0.965747
v 1.557656 0.997505 -0.973627
v 1.549739 0.997505 -0.981359
v 1.542011 0.997505 -0.988943
v 1.534473 0.997505 -0.996379
v 1.527124 0.997505 -1.003666
v 1.519964 0.997505 -1.010805
v 1.512993 0.997505 -1.017796
v 1.506213 0.997505 -1.024639
v 1.499621 0.997505 -1.031333
v 1.493219 0.997505 -1.037879
v 1.487006 0.997505 -1.044277
v 1.480983 0.997505 -1.050527
v 1.681668 0.997505 -1.261588
v 1.606967 0.997505 -1.261588
v 1.606967 0.997505 -1.090546
v 1.681668 0.997505 -1.090546
v 1.117852 0.997505 -1.384015
v 1.117961 0.997505 -1.384394
v 1.118091 0.997505 -1.384740
v 1.118241 0.997505 -1.385052
v 1.118412 0.997505 -1.385332
v 1.118603 0.997505 -1.385579
v 1.118815 0.997505 -1.385794
v 1.119048 0.997505 -1.385975
v 1.119301 0.997505 -1.386123
v 1.119575 0.997505 -1.386238
v 1.119869 0.997505 -1.386320
v 1.120184 0.997505 -1.386370
v 1.120520 0.997505 -1.386386
v 1.448672 0.997505 -1.386386
v 1.449098 0.997505 -1.386325
v 1.449487 0.997505 -1.386238
v 1.449839 0.997505 -1.386127
v 1.450154 0.997505 -1.385991
v 1.450432 0.997505 -1.385831
v 1.450673 0.997505 -1.385645
v 1.450876 0.997505 -1.385435
v 1.451043 0.997505 -1.385201
v 1.451173 0.997505 -1.384941
v 1.451266 0.997505 -1.384657
v 1.451321 0.997505 -1.384348
v 1.451340 0.997505 -1.384015
v 1.451340 0.997505 -1.264256
v 1.451321 0.997505 -1.263830
v 1.451266 0.997505 -1.263441
v 1.451173 0.997505 -1.263089
v 1.451043 0.997505 -1.262774
v 1.450876 0.997505 -1.262496
v 1.450673 0.997505 -1.262255
v 1.450432 0.997505 -1.262051
v 1.450154 0.997505 -1.261884
v 1.449839 0.997505 -1.261755
v 1.449487 0.997505 -1.261662
v 1.449098 0.997505 -1.261606
v 1.448672 0.997505 -1.261588
v 1.346995 0.997505 -1.261588
v 1.346995 0.997505 -0.968415
v 1.346976 0.997505 -0.967989
v 1.346921 0.997505 -0.967600
v 1.346828 0.997505 -0.967248
v 1.346698 0.997505 -0.966933
v 1.346532 0.997505 -0.966655
v 1.346328 0.997505 -0.966414
v 1.346087 0.997505 -0.966210
v 1.345809 0.997505 -0.966044
v 1.345494 0.997505 -0.965914
v 1.345142 0.997505 -0.965821
v 1.344753 0.997505 -0.965766
v 1.344327 0.997505 -0.965747
v 1.224865 0.997505 -0.965747
v 1.224438 0.997505 -0.965766
v 1.224049 0.997505 -0.965821
v 1.223697 0.997505 -0.965914
v 1.223382 0.997505 -0.966044
v 1.223104 0.997505 -0.966210
v 1.222863 0.997505 -0.966414
v 1.222659 0.997505 -0.966655
v 1.222493 0.997505 -0.966933
v 1.222363 0.997505 -0.967248
v 1.222270 0.997505 -0.967600
v 1.222215 0.997505 -0.967989
v 1.222196 0.997505 -0.968415
v 1.222196 0.997505 -1.261588
v 1.120520 0.997505 -1.261588
v 1.120094 0.997505 -1.261606
v 1.119705 0.997505 -1.261662
v 1.119353 0.997505 -1.261755
v 1.119038 0.997505 -1.261884
v 1.118760 0.997505 -1.262051
v 1.118519 0.997505 -1.262255
v 1.118315 0.997505 -1.262496
v 1.118149 0.997505 -1.262774
v 1.118019 0.997505 -1.263089
v 1.117926 0.997505 -1.263441
v 1.117870 0.997505 -1.263830
v 1.117852 0.997505 -1.264256
v 0.787328 0.997505 -1.384015
v 0.787390 0.997505 -1.384394
v 0.787477 0.997505 -1.384740
v 0.787588 0.997505 -1.385052
v 0.787724 0.997505 -1.385332
v 0.787884 0.997505 -1.385579
v 0.788070 0.997505 -1.385794
v 0.788280 0.997505 -1.385975
v 0.788514 0.997505 -1.386123
v 0.788774 0.997505 -1.386238
v 0.789058 0.997505 -1.386320
v 0.789367 0.997505 -1.386370
v 0.789700 0.997505 -1.386386
v 1.085837 0.997505 -1.386386
v 1.086216 0.997505 -1.386325
v 1.086562 0.997505 -1.386238
v 1.086875 0.997505 -1.386127
v 1.087155 0.997505 -1.385991
v 1.087402 0.997505 -1.385831
v 1.087616 0.997505 -1.385645
v 1.087797 0.997505 -1.385435
v 1.087945 0.997505 -1.385201
v 1.088060 0.997505 -1.384941
v 1.088143 0.997505 -1.384657
v 1.088192 0.997505 -1.384348
v 1.088209 0.997505 -1.384015
v 1.088209 0.997505 -1.264256
v 1.088192 0.997505 -1.263830
v 1.088143 0.997505 -1.263441
v 1.088060 0.997505 -1.263089
v 1.087945 0.997505 -1.262774
v 1.087797 0.997505 -1.262496
v 1.087616 0.997505 -1.262255
v 1.087402 0.997505 -1.262051
v 1.087155 0.997505 -1.261884
v 1.086875 0.997505 -1.261755
v 1.086562 0.997505 -1.261662
v 1.086216 0.997505 -1.261606
v 1.085837 0.997505 -1.261588
v 0.912127 0.997505 -1.261588
v 0.912127 0.997505 -1.238466
v 1.008468 0.997505 -1.238466
v 1.008894 0.997505 -1.238402
v 1.009283 0.997505 -1.238310
v 1.009635 0.997505 -1.238188
v 1.009950 0.997505 -1.238038
v 1.010228 0.997505 -1.237859
v 1.010469 0.997505 -1.237651
v 1.010673 0.997505 -1.237414
v 1.010839 0.997505 -1.237149
v 1.010969 0.997505 -1.236854
v 1.011062 0.997505 -1.236531
v 1.011117 0.997505 -1.236179
v 1.011136 0.997505 -1.235798
v 1.011136 0.997505 -1.116336
v 1.011117 0.997505 -1.115909
v 1.011062 0.997505 -1.115520
v 1.010969 0.997505 -1.115168
v 1.010839 0.997505 -1.114853
v 1.010673 0.997505 -1.114575
v 1.010469 0.997505 -1.114334
v 1.010228 0.997505 -1.114131
v 1.009950 0.997505 -1.113964
v 1.009635 0.997505 -1.113834
v 1.009283 0.997505 -1.113742
v 1.008894 0.997505 -1.113686
v 1.008468 0.997505 -1.113667
v 0.912127 0.997505 -1.113667
v 0.912127 0.997505 -1.091731
v 1.085837 0.997505 -1.091731
v 1.086216 0.997505 -1.091670
v 1.086562 0.997505 -1.091583
v 1.086875 0.997505 -1.091472
v 1.087155 0.997505 -1.091336
v 1.087402 0.997505 -1.091176
v 1.087616 0.997505 -1.090990
v 1.087797 0.997505 -1.090780
v 1.087945 0.997505 -1.090546
v 1.088060 0.997505 -1.090286
v 1.088143 0.997505 -1.090002
v 1.088192 0.997505 -1.089693
v 1.088209 0.997505 -1.089360
v 1.088209 0.997505 -0.968415
v 1.088192 0.997505 -0.967989
v 1.088143 0.997505 -0.967600
v 1.088060 0.997505 -0.967248
v 1.087945 0.997505 -0.966933
v 1.087797 0.997505 -0.966655
v 1.087616 0.997505 -0.966414
v 1.087402 0.997505 -0.966210
v 1.087155 0.997505 -0.966044
v 1.086875 0.997505 -0.965914
v 1.086562 0.997505 -0.965821
v 1.086216 0.997505 -0.965766
v 1.085837 0.997505 -0.965747
v 0.789700 0.997505 -0.965747
v 0.789321 0.997505 -0.965766
v 0.788975 0.997505 -0.965821
v 0.788662 0.997505 -0.965914
v 0.788383 0.997505 -0.966044
v 0.788136 0.997505 -0.966210
v 0.787922 0.997505 -0.966414
v 0.787740 0.997505 -0.966655
v 0.787592 0.997505 -0.966933
v 0.787477 0.997505 -0.967248
v 0.787394 0.997505 -0.967600
v 0.787345 0.997505 -0.967989
v 0.787328 0.997505 -0.968415
v 0.424494 0.997505 -1.385201
v 0.424558 0.997505 -1.385627
v 0.424650 0.997505 -1.386016
v 0.424772 0.997505 -1.386368
v 0.424922 0.997505 -1.386683
v 0.425101 0.997505 -1.386961
v 0.425309 0.997505 -1.387202
v 0.425546 0.997505 -1.387405
v 0.425811 0.997505 -1.387572
v 0.426106 0.997505 -1.387702
v 0.426429 0.997505 -1.387794
v 0.426781 0.997505 -1.387850
v 0.427162 0.997505 -1.387869
v 0.681798 0.997505 -1.387869
v 0.687488 0.997505 -1.382405
v 0.693294 0.997505 -1.376785
v 0.699214 0.997505 -1.371009
v 0.705250 0.997505 -1.365076
v 0.711401 0.997505 -1.358987
v 0.717667 0.997505 -1.352741
v 0.724049 0.997505 -1.346339
v 0.730546 0.997505 -1.339780
v 0.737157 0.997505 -1.333065
v 0.743885 0.997505 -1.326194
v 0.750727 0.997505 -1.319166
v 0.757685 0.997505 -1.311982
v 0.757685 0.997505 -1.166433
v 0.730710 0.997505 -1.138271
v 0.756500 0.997505 -1.111000
v 0.756500 0.997505 -0.968415
v 0.756481 0.997505 -0.967989
v 0.756426 0.997505 -0.967600
v 0.756333 0.997505 -0.967248
v 0.756203 0.997505 -0.966933
v 0.756037 0.997505 -0.966655
v 0.755833 0.997505 -0.966414
v 0.755592 0.997505 -0.966210
v 0.755314 0.997505 -0.966044
v 0.754999 0.997505 -0.965914
v 0.754647 0.997505 -0.965821
v 0.754258 0.997505 -0.965766
v 0.753832 0.997505 -0.965747
v 0.634369 0.997505 -0.965747
v 0.633943 0.997505 -0.965766
v 0.633554 0.997505 -0.965821
v 0.633202 0.997505 -0.965914
v 0.632887 0.997505 -0.966044
v 0.632609 0.997505 -0.966210
v 0.632368 0.997505 -0.966414
v 0.632164 0.997505 -0.966655
v 0.631998 0.997505 -0.966933
v 0.631868 0.997505 -0.967248
v 0.631775 0.997505 -0.967600
v 0.631719 0.997505 -0.967989
v 0.631701 0.997505 -0.968415
v 0.631701 0.997505 -1.089360
v 0.550478 0.997505 -1.089360
v 0.550478 0.997505 -0.968415
v 0.550462 0.997505 -0.967989
v 0.550412 0.997505 -0.967600
v 0.550330 0.997505 -0.967248
v 0.550215 0.997505 -0.966933
v 0.550067 0.997505 -0.966655
v 0.549886 0.997505 -0.966414
v 0.549671 0.997505 -0.966210
v 0.549424 0.997505 -0.966044
v 0.549145 0.997505 -0.965914
v 0.548832 0.997505 -0.965821
v 0.548486 0.997505 -0.965766
v 0.548107 0.997505 -0.965747
v 0.427162 0.997505 -0.965747
v 0.426736 0.997505 -0.965766
v 0.426347 0.997505 -0.965821
v 0.425995 0.997505 -0.965914
v 0.425680 0.997505 -0.966044
v 0.425402 0.997505 -0.966210
v 0.425161 0.997505 -0.966414
v 0.424957 0.997505 -0.966655
v 0.424790 0.997505 -0.966933
v 0.424661 0.997505 -0.967248
v 0.424568 0.997505 -0.967600
v 0.424512 0.997505 -0.967989
v 0.424494 0.997505 -0.968415
v 0.632887 0.997505 -1.261588
v 0.550478 0.997505 -1.261588
v 0.550478 0.997505 -1.215344
v 0.632887 0.997505 -1.215344
v 0.088338 0.997505 -1.304274
v 0.095805 0.997505 -1.311920
v 0.103185 0.997505 -1.319442
v 0.110478 0.997505 -1.326840
v 0.117685 0.997505 -1.334115
v 0.124806 0.997505 -1.341267
v 0.131840 0.997505 -1.348295
v 0.138788 0.997505 -1.355199
v 0.145649 0.997505 -1.361980
v 0.152424 0.997505 -1.368637
v 0.159112 0.997505 -1.375171
v 0.165714 0.997505 -1.381582
v 0.172229 0.997505 -1.387869
v 0.392183 0.997505 -1.387869
v 0.392609 0.997505 -1.387759
v 0.392998 0.997505 -1.387630
v 0.393350 0.997505 -1.387479
v 0.393665 0.997505 -1.387309
v 0.393943 0.997505 -1.387117
v 0.394184 0.997505 -1.386905
v 0.394387 0.997505 -1.386672
v 0.394554 0.997505 -1.386419
v 0.394684 0.997505 -1.386145
v 0.394777 0.997505 -1.385851
v 0.394832 0.997505 -1.385536
v 0.394850 0.997505 -1.385201
v 0.394850 0.997505 -1.264256
v 0.394832 0.997505 -1.263830
v 0.394777 0.997505 -1.263441
v 0.394684 0.997505 -1.263089
v 0.394554 0.997505 -1.262774
v 0.394387 0.997505 -1.262496
v 0.394184 0.997505 -1.262255
v 0.393943 0.997505 -1.262051
v 0.393665 0.997505 -1.261884
v 0.393350 0.997505 -1.261755
v 0.392998 0.997505 -1.261662
v 0.392609 0.997505 -1.261606
v 0.392183 0.997505 -1.261588
v 0.213433 0.997505 -1.261588
v 0.213433 0.997505 -1.090546
v 0.392183 0.997505 -1.090546
v 0.392609 0.997505 -1.090482
v 0.392998 0.997505 -1.090389
v 0.393350 0.997505 -1.090268
v 0.393665 0.997505 -1.090117
v 0.393943 0.997505 -1.089938
v 0.394184 0.997505 -1.089731
v 0.394387 0.997505 -1.089494
v 0.394554 0.997505 -1.089228
v 0.394684 0.997505 -1.088934
v 0.394777 0.997505 -1.088611
v 0.394832 0.997505 -1.088259
v 0.394850 0.997505 -1.087878
v 0.394850 0.997505 -0.968415
v 0.394832 0.997505 -0.967989
v 0.394777 0.997505 -0.967600
v 0.394684 0.997505 -0.967248
v 0.394554 0.997505 -0.966933
v 0.394387 0.997505 -0.966655
v 0.394184 0.997505 -0.966414
v 0.393943 0.997505 -0.966210
v 0.393665 0.997505 -0.966044
v 0.393350 0.997505 -0.965914
v 0.392998 0.997505 -0.965821
v 0.392609 0.997505 -0.965766
v 0.392183 0.997505 -0.965747
v 0.172229 0.997505 -0.965747
v 0.164536 0.997505 -0.973166
v 0.156971 0.997505 -0.980503
v 0.149533 0.997505 -0.987757
v 0.142224 0.997505 -0.994929
v 0.135041 0.997505 -1.002019
v 0.127986 0.997505 -1.009027
v 0.121059 0.997505 -1.015952
v 0.114260 0.997505 -1.022794
v 0.107588 0.997505 -1.029554
v 0.101044 0.997505 -1.036232
v 0.094627 0.997505 -1.042828
v 0.088338 0.997505 -1.049341
v -0.418563 0.997505 -1.302792
v -0.410683 0.997505 -1.310946
v -0.402951 0.997505 -1.318907
v -0.395367 0.997505 -1.326674
v -0.387932 0.997505 -1.334247
v -0.380644 0.997505 -1.341627
v -0.373505 0.997505 -1.348813
v -0.366514 0.997505 -1.355806
v -0.359672 0.997505 -1.362606
v -0.352977 0.997505 -1.369212
v -0.346431 0.997505 -1.375624
v -0.340033 0.997505 -1.381843
v -0.333783 0.997505 -1.387869
v -0.176673 0.997505 -1.387869
v -0.168521 0.997505 -1.379941
v -0.160567 0.997505 -1.372166
v -0.152810 0.997505 -1.364543
v -0.145251 0.997505 -1.357072
v -0.137890 0.997505 -1.349754
v -0.130726 0.997505 -1.342588
v -0.123760 0.997505 -1.335575
v -0.116991 0.997505 -1.328714
v -0.110420 0.997505 -1.322005
v -0.104047 0.997505 -1.315448
v -0.097871 0.997505 -1.309044
v -0.091893 0.997505 -1.302792
v -0.091893 0.997505 -1.050527
v -0.099773 0.997505 -1.042421
v -0.107505 0.997505 -1.034503
v -0.115089 0.997505 -1.026775
v -0.122524 0.997505 -1.019237
v -0.129812 0.997505 -1.011888
v -0.136951 0.997505 -1.004728
v -0.143942 0.997505 -0.997758
v -0.150785 0.997505 -0.990977
v -0.157479 0.997505 -0.984385
v -0.164026 0.997505 -0.977983
v -0.170424 0.997505 -0.971771
v -0.176673 0.997505 -0.965747
v -0.333783 0.997505 -0.965747
v -0.341890 0.997505 -0.973627
v -0.349807 0.997505 -0.981359
v -0.357535 0.997505 -0.988943
v -0.365073 0.997505 -0.996379
v -0.372422 0.997505 -1.003666
v -0.379582 0.997505 -1.010805
v -0.386552 0.997505 -1.017796
v -0.393333 0.997505 -1.024639
v -0.399925 0.997505 -1.031333
v -0.406327 0.997505 -1.037879
v -0.412539 0.997505 -1.044277
v -0.418563 0.997505 -1.050527
v -0.217877 0.997505 -1.261588
v -0.292579 0.997505 -1.261588
v -0.292579 0.997505 -1.090546
v -0.217877 0.997505 -1.090546
v -0.781694 0.997505 -1.384015
v -0.781585 0.997505 -1.384394
v -0.781455 0.997505 -1.384740
v -0.781305 0.997505 -1.385052
v -0.781134 0.997505 -1.385332
v -0.780943 0.997505 -1.385579
v -0.780731 0.997505 -1.385794
v -0.780498 0.997505 -1.385975
v -0.780245 0.997505 -1.386123
v -0.779971 0.997505 -1.386238
v -0.779677 0.997505 -1.386320
v -0.779362 0.997505 -1.386370
v -0.779026 0.997505 -1.386386
v -0.450874 0.997505 -1.386386
v -0.450448 0.997505 -1.386325
v -0.450059 0.997505 -1.386238
v -0.449707 0.997505 -1.386127
v -0.449392 0.997505 -1.385991
v -0.449114 0.997505 -1.385831
v -0.448873 0.997505 -1.385645
v -0.448669 0.997505 -1.385435
v -0.448503 0.997505 -1.385201
v -0.448373 0.997505 -1.384941
v -0.448280 0.997505 -1.384657
v -0.448225 0.997505 -1.384348
v -0.448206 0.997505 -1.384015
v -0.448206 0.997505 -1.264256
v -0.448225 0.997505 -1.263830
v -0.448280 0.997505 -1.263441
v -0.448373 0.997505 -1.263089
v -0.448503 0.997505 -1.262774
v -0.448669 0.997505 -1.262496
v -0.448873 0.997505 -1.262255
v -0.449114 0.997505 -1.262051
v -0.449392 0.997505 -1.261884
v -0.449707 0.997505 -1.261755
v -0.450059 0.997505 -1.261662
v -0.450448 0.997505 -1.261606
v -0.450874 0.997505 -1.261588
v -0.552551 0.997505 -1.261588
v -0.552551 0.997505 -0.968415
v -0.552570 0.997505 -0.967989
v -0.552625 0.997505 -0.967600
v -0.552718 0.997505 -0.967248
v -0.552847 0.997505 -0.966933
v -0.553014 0.997505 -0.966655
v -0.553218 0.997505 -0.966414
v -0.553459 0.997505 -0.966210
v -0.553737 0.997505 -0.966044
v -0.554052 0.997505 -0.965914
v -0.554404 0.997505 -0.965821
v -0.554793 0.997505 -0.965766
v -0.555219 0.997505 -0.965747
v -0.674682 0.997505 -0.965747
v -0.675108 0.997505 -0.965766
v -0.675497 0.997505 -0.965821
v -0.675849 0.997505 -0.965914
v -0.676164 0.997505 -0.966044
v -0.676442 0.997505 -0.966210
v -0.676682 0.997505 -0.966414
v -0.676886 0.997505 -0.966655
v -0.677053 0.997505 -0.966933
v -0.677183 0.997505 -0.967248
v -0.677275 0.997505 -0.967600
v -0.677331 0.997505 -0.967989
v -0.677350 0.997505 -0.968415
v -0.677350 0.997505 -1.261588
v -0.779026 0.997505 -1.261588
v -0.779452 0.997505 -1.261606
v -0.779841 0.997505 -1.261662
v -0.780194 0.997505 -1.261755
v -0.780509 0.997505 -1.261884
v -0.780786 0.997505 -1.262051
v -0.781027 0.997505 -1.262255
v -0.781231 0.997505 -1.262496
v -0.781398 0.997505 -1.262774
v -0.781528 0.997505 -1.263089
v -0.781620 0.997505 -1.263441
v -0.781676 0.997505 -1.263830
v -0.781694 0.997505 -1.264256
v -1.147197 0.997505 -1.384015
v -1.147135 0.997505 -1.384394
v -1.147049 0.997505 -1.384740
v -1.146937 0.997505 -1.385052
v -1.146802 0.997505 -1.385332
v -1.146641 0.997505 -1.385579
v -1.146456 0.997505 -1.385794
v -1.146246 0.997505 -1.385975
v -1.146011 0.997505 -1.386123
v -1.145752 0.997505 -1.386238
v -1.145468 0.997505 -1.386320
v -1.145159 0.997505 -1.386370
v -1.144825 0.997505 -1.386386
v -1.023880 0.997505 -1.386386
v -1.023454 0.997505 -1.386325
v -1.023065 0.997505 -1.386238
v -1.022713 0.997505 -1.386127
v -1.022398 0.997505 -1.385991
v -1.022120 0.997505 -1.385831
v -1.021879 0.997505 -1.385645
v -1.021675 0.997505 -1.385435
v -1.021509 0.997505 -1.385201
v -1.021379 0.997505 -1.384941
v -1.021286 0.997505 -1.384657
v -1.021231 0.997505 -1.384348
v -1.021212 0.997505 -1.384015
v -1.021212 0.997505 -1.089360
v -0.937618 0.997505 -1.089360
v -0.937618 0.997505 -1.384015
v -0.937554 0.997505 -1.384394
v -0.937462 0.997505 -1.384740
v -0.937340 0.997505 -1.385052
v -0.937190 0.997505 -1.385332
v -0.937011 0.997505 -1.385579
v -0.936803 0.997505 -1.385794
v -0.936566 0.997505 -1.385975
v -0.936301 0.997505 -1.386123
v -0.936006 0.997505 -1.386238
v -0.935683 0.997505 -1.386320
v -0.935331 0.997505 -1.386370
v -0.934950 0.997505 -1.386386
v -0.814005 0.997505 -1.386386
v -0.813579 0.997505 -1.386325
v -0.813190 0.997505 -1.386238
v -0.812838 0.997505 -1.386127
v -0.812523 0.997505 -1.385991
v -0.812245 0.997505 -1.385831
v -0.812005 0.997505 -1.385645
v -0.811801 0.997505 -1.385435
v -0.811634 0.997505 -1.385201
v -0.811504 0.997505 -1.384941
v -0.811412 0.997505 -1.384657
v -0.811356 0.997505 -1.384348
v -0.811337 0.997505 -1.384015
v -0.811337 0.997505 -1.048156
v -0.824572 0.997505 -1.034567
v -0.836707 0.997505 -1.022160
v -0.847743 0.997505 -1.010935
v -0.857680 0.997505 -1.000891
v -0.866517 0.997505 -0.992029
v -0.874256 0.997505 -0.984348
v -0.880894 0.997505 -0.977850
v -0.886434 0.997505 -0.972532
v -0.890874 0.997505 -0.968397
v -0.894215 0.997505 -0.965442
v -0.896457 0.997505 -0.963670
v -0.897600 0.997505 -0.963079
v -0.921271 0.997505 -0.963316
v -0.943177 0.997505 -0.963532
v -0.963315 0.997505 -0.963728
v -0.981688 0.997505 -0.963903
v -0.998295 0.997505 -0.964057
v -1.013135 0.997505 -0.964191
v -1.026209 0.997505 -0.964304
v -1.037516 0.997505 -0.964397
v -1.047057 0.997505 -0.964469
v -1.054833 0.997505 -0.964520
v -1.060842 0.997505 -0.964551
v -1.065085 0.997505 -0.964561
v -1.078109 0.997505 -0.977732
v -1.090010 0.997505 -0.989775
v -1.100786 0.997505 -1.000689
v -1.110439 0.997505 -1.010476
v -1.118967 0.997505 -1.019134
v -1.126373 0.997505 -1.026664
v -1.132653 0.997505 -1.033066
v -1.137810 0.997505 -1.038340
v -1.141842 0.997505 -1.042486
v -1.144751 0.997505 -1.045504
v -1.146536 0.997505 -1.047394
v -1.147197 0.997505 -1.048156
v -1.476534 0.997505 -1.386386
v -1.230791 0.997505 -1.386386
v -1.229988 0.997505 -1.385466
v -1.229062 0.997505 -1.382706
v -1.228012 0.997505 -1.378105
v -1.226839 0.997505 -1.371664
v -1.225542 0.997505 -1.363382
v -1.224121 0.997505 -1.353260
v -1.222577 0.997505 -1.341298
v -1.220910 0.997505 -1.327495
v -1.219119 0.997505 -1.311852
v -1.217204 0.997505 -1.294368
v -1.215166 0.997505 -1.275045
v -1.213005 0.997505 -1.253881
v -1.212528 0.997505 -1.251526
v -1.211589 0.997505 -1.245251
v -1.210189 0.997505 -1.235057
v -1.208328 0.997505 -1.220944
v -1.206006 0.997505 -1.202911
v -1.203223 0.997505 -1.180958
v -1.199979 0.997505 -1.155086
v -1.196273 0.997505 -1.125294
v -1.192106 0.997505 -1.091583
v -1.187479 0.997505 -1.053953
v -1.182390 0.997505 -1.012403
v -1.176840 0.997505 -0.966933
v -1.179508 0.997505 -0.965747
v -1.300453 0.997505 -0.965747
v -1.301285 0.997505 -0.966507
v -1.302199 0.997505 -0.968786
v -1.303195 0.997505 -0.972584
v -1.304274 0.997505 -0.977901
v -1.305434 0.997505 -0.984737
v -1.306678 0.997505 -0.993093
v -1.308004 0.997505 -1.002968
v -1.309412 0.997505 -1.014362
v -1.310902 0.997505 -1.027276
v -1.312475 0.997505 -1.041708
v -1.314130 0.997505 -1.057660
v -1.315867 0.997505 -1.075131
v -1.316065 0.997505 -1.075220
v -1.316262 0.997505 -1.075485
v -1.316460 0.997505 -1.075928
v -1.316658 0.997505 -1.076548
v -1.316856 0.997505 -1.077344
v -1.317053 0.997505 -1.078318
v -1.317251 0.997505 -1.079469
v -1.317448 0.997505 -1.080796
v -1.317646 0.997505 -1.082301
v -1.317844 0.997505 -1.083983
v -1.318041 0.997505 -1.085842
v -1.318239 0.997505 -1.087878
v -1.387901 0.997505 -1.087878
v -1.389955 0.997505 -1.069775
v -1.391869 0.997505 -1.053113
v -1.393644 0.997505 -1.037892
v -1.395278 0.997505 -1.024112
v -1.396773 0.997505 -1.011773
v -1.398128 0.997505 -1.000875
v -1.399342 0.997505 -0.991418
v -1.400417 0.997505 -0.983401
v -1.401351 0.997505 -0.976826
v -1.402146 0.997505 -0.971692
v -1.402800 0.997505 -0.967999
v -1.403315 0.997505 -0.965747
v -1.525446 0.997505 -0.965747
v -1.525872 0.997505 -0.965766
v -1.526261 0.997505 -0.965821
v -1.526613 0.997505 -0.965914
v -1.526928 0.997505 -0.966044
v -1.527206 0.997505 -0.966210
v -1.527447 0.997505 -0.966414
v -1.527651 0.997505 -0.966655
v -1.527817 0.997505 -0.966933
v -1.527947 0.997505 -0.967248
v -1.528040 0.997505 -0.967600
v -1.528095 0.997505 -0.967989
v -1.528114 0.997505 -0.968415
v -1.520690 0.997505 -1.030193
v -1.513836 0.997505 -1.087071
v -1.507549 0.997505 -1.139050
v -1.501830 0.997505 -1.186129
v -1.496680 0.997505 -1.228309
v -1.492097 0.997505 -1.265590
v -1.488083 0.997505 -1.297971
v -1.484637 0.997505 -1.325453
v -1.481759 0.997505 -1.348035
v -1.479449 0.997505 -1.365718
v -1.477708 0.997505 -1.378502
v -1.338989 0.997505 -1.261588
v -1.365965 0.997505 -1.261588
v -1.372486 0.997505 -1.212676
v -1.333950 0.997505 -1.212676
v 1.480983 0.857505 -1.302792
v 1.488863 0.857505 -1.310946
v 1.496595 0.857505 -1.318907
v 1.504179 0.857505 -1.326674
v 1.511615 0.857505 -1.334247
v 1.518902 0.857505 -1.341627
v 1.526041 0.857505 -1.348813
v 1.533032 0.857505 -1.355806
v 1.539875 0.857505 -1.362606
v 1.546569 0.857505 -1.369212
v 1.553115 0.857505 -1.375624
v 1.559513 0.857505 -1.381843
v 1.565763 0.857505 -1.387869
v 1.722873 0.857505 -1.387869
v 1.731025 0.857505 -1.379941
v 1.738979 0.857505 -1.372166
v 1.746736 0.857505 -1.364543
v 1.754295 0.857505 -1.357072
v 1.761656 0.857505 -1.349754
v 1.768820 0.857505 -1.342588
v 1.775786 0.857505 -1.335575
v 1.782555 0.857505 -1.328714
v 1.789126 0.857505 -1.322005
v 1.795499 0.857505 -1.315448
v 1.801675 0.857505 -1.309044
v 1.807653 0.857505 -1.302792
v 1.807653 0.857505 -1.050527
v 1.799773 0.857505 -1.042421
v 1.792041 0.857505 -1.034503
v 1.784457 0.857505 -1.026775
v 1.777021 0.857505 -1.019237
v 1.769734 0.857505 -1.011888
v 1.762595 0.857505 -1.004728
v 1.755604 0.857505 -0.997758
v 1.748761 0.857505 -0.990977
v 1.742067 0.857505 -0.984385
v 1.735521 0.857505 -0.977983
v 1.729123 0.857505 -0.971771
v 1.722873 0.857505 -0.965747
v 1.565763 0.857505 -0.965747
v 1.557656 0.857505 -0.973627
v 1.549739 0.857505 -0.981359
v 1.542011 0.857505 -0.988943
v 1.534473 0.857505 -0.996379
v 1.527124 0.857505 -1.003666
v 1.519964 0.857505 -1.010805
v 1.512993 0.857505 -1.017796
v 1.506213 0.857505 -1.024639
v 1.499621 0.857505 -1.031333
v 1.493219 0.857505 -1.037879
v 1.487006 0.857505 -1.044277
v 1.480983 0.857505 -1.050527
v 1.681668 0.857505 -1.261588
v 1.606967 0.857505 -1.261588
v 1.606967 0.857505 -1.090546
v 1.681668 0.857505 -1.090546
v 1.117852 0.857505 -1.384015
v 1.117961 0.857505 -1.384394
v 1.118091 0.857505 -1.384740
v 1.118241 0.857505 -1.385052
v 1.118412 0.857505 -1.385332
v 1.118603 0.857505 -1.385579
v 1.118815 0.857505 -1.385794
v 1.119048 0.857505 -1.385975
v 1.119301 0.857505 -1.386123
v 1.119575 0.857505 -1.386238
v 1.119869 0.857505 -1.386320
v 1.120184 0.857505 -1.386370
v 1.120520 0.857505 -1.386386
v 1.448672 0.857505 -1.386386
v 1.449098 0.857505 -1.386325
v 1.449487 0.857505 -1.386238
v 1.449839 0.857505 -1.386127
v 1.450154 0.857505 -1.385991
v 1.450432 0.857505 -1.385831
v 1.450673 0.857505 -1.385645
v 1.450876 0.857505 -1.385435
v 1.451043 0.857505 -1.385201
v 1.451173 0.857505 -1.384941
v 1.451266 0.857505 -1.384657
v 1.451321 0.857505 -1.384348
v 1.451340 0.857505 -1.384015
v 1.451340 0.857505 -1.264256
v 1.451321 0.857505 -1.263830
v 1.451266 0.857505 -1.263441
v 1.451173 0.857505 -1.263089
v 1.451043 0.857505 -1.262774
v 1.450876 0.857505 -1.262496
v 1.450673 0.857505 -1.262255
v 1.450432 0.857505 -1.262051
v 1.450154 0.857505 -1.261884
v 1.449839 0.857505 -1.261755
v 1.449487 0.857505 -1.261662
v 1.449098 0.857505 -1.261606
v 1.448672 0.857505 -1.261588
v 1.346995 0.857505 -1.261588
v 1.346995 0.857505 -0.968415
v 1.346976 0.857505 -0.967989
v 1.346921 0.857505 -0.967600
v 1.346828 0.857505 -0.967248
v 1.346698 0.857505 -0.966933
v 1.346532 0.857505 -0.966655
v 1.346328 0.857505 -0.966414
v 1.346087 0.857505 -0.966210
v 1.345809 0.857505 -0.966044
v 1.345494 0.857505 -0.965914
v 1.345142 0.857505 -0.965821
v 1.344753 0.857505 -0.965766
v 1.344327 0.857505 -0.965747
v 1.224865 0.857505 -0.965747
v 1.224438 0.857505 -0.965766
v 1.224049 0.857505 -0.965821
v 1.223697 0.857505 -0.965914
v 1.223382 0.857505 -0.966044
v 1.223104 0.857505 -0.966210
v 1.222863 0.857505 -0.966414
v 1.222659 0.857505 -0.966655
v 1.222493 0.857505 -0.966933
v 1.222363 0.857505 -0.967248
v 1.222270 0.857505 -0.967600
v 1.222215 0.857505 -0.967989
v 1.222196 0.857505 -0.968415
v 1.222196 0.857505 -1.261588
v 1.120520 0.857505 -1.261588
v 1.120094 0.857505 -1.261606
v 1.119705 0.857505 -1.261662
v 1.119353 0.857505 -1.261755
v 1.119038 0.857505 -1.261884
v 1.118760 0.857505 -1.262051
v 1.118519 0.857505 -1.262255
v 1.118315 0.857505 -1.262496
v 1.118149 0.857505 -1.262774
v 1.118019 0.857505 -1.263089
v 1.117926 0.857505 -1.263441
v 1.117870 0.857505 -1.263830
v 1.117852 0.857505 -1.264256
v 0.787328 0.857505 -1.384015
v 0.787390 0.857505 -1.384394
v 0.787477 0.857505 -1.384740
v 0.787588 0.857505 -1.385052
v 0.787724 0.857505 -1.385332
v 0.787884 0.857505 -1.385579
v 0.788070 0.857505 -1.385794
v 0.788280 0.857505 -1.385975
v 0.788514 0.857505 -1.386123
v 0.788774 0.857505 -1.386238
v 0.789058 0.857505 -1.386320
v 0.789367 0.857505 -1.386370
v 0.789700 0.857505 -1.386386
v 1.085837 0.857505 -1.386386
v 1.086216 0.857505 -1.386325
v 1.086562 0.857505 -1.386238
v 1.086875 0.857505 -1.386127
v 1.087155 0.857505 -1.385991
v 1.087402 0.857505 -1.385831
v 1.087616 0.857505 -1.385645
v 1.087797 0.857505 -1.385435
v 1.087945 0.857505 -1.385201
v 1.088060 0.857505 -1.384941
v 1.088143 0.857505 -1.384657
v 1.088192 0.857505 -1.384348
v 1.088209 0.857505 -1.384015
v 1.088209 0.857505 -1.264256
v 1.088192 0.857505 -1.263830
v 1.088143 0.857505 -1.263441
v 1.088060 0.857505 -1.263089
v 1.087945 0.857505 -1.262774
v 1.087797 0.857505 -1.262496
v 1.087616 0.857505 -1.262255
v 1.087402 0.857505 -1.262051
v 1.087155 0.857505 -1.261884
v 1.086875 0.857505 -1.261755
v 1.086562 0.857505 -1.261662
v 1.086216 0.857505 -1.261606
v 1.085837 0.857505 -1.261588
v 0.912127 0.857505 -1.261588
v 0.912127 0.857505 -1.238466
v 1.008468 0.857505 -1.238466
v 1.008894 0.857505 -1.238402
v 1.009283 0.857505 -1.238310
v 1.009635 0.857505 -1.238188
v 1.009950 0.857505 -1.238038
v 1.010228 0.857505 -1.237859
v 1.010469 0.857505 -1.237651
v 1.010673 0.857505 -1.237414
v 1.010839 0.857505 -1.237149
v 1.010969 0.857505 -1.236854
v 1.011062 0.857505 -1.236531
v 1.011117 0.857505 -1.236179
v 1.011136 0.857505 -1.235798
v 1.011136 0.857505 -1.116336
v 1.011117 0.857505 -1.115909
v 1.011062 0.857505 -1.115520
v 1.010969 0.857505 -1.115168
v 1.010839 0.857505 -1.114853
v 1.010673 0.857505 -1.114575
v 1.010469 0.857505 -1.114334
v 1.010228 0.857505 -1.114131
v 1.009950 0.857505 -1.113964
v 1.009635 0.857505 -1.113834
v 1.009283 0.857505 -1.113742
v 1.008894 0.857505 -1.113686
v 1.008468 0.857505 -1.113667
v 0.912127 0.857505 -1.113667
v 0.912127 0.857505 -1.091731
v 1.085837 0.857505 -1.091731
v 1.086216 0.857505 -1.091670
v 1.086562 0.857505 -1.091583
v 1.086875 0.857505 -1.091472
v 1.087155 0.857505 -1.091336
v 1.087402 0.857505 -1.091176
v 1.087616 0.857505 -1.090990
v 1.087797 0.857505 -1.090780
v 1.087945 0.857505 -1.090546
v 1.088060 0.857505 -1.090286
v 1.088143 0.857505 -1.090002
v 1.088192 0.857505 -1.089693
v 1.088209 0.857505 -1.089360
v 1.088209 0.857505 -0.968415
v 1.088192 0.857505 -0.967989
v 1.088143 0.857505 -0.967600
v 1.088060 0.857505 -0.967248
v 1.087945 0.857505 -0.966933
v 1.087797 0.857505 -0.966655
v 1.087616 0.857505 -0.966414
v 1.087402 0.857505 -0.966210
v 1.087155 0.857505 -0.966044
v 1.086875 0.857505 -0.965914
v 1.086562 0.857505 -0.965821
v 1.086216 0.857505 -0.965766
v 1.085837 0.857505 -0.965747
v 0.789700 0.857505 -0.965747
v 0.789321 0.857505 -0.965766
v 0.788975 0.857505 -0.965821
v 0.788662 0.857505 -0.965914
v 0.788383 0.857505 -0.966044
v 0.788136 0.857505 -0.966210
v 0.787922 0.857505 -0.966414
v 0.787740 0.857505 -0.966655
v 0.787592 0.857505 -0.966933
v 0.787477 0.857505 -0.967248
v 0.787394 0.857505 -0.967600
v 0.787345 0.857505 -0.967989
v 0.787328 0.857505 -0.968415
v 0.424494 0.857505 -1.385201
v 0.424558 0.857505 -1.385627
v 0.424650 0.857505 -1.386016
v 0.424772 0.857505 -1.386368
v 0.424922 0.857505 -1.386683
v 0.425101 0.857505 -1.386961
v 0.425309 0.857505 -1.387202
v 0.425546 0.857505 -1.387405
v 0.425811 0.857505 -1.387572
v 0.426106 0.857505 -1.387702
v 0.426429 0.857505 -1.387794
v 0.426781 0.857505 -1.387850
v 0.427162 0.857505 -1.387869
v 0.681798 0.857505 -1.387869
v 0.687488 0.857505 -1.382405
v 0.693294 0.857505 -1.376785
v 0.699214 0.857505 -1.371009
v 0.705250 0.857505 -1.365076
v 0.711401 0.857505 -1.358987
v 0.717667 0.857505 -1.352741
v 0.724049 0.857505 -1.346339
v 0.730546 0.857505 -1.339780
v 0.737157 0.857505 -1.333065
v 0.743885 0.857505 -1.326194
v 0.750727 0.857505 -1.319166
v 0.757685 0.857505 -1.311982
v 0.757685 0.857505 -1.166433
v 0.730710 0.857505 -1.138271
v 0.756500 0.857505 -1.111000
v 0.756500 0.857505 -0.968415
v 0.756481 0.857505 -0.967989
v 0.756426 0.857505 -0.967600
v 0.756333 0.857505 -0.967248
v 0.756203 0.857505 -0.966933
v 0.756037 0.857505 -0.966655
v 0.755833 0.857505 -0.966414
v 0.755592 0.857505 -0.966210
v 0.755314 0.857505 -0.966044
v 0.754999 0.857505 -0.965914
v 0.754647 0.857505 -0.965821
v 0.754258 0.857505 -0.965766
v 0.753832 0.857505 -0.965747
v 0.634369 0.857505 -0.965747
v 0.633943 0.857505 -0.965766
v 0.633554 0.857505 -0.965821
v 0.633202 0.857505 -0.965914
v 0.632887 0.857505 -0.966044
v 0.632609 0.857505 -0.966210
v 0.632368 0.857505 -0.966414
v 0.632164 0.857505 -0.966655
v 0.631998 0.857505 -0.966933
v 0.631868 0.857505 -0.967248
v 0.631775 0.857505 -0.967600
v 0.631719 0.857505 -0.967989
v 0.631701 0.857505 -0.968415
v 0.631701 0.857505 -1.089360
v 0.550478 0.857505 -1.089360
v 0.550478 0.857505 -0.968415
v 0.550462 0.857505 -0.967989
v 0.550412 0.857505 -0.967600
v 0.550330 0.857505 -0.967248
v 0.550215 0.857505 -0.966933
v 0.550067 0.857505 -0.966655
v 0.549886 0.857505 -0.966414
v 0.549671 0.857505 -0.966210
v 0.549424 0.857505 -0.966044
v 0.549145 0.857505 -0.965914
v 0.548832 0.857505 -0.965821
v 0.548486 0.857505 -0.965766
v 0.548107 0.857505 -0.965747
v 0.427162 0.857505 -0.965747
v 0.426736 0.857505 -0.965766
v 0.426347 0.857505 -0.965821
v 0.425995 0.857505 -0.965914
v 0.425680 0.857505 -0.966044
v 0.425402 0.857505 -0.966210
v 0.425161 0.857505 -0.966414
v 0.424957 0.857505 -0.966655
v 0.424790 0.857505 -0.966933
v 0.424661 0.857505 -0.967248
v 0.424568 0.857505 -0.967600
v 0.424512 0.857505 -0.967989
v 0.424494 0.857505 -0.968415
v 0.632887 0.857505 -1.261588
v 0.550478 0.857505 -1.261588
v 0.550478 0.857505 -1.215344
v 0.632887 0.857505 -1.215344
v 0.088338 0.857505 -1.304274
v 0.095805 0.857505 -1.311920
v 0.103185 0.857505 -1.319442
v 0.110478 0.857505 -1.326840
v 0.117685 0.857505 -1.334115
v 0.124806 0.857505 -1.341267
v 0.131840 0.857505 -1.348295
v 0.138788 0.857505 -1.355199
v 0.145649 0.857505 -1.361980
v 0.152424 0.857505 -1.368637
v 0.159112 0.857505 -1.375171
v 0.165714 0.857505 -1.381582
v 0.172229 0.857505 -1.387869
v 0.392183 0.857505 -1.387869
v 0.392609 0.857505 -1.387759
v 0.392998 0.857505 -1.387630
v 0.393350 0.857505 -1.387479
v 0.393665 0.857505 -1.387309
v 0.393943 0.857505 -1.387117
v 0.394184 0.857505 -1.386905
v 0.394387 0.857505 -1.386672
v 0.394554 0.857505 -1.386419
v 0.394684 0.857505 -1.386145
v 0.394777 0.857505 -1.385851
v 0.394832 0.857505 -1.385536
v 0.394850 0.857505 -1.385201
v 0.394850 0.857505 -1.264256
v 0.394832 0.857505 -1.263830
v 0.394777 0.857505 -1.263441
v 0.394684 0.857505 -1.263089
v 0.394554 0.857505 -1.262774
v 0.394387 0.857505 -1.262496
v 0.394184 0.857505 -1.262255
v 0.393943 0.857505 -1.262051
v 0.393665 0.857505 -1.261884
v 0.393350 0.857505 -1.261755
v 0.392998 0.857505 -1.261662
v 0.392609 0.857505 -1.261606
v 0.392183 0.857505 -1.261588
v 0.213433 0.857505 -1.261588
v 0.213433 0.857505 -1.090546
v 0.392183 0.857505 -1.090546
v 0.392609 0.857505 -1.090482
v 0.392998 0.857505 -1.090389
v 0.393350 0.857505 -1.090268
v 0.393665 0.857505 -1.090117
v 0.393943 0.857505 -1.089938
v 0.394184 0.857505 -1.089731
v 0.394387 0.857505 -1.089494
v 0.394554 0.857505 -1.089228
v 0.394684 0.857505 -1.088934
v 0.394777 0.857505 -1.088611
v 0.394832 0.857505 -1.088259
v 0.394850 0.857505 -1.087878
v 0.394850 0.857505 -0.968415
v 0.394832 0.857505 -0.967989
v 0.394777 0.857505 -0.967600
v 0.394684 0.857505 -0.967248
v 0.394554 0.857505 -0.966933
v 0.394387 0.857505 -0.966655
v 0.394184 0.857505 -0.966414
v 0.393943 0.857505 -0.966210
v 0.393665 0.857505 -0.966044
v 0.393350 0.857505 -0.965914
v 0.392998 0.857505 -0.965821
v 0.392609 0.857505 -0.965766
v 0.392183 0.857505 -0.965747
v 0.172229 0.857505 -0.965747
v 0.164536 0.857505 -0.973166
v 0.156971 0.857505 -0.980503
v 0.149533 0.857505 -0.987757
v 0.142224 0.857505 -0.994929
v 0.135041 0.857505 -1.002019
v 0.127986 0.857505 -1.009027
v 0.121059 0.857505 -1.015952
v 0.114260 0.857505 -1.022794
v 0.107588 0.857505 -1.029554
v 0.101044 0.857505 -1.036232
v 0.094627 0.857505 -1.042828
v 0.088338 0.857505 -1.049341
v -0.418563 0.857505 -1.302792
v -0.410683 0.857505 -1.310946
v -0.402951 0.857505 -1.318907
v -0.395367 0.857505 -1.326674
v -0.387932 0.857505 -1.334247
v -0.380644 0.857505 -1.341627
v -0.373505 0.857505 -1.348813
v -0.366514 0.857505 -1.355806
v -0.359672 0.857505 -1.362606
v -0.352977 0.857505 -1.369212
v -0.346431 0.857505 -1.375624
v -0.340033 0.857505 -1.381843
v -0.333783 0.857505 -1.387869
v -0.176673 0.857505 -1.387869
v -0.168521 0.857505 -1.379941
v -0.160567 0.857505 -1.372166
v -0.152810 0.857505 -1.364543
v -0.145251 0.857505 -1.357072
v -0.137890 0.857505 -1.349754
v -0.130726 0.857505 -1.342588
v -0.123760 0.857505 -1.335575
v -0.116991 0.857505 -1.328714
v -0.110420 0.857505 -1.322005
v -0.104047 0.857505 -1.315448
v -0.097871 0.857505 -1.309044
v -0.091893 0.857505 -1.302792
v -0.091893 0.857505 -1.050527
v -0.099773 0.857505 -1.042421
v -0.107505 0.857505 -1.034503
v -0.115089 0.857505 -1.026775
v -0.122524 0.857505 -1.019237
v -0.129812 0.857505 -1.011888
v -0.136951 0.857505 -1.004728
v -0.143942 0.857505 -0.997758
v -0.150785 0.857505 -0.990977
v -0.157479 0.857505 -0.984385
v -0.164026 0.857505 -0.977983
v -0.170424 0.857505 -0.971771
v -0.176673 0.857505 -0.965747
v -0.333783 0.857505 -0.965747
v -0.341890 0.857505 -0.973627
v -0.349807 0.857505 -0.981359
v -0.357535 0.857505 -0.988943
v -0.365073 0.857505 -0.996379
v -0.372422 0.857505 -1.003666
v -0.379582 0.857505 -1.010805
v -0.386552 0.857505 -1.017796
v -0.393333 0.857505 -1.024639
v -0.399925 0.857505 -1.031333
v -0.406327 0.857505 -1.037879
v -0.412539 0.857505 -1.044277
v -0.418563 0.857505 -1.050527
v -0.217877 0.857505 -1.261588
v -0.292579 0.857505 -1.261588
v -0.292579 0.857505 -1.090546
v -0.217877 0.857505 -1.090546
v -0.781694 0.857505 -1.384015
v -0.781585 0.857505 -1.384394
v -0.781455 0.857505 -1.384740
v -0.781305 0.857505 -1.385052
v -0.781134 0.857505 -1.385332
v -0.780943 0.857505 -1.385579
v -0.780731 0.857505 -1.385794
v -0.780498 0.857505 -1.385975
v -0.780245 0.857505 -1.386123
v -0.779971 0.857505 -1.386238
v -0.779677 0.857505 -1.386320
v -0.779362 0.857505 -1.386370
v -0.779026 0.857505 -1.386386
v -0.450874 0.857505 -1.386386
v -0.450448 0.857505 -1.386325
v -0.450059 0.857505 -1.386238
v -0.449707 0.857505 -1.386127
v -0.449392 0.857505 -1.385991
v -0.449114 0.857505 -1.385831
v -0.448873 0.857505 -1.385645
v -0.448669 0.857505 -1.385435
v -0.448503 0.857505 -1.385201
v -0.448373 0.857505 -1.384941
v -0.448280 0.857505 -1.384657
v -0.448225 0.857505 -1.384348
v -0.448206 0.857505 -1.384015
v -0.448206 0.857505 -1.264256
v -0.448225 0.857505 -1.263830
v -0.448280 0.857505 -1.263441
v -0.448373 0.857505 -1.263089
v -0.448503 0.857505 -1.262774
v -0.448669 0.857505 -1.262496
v -0.448873 0.857505 -1.262255
v -0.449114 0.857505 -1.262051
v -0.449392 0.857505 -1.261884
v -0.449707 0.857505 -1.261755
v -0.450059 0.857505 -1.261662
v -0.450448 0.857505 -1.261606
v -0.450874 0.857505 -1.261588
v -0.552551 0.857505 -1.261588
v -0.552551 0.857505 -0.968415
v -0.552570 0.857505 -0.967989
v -0.552625 0.857505 -0.967600
v -0.552718 0.857505 -0.967248
v -0.552847 0.857505 -0.966933
v -0.553014 0.857505 -0.966655
v -0.553218 0.857505 -0.966414
v -0.553459 0.857505 -0.966210
v -0.553737 0.857505 -0.966044
v -0.554052 0.857505 -0.965914
v -0.554404 0.857505 -0.965821
v -0.554793 0.857505 -0.965766
v -0.555219 0.857505 -0.965747
v -0.674682 0.857505 -0.965747
v -0.675108 0.857505 -0.965766
v -0.675497 0.857505 -0.965821
v -0.675849 0.857505 -0.965914
v -0.676164 0.857505 -0.966044
v -0.676442 0.857505 -0.966210
v -0.676682 0.857505 -0.966414
v -0.676886 0.857505 -0.966655
v -0.677053 0.857505 -0.966933
v -0.677183 0.857505 -0.967248
v -0.677275 0.857505 -0.967600
v -0.677331 0.857505 -0.967989
v -0.677350 0.857505 -0.968415
v -0.677350 0.857505 -1.261588
v -0.779026 0.857505 -1.261588
v -0.779452 0.857505 -1.261606
v -0.779841 0.857505 -1.261662
v -0.780194 0.857505 -1.261755
v -0.780509 0.857505 -1.261884
v -0.780786 0.857505 -1.262051
v -0.781027 0.857505 -1.262255
v -0.781231 0.857505 -1.262496
v -0.781398 0.857505 -1.262774
v -0.781528 0.857505 -1.263089
v -0.781620 0.857505 -1.263441
v -0.781676 0.857505 -1.263830
v -0.781694 0.857505 -1.264256
v -1.147197 0.857505 -1.384015
v -1.147135 0.857505 -1.384394
v -1.147049 0.857505 -1.384740
v -1.146937 0.857505 -1.385052
v -1.146802 0.857505 -1.385332
v -1.146641 0.857505 -1.385579
v -1.146456 0.857505 -1.385794
v -1.146246 0.857505 -1.385975
v -1.146011 0.857505 -1.386123
v -1.145752 0.857505 -1.386238
v -1.145468 0.857505 -1.386320
v -1.145159 0.857505 -1.386370
v -1.144825 0.857505 -1.386386
v -1.023880 0.857505 -1.386386
v -1.023454 0.857505 -1.386325
v -1.023065 0.857505 -1.386238
v -1.022713 0.857505 -1.386127
v -1.022398 0.857505 -1.385991
v -1.022120 0.857505 -1.385831
v -1.021879 0.857505 -1.385645
v -1.021675 0.857505 -1.385435
v -1.021509 0.857505 -1.385201
v -1.021379 0.857505 -1.384941
v -1.021286 0.857505 -1.384657
v -1.021231 0.857505 -1.384348
v -1.021212 0.857505 -1.384015
v -1.021212 0.857505 -1.089360
v -0.937618 0.857505 -1.089360
v -0.937618 0.857505 -1.384015
v -0.937554 0.857505 -1.384394
v -0.937462 0.857505 -1.384740
v -0.937340 0.857505 -1.385052
v -0.937190 0.857505 -1.385332
v -0.937011 0.857505 -1.385579
v -0.936803 0.857505 -1.385794
v -0.936566 0.857505 -1.385975
v -0.936301 0.857505 -1.386123
v -0.936006 0.857505 -1.386238
v -0.935683 0.857505 -1.386320
v -0.935331 0.857505 -1.386370
v -0.934950 0.857505 -1.386386
v -0.814005 0.857505 -1.386386
v -0.813579 0.857505 -1.386325
v -0.813190 0.857505 -1.386238
v -0.812838 0.857505 -1.386127
v -0.812523 0.857505 -1.385991
v -0.812245 0.857505 -1.385831
v -0.812005 0.857505 -1.385645
v -0.811801 0.857505 -1.385435
v -0.811634 0.857505 -1.385201
v -0.811504 0.857505 -1.384941
v -0.811412 0.857505 -1.384657
v -0.811356 0.857505 -1.384348
v -0.811337 0.857505 -1.384015
v -0.811337 0.857505 -1.048156
v -0.824572 0.857505 -1.034567
v -0.836707 0.857505 -1.022160
v -0.847743 0.857505 -1.010935
v -0.857680 0.857505 -1.000891
v -0.866517 0.857505 -0.992029
v -0.874256 0.857505 -0.984348
v -0.880894 0.857505 -0.977850
v -0.886434 0.857505 -0.972532
v -0.890874 0.857505 -0.968397
v -0.894215 0.857505 -0.965442
v -0.896457 0.857505 -0.963670
v -0.897600 0.857505 -0.963079
v -0.921271 0.857505 -0.963316
v -0.943177 0.857505 -0.963532
v -0.963315 0.857505 -0.963728
v -0.981688 0.857505 -0.963903
v -0.998295 0.857505 -0.964057
v -1.013135 0.857505 -0.964191
v -1.026209 0.857505 -0.964304
v -1.037516 0.857505 -0.964397
v -1.047057 0.857505 -0.964469
v -1.054833 0.857505 -0.964520
v -1.060842 0.857505 -0.964551
v -1.065085 0.857505 -0.964561
v -1.078109 0.857505 -0.977732
v -1.090010 0.857505 -0.989775
v -1.100786 0.857505 -1.000689
v -1.110439 0.857505 -1.010476
v -1.118967 0.857505 -1.019134
v -1.126373 0.857505 -1.026664
v -1.132653 0.857505 -1.033066
v -1.137810 0.857505 -1.038340
v -1.141842 0.857505 -1.042486
v -1.144751 0.857505 -1.045504
v -1.146536 0.857505 -1.047394
v -1.147197 0.857505 -1.048156
v -1.476534 0.857505 -1.386386
v -1.230791 0.857505 -1.386386
v -1.229988 0.857505 -1.385466
v -1.229062 0.857505 -1.382706
v -1.228012 0.857505 -1.378105
v -1.226839 0.857505 -1.371664
v -1.225542 0.857505 -1.363382
v -1.224121 0.857505 -1.353260
v -1.222577 0.857505 -1.341298
v -1.220910 0.857505 -1.327495
v -1.219119 0.857505 -1.311852
v -1.217204 0.857505 -1.294368
v -1.215166 0.857505 -1.275045
v -1.213005 0.857505 -1.253881
v -1.212528 0.857505 -1.251526
v -1.211589 0.857505 -1.245251
v -1.210189 0.857505 -1.235057
v -1.208328 0.857505 -1.220944
v -1.206006 0.857505 -1.202911
v -1.203223 0.857505 -1.180958
v -1.199979 0.857505 -1.155086
v -1.196273 0.857505 -1.125294
v -1.192106 0.857505 -1.091583
v -1.187479 0.857505 -1.053953
v -1.182390 0.857505 -1.012403
v -1.176840 0.857505 -0.966933
v -1.179508 0.857505 -0.965747
v -1.300453 0.857505 -0.965747
v -1.301285 0.857505 -0.966507
v -1.302199 0.857505 -0.968786
v -1.303195 0.857505 -0.972584
v -1.304274 0.857505 -0.977901
v -1.305434 0.857505 -0.984737
v -1.306678 0.857505 -0.993093
v -1.308004 0.857505 -1.002968
v -1.309412 0.857505 -1.014362
v -1.310902 0.857505 -1.027276
v -1.312475 0.857505 -1.041708
v -1.314130 0.857505 -1.057660
v -1.315867 0.857505 -1.075131
v -1.316065 0.857505 -1.075220
v -1.316262 0.857505 -1.075485
v -1.316460 0.857505 -1.075928
v -1.316658 0.857505 -1.076548
v -1.316856 0.857505 -1.077344
v -1.317053 0.857505 -1.078318
v -1.317251 0.857505 -1.079469
v -1.317448 0.857505 -1.080796
v -1.317646 0.857505 -1.082301
v -1.317844 0.857505 -1.083983
v -1.318041 0.857505 -1.085842
v -1.318239 0.857505 -1.087878
v -1.387901 0.857505 -1.087878
v -1.389955 0.857505 -1.069775
v -1.391869 0.857505 -1.053113
v -1.393644 0.857505 -1.037892
v -1.395278 0.857505 -1.024112
v -1.396773 0.857505 -1.011773
v -1.398128 0.857505 -1.000875
v -1.399342 0.857505 -0.991418
v -1.400417 0.857505 -0.983401
v -1.401351 0.857505 -0.976826
v -1.402146 0.857505 -0.971692
v -1.402800 0.857505 -0.967999
v -1.403315 0.857505 -0.965747
v -1.525446 0.857505 -0.965747
v -1.525872 0.857505 -0.965766
v -1.526261 0.857505 -0.965821
v -1.526613 0.857505 -0.965914
v -1.526928 0.857505 -0.966044
v -1.527206 0.857505 -0.966210
v -1.527447 0.857505 -0.966414
v -1.527651 0.857505 -0.966655
v -1.527817 0.857505 -0.966933
v -1.527947 0.857505 -0.967248
v -1.528040 0.857505 -0.967600
v -1.528095 0.857505 -0.967989
v -1.528114 0.857505 -0.968415
v -1.520690 0.857505 -1.030193
v -1.513836 0.857505 -1.087071
v -1.507549 0.857505 -1.139050
v -1.501830 0.857505 -1.186129
v -1.496680 0.857505 -1.228309
v -1.492097 0.857505 -1.265590
v -1.488083 0.857505 -1.297971
v -1.484637 0.857505 -1.325453
v -1.481759 0.857505 -1.348035
v -1.479449 0.857505 -1.365718
v -1.477708 0.857505 -1.378502
v -1.338989 0.857505 -1.261588
v -1.365965 0.857505 -1.261588
v -1.372486 0.857505 -1.212676
v -1.333950 0.857505 -1.212676
v -1.476534 0.857505 -1.386386
v -1.476534 0.997505 -1.386386
v -1.230791 0.857505 -1.386386
v -1.230791 0.997505 -1.386386
v -1.229988 0.857505 -1.385466
v -1.229988 0.997505 -1.385466
v -1.229062 0.857505 -1.382706
v -1.229062 0.997505 -1.382706
v -1.228012 0.857505 -1.378105
v -1.228012 0.997505 -1.378105
v -1.226839 0.857505 -1.371664
v -1.226839 0.997505 -1.371664
v -1.225542 0.857505 -1.363382
v -1.225542 0.997505 -1.363382
v -1.224121 0.857505 -1.353260
v -1.224121 0.997505 -1.353260
v -1.222577 0.857505 -1.341298
v -1.222577 0.997505 -1.341298
v -1.220910 0.857505 -1.327495
v -1.220910 0.997505 -1.327495
v -1.219119 0.857505 -1.311852
v -1.219119 0.997505 -1.311852
v -1.217204 0.857505 -1.294368
v -1.217204 0.997505 -1.294368
v -1.215166 0.857505 -1.275045
v -1.215166 0.997505 -1.275045
v -1.213005 0.857505 -1.253881
v -1.213005 0.997505 -1.253881
v -1.212528 0.857505 -1.251526
v -1.212528 0.997505 -1.251526
v -1.211589 0.857505 -1.245251
v -1.211589 0.997505 -1.245251
v -1.210189 0.857505 -1.235057
v -1.210189 0.997505 -1.235057
v -1.208328 0.857505 -1.220944
v -1.208328 0.997505 -1.220944
v -1.206006 0.857505 -1.202911
v -1.206006 0.997505 -1.202911
v -1.203223 0.857505 -1.180958
v -1.203223 0.997505 -1.180958
v -1.199979 0.857505 -1.155086
v -1.199979 0.997505 -1.155086
v -1.196273 0.857505 -1.125294
v -1.196273 0.997505 -1.125294
v -1.192106 0.857505 -1.091583
v -1.192106 0.997505 -1.091583
v -1.187479 0.857505 -1.053953
v -1.187479 0.997505 -1.053953
v -1.182390 0.857505 -1.012403
v -1.182390 0.997505 -1.012403
v -1.176840 0.857505 -0.966933
v -1.176840 0.997505 -0.966933
v -1.179508 0.857505 -0.965747
v -1.179508 0.997505 -0.965747
v -1.300453 0.857505 -0.965747
v -1.300453 0.997505 -0.965747
v -1.301285 0.857505 -0.966507
v -1.301285 0.997505 -0.966507
v -1.302199 0.857505 -0.968786
v -1.302199 0.997505 -0.968786
v -1.303195 0.857505 -0.972584
v -1.303195 0.997505 -0.972584
v -1.304274 0.857505 -0.977901
v -1.304274 0.997505 -0.977901
v -1.305434 0.857505 -0.984737
v -1.305434 0.997505 -0.984737
v -1.306678 0.857505 -0.993093
v -1.306678 0.997505 -0.993093
v -1.308004 0.857505 -1.002968
v -1.308004 0.997505 -1.002968
v -1.309412 0.857505 -1.014362
v -1.309412 0.997505 -1.014362
v -1.310902 0.857505 -1.027276
v -1.310902 0.997505 -1.027276
v -1.312475 0.857505 -1.041708
v -1.312475 0.997505 -1.041708
v -1.314130 0.857505 -1.057660
v -1.314130 0.997505 -1.057660
v -1.315867 0.857505 -1.075131
v -1.315867 0.997505 -1.075131
v -1.316065 0.857505 -1.075220
v -1.316065 0.997505 -1.075220
v -1.316262 0.857505 -1.075485
v -1.316262 0.997505 -1.075485
v -1.316460 0.857505 -1.075928
v -1.316460 0.997505 -1.075928
v -1.316658 0.857505 -1.076548
v -1.316658 0.997505 -1.076548
v -1.316856 0.857505 -1.077344
v -1.316856 0.997505 -1.077344
v -1.317053 0.857505 -1.078318
v -1.317053 0.997505 -1.078318
v -1.317251 0.857505 -1.079469
v -1.317251 0.997505 -1.079469
v -1.317448 0.857505 -1.080796
v -1.317448 0.997505 -1.080796
v -1.317646 0.857505 -1.082301
v -1.317646 0.997505 -1.082301
v -1.317844 0.857505 -1.083983
v -1.317844 0.997505 -1.083983
v -1.318041 0.857505 -1.085842
v -1.318041 0.997505 -1.085842
v -1.318239 0.857505 -1.087878
v -1.318239 0.997505 -1.087878
v -1.387901 0.857505 -1.087878
v -1.387901 0.997505 -1.087878
v -1.389955 0.857505 -1.069775
v -1.389955 0.997505 -1.069775
v -1.391869 0.857505 -1.053113
v -1.391869 0.997505 -1.053113
v -1.393644 0.857505 -1.037892
v -1.393644 0.997505 -1.037892
v -1.395278 0.857505 -1.024112
v -1.395278 0.997505 -1.024112
v -1.396773 0.857505 -1.011773
v -1.396773 0.997505 -1.011773
v -1.398128 0.857505 -1.000875
v -1.398128 0.997505 -1.000875
v -1.399342 0.857505 -0.991418
v -1.399342 0.997505 -0.991418
v -1.400417 0.857505 -0.983401
v -1.400417 0.997505 -0.983401
v -1.401351 0.857505 -0.976826
v -1.401351 0.997505 -0.976826
v -1.402146 0.857505 -0.971692
v -1.402146 0.997505 -0.971692
v -1.402800 0.857505 -0.967999
v -1.402800 0.997505 -0.967999
v -1.403315 0.857505 -0.965747
v -1.403315 0.997505 -0.965747
v -1.525446 0.857505 -0.965747
v -1.525446 0.997505 -0.965747
v -1.525872 0.857505 -0.965766
v -1.525872 0.997505 -0.965766
v -1.526261 0.857505 -0.965821
v -1.526261 0.997505 -0.965821
v -1.526613 0.857505 -0.965914
v -1.526613 0.997505 -0.965914
v -1.526928 0.857505 -0.966044
v -1.526928 0.997505 -0.966044
v -1.527206 0.857505 -0.966210
v -1.527206 0.997505 -0.966210
v -1.527447 0.857505 -0.966414
v -1.527447 0.997505 -0.966414
v -1.527651 0.857505 -0.966655
v -1.527651 0.997505 -0.966655
v -1.527817 0.857505 -0.966933
v -1.527817 0.997505 -0.966933
v -1.527947 0.857505 -0.967248
v -1.527947 0.997505 -0.967248
v -1.528040 0.857505 -0.967600
v -1.528040 0.997505 -0.967600
v -1.528095 0.857505 -0.967989
v -1.528095 0.997505 -0.967989
v -1.528114 0.857505 -0.968415
v -1.528114 0.997505 -0.968415
v -1.520690 0.857505 -1.030193
v -1.520690 0.997505 -1.030193
v -1.513836 0.857505 -1.087071
v -1.513836 0.997505 -1.087071
v -1.507549 0.857505 -1.139050
v -1.507549 0.997505 -1.139050
v -1.501830 0.857505 -1.186129
v -1.501830 0.997505 -1.186129
v -1.496680 0.857505 -1.228309
v -1.496680 0.997505 -1.228309
v -1.492097 0.857505 -1.265590
v -1.492097 0.997505 -1.265590
v -1.488083 0.857505 -1.297971
v -1.488083 0.997505 -1.297971
v -1.484637 0.857505 -1.325453
v -1.484637 0.997505 -1.325453
v -1.481759 0.857505 -1.348035
v -1.481759 0.997505 -1.348035
v -1.479449 0.857505 -1.365718
v -1.479449 0.997505 -1.365718
v -1.477708 0.857505 -1.378502
v -1.477708 0.997505 -1.378502
v -1.338989 0.857505 -1.261588
v -1.338989 0.997505 -1.261588
v -1.365965 0.857505 -1.261588
v -1.365965 0.997505 -1.261588
v -1.372486 0.857505 -1.212676
v -1.372486 0.997505 -1.212676
v -1.333950 0.857505 -1.212676
v -1.333950 0.997505 -1.212676
v -1.147197 0.857505 -1.384015
v -1.147197 0.997505 -1.384015
v -1.147135 0.857505 -1.384394
v -1.147135 0.997505 -1.384394
v -1.147049 0.857505 -1.384740
v -1.147049 0.997505 -1.384740
v -1.146937 0.857505 -1.385052
v -1.146937 0.997505 -1.385052
v -1.146802 0.857505 -1.385332
v -1.146802 0.997505 -1.385332
v -1.146641 0.857505 -1.385579
v -1.146641 0.997505 -1.385579
v -1.146456 0.857505 -1.385794
v -1.146456 0.997505 -1.385794
v -1.146246 0.857505 -1.385975
v -1.146246 0.997505 -1.385975
v -1.146011 0.857505 -1.386123
v -1.146011 0.997505 -1.386123
v -1.145752 0.857505 -1.386238
v -1.145752 0.997505 -1.386238
v -1.145468 0.857505 -1.386320
v -1.145468 0.997505 -1.386320
v -1.145159 0.857505 -1.386370
v -1.145159 0.997505 -1.386370
v -1.144825 0.857505 -1.386386
v -1.144825 0.997505 -1.386386
v -1.023880 0.857505 -1.386386
v -1.023880 0.997505 -1.386386
v -1.023454 0.857505 -1.386325
v -1.023454 0.997505 -1.386325
v -1.023065 0.857505 -1.386238
v -1.023065 0.997505 -1.386238
v -1.022713 0.857505 -1.386127
v -1.022713 0.997505 -1.386127
v -1.022398 0.857505 -1.385991
v -1.022398 0.997505 -1.385991
v -1.022120 0.857505 -1.385831
v -1.022120 0.997505 -1.385831
v -1.021879 0.857505 -1.385645
v -1.021879 0.997505 -1.385645
v -1.021675 0.857505 -1.385435
v -1.021675 0.997505 -1.385435
v -1.021509 0.857505 -1.385201
v -1.021509 0.997505 -1.385201
v -1.021379 0.857505 -1.384941
v -1.021379 0.997505 -1.384941
v -1.021286 0.857505 -1.384657
v -1.021286 0.997505 -1.384657
v -1.021231 0.857505 -1.384348
v -1.021231 0.997505 -1.384348
v -1.021212 0.857505 -1.384015
v -1.021212 0.997505 -1.384015
v -1.021212 0.857505 -1.089360
v -1.021212 0.997505 -1.089360
v -0.937618 0.857505 -1.089360
v -0.937618 0.997505 -1.089360
v -0.937618 0.857505 -1.384015
v -0.937618 0.997505 -1.384015
v -0.937554 0.857505 -1.384394
v -0.937554 0.997505 -1.384394
v -0.937462 0.857505 -1.384740
v -0.937462 0.997505 -1.384740
v -0.937340 0.857505 -1.385052
v -0.937340 0.997505 -1.385052
v -0.937190 0.857505 -1.385332
v -0.937190 0.997505 -1.385332
v -0.937011 0.857505 -1.385579
v -0.937011 0.997505 -1.385579
v -0.936803 0.857505 -1.385794
v -0.936803 0.997505 -1.385794
v -0.936566 0.857505 -1.385975
v -0.936566 0.997505 -1.385975
v -0.936301 0.857505 -1.386123
v -0.936301 0.997505 -1.386123
v -0.936006 0.857505 -1.386238
v -0.936006 0.997505 -1.386238
v -0.935683 0.857505 -1.386320
v -0.935683 0.997505 -1.386320
v -0.935331 0.857505 -1.386370
v -0.935331 0.997505 -1.386370
v -0.934950 0.857505 -1.386386
v -0.934950 0.997505 -1.386386
v -0.814005 0.857505 -1.386386
v -0.814005 0.997505 -1.386386
v -0.813579 0.857505 -1.386325
v -0.813579 0.997505 -1.386325
v -0.813190 0.857505 -1.386238
v -0.813190 0.997505 -1.386238
v -0.812838 0.857505 -1.386127
v -0.812838 0.997505 -1.386127
v -0.812523 0.857505 -1.385991
v -0.812523 0.997505 -1.385991
v -0.812245 0.857505 -1.385831
v -0.812245 0.997505 -1.385831
v -0.812005 0.857505 -1.385645
v -0.812005 0.997505 -1.385645
v -0.811801 0.857505 -1.385435
v -0.811801 0.997505 -1.385435
v -0.811634 0.857505 -1.385201
v -0.811634 0.997505 -1.385201
v -0.811504 0.857505 -1.384941
v -0.811504 0.997505 -1.384941
v -0.811412 0.857505 -1.384657
v -0.811412 0.997505 -1.384657
v -0.811356 0.857505 -1.384348
v -0.811356 0.997505 -1.384348
v -0.811337 0.857505 -1.384015
v -0.811337 0.997505 -1.384015
v -0.811337 0.857505 -1.048156
v -0.811337 0.997505 -1.048156
v -0.824572 0.857505 -1.034567
v -0.824572 0.997505 -1.034567
v -0.836707 0.857505 -1.022160
v -0.836707 0.997505 -1.022160
v -0.847743 0.857505 -1.010935
v -0.847743 0.997505 -1.010935
v -0.857680 0.857505 -1.000891
v -0.857680 0.997505 -1.000891
v -0.866517 0.857505 -0.992029
v -0.866517 0.997505 -0.992029
v -0.874256 0.857505 -0.984348
v -0.874256 0.997505 -0.984348
v -0.880894 0.857505 -0.977850
v -0.880894 0.997505 -0.977850
v -0.886434 0.857505 -0.972532
v -0.886434 0.997505 -0.972532
v -0.890874 0.857505 -0.968397
v -0.890874 0.997505 -0.968397
v -0.894215 0.857505 -0.965442
v -0.894215 0.997505 -0.965442
v -0.896457 0.857505 -0.963670
v -0.896457 0.997505 -0.963670
v -0.897600 0.857505 -0.963079
v -0.897600 0.997505 -0.963079
v -0.921271 0.857505 -0.963316
v -0.921271 0.997505 -0.963316
v -0.943177 0.857505 -0.963532
v -0.943177 0.997505 -0.963532
v -0.963315 0.857505 -0.963728
v -0.963315 0.997505 -0.963728
v -0.981688 0.857505 -0.963903
v -0.981688 0.997505 -0.963903
v -0.998295 0.857505 -0.964057
v -0.998295 0.997505 -0.964057
v -1.013135 0.857505 -0.964191
v -1.013135 0.997505 -0.964191
v -1.026209 0.857505 -0.964304
v -1.026209 0.997505 -0.964304
v -1.037516 0.857505 -0.964397
v -1.037516 0.997505 -0.964397
v -1.047057 0.857505 -0.964469
v -1.047057 0.997505 -0.964469
v -1.054833 0.857505 -0.964520
v -1.054833 0.997505 -0.964520
v -1.060842 0.857505 -0.964551
v -1.060842 0.997505 -0.964551
v -1.065085 0.857505 -0.964561
v -1.065085 0.997505 -0.964561
v -1.078109 0.857505 -0.977732
v -1.078109 0.997505 -0.977732
v -1.090010 0.857505 -0.989775
v -1.090010 0.997505 -0.989775
v -1.100786 0.857505 -1.000689
v -1.100786 0.997505 -1.000689
v -1.110439 0.857505 -1.010476
v -1.110439 0.997505 -1.010476
v -1.118967 0.857505 -1.019134
v -1.118967 0.997505 -1.019134
v -1.126373 0.857505 -1.026664
v -1.126373 0.997505 -1.026664
v -1.132653 0.857505 -1.033066
v -1.132653 0.997505 -1.033066
v -1.137810 0.857505 -1.038340
v -1.137810 0.997505 -1.038340
v -1.141842 0.857505 -1.042486
v -1.141842 0.997505 -1.042486
v -1.144751 0.857505 -1.045504
v -1.144751 0.997505 -1.045504
v -1.146536 0.857505 -1.047394
v -1.146536 0.997505 -1.047394
v -1.147197 0.857505 -1.048156
v -1.147197 0.997505 -1.048156
v -0.781694 0.857505 -1.384015
v -0.781694 0.997505 -1.384015
v -0.781585 0.857505 -1.384394
v -0.781585 0.997505 -1.384394
v -0.781455 0.857505 -1.384740
v -0.781455 0.997505 -1.384740
v -0.781305 0.857505 -1.385052
v -0.781305 0.997505 -1.385052
v -0.781134 0.857505 -1.385332
v -0.781134 0.997505 -1.385332
v -0.780943 0.857505 -1.385579
v -0.780943 0.997505 -1.385579
v -0.780731 0.857505 -1.385794
v -0.780731 0.997505 -1.385794
v -0.780498 0.857505 -1.385975
v -0.780498 0.997505 -1.385975
v -0.780245 0.857505 -1.386123
v -0.780245 0.997505 -1.386123
v -0.779971 0.857505 -1.386238
v -0.779971 0.997505 -1.386238
v -0.779677 0.857505 -1.386320
v -0.779677 0.997505 -1.386320
v -0.779362 0.857505 -1.386370
v -0.779362 0.997505 -1.386370
v -0.779026 0.857505 -1.386386
v -0.779026 0.997505 -1.386386
v -0.450874 0.857505 -1.386386
v -0.450874 0.997505 -1.386386
v -0.450448 0.857505 -1.386325
v -0.450448 0.997505 -1.386325
v -0.450059 0.857505 -1.386238
v -0.450059 0.997505 -1.386238
v -0.449707 0.857505 -1.386127
v -0.449707 0.997505 -1.386127
v -0.449392 0.857505 -1.385991
v -0.449392 0.997505 -1.385991
v -0.449114 0.857505 -1.385831
v -0.449114 0.997505 -1.385831
v -0.448873 0.857505 -1.385645
v -0.448873 0.997505 -1.385645
v -0.448669 0.857505 -1.385435
v -0.448669 0.997505 -1.385435
v -0.448503 0.857505 -1.385201
v -0.448503 0.997505 -1.385201
v -0.448373 0.857505 -1.384941
v -0.448373 0.997505 -1.384941
v -0.448280 0.857505 -1.384657
v -0.448280 0.997505 -1.384657
v -0.448225 0.857505 -1.384348
v -0.448225 0.997505 -1.384348
v -0.448206 0.857505 -1.384015
v -0.448206 0.997505 -1.384015
v -0.448206 0.857505 -1.264256
v -0.448206 0.997505 -1.264256
v -0.448225 0.857505 -1.263830
v -0.448225 0.997505 -1.263830
v -0.448280 0.857505 -1.263441
v -0.448280 0.997505 -1.263441
v -0.448373 0.857505 -1.263089
v -0.448373 0.997505 -1.263089
v -0.448503 0.857505 -1.262774
v -0.448503 0.997505 -1.262774
v -0.448669 0.857505 -1.262496
v -0.448669 0.997505 -1.262496
v -0.448873 0.857505 -1.262255
v -0.448873 0.997505 -1.262255
v -0.449114 0.857505 -1.262051
v -0.449114 0.997505 -1.262051
v -0.449392 0.857505 -1.261884
v -0.449392 0.997505 -1.261884
v -0.449707 0.857505 -1.261755
v -0.449707 0.997505 -1.261755
v -0.450059 0.857505 -1.261662
v -0.450059 0.997505 -1.261662
v -0.450448 0.857505 -1.261606
v -0.450448 0.997505 -1.261606
v -0.450874 0.857505 -1.261588
v -0.450874 0.997505 -1.261588
v -0.552551 0.857505 -1.261588
v -0.552551 0.997505 -1.261588
v -0.552551 0.857505 -0.968415
v -0.552551 0.997505 -0.968415
v -0.552570 0.857505 -0.967989
v -0.552570 0.997505 -0.967989
v -0.552625 0.857505 -0.967600
v -0.552625 0.997505 -0.967600
v -0.552718 0.857505 -0.967248
v -0.552718 0.997505 -0.967248
v -0.552847 0.857505 -0.966933
v -0.552847 0.997505 -0.966933
v -0.553014 0.857505 -0.966655
v -0.553014 0.997505 -0.966655
v -0.553218 0.857505 -0.966414
v -0.553218 0.997505 -0.966414
v -0.553459 0.857505 -0.966210
v -0.553459 0.997505 -0.966210
v -0.553737 0.857505 -0.966044
v -0.553737 0.997505 -0.966044
v -0.554052 0.857505 -0.965914
v -0.554052 0.997505 -0.965914
v -0.554404 0.857505 -0.965821
v -0.554404 0.997505 -0.965821
v -0.554793 0.857505 -0.965766
v -0.554793 0.997505 -0.965766
v -0.555219 0.857505 -0.965747
v -0.555219 0.997505 -0.965747
v -0.674682 0.857505 -0.965747
v -0.674682 0.997505 -0.965747
v -0.675108 0.857505 -0.965766
v -0.675108 0.997505 -0.965766
v -0.675497 0.857505 -0.965821
v -0.675497 0.997505 -0.965821
v -0.675849 0.857505 -0.965914
v -0.675849 0.997505 -0.965914
v -0.676164 0.857505 -0.966044
v -0.676164 0.997505 -0.966044
v -0.676442 0.857505 -0.966210
v -0.676442 0.997505 -0.966210
v -0.676682 0.857505 -0.966414
v -0.676682 0.997505 -0.966414
v -0.676886 0.857505 -0.966655
v -0.676886 0.997505 -0.966655
v -0.677053 0.857505 -0.966933
v -0.677053 0.997505 -0.966933
v -0.677183 0.857505 -0.967248
v -0.677183 0.997505 -0.967248
v -0.677275 0.857505 -0.967600
v -0.677275 0.997505 -0.967600
v -0.677331 0.857505 -0.967989
v -0.677331 0.997505 -0.967989
v -0.677350 0.857505 -0.968415
v -0.677350 0.997505 -0.968415
v -0.677350 0.857505 -1.261588
v -0.677350 0.997505 -1.261588
v -0.779026 0.857505 -1.261588
v -0.779026 0.997505 -1.261588
v -0.779452 0.857505 -1.261606
v -0.779452 0.997505 -1.261606
v -0.779841 0.857505 -1.261662
v -0.779841 0.997505 -1.261662
v -0.780194 0.857505 -1.261755
v -0.780194 0.997505 -1.261755
v -0.780509 0.857505 -1.261884
v -0.780509 0.997505 -1.261884
v -0.780786 0.857505 -1.262051
v -0.780786 0.997505 -1.262051
v -0.781027 0.857505 -1.262255
v -0.781027 0.997505 -1.262255
v -0.781231 0.857505 -1.262496
v -0.781231 0.997505 -1.262496
v -0.781398 0.857505 -1.262774
v -0.781398 0.997505 -1.262774
v -0.781528 0.857505 -1.263089
v -0.781528 0.997505 -1.263089
v -0.781620 0.857505 -1.263441
v -0.781620 0.997505 -1.263441
v -0.781676 0.857505 -1.263830
v -0.781676 0.997505 -1.263830
v -0.781694 0.857505 -1.264256
v -0.781694 0.997505 -1.264256
v -0.418563 0.857505 -1.302792
v -0.418563 0.997505 -1.302792
v -0.410683 0.857505 -1.310946
v -0.410683 0.997505 -1.310946
v -0.402951 0.857505 -1.318907
v -0.402951 0.997505 -1.318907
v -0.395367 0.857505 -1.326674
v -0.395367 0.997505 -1.326674
v -0.387932 0.857505 -1.334247
v -0.387932 0.997505 -1.334247
v -0.380644 0.857505 -1.341627
v -0.380644 0.997505 -1.341627
v -0.373505 0.857505 -1.348813
v -0.373505 0.997505 -1.348813
v -0.366514 0.857505 -1.355806
v -0.366514 0.997505 -1.355806
v -0.359672 0.857505 -1.362606
v -0.359672 0.997505 -1.362606
v -0.352977 0.857505 -1.369212
v -0.352977 0.997505 -1.369212
v -0.346431 0.857505 -1.375624
v -0.346431 0.997505 -1.375624
v -0.340033 0.857505 -1.381843
v -0.340033 0.997505 -1.381843
v -0.333783 0.857505 -1.387869
v -0.333783 0.997505 -1.387869
v -0.176673 0.857505 -1.387869
v -0.176673 0.997505 -1.387869
v -0.168521 0.857505 -1.379941
v -0.168521 0.997505 -1.379941
v -0.160567 0.857505 -1.372166
v -0.160567 0.997505 -1.372166
v -0.152810 0.857505 -1.364543
v -0.152810 0.997505 -1.364543
v -0.145251 0.857505 -1.357072
v -0.145251 0.997505 -1.357072
v -0.137890 0.857505 -1.349754
v -0.137890 0.997505 -1.349754
v -0.130726 0.857505 -1.342588
v -0.130726 0.997505 -1.342588
v -0.123760 0.857505 -1.335575
v -0.123760 0.997505 -1.335575
v -0.116991 0.857505 -1.328714
v -0.116991 0.997505 -1.328714
v -0.110420 0.857505 -1.322005
v -0.110420 0.997505 -1.322005
v -0.104047 0.857505 -1.315448
v -0.104047 0.997505 -1.315448
v -0.097871 0.857505 -1.309044
v -0.097871 0.997505 -1.309044
v -0.091893 0.857505 -1.302792
v -0.091893 0.997505 -1.302792
v -0.091893 0.857505 -1.050527
v -0.091893 0.997505 -1.050527
v -0.099773 0.857505 -1.042421
v -0.099773 0.997505 -1.042421
v -0.107505 0.857505 -1.034503
v -0.107505 0.997505 -1.034503
v -0.115089 0.857505 -1.026775
v -0.115089 0.997505 -1.026775
v -0.122524 0.857505 -1.019237
v -0.122524 0.997505 -1.019237
v -0.129812 0.857505 -1.011888
v -0.129812 0.997505 -1.011888
v -0.136951 0.857505 -1.004728
v -0.136951 0.997505 -1.004728
v -0.143942 0.857505 -0.997758
v -0.143942 0.997505 -0.997758
v -0.150785 0.857505 -0.990977
v -0.150785 0.997505 -0.990977
v -0.157479 0.857505 -0.984385
v -0.157479 0.997505 -0.984385
v -0.164026 0.857505 -0.977983
v -0.164026 0.997505 -0.977983
v -0.170424 0.857505 -0.971771
v -0.170424 0.997505 -0.971771
v -0.176673 0.857505 -0.965747
v -0.176673 0.997505 -0.965747
v -0.333783 0.857505 -0.965747
v -0.333783 0.997505 -0.965747
v -0.341890 0.857505 -0.973627
v -0.341890 0.997505 -0.973627
v -0.349807 0.857505 -0.981359
v -0.349807 0.997505 -0.981359
v -0.357535 0.857505 -0.988943
v -0.357535 0.997505 -0.988943
v -0.365073 0.857505 -0.996379
v -0.365073 0.997505 -0.996379
v -0.372422 0.857505 -1.003666
v -0.372422 0.997505 -1.003666
v -0.379582 0.857505 -1.010805
v -0.379582 0.997505 -1.010805
v -0.386552 0.857505 -1.017796
v -0.386552 0.997505 -1.017796
v -0.393333 0.857505 -1.024639
v -0.393333 0.997505 -1.024639
v -0.399925 0.857505 -1.031333
v -0.399925 0.997505 -1.031333
v -0.406327 0.857505 -1.037879
v -0.406327 0.997505 -1.037879
v -0.412539 0.857505 -1.044277
v -0.412539 0.997505 -1.044277
v -0.418563 0.857505 -1.050527
v -0.418563 0.997505 -1.050527
v -0.217877 0.857505 -1.261588
v -0.217877 0.997505 -1.261588
v -0.292579 0.857505 -1.261588
v -0.292579 0.997505 -1.261588
v -0.292579 0.857505 -1.090546
v -0.292579 0.997505 -1.090546
v -0.217877 0.857505 -1.090546
v -0.217877 0.997505 -1.090546
v 0.088338 0.857505 -1.304274
v 0.088338 0.997505 -1.304274
v 0.095805 0.857505 -1.311920
v 0.095805 0.997505 -1.311920
v 0.103185 0.857505 -1.319442
v 0.103185 0.997505 -1.319442
v 0.110478 0.857505 -1.326840
v 0.110478 0.997505 -1.326840
v 0.117685 0.857505 -1.334115
v 0.117685 0.997505 -1.334115
v 0.124806 0.857505 -1.341267
v 0.124806 0.997505 -1.341267
v 0.131840 0.857505 -1.348295
v 0.131840 0.997505 -1.348295
v 0.138788 0.857505 -1.355199
v 0.138788 0.997505 -1.355199
v 0.145649 0.857505 -1.361980
v 0.145649 0.997505 -1.361980
v 0.152424 0.857505 -1.368637
v 0.152424 0.997505 -1.368637
v 0.159112 0.857505 -1.375171
v 0.159112 0.997505 -1.375171
v 0.165714 0.857505 -1.381582
v 0.165714 0.997505 -1.381582
v 0.172229 0.857505 -1.387869
v 0.172229 0.997505 -1.387869
v 0.392183 0.857505 -1.387869
v 0.392183 0.997505 -1.387869
v 0.392609 0.857505 -1.387759
v 0.392609 0.997505 -1.387759
v 0.392998 0.857505 -1.387630
v 0.392998 0.997505 -1.387630
v 0.393350 0.857505 -1.387479
v 0.393350 0.997505 -1.387479
v 0.393665 0.857505 -1.387309
v 0.393665 0.997505 -1.387309
v 0.393943 0.857505 -1.387117
v 0.393943 0.997505 -1.387117
v 0.394184 0.857505 -1.386905
v 0.394184 0.997505 -1.386905
v 0.394387 0.857505 -1.386672
v 0.394387 0.997505 -1.386672
v 0.394554 0.857505 -1.386419
v 0.394554 0.997505 -1.386419
v 0.394684 0.857505 -1.386145
v 0.394684 0.997505 -1.386145
v 0.394777 0.857505 -1.385851
v 0.394777 0.997505 -1.385851
v 0.394832 0.857505 -1.385536
v 0.394832 0.997505 -1.385536
v 0.394850 0.857505 -1.385201
v 0.394850 0.997505 -1.385201
v 0.394850 0.857505 -1.264256
v 0.394850 0.997505 -1.264256
v 0.394832 0.857505 -1.263830
v 0.394832 0.997505 -1.263830
v 0.394777 0.857505 -1.263441
v 0.394777 0.997505 -1.263441
v 0.394684 0.857505 -1.263089
v 0.394684 0.997505 -1.263089
v 0.394554 0.857505 -1.262774
v 0.394554 0.997505 -1.262774
v 0.394387 0.857505 -1.262496
v 0.394387 0.997505 -1.262496
v 0.394184 0.857505 -1.262255
v 0.394184 0.997505 -1.262255
v 0.393943 0.857505 -1.262051
v 0.393943 0.997505 -1.262051
v 0.393665 0.857505 -1.261884
v 0.393665 0.997505 -1.261884
v 0.393350 0.857505 -1.261755
v 0.393350 0.997505 -1.261755
v 0.392998 0.857505 -1.261662
v 0.392998 0.997505 -1.261662
v 0.392609 0.857505 -1.261606
v 0.392609 0.997505 -1.261606
v 0.392183 0.857505 -1.261588
v 0.392183 0.997505 -1.261588
v 0.213433 0.857505 -1.261588
v 0.213433 0.997505 -1.261588
v 0.213433 0.857505 -1.090546
v 0.213433 0.997505 -1.090546
v 0.392183 0.857505 -1.090546
v 0.392183 0.997505 -1.090546
v 0.392609 0.857505 -1.090482
v 0.392609 0.997505 -1.090482
v 0.392998 0.857505 -1.090389
v 0.392998 0.997505 -1.090389
v 0.393350 0.857505 -1.090268
v 0.393350 0.997505 -1.090268
v 0.393665 0.857505 -1.090117
v 0.393665 0.997505 -1.090117
v 0.393943 0.857505 -1.089938
v 0.393943 0.997505 -1.089938
v 0.394184 0.857505 -1.089731
v 0.394184 0.997505 -1.089731
v 0.394387 0.857505 -1.089494
v 0.394387 0.997505 -1.089494
v 0.394554 0.857505 -1.089228
v 0.394554 0.997505 -1.089228
v 0.394684 0.857505 -1.088934
v 0.394684 0.997505 -1.088934
v 0.394777 0.857505 -1.088611
v 0.394777 0.997505 -1.088611
v 0.394832 0.857505 -1.088259
v 0.394832 0.997505 -1.088259
v 0.394850 0.857505 -1.087878
v 0.394850 0.997505 -1.087878
v 0.394850 0.857505 -0.968415
v 0.394850 0.997505 -0.968415
v 0.394832 0.857505 -0.967989
v 0.394832 0.997505 -0.967989
v 0.394777 0.857505 -0.967600
v 0.394777 0.997505 -0.967600
v 0.394684 0.857505 -0.967248
v 0.394684 0.997505 -0.967248
v 0.394554 0.857505 -0.966933
v 0.394554 0.997505 -0.966933
v 0.394387 0.857505 -0.966655
v 0.394387 0.997505 -0.966655
v 0.394184 0.857505 -0.966414
v 0.394184 0.997505 -0.966414
v 0.393943 0.857505 -0.966210
v 0.393943 0.997505 -0.966210
v 0.393665 0.857505 -0.966044
v 0.393665 0.997505 -0.966044
v 0.393350 0.857505 -0.965914
v 0.393350 0.997505 -0.965914
v 0.392998 0.857505 -0.965821
v 0.392998 0.997505 -0.965821
v 0.392609 0.857505 -0.965766
v 0.392609 0.997505 -0.965766
v 0.392183 0.857505 -0.965747
v 0.392183 0.997505 -0.965747
v 0.172229 0.857505 -0.965747
v 0.172229 0.997505 -0.965747
v 0.164536 0.857505 -0.973166
v 0.164536 0.997505 -0.973166
v 0.156971 0.857505 -0.980503
v 0.156971 0.997505 -0.980503
v 0.149533 0.857505 -0.987757
v 0.149533 0.997505 -0.987757
v 0.142224 0.857505 -0.994929
v 0.142224 0.997505 -0.994929
v 0.135041 0.857505 -1.002019
v 0.135041 0.997505 -1.002019
v 0.127986 0.857505 -1.009027
v 0.127986 0.997505 -1.009027
v 0.121059 0.857505 -1.015952
v 0.121059 0.997505 -1.015952
v 0.114260 0.857505 -1.022794
v 0.114260 0.997505 -1.022794
v 0.107588 0.857505 -1.029554
v 0.107588 0.997505 -1.029554
v 0.101044 0.857505 -1.036232
v 0.101044 0.997505 -1.036232
v 0.094627 0.857505 -1.042828
v 0.094627 0.997505 -1.042828
v 0.088338 0.857505 -1.049341
v 0.088338 0.997505 -1.049341
v 0.424494 0.857505 -1.385201
v 0.424494 0.997505 -1.385201
v 0.424558 0.857505 -1.385627
v 0.424558 0.997505 -1.385627
v 0.424650 0.857505 -1.386016
v 0.424650 0.997505 -1.386016
v 0.424772 0.857505 -1.386368
v 0.424772 0.997505 -1.386368
v 0.424922 0.857505 -1.386683
v 0.424922 0.997505 -1.386683
v 0.425101 0.857505 -1.386961
v 0.425101 0.997505 -1.386961
v 0.425309 0.857505 -1.387202
v 0.425309 0.997505 -1.387202
v 0.425546 0.857505 -1.387405
v 0.425546 0.997505 -1.387405
v 0.425811 0.857505 -1.387572
v 0.425811 0.997505 -1.387572
v 0.426106 0.857505 -1.387702
v 0.426106 0.997505 -1.387702
v 0.426429 0.857505 -1.387794
v 0.426429 0.997505 -1.387794
v 0.426781 0.857505 -1.387850
v 0.426781 0.997505 -1.387850
v 0.427162 0.857505 -1.387869
v 0.427162 0.997505 -1.387869
v 0.681798 0.857505 -1.387869
v 0.681798 0.997505 -1.387869
v 0.687488 0.857505 -1.382405
v 0.687488 0.997505 -1.382405
v 0.693294 0.857505 -1.376785
v 0.693294 0.997505 -1.376785
v 0.699214 0.857505 -1.371009
v 0.699214 0.997505 -1.371009
v 0.705250 0.857505 -1.365076
v 0.705250 0.997505 -1.365076
v 0.711401 0.857505 -1.358987
v 0.711401 0.997505 -1.358987
v 0.717667 0.857505 -1.352741
v 0.717667 0.997505 -1.352741
v 0.724049 0.857505 -1.346339
v 0.724049 0.997505 -1.346339
v 0.730546 0.857505 -1.339780
v 0.730546 0.997505 -1.339780
v 0.737157 0.857505 -1.333065
v 0.737157 0.997505 -1.333065
v 0.743885 0.857505 -1.326194
v 0.743885 0.997505 -1.326194
v 0.750727 0.857505 -1.319166
v 0.750727 0.997505 -1.319166
v 0.757685 0.857505 -1.311982
v 0.757685 0.997505 -1.311982
v 0.757685 0.857505 -1.166433
v 0.757685 0.997505 -1.166433
v 0.730710 0.857505 -1.138271
v 0.730710 0.997505 -1.138271
v 0.756500 0.857505 -1.111000
v 0.756500 0.997505 -1.111000
v 0.756500 0.857505 -0.968415
v 0.756500 0.997505 -0.968415
v 0.756481 0.857505 -0.967989
v 0.756481 0.997505 -0.967989
v 0.756426 0.857505 -0.967600
v 0.756426 0.997505 -0.967600
v 0.756333 0.857505 -0.967248
v 0.756333 0.997505 -0.967248
v 0.756203 0.857505 -0.966933
v 0.756203 0.997505 -0.966933
v 0.756037 0.857505 -0.966655
v 0.756037 0.997505 -0.966655
v 0.755833 0.857505 -0.966414
v 0.755833 0.997505 -0.966414
v 0.755592 0.857505 -0.966210
v 0.755592 0.997505 -0.966210
v 0.755314 0.857505 -0.966044
v 0.755314 0.997505 -0.966044
v 0.754999 0.857505 -0.965914
v 0.754999 0.997505 -0.965914
v 0.754647 0.857505 -0.965821
v 0.754647 0.997505 -0.965821
v 0.754258 0.857505 -0.965766
v 0.754258 0.997505 -0.965766
v 0.753832 0.857505 -0.965747
v 0.753832 0.997505 -0.965747
v 0.634369 0.857505 -0.965747
v 0.634369 0.997505 -0.965747
v 0.633943 0.857505 -0.965766
v 0.633943 0.997505 -0.965766
v 0.633554 0.857505 -0.965821
v 0.633554 0.997505 -0.965821
v 0.633202 0.857505 -0.965914
v 0.633202 0.997505 -0.965914
v 0.632887 0.857505 -0.966044
v 0.632887 0.997505 -0.966044
v 0.632609 0.857505 -0.966210
v 0.632609 0.997505 -0.966210
v 0.632368 0.857505 -0.966414
v 0.632368 0.997505 -0.966414
v 0.632164 0.857505 -0.966655
v 0.632164 0.997505 -0.966655
v 0.631998 0.857505 -0.966933
v 0.631998 0.997505 -0.966933
v 0.631868 0.857505 -0.967248
v 0.631868 0.997505 -0.967248
v 0.631775 0.857505 -0.967600
v 0.631775 0.997505 -0.967600
v 0.631719 0.857505 -0.967989
v 0.631719 0.997505 -0.967989
v 0.631701 0.857505 -0.968415
v 0.631701 0.997505 -0.968415
v 0.631701 0.857505 -1.089360
v 0.631701 0.997505 -1.089360
v 0.550478 0.857505 -1.089360
v 0.550478 0.997505 -1.089360
v 0.550478 0.857505 -0.968415
v 0.550478 0.997505 -0.968415
v 0.550462 0.857505 -0.967989
v 0.550462 0.997505 -0.967989
v 0.550412 0.857505 -0.967600
v 0.550412 0.997505 -0.967600
v 0.550330 0.857505 -0.967248
v 0.550330 0.997505 -0.967248
v 0.550215 0.857505 -0.966933
v 0.550215 0.997505 -0.966933
v 0.550067 0.857505 -0.966655
v 0.550067 0.997505 -0.966655
v 0.549886 0.857505 -0.966414
v 0.549886 0.997505 -0.966414
v 0.549671 0.857505 -0.966210
v 0.549671 0.997505 -0.966210
v 0.549424 0.857505 -0.966044
v 0.549424 0.997505 -0.966044
v 0.549145 0.857505 -0.965914
v 0.549145 0.997505 -0.965914
v 0.548832 0.857505 -0.965821
v 0.548832 0.997505 -0.965821
v 0.548486 0.857505 -0.965766
v 0.548486 0.997505 -0.965766
v 0.548107 0.857505 -0.965747
v 0.548107 0.997505 -0.965747
v 0.427162 0.857505 -0.965747
v 0.427162 0.997505 -0.965747
v 0.426736 0.857505 -0.965766
v 0.426736 0.997505 -0.965766
v 0.426347 0.857505 -0.965821
v 0.426347 0.997505 -0.965821
v 0.425995 0.857505 -0.965914
v 0.425995 0.997505 -0.965914
v 0.425680 0.857505 -0.966044
v 0.425680 0.997505 -0.966044
v 0.425402 0.857505 -0.966210
v 0.425402 0.997505 -0.966210
v 0.425161 0.857505 -0.966414
v 0.425161 0.997505 -0.966414
v 0.424957 0.857505 -0.966655
v 0.424957 0.997505 -0.966655
v 0.424790 0.857505 -0.966933
v 0.424790 0.997505 -0.966933
v 0.424661 0.857505 -0.967248
v 0.424661 0.997505 -0.967248
v 0.424568 0.857505 -0.967600
v 0.424568 0.997505 -0.967600
v 0.424512 0.857505 -0.967989
v 0.424512 0.997505 -0.967989
v 0.424494 0.857505 -0.968415
v 0.424494 0.997505 -0.968415
v 0.632887 0.857505 -1.261588
v 0.632887 0.997505 -1.261588
v 0.550478 0.857505 -1.261588
v 0.550478 0.997505 -1.261588
v 0.550478 0.857505 -1.215344
v 0.550478 0.997505 -1.215344
v 0.632887 0.857505 -1.215344
v 0.632887 0.997505 -1.215344
v 0.787328 0.857505 -1.384015
v 0.787328 0.997505 -1.384015
v 0.787390 0.857505 -1.384394
v 0.787390 0.997505 -1.384394
v 0.787477 0.857505 -1.384740
v 0.787477 0.997505 -1.384740
v 0.787588 0.857505 -1.385052
v 0.787588 0.997505 -1.385052
v 0.787724 0.857505 -1.385332
v 0.787724 0.997505 -1.385332
v 0.787884 0.857505 -1.385579
v 0.787884 0.997505 -1.385579
v 0.788070 0.857505 -1.385794
v 0.788070 0.997505 -1.385794
v 0.788280 0.857505 -1.385975
v 0.788280 0.997505 -1.385975
v 0.788514 0.857505 -1.386123
v 0.788514 0.997505 -1.386123
v 0.788774 0.857505 -1.386238
v 0.788774 0.997505 -1.386238
v 0.789058 0.857505 -1.386320
v 0.789058 0.997505 -1.386320
v 0.789367 0.857505 -1.386370
v 0.789367 0.997505 -1.386370
v 0.789700 0.857505 -1.386386
v 0.789700 0.997505 -1.386386
v 1.085837 0.857505 -1.386386
v 1.085837 0.997505 -1.386386
v 1.086216 0.857505 -1.386325
v 1.086216 0.997505 -1.386325
v 1.086562 0.857505 -1.386238
v 1.086562 0.997505 -1.386238
v 1.086875 0.857505 -1.386127
v 1.086875 0.997505 -1.386127
v 1.087155 0.857505 -1.385991
v 1.087155 0.997505 -1.385991
v 1.087402 0.857505 -1.385831
v 1.087402 0.997505 -1.385831
v 1.087616 0.857505 -1.385645
v 1.087616 0.997505 -1.385645
v 1.087797 0.857505 -1.385435
v 1.087797 0.997505 -1.385435
v 1.087945 0.857505 -1.385201
v 1.087945 0.997505 -1.385201
v 1.088060 0.857505 -1.384941
v 1.088060 0.997505 -1.384941
v 1.088143 0.857505 -1.384657
v 1.088143 0.997505 -1.384657
v 1.088192 0.857505 -1.384348
v 1.088192 0.997505 -1.384348
v 1.088209 0.857505 -1.384015
v 1.088209 0.997505 -1.384015
v 1.088209 0.857505 -1.264256
v 1.088209 0.997505 -1.264256
v 1.088192 0.857505 -1.263830
v 1.088192 0.997505 -1.263830
v 1.088143 0.857505 -1.263441
v 1.088143 0.997505 -1.263441
v 1.088060 0.857505 -1.263089
v 1.088060 0.997505 -1.263089
v 1.087945 0.857505 -1.262774
v 1.087945 0.997505 -1.262774
v 1.087797 0.857505 -1.262496
v 1.087797 0.997505 -1.262496
v 1.087616 0.857505 -1.262255
v 1.087616 0.997505 -1.262255
v 1.087402 0.857505 -1.262051
v 1.087402 0.997505 -1.262051
v 1.087155 0.857505 -1.261884
v 1.087155 0.997505 -1.261884
v 1.086875 0.857505 -1.261755
v 1.086875 0.997505 -1.261755
v 1.086562 0.857505 -1.261662
v 1.086562 0.997505 -1.261662
v 1.086216 0.857505 -1.261606
v 1.086216 0.997505 -1.261606
v 1.085837 0.857505 -1.261588
v 1.085837 0.997505 -1.261588
v 0.912127 0.857505 -1.261588
v 0.912127 0.997505 -1.261588
v 0.912127 0.857505 -1.238466
v 0.912127 0.997505 -1.238466
v 1.008468 0.857505 -1.238466
v 1.008468 0.997505 -1.238466
v 1.008894 0.857505 -1.238402
v 1.008894 0.997505 -1.238402
v 1.009283 0.857505 -1.238310
v 1.009283 0.997505 -1.238310
v 1.009635 0.857505 -1.238188
v 1.009635 0.997505 -1.238188
v 1.009950 0.857505 -1.238038
v 1.009950 0.997505 -1.238038
v 1.010228 0.857505 -1.237859
v 1.010228 0.997505 -1.237859
v 1.010469 0.857505 -1.237651
v 1.010469 0.997505 -1.237651
v 1.010673 0.857505 -1.237414
v 1.010673 0.997505 -1.237414
v 1.010839 0.857505 -1.237149
v 1.010839 0.997505 -1.237149
v 1.010969 0.857505 -1.236854
v 1.010969 0.997505 -1.236854
v 1.011062 0.857505 -1.236531
v 1.011062 0.997505 -1.236531
v 1.011117 0.857505 -1.236179
v 1.011117 0.997505 -1.236179
v 1.011136 0.857505 -1.235798
v 1.011136 0.997505 -1.235798
v 1.011136 0.857505 -1.116336
v 1.011136 0.997505 -1.116336
v 1.011117 0.857505 -1.115909
v 1.011117 0.997505 -1.115909
v 1.011062 0.857505 -1.115520
v 1.011062 0.997505 -1.115520
v 1.010969 0.857505 -1.115168
v 1.010969 0.997505 -1.115168
v 1.010839 0.857505 -1.114853
v 1.010839 0.997505 -1.114853
v 1.010673 0.857505 -1.114575
v 1.010673 0.997505 -1.114575
v 1.010469 0.857505 -1.114334
v 1.010469 0.997505 -1.114334
v 1.010228 0.857505 -1.114131
v 1.010228 0.997505 -1.114131
v 1.009950 0.857505 -1.113964
v 1.009950 0.997505 -1.113964
v 1.009635 0.857505 -1.113834
v 1.009635 0.997505 -1.113834
v 1.009283 0.857505 -1.113742
v 1.009283 0.997505 -1.113742
v 1.008894 0.857505 -1.113686
v 1.008894 0.997505 -1.113686
v 1.008468 0.857505 -1.113667
v 1.008468 0.997505 -1.113667
v 0.912127 0.857505 -1.113667
v 0.912127 0.997505 -1.113667
v 0.912127 0.857505 -1.091731
v 0.912127 0.997505 -1.091731
v 1.085837 0.857505 -1.091731
v 1.085837 0.997505 -1.091731
v 1.086216 0.857505 -1.091670
v 1.086216 0.997505 -1.091670
v 1.086562 0.857505 -1.091583
v 1.086562 0.997505 -1.091583
v 1.086875 0.857505 -1.091472
v 1.086875 0.997505 -1.091472
v 1.087155 0.857505 -1.091336
v 1.087155 0.997505 -1.091336
v 1.087402 0.857505 -1.091176
v 1.087402 0.997505 -1.091176
v 1.087616 0.857505 -1.090990
v 1.087616 0.997505 -1.090990
v 1.087797 0.857505 -1.090780
v 1.087797 0.997505 -1.090780
v 1.087945 0.857505 -1.090546
v 1.087945 0.997505 -1.090546
v 1.088060 0.857505 -1.090286
v 1.088060 0.997505 -1.090286
v 1.088143 0.857505 -1.090002
v 1.088143 0.997505 -1.090002
v 1.088192 0.857505 -1.089693
v 1.088192 0.997505 -1.089693
v 1.088209 0.857505 -1.089360
v 1.088209 0.997505 -1.089360
v 1.088209 0.857505 -0.968415
v 1.088209 0.997505 -0.968415
v 1.088192 0.857505 -0.967989
v 1.088192 0.997505 -0.967989
v 1.088143 0.857505 -0.967600
v 1.088143 0.997505 -0.967600
v 1.088060 0.857505 -0.967248
v 1.088060 0.997505 -0.967248
v 1.087945 0.857505 -0.966933
v 1.087945 0.997505 -0.966933
v 1.087797 0.857505 -0.966655
v 1.087797 0.997505 -0.966655
v 1.087616 0.857505 -0.966414
v 1.087616 0.997505 -0.966414
v 1.087402 0.857505 -0.966210
v 1.087402 0.997505 -0.966210
v 1.087155 0.857505 -0.966044
v 1.087155 0.997505 -0.966044
v 1.086875 0.857505 -0.965914
v 1.086875 0.997505 -0.965914
v 1.086562 0.857505 -0.965821
v 1.086562 0.997505 -0.965821
v 1.086216 0.857505 -0.965766
v 1.086216 0.997505 -0.965766
v 1.085837 0.857505 -0.965747
v 1.085837 0.997505 -0.965747
v 0.789700 0.857505 -0.965747
v 0.789700 0.997505 -0.965747
v 0.789321 0.857505 -0.965766
v 0.789321 0.997505 -0.965766
v 0.788975 0.857505 -0.965821
v 0.788975 0.997505 -0.965821
v 0.788662 0.857505 -0.965914
v 0.788662 0.997505 -0.965914
v 0.788383 0.857505 -0.966044
v 0.788383 0.997505 -0.966044
v 0.788136 0.857505 -0.966210
v 0.788136 0.997505 -0.966210
v 0.787922 0.857505 -0.966414
v 0.787922 0.997505 -0.966414
v 0.787740 0.857505 -0.966655
v 0.787740 0.997505 -0.966655
v 0.787592 0.857505 -0.966933
v 0.787592 0.997505 -0.966933
v 0.787477 0.857505 -0.967248
v 0.787477 0.997505 -0.967248
v 0.787394 0.857505 -0.967600
v 0.787394 0.997505 -0.967600
v 0.787345 0.857505 -0.967989
v 0.787345 0.997505 -0.967989
v 0.787328 0.857505 -0.968415
v 0.787328 0.997505 -0.968415
v 1.117852 0.857505 -1.384015
v 1.117852 0.997505 -1.384015
v 1.117961 0.857505 -1.384394
v 1.117961 0.997505 -1.384394
v 1.118091 0.857505 -1.384740
v 1.118091 0.997505 -1.384740
v 1.118241 0.857505 -1.385052
v 1.118241 0.997505 -1.385052
v 1.118412 0.857505 -1.385332
v 1.118412 0.997505 -1.385332
v 1.118603 0.857505 -1.385579
v 1.118603 0.997505 -1.385579
v 1.118815 0.857505 -1.385794
v 1.118815 0.997505 -1.385794
v 1.119048 0.857505 -1.385975
v 1.119048 0.997505 -1.385975
v 1.119301 0.857505 -1.386123
v 1.119301 0.997505 -1.386123
v 1.119575 0.857505 -1.386238
v 1.119575 0.997505 -1.386238
v 1.119869 0.857505 -1.386320
v 1.119869 0.997505 -1.386320
v 1.120184 0.857505 -1.386370
v 1.120184 0.997505 -1.386370
v 1.120520 0.857505 -1.386386
v 1.120520 0.997505 -1.386386
v 1.448672 0.857505 -1.386386
v 1.448672 0.997505 -1.386386
v 1.449098 0.857505 -1.386325
v 1.449098 0.997505 -1.386325
v 1.449487 0.857505 -1.386238
v 1.449487 0.997505 -1.386238
v 1.449839 0.857505 -1.386127
v 1.449839 0.997505 -1.386127
v 1.450154 0.857505 -1.385991
v 1.450154 0.997505 -1.385991
v 1.450432 0.857505 -1.385831
v 1.450432 0.997505 -1.385831
v 1.450673 0.857505 -1.385645
v 1.450673 0.997505 -1.385645
v 1.450876 0.857505 -1.385435
v 1.450876 0.997505 -1.385435
v 1.451043 0.857505 -1.385201
v 1.451043 0.997505 -1.385201
v 1.451173 0.857505 -1.384941
v 1.451173 0.997505 -1.384941
v 1.451266 0.857505 -1.384657
v 1.451266 0.997505 -1.384657
v 1.451321 0.857505 -1.384348
v 1.451321 0.997505 -1.384348
v 1.451340 0.857505 -1.384015
v 1.451340 0.997505 -1.384015
v 1.451340 0.857505 -1.264256
v 1.451340 0.997505 -1.264256
v 1.451321 0.857505 -1.263830
v 1.451321 0.997505 -1.263830
v 1.451266 0.857505 -1.263441
v 1.451266 0.997505 -1.263441
v 1.451173 0.857505 -1.263089
v 1.451173 0.997505 -1.263089
v 1.451043 0.857505 -1.262774
v 1.451043 0.997505 -1.262774
v 1.450876 0.857505 -1.262496
v 1.450876 0.997505 -1.262496
v 1.450673 0.857505 -1.262255
v 1.450673 0.997505 -1.262255
v 1.450432 0.857505 -1.262051
v 1.450432 0.997505 -1.262051
v 1.450154 0.857505 -1.261884
v 1.450154 0.997505 -1.261884
v 1.449839 0.857505 -1.261755
v 1.449839 0.997505 -1.261755
v 1.449487 0.857505 -1.261662
v 1.449487 0.997505 -1.261662
v 1.449098 0.857505 -1.261606
v 1.449098 0.997505 -1.261606
v 1.448672 0.857505 -1.261588
v 1.448672 0.997505 -1.261588
v 1.346995 0.857505 -1.261588
v 1.346995 0.997505 -1.261588
v 1.346995 0.857505 -0.968415
v 1.346995 0.997505 -0.968415
v 1.346976 0.857505 -0.967989
v 1.346976 0.997505 -0.967989
v 1.346921 0.857505 -0.967600
v 1.346921 0.997505 -0.967600
v 1.346828 0.857505 -0.967248
v 1.346828 0.997505 -0.967248
v 1.346698 0.857505 -0.966933
v 1.346698 0.997505 -0.966933
v 1.346532 0.857505 -0.966655
v 1.346532 0.997505 -0.966655
v 1.346328 0.857505 -0.966414
v 1.346328 0.997505 -0.966414
v 1.346087 0.857505 -0.966210
v 1.346087 0.997505 -0.966210
v 1.345809 0.857505 -0.966044
v 1.345809 0.997505 -0.966044
v 1.345494 0.857505 -0.965914
v 1.345494 0.997505 -0.965914
v 1.345142 0.857505 -0.965821
v 1.345142 0.997505 -0.965821
v 1.344753 0.857505 -0.965766
v 1.344753 0.997505 -0.965766
v 1.344327 0.857505 -0.965747
v 1.344327 0.997505 -0.965747
v 1.224865 0.857505 -0.965747
v 1.224865 0.997505 -0.965747
v 1.224438 0.857505 -0.965766
v 1.224438 0.997505 -0.965766
v 1.224049 0.857505 -0.965821
v 1.224049 0.997505 -0.965821
v 1.223697 0.857505 -0.965914
v 1.223697 0.997505 -0.965914
v 1.223382 0.857505 -0.966044
v 1.223382 0.997505 -0.966044
v 1.223104 0.857505 -0.966210
v 1.223104 0.997505 -0.966210
v 1.222863 0.857505 -0.966414
v 1.222863 0.997505 -0.966414
v 1.222659 0.857505 -0.966655
v 1.222659 0.997505 -0.966655
v 1.222493 0.857505 -0.966933
v 1.222493 0.997505 -0.966933
v 1.222363 0.857505 -0.967248
v 1.222363 0.997505 -0.967248
v 1.222270 0.857505 -0.967600
v 1.222270 0.997505 -0.967600
v 1.222215 0.857505 -0.967989
v 1.222215 0.997505 -0.967989
v 1.222196 0.857505 -0.968415
v 1.222196 0.997505 -0.968415
v 1.222196 0.857505 -1.261588
v 1.222196 0.997505 -1.261588
v 1.120520 0.857505 -1.261588
v 1.120520 0.997505 -1.261588
v 1.120094 0.857505 -1.261606
v 1.120094 0.997505 -1.261606
v 1.119705 0.857505 -1.261662
v 1.119705 0.997505 -1.261662
v 1.119353 0.857505 -1.261755
v 1.119353 0.997505 -1.261755
v 1.119038 0.857505 -1.261884
v 1.119038 0.997505 -1.261884
v 1.118760 0.857505 -1.262051
v 1.118760 0.997505 -1.262051
v 1.118519 0.857505 -1.262255
v 1.118519 0.997505 -1.262255
v 1.118315 0.857505 -1.262496
v 1.118315 0.997505 -1.262496
v 1.118149 0.857505 -1.262774
v 1.118149 0.997505 -1.262774
v 1.118019 0.857505 -1.263089
v 1.118019 0.997505 -1.263089
v 1.117926 0.857505 -1.263441
v 1.117926 0.997505 -1.263441
v 1.117870 0.857505 -1.263830
v 1.117870 0.997505 -1.263830
v 1.117852 0.857505 -1.264256
v 1.117852 0.997505 -1.264256
v 1.480983 0.857505 -1.302792
v 1.480983 0.997505 -1.302792
v 1.488863 0.857505 -1.310946
v 1.488863 0.997505 -1.310946
v 1.496595 0.857505 -1.318907
v 1.496595 0.997505 -1.318907
v 1.504179 0.857505 -1.326674
v 1.504179 0.997505 -1.326674
v 1.511615 0.857505 -1.334247
v 1.511615 0.997505 -1.334247
v 1.518902 0.857505 -1.341627
v 1.518902 0.997505 -1.341627
v 1.526041 0.857505 -1.348813
v 1.526041 0.997505 -1.348813
v 1.533032 0.857505 -1.355806
v 1.533032 0.997505 -1.355806
v 1.539875 0.857505 -1.362606
v 1.539875 0.997505 -1.362606
v 1.546569 0.857505 -1.369212
v 1.546569 0.997505 -1.369212
v 1.553115 0.857505 -1.375624
v 1.553115 0.997505 -1.375624
v 1.559513 0.857505 -1.381843
v 1.559513 0.997505 -1.381843
v 1.565763 0.857505 -1.387869
v 1.565763 0.997505 -1.387869
v 1.722873 0.857505 -1.387869
v 1.722873 0.997505 -1.387869
v 1.731025 0.857505 -1.379941
v 1.731025 0.997505 -1.379941
v 1.738979 0.857505 -1.372166
v 1.738979 0.997505 -1.372166
v 1.746736 0.857505 -1.364543
v 1.746736 0.997505 -1.364543
v 1.754295 0.857505 -1.357072
v 1.754295 0.997505 -1.357072
v 1.761656 0.857505 -1.349754
v 1.761656 0.997505 -1.349754
v 1.768820 0.857505 -1.342588
v 1.768820 0.997505 -1.342588
v 1.775786 0.857505 -1.335575
v 1.775786 0.997505 -1.335575
v 1.782555 0.857505 -1.328714
v 1.782555 0.997505 -1.328714
v 1.789126 0.857505 -1.322005
v 1.789126 0.997505 -1.322005
v 1.795499 0.857505 -1.315448
v 1.795499 0.997505 -1.315448
v 1.801675 0.857505 -1.309044
v 1.801675 0.997505 -1.309044
v 1.807653 0.857505 -1.302792
v 1.807653 0.997505 -1.302792
v 1.807653 0.857505 -1.050527
v 1.807653 0.997505 -1.050527
v 1.799773 0.857505 -1.042421
v 1.799773 0.997505 -1.042421
v 1.792041 0.857505 -1.034503
v 1.792041 0.997505 -1.034503
v 1.784457 0.857505 -1.026775
v 1.784457 0.997505 -1.026775
v 1.777021 0.857505 -1.019237
v 1.777021 0.997505 -1.019237
v 1.769734 0.857505 -1.011888
v 1.769734 0.997505 -1.011888
v 1.762595 0.857505 -1.004728
v 1.762595 0.997505 -1.004728
v 1.755604 0.857505 -0.997758
v 1.755604 0.997505 -0.997758
v 1.748761 0.857505 -0.990977
v 1.748761 0.997505 -0.990977
v 1.742067 0.857505 -0.984385
v 1.742067 0.997505 -0.984385
v 1.735521 0.857505 -0.977983
v 1.735521 0.997505 -0.977983
v 1.729123 0.857505 -0.971771
v 1.729123 0.997505 -0.971771
v 1.722873 0.857505 -0.965747
v 1.722873 0.997505 -0.965747
v 1.565763 0.857505 -0.965747
v 1.565763 0.997505 -0.965747
v 1.557656 0.857505 -0.973627
v 1.557656 0.997505 -0.973627
v 1.549739 0.857505 -0.981359
v 1.549739 0.997505 -0.981359
v 1.542011 0.857505 -0.988943
v 1.542011 0.997505 -0.988943
v 1.534473 0.857505 -0.996379
v 1.534473 0.997505 -0.996379
v 1.527124 0.857505 -1.003666
v 1.527124 0.997505 -1.003666
v 1.519964 0.857505 -1.010805
v 1.519964 0.997505 -1.010805
v 1.512993 0.857505 -1.017796
v 1.512993 0.997505 -1.017796
v 1.506213 0.857505 -1.024639
v 1.506213 0.997505 -1.024639
v 1.499621 0.857505 -1.031333
v 1.499621 0.997505 -1.031333
v 1.493219 0.857505 -1.037879
v 1.493219 0.997505 -1.037879
v 1.487006 0.857505 -1.044277
v 1.487006 0.997505 -1.044277
v 1.480983 0.857505 -1.050527
v 1.480983 0.997505 -1.050527
v 1.681668 0.857505 -1.261588
v 1.681668 0.997505 -1.261588
v 1.606967 0.857505 -1.261588
v 1.606967 0.997505 -1.261588
v 1.606967 0.857505 -1.090546
v 1.606967 0.997505 -1.090546
v 1.681668 0.857505 -1.090546
v 1.681668 0.997505 -1.090546
v 2.998842 0.027716 0.980177
v 2.998842 -0.094156 0.980177
v 2.998842 0.027716 -0.980177
v 2.998842 -0.094156 -0.980177
v 3.135759 0.027716 0.980177
v 3.135759 -0.094156 0.980177
v 3.135759 0.027716 -0.980177
v 3.135759 -0.094156 -0.980177
v 2.998842 -0.636681 0.980177
v 2.998842 -0.758553 0.980177
v 2.998842 -0.636681 -0.980177
v 2.998842 -0.758553 -0.980177
v 3.135759 -0.636681 0.980177
v 3.135759 -0.758553 0.980177
v 3.135759 -0.636681 -0.980177
v 3.135759 -0.758553 -0.980177
v -3.146832 0.658893 0.980177
v -3.146832 0.537022 0.980177
v -3.146832 0.658893 -0.980177
v -3.146832 0.537022 -0.980177
v -3.009915 0.658893 0.980177
v -3.009915 0.537022 0.980177
v -3.009915 0.658893 -0.980177
v -3.009915 0.537022 -0.980177
v -3.146832 0.027716 0.980177
v -3.146832 -0.094155 0.980177
v -3.146832 0.027716 -0.980177
v -3.146832 -0.094155 -0.980177
v -3.009915 0.027716 0.980177
v -3.009915 -0.094155 0.980177
v -3.009915 0.027716 -0.980177
v -3.009915 -0.094155 -0.980177
v -3.146832 -0.636681 0.980177
v -3.146832 -0.758553 0.980177
v -3.146832 -0.636681 -0.980177
v -3.146832 -0.758553 -0.980177
v -3.009915 -0.636681 0.980177
v -3.009915 -0.758553 0.980177
v -3.009915 -0.636681 -0.980177
v -3.009915 -0.758553 -0.980177
vn -1.0000 -0.0000 -0.0000
vn -0.0000 -0.0000 -1.0000
vn 1.0000 -0.0000 -0.0000
vn -0.0000 -0.0000 1.0000
vn -0.0000 1.0000 -0.0000
vn -0.0000 -1.0000 -0.0000
vn -0.0001 1.0000 -0.0000
vn 0.0001 1.0000 -0.0000
vn -0.9543 -0.0000 -0.2989
vn 0.4968 -0.0000 -0.8679
vn 0.8992 -0.0000 -0.4375
vn 0.9649 -0.0000 -0.2627
vn 0.9800 -0.0000 -0.1988
vn 0.9861 -0.0000 -0.1662
vn 0.9892 -0.0000 -0.1465
vn 0.9911 -0.0000 -0.1333
vn 0.9923 -0.0000 -0.1239
vn 0.9932 -0.0000 -0.1168
vn 0.9938 -0.0000 -0.1113
vn 0.9943 -0.0000 -0.1068
vn 0.9947 -0.0000 -0.1032
vn 0.9905 -0.0000 -0.1377
vn 0.9854 -0.0000 -0.1702
vn 0.9899 -0.0000 -0.1418
vn 0.9916 -0.0000 -0.1292
vn 0.9919 -0.0000 -0.1267
vn 0.9921 -0.0000 -0.1251
vn 0.9924 -0.0000 -0.1230
vn 0.9925 -0.0000 -0.1224
vn 0.9926 -0.0000 -0.1218
vn 0.9926 -0.0000 -0.1214
vn 0.9998 -0.0000 0.0174
vn 0.2169 -0.0000 0.9762
vn -0.4149 -0.0000 0.9099
vn -0.8617 -0.0000 0.5074
vn -0.9530 -0.0000 0.3029
vn -0.9747 -0.0000 0.2233
vn -0.9833 -0.0000 0.1820
vn -0.9876 -0.0000 0.1568
vn -0.9902 -0.0000 0.1398
vn -0.9918 -0.0000 0.1277
vn -0.9929 -0.0000 0.1186
vn -0.9938 -0.0000 0.1114
vn -0.9944 -0.0000 0.1057
vn -0.9949 -0.0000 0.1010
vn -0.9788 -0.0000 0.2050
vn -0.6670 -0.0000 0.7451
vn -0.8733 -0.0000 0.4872
vn -0.9370 -0.0000 0.3494
vn -0.9631 -0.0000 0.2692
vn -0.9760 -0.0000 0.2178
vn -0.9831 -0.0000 0.1830
vn -0.9875 -0.0000 0.1577
vn -0.9904 -0.0000 0.1382
vn -0.9924 -0.0000 0.1231
vn -0.9938 -0.0000 0.1111
vn -0.9949 -0.0000 0.1011
vn -0.9773 -0.0000 0.2119
vn 0.9709 -0.0000 0.2395
vn 0.9935 -0.0000 0.1134
vn 0.9934 -0.0000 0.1150
vn 0.9932 -0.0000 0.1168
vn 0.9929 -0.0000 0.1190
vn 0.9926 -0.0000 0.1218
vn 0.9921 -0.0000 0.1253
vn 0.9915 -0.0000 0.1301
vn 0.9906 -0.0000 0.1367
vn 0.9892 -0.0000 0.1467
vn 0.9866 -0.0000 0.1632
vn 0.9806 -0.0000 0.1961
vn 0.9059 -0.0000 0.4235
vn -0.0217 -0.0000 0.9998
vn -0.0928 -0.0000 0.9957
vn -0.1990 -0.0000 0.9800
vn -0.3197 -0.0000 0.9475
vn -0.4514 -0.0000 0.8923
vn -0.5859 -0.0000 0.8104
vn -0.7120 -0.0000 0.7022
vn -0.8187 -0.0000 0.5742
vn -0.8983 -0.0000 0.4393
vn -0.9520 -0.0000 0.3060
vn -0.9828 -0.0000 0.1844
vn -0.9970 -0.0000 0.0775
vn -0.9999 -0.0000 -0.0173
vn -0.9928 -0.0000 -0.1195
vn -0.9928 -0.0000 -0.1199
vn -0.9927 -0.0000 -0.1203
vn -0.9927 -0.0000 -0.1209
vn -0.9926 -0.0000 -0.1216
vn -0.9925 -0.0000 -0.1225
vn -0.9923 -0.0000 -0.1237
vn -0.9921 -0.0000 -0.1254
vn -0.9918 -0.0000 -0.1279
vn -0.9912 -0.0000 -0.1322
vn -0.9900 -0.0000 -0.1409
vn 0.9751 -0.0000 -0.2219
vn -0.9620 -0.0000 -0.2731
vn -0.9999 -0.0000 0.0172
vn 0.9998 -0.0000 0.0214
vn -0.9989 -0.0000 -0.0460
vn -0.9809 -0.0000 -0.1946
vn -0.9594 -0.0000 -0.2822
vn -0.9251 -0.0000 -0.3797
vn -0.8741 -0.0000 -0.4857
vn -0.8027 -0.0000 -0.5964
vn -0.7105 -0.0000 -0.7037
vn -0.5984 -0.0000 -0.8012
vn -0.4740 -0.0000 -0.8806
vn -0.3449 -0.0000 -0.9386
vn -0.2192 -0.0000 -0.9757
vn -0.1041 -0.0000 -0.9946
vn -0.0249 -0.0000 -0.9997
vn 0.0724 -0.0000 -0.9974
vn 0.1806 -0.0000 -0.9836
vn 0.2597 -0.0000 -0.9657
vn 0.3499 -0.0000 -0.9368
vn 0.4505 -0.0000 -0.8928
vn 0.5586 -0.0000 -0.8294
vn 0.6689 -0.0000 -0.7433
vn 0.7734 -0.0000 -0.6339
vn 0.8622 -0.0000 -0.5066
vn 0.9298 -0.0000 -0.3681
vn 0.9738 -0.0000 -0.2273
vn 0.9956 -0.0000 -0.0935
vn 0.9997 -0.0000 -0.0240
vn 0.9976 -0.0000 -0.0697
vn -0.9976 -0.0000 -0.0697
vn -0.9989 -0.0000 -0.0466
vn -0.9791 -0.0000 -0.2034
vn -0.9531 -0.0000 -0.3028
vn -0.9118 -0.0000 -0.4106
vn -0.8512 -0.0000 -0.5248
vn -0.7694 -0.0000 -0.6387
vn -0.6680 -0.0000 -0.7442
vn -0.5516 -0.0000 -0.8341
vn -0.4288 -0.0000 -0.9034
vn -0.3076 -0.0000 -0.9515
vn -0.1938 -0.0000 -0.9810
vn -0.0914 -0.0000 -0.9958
vn -0.0218 -0.0000 -0.9998
vn 0.7730 -0.0000 -0.6345
vn 0.8624 -0.0000 -0.5063
vn 0.9300 -0.0000 -0.3677
vn 0.9955 -0.0000 -0.0947
vn 0.9997 -0.0000 -0.0245
vn 0.9979 -0.0000 0.0649
vn 0.7156 -0.0000 0.6985
vn 0.7140 -0.0000 0.7001
vn 0.7120 -0.0000 0.7022
vn 0.7095 -0.0000 0.7047
vn 0.7063 -0.0000 0.7079
vn 0.7020 -0.0000 0.7122
vn 0.6960 -0.0000 0.7180
vn 0.6871 -0.0000 0.7266
vn 0.6721 -0.0000 0.7404
vn 0.6420 -0.0000 0.7667
vn 0.5473 -0.0000 0.8370
vn 0.2457 -0.0000 0.9693
vn -0.0099 -0.0000 1.0000
vn -0.0098 -0.0000 1.0000
vn -0.0096 -0.0000 1.0000
vn -0.0094 -0.0000 1.0000
vn -0.0092 -0.0000 1.0000
vn -0.0088 -0.0000 1.0000
vn -0.0084 -0.0000 1.0000
vn -0.0079 -0.0000 1.0000
vn -0.0071 -0.0000 1.0000
vn -0.0059 -0.0000 1.0000
vn -0.0038 -0.0000 1.0000
vn -0.4516 -0.0000 0.8922
vn -0.7112 -0.0000 0.7030
vn -0.7114 -0.0000 0.7028
vn -0.7118 -0.0000 0.7024
vn -0.7122 -0.0000 0.7020
vn -0.7127 -0.0000 0.7014
vn -0.7134 -0.0000 0.7007
vn -0.7144 -0.0000 0.6997
vn -0.7159 -0.0000 0.6982
vn -0.7184 -0.0000 0.6956
vn -0.7236 -0.0000 0.6903
vn -0.7416 -0.0000 0.6708
vn -0.9979 -0.0000 0.0643
vn -0.9985 -0.0000 -0.0548
vn -0.9508 -0.0000 -0.3099
vn -0.9215 -0.0000 -0.3884
vn -0.8806 -0.0000 -0.4739
vn -0.8257 -0.0000 -0.5641
vn -0.7548 -0.0000 -0.6560
vn -0.6666 -0.0000 -0.7454
vn -0.5632 -0.0000 -0.8264
vn -0.4495 -0.0000 -0.8933
vn -0.3309 -0.0000 -0.9437
vn -0.2132 -0.0000 -0.9770
vn -0.1024 -0.0000 -0.9947
vn -0.0247 -0.0000 -0.9997
vn 0.1806 -0.0000 -0.9835
vn 0.7732 -0.0000 -0.6342
vn 0.8623 -0.0000 -0.5065
vn 0.9299 -0.0000 -0.3679
vn 0.9956 -0.0000 -0.0941
vn 0.9997 -0.0000 -0.0243
vn 0.9998 -0.0000 0.0199
vn 0.9970 -0.0000 0.0769
vn 0.9829 -0.0000 0.1839
vn 0.9518 -0.0000 0.3066
vn 0.8984 -0.0000 0.4392
vn 0.8185 -0.0000 0.5745
vn 0.7119 -0.0000 0.7022
vn 0.5860 -0.0000 0.8103
vn 0.4516 -0.0000 0.8922
vn 0.3196 -0.0000 0.9476
vn 0.1989 -0.0000 0.9800
vn 0.0927 -0.0000 0.9957
vn 0.0217 -0.0000 0.9998
vn 0.9976 -0.0000 0.0697
vn 0.9970 -0.0000 0.0770
vn 0.9829 -0.0000 0.1843
vn 0.9519 -0.0000 0.3065
vn 0.8985 -0.0000 0.4390
vn 0.8183 -0.0000 0.5748
vn 0.7121 -0.0000 0.7021
vn 0.4512 -0.0000 0.8924
vn 0.3197 -0.0000 0.9475
vn 0.1990 -0.0000 0.9800
vn 0.0928 -0.0000 0.9957
vn -0.1989 -0.0000 0.9800
vn -0.5860 -0.0000 0.8103
vn -0.7121 -0.0000 0.7021
vn -0.8183 -0.0000 0.5748
vn -0.8985 -0.0000 0.4390
vn -0.9829 -0.0000 0.1842
vn -0.9970 -0.0000 0.0774
vn -0.9998 -0.0000 0.0201
vn -0.9976 -0.0000 0.0697
vn -0.0927 -0.0000 0.9957
vn -0.3196 -0.0000 0.9476
vn -0.7119 -0.0000 0.7022
vn -0.9519 -0.0000 0.3064
vn -0.9828 -0.0000 0.1848
vn -0.9971 -0.0000 0.0767
vn -0.9998 -0.0000 0.0196
vn -0.9979 -0.0000 -0.0648
vn -0.7182 -0.0000 -0.6958
vn -0.7164 -0.0000 -0.6977
vn -0.7145 -0.0000 -0.6996
vn -0.7126 -0.0000 -0.7016
vn -0.7083 -0.0000 -0.7059
vn -0.7060 -0.0000 -0.7082
vn -0.7036 -0.0000 -0.7106
vn -0.7011 -0.0000 -0.7131
vn -0.6984 -0.0000 -0.7157
vn -0.6955 -0.0000 -0.7185
vn -0.4338 -0.0000 -0.9010
vn 0.4369 -0.0000 -0.8995
vn 0.6981 -0.0000 -0.7160
vn 0.7000 -0.0000 -0.7142
vn 0.7019 -0.0000 -0.7122
vn 0.7040 -0.0000 -0.7102
vn 0.7061 -0.0000 -0.7081
vn 0.7084 -0.0000 -0.7059
vn 0.7107 -0.0000 -0.7035
vn 0.7132 -0.0000 -0.7010
vn 0.7157 -0.0000 -0.6984
vn 0.7184 -0.0000 -0.6956
vn 0.7213 -0.0000 -0.6926
vn 0.9979 -0.0000 -0.0648
vn 0.7162 -0.0000 0.6979
vn 0.7146 -0.0000 0.6996
vn 0.7128 -0.0000 0.7013
vn 0.7110 -0.0000 0.7032
vn 0.7091 -0.0000 0.7051
vn 0.7071 -0.0000 0.7071
vn 0.7050 -0.0000 0.7092
vn 0.7027 -0.0000 0.7114
vn 0.7004 -0.0000 0.7137
vn 0.6979 -0.0000 0.7162
vn 0.6953 -0.0000 0.7187
vn 0.4337 -0.0000 0.9010
vn -0.4367 -0.0000 0.8996
vn -0.6979 -0.0000 0.7162
vn -0.6996 -0.0000 0.7146
vn -0.7013 -0.0000 0.7128
vn -0.7032 -0.0000 0.7110
vn -0.7051 -0.0000 0.7091
vn -0.7071 -0.0000 0.7071
vn -0.7092 -0.0000 0.7050
vn -0.7114 -0.0000 0.7027
vn -0.7138 -0.0000 0.7004
vn -0.7162 -0.0000 0.6979
vn -0.7187 -0.0000 0.6953
vn -0.9979 -0.0000 0.0648
vn -0.9979 -0.0000 -0.0649
vn -0.7146 -0.0000 -0.6995
vn -0.7130 -0.0000 -0.7012
vn -0.7113 -0.0000 -0.7029
vn -0.7095 -0.0000 -0.7047
vn -0.7077 -0.0000 -0.7065
vn -0.7058 -0.0000 -0.7084
vn -0.7039 -0.0000 -0.7103
vn -0.7019 -0.0000 -0.7123
vn -0.6999 -0.0000 -0.7143
vn -0.6977 -0.0000 -0.7164
vn -0.4341 -0.0000 -0.9009
vn 0.1270 -0.0000 -0.9919
vn 0.2827 -0.0000 -0.9592
vn 0.3553 -0.0000 -0.9348
vn 0.4361 -0.0000 -0.8999
vn 0.5241 -0.0000 -0.8516
vn 0.6173 -0.0000 -0.7867
vn 0.7109 -0.0000 -0.7033
vn 0.7990 -0.0000 -0.6013
vn 0.8758 -0.0000 -0.4827
vn 0.9352 -0.0000 -0.3542
vn 0.9956 -0.0000 -0.0932
vn 0.9997 -0.0000 -0.0242
vn 0.9519 -0.0000 0.3064
vn 0.8182 -0.0000 0.5750
vn 0.7119 -0.0000 0.7023
vn 0.4515 -0.0000 0.8923
vn 0.1988 -0.0000 0.9800
vn 0.0748 -0.0000 -0.9972
vn 0.1904 -0.0000 -0.9817
vn 0.2799 -0.0000 -0.9600
vn 0.3803 -0.0000 -0.9249
vn 0.4891 -0.0000 -0.8722
vn 0.6019 -0.0000 -0.7985
vn 0.7113 -0.0000 -0.7029
vn 0.8089 -0.0000 -0.5879
vn 0.8879 -0.0000 -0.4600
vn 0.9444 -0.0000 -0.3287
vn 0.9796 -0.0000 -0.2011
vn 0.9965 -0.0000 -0.0841
vn 0.9998 -0.0000 -0.0218
vn 0.4514 -0.0000 0.8923
vn -0.4339 -0.0000 0.9009
vn -0.6952 -0.0000 0.7188
vn -0.6972 -0.0000 0.7169
vn -0.6993 -0.0000 0.7148
vn -0.7014 -0.0000 0.7127
vn -0.7036 -0.0000 0.7106
vn -0.7059 -0.0000 0.7083
vn -0.7082 -0.0000 0.7060
vn -0.7106 -0.0000 0.7036
vn -0.7130 -0.0000 0.7012
vn -0.7155 -0.0000 0.6986
vn -0.7181 -0.0000 0.6960
vn -0.9990 -0.0000 -0.0444
vn -0.9834 -0.0000 -0.1817
vn -0.9624 -0.0000 -0.2716
vn -0.9282 -0.0000 -0.3721
vn -0.8770 -0.0000 -0.4804
vn -0.8046 -0.0000 -0.5939
vn -0.7100 -0.0000 -0.7042
vn -0.5971 -0.0000 -0.8022
vn -0.4713 -0.0000 -0.8820
vn -0.3416 -0.0000 -0.9398
vn -0.2171 -0.0000 -0.9761
vn -0.1027 -0.0000 -0.9947
vn -0.0242 -0.0000 -0.9997
vn 0.4324 -0.0000 -0.9017
vn 0.6941 -0.0000 -0.7199
vn 0.6970 -0.0000 -0.7171
vn 0.6997 -0.0000 -0.7145
vn 0.7023 -0.0000 -0.7119
vn 0.7047 -0.0000 -0.7095
vn 0.7071 -0.0000 -0.7071
vn 0.7093 -0.0000 -0.7049
vn 0.7115 -0.0000 -0.7027
vn 0.7136 -0.0000 -0.7006
vn 0.7155 -0.0000 -0.6986
vn 0.7174 -0.0000 -0.6966
vn 0.9979 -0.0000 -0.0649
vn 0.9979 -0.0000 0.0648
vn 0.9979 -0.0000 -0.0647
vn 0.5859 -0.0000 0.8104
vn -0.3198 -0.0000 0.9475
vn -0.5858 -0.0000 0.8105
vn -0.8185 -0.0000 0.5745
vn -0.8986 -0.0000 0.4388
vn -0.9519 -0.0000 0.3065
vn -0.9829 -0.0000 0.1843
vn 0.9998 -0.0000 0.0179
vn 0.9976 -0.0000 0.0698
vn 0.9864 -0.0000 0.1646
vn 0.9616 -0.0000 0.2744
vn 0.9173 -0.0000 0.3983
vn 0.8480 -0.0000 0.5300
vn 0.7520 -0.0000 0.6592
vn 0.6312 -0.0000 0.7756
vn 0.4946 -0.0000 0.8691
vn 0.3550 -0.0000 0.9349
vn 0.2227 -0.0000 0.9749
vn 0.1042 -0.0000 0.9946
vn 0.0244 -0.0000 0.9997
vn -0.4515 -0.0000 0.8923
vn -0.5861 -0.0000 0.8102
vn -0.7117 -0.0000 0.7025
vn -0.8180 -0.0000 0.5752
vn -0.8987 -0.0000 0.4386
vn -0.9519 -0.0000 0.3063
vn -0.9971 -0.0000 0.0766
vn -0.9594 -0.0000 -0.2819
vn -0.9251 -0.0000 -0.3798
vn -0.8740 -0.0000 -0.4859
vn -0.8028 -0.0000 -0.5962
vn -0.7102 -0.0000 -0.7040
vn -0.5986 -0.0000 -0.8010
vn -0.4737 -0.0000 -0.8807
vn -0.3446 -0.0000 -0.9388
vn -0.2193 -0.0000 -0.9757
vn -0.1042 -0.0000 -0.9946
vn 0.0813 -0.0000 -0.9967
vn 0.2023 -0.0000 -0.9793
vn 0.2896 -0.0000 -0.9572
vn 0.3873 -0.0000 -0.9220
vn 0.4937 -0.0000 -0.8696
vn 0.6042 -0.0000 -0.7968
vn 0.7112 -0.0000 -0.7030
vn 0.8077 -0.0000 -0.5896
vn 0.8865 -0.0000 -0.4627
vn 0.9437 -0.0000 -0.3309
vn 0.9790 -0.0000 -0.2037
vn 0.9964 -0.0000 -0.0853
vn 0.9998 -0.0000 -0.0221
vn 0.9615 -0.0000 0.2746
vn 0.9172 -0.0000 0.3985
vn 0.8481 -0.0000 0.5298
vn 0.7517 -0.0000 0.6595
vn 0.6314 -0.0000 0.7755
vn 0.4948 -0.0000 0.8690
vn 0.3547 -0.0000 0.9350
vn 0.2225 -0.0000 0.9749
vn 0.0747 -0.0000 -0.9972
vn 0.3801 -0.0000 -0.9249
vn 0.4892 -0.0000 -0.8722
vn 0.6021 -0.0000 -0.7984
vn 0.8092 -0.0000 -0.5876
vn 0.9444 -0.0000 -0.3289
vn 0.9795 -0.0000 -0.2016
vn 0.9964 -0.0000 -0.0842
vn 0.8184 -0.0000 0.5747
vn 0.5861 -0.0000 0.8103
vn 0.0218 -0.0000 0.9998
vn 0.0811 -0.0000 -0.9967
vn 0.2022 -0.0000 -0.9794
vn 0.9436 -0.0000 -0.3310
vn 0.7518 -0.0000 0.6594
vn 0.6313 -0.0000 0.7755
vn 0.4947 -0.0000 0.8691
vn 0.3548 -0.0000 0.9350
vn 0.2226 -0.0000 0.9749
vn 0.1043 -0.0000 0.9945
vn -0.0244 -0.0000 0.9997
vn -0.1042 -0.0000 0.9946
vn -0.2226 -0.0000 0.9749
vn -0.3551 -0.0000 0.9348
vn -0.4947 -0.0000 0.8691
vn -0.6309 -0.0000 0.7758
vn -0.7518 -0.0000 0.6593
vn -0.8482 -0.0000 0.5296
vn -0.9170 -0.0000 0.3988
vn -0.9614 -0.0000 0.2753
vn -0.9864 -0.0000 0.1644
vn -0.9976 -0.0000 0.0696
vn -0.9998 -0.0000 0.0179
vn -0.9217 -0.0000 -0.3879
vn -0.8808 -0.0000 -0.4735
vn -0.8255 -0.0000 -0.5644
vn -0.7546 -0.0000 -0.6562
vn -0.5635 -0.0000 -0.8261
vn -0.4497 -0.0000 -0.8932
vn -0.3307 -0.0000 -0.9437
vn -0.2131 -0.0000 -0.9770
vn -0.1025 -0.0000 -0.9947
vn 0.2596 -0.0000 -0.9657
vn 0.3498 -0.0000 -0.9368
vn 0.5587 -0.0000 -0.8294
vn 0.6687 -0.0000 -0.7435
vn 0.7730 -0.0000 -0.6343
vn 0.9300 -0.0000 -0.3676
vn 0.9737 -0.0000 -0.2277
vn 0.9955 -0.0000 -0.0945
vn 0.9997 -0.0000 -0.0244
vn 0.9998 -0.0000 0.0200
vn 0.9970 -0.0000 0.0772
vn 0.7118 -0.0000 0.7024
vn 0.9970 -0.0000 0.0771
vn 0.9829 -0.0000 0.1841
vn -0.4513 -0.0000 0.8924
vn -0.5858 -0.0000 0.8104
vn -0.9829 -0.0000 0.1841
vn -0.9998 -0.0000 0.0198
vn -0.5862 -0.0000 0.8102
vn -0.7119 -0.0000 0.7023
vn -0.8184 -0.0000 0.5747
vn -0.8984 -0.0000 0.4392
vn -0.9518 -0.0000 0.3066
vn -0.9970 -0.0000 0.0770
vn -0.9998 -0.0000 0.0199
vn 0.7084 -0.0000 -0.7058
vn 0.4337 -0.0000 0.9011
vn -0.7137 -0.0000 0.7004
vt 0.968478 0.154555
vt 0.968478 0.136338
vt 0.986510 0.136338
vt 0.986510 0.154555
vt 0.591120 0.964759
vt 0.591120 0.946541
vt 0.609337 0.946541
vt 0.609337 0.964759
vt 0.956616 0.938586
vt 0.956616 0.920368
vt 0.974659 0.920368
vt 0.974659 0.938586
vt 0.949195 0.623537
vt 0.949195 0.605319
vt 0.967409 0.605319
vt 0.967409 0.623537
vt 0.671674 0.960569
vt 0.653457 0.960569
vt 0.653457 0.942352
vt 0.671674 0.942352
vt 0.290386 0.961279
vt 0.272169 0.961279
vt 0.272169 0.943061
vt 0.290386 0.943061
vt 0.984308 0.562179
vt 0.971020 0.562179
vt 0.971020 0.578979
vt 0.984308 0.578979
vt 0.011106 0.011106
vt 0.011106 0.814739
vt 0.310069 0.814739
vt 0.310069 0.011106
vt 0.863648 0.011106
vt 0.845241 0.011106
vt 0.845241 0.310069
vt 0.863648 0.310069
vt 0.672042 0.011106
vt 0.653457 0.011106
vt 0.653457 0.814759
vt 0.672042 0.814759
vt 0.863638 0.332281
vt 0.845241 0.332281
vt 0.845241 0.631244
vt 0.863638 0.631244
vt 0.332281 0.011106
vt 0.332281 0.814604
vt 0.631244 0.814604
vt 0.631244 0.011106
vt 0.695062 0.045988
vt 0.694255 0.011106
vt 0.694255 0.814759
vt 0.695062 0.779877
vt 0.712034 0.045988
vt 0.712841 0.011106
vt 0.712841 0.814759
vt 0.712034 0.779877
vt 0.752026 0.011106
vt 0.735053 0.011106
vt 0.735053 0.744994
vt 0.752026 0.744994
vt 0.823028 0.011106
vt 0.809740 0.011106
vt 0.809740 0.744854
vt 0.823028 0.744854
vt 0.787527 0.011106
vt 0.774238 0.011106
vt 0.774238 0.744976
vt 0.787527 0.744976
vt 0.748342 0.945843
vt 0.735053 0.945843
vt 0.735053 0.962653
vt 0.748342 0.962653
vt 0.061717 0.869967
vt 0.061773 0.869136
vt 0.061773 0.848231
vt 0.061700 0.847147
vt 0.061660 0.870818
vt 0.061627 0.846088
vt 0.061600 0.871689
vt 0.061557 0.845056
vt 0.061539 0.872580
vt 0.061487 0.844051
vt 0.061475 0.873491
vt 0.061419 0.843071
vt 0.061410 0.874421
vt 0.061353 0.842118
vt 0.061344 0.875371
vt 0.061287 0.841191
vt 0.061275 0.876340
vt 0.061224 0.840290
vt 0.061205 0.877330
vt 0.061161 0.839416
vt 0.061132 0.878339
vt 0.061100 0.838568
vt 0.061059 0.879368
vt 0.061041 0.837746
vt 0.060983 0.880416
vt 0.060983 0.836951
vt 0.058638 0.880416
vt 0.060600 0.863653
vt 0.060600 0.853714
vt 0.058638 0.836951
vt 0.059010 0.863653
vt 0.059010 0.853714
vt 0.058580 0.879615
vt 0.058563 0.838000
vt 0.058521 0.878788
vt 0.058490 0.839028
vt 0.058460 0.877936
vt 0.058418 0.840037
vt 0.058398 0.877059
vt 0.058348 0.841027
vt 0.058334 0.876157
vt 0.058279 0.841996
vt 0.058269 0.875229
vt 0.058213 0.842946
vt 0.058203 0.874277
vt 0.058148 0.843876
vt 0.058135 0.873299
vt 0.058085 0.844787
vt 0.058066 0.872296
vt 0.058024 0.845678
vt 0.057996 0.871268
vt 0.057964 0.846549
vt 0.057924 0.870214
vt 0.057907 0.847400
vt 0.057851 0.869136
vt 0.057851 0.848231
vt 0.592280 0.880879
vt 0.592280 0.880834
vt 0.592280 0.837172
vt 0.592279 0.837115
vt 0.592279 0.880921
vt 0.592279 0.837064
vt 0.592279 0.880960
vt 0.592278 0.880996
vt 0.592278 0.837017
vt 0.592276 0.836975
vt 0.592276 0.881030
vt 0.592275 0.836938
vt 0.592274 0.881061
vt 0.592273 0.836906
vt 0.592273 0.881089
vt 0.592271 0.836879
vt 0.592270 0.881115
vt 0.592269 0.836856
vt 0.592268 0.881137
vt 0.592267 0.836839
vt 0.592265 0.881157
vt 0.592264 0.836827
vt 0.592261 0.881175
vt 0.592261 0.836819
vt 0.592258 0.881189
vt 0.592258 0.836817
vt 0.591145 0.881189
vt 0.591145 0.836817
vt 0.591141 0.881187
vt 0.591141 0.836819
vt 0.591137 0.881179
vt 0.591137 0.836827
vt 0.591134 0.881167
vt 0.591134 0.836839
vt 0.591131 0.881150
vt 0.591131 0.836856
vt 0.591129 0.881128
vt 0.591129 0.836879
vt 0.591126 0.881100
vt 0.591126 0.836906
vt 0.591125 0.881068
vt 0.591125 0.836938
vt 0.591123 0.881031
vt 0.591123 0.836975
vt 0.591122 0.880990
vt 0.591122 0.837017
vt 0.591121 0.880943
vt 0.591121 0.837064
vt 0.591120 0.880891
vt 0.591120 0.837115
vt 0.591120 0.880834
vt 0.591120 0.837172
vt 0.184604 0.850479
vt 0.184604 0.836951
vt 0.184604 0.880612
vt 0.202846 0.962570
vt 0.205570 0.962570
vt 0.205570 0.945964
vt 0.885861 0.307174
vt 0.202846 0.945964
vt 0.202842 0.962567
vt 0.202842 0.945967
vt 0.202838 0.962560
vt 0.202838 0.945974
vt 0.202835 0.962547
vt 0.202835 0.945987
vt 0.202832 0.962530
vt 0.202832 0.946004
vt 0.202829 0.962508
vt 0.202829 0.946026
vt 0.202827 0.962481
vt 0.202827 0.946053
vt 0.202825 0.962449
vt 0.202825 0.946085
vt 0.202824 0.962412
vt 0.202824 0.946122
vt 0.202822 0.962370
vt 0.202822 0.946164
vt 0.202822 0.962323
vt 0.202822 0.946211
vt 0.202821 0.962271
vt 0.202821 0.946263
vt 0.202821 0.962215
vt 0.202821 0.946319
vt 0.889769 0.176100
vt 0.889769 0.176056
vt 0.889769 0.136653
vt 0.889769 0.136603
vt 0.889769 0.176141
vt 0.889768 0.136557
vt 0.889768 0.176179
vt 0.889767 0.176214
vt 0.889767 0.136515
vt 0.889766 0.136478
vt 0.889766 0.176245
vt 0.889764 0.136445
vt 0.889764 0.176273
vt 0.889763 0.136417
vt 0.889762 0.176297
vt 0.889761 0.136393
vt 0.889760 0.176319
vt 0.889758 0.136373
vt 0.889757 0.176337
vt 0.889756 0.136357
vt 0.889754 0.176352
vt 0.889753 0.136347
vt 0.889751 0.176363
vt 0.889751 0.136340
vt 0.889747 0.176371
vt 0.889747 0.136338
vt 0.885885 0.176371
vt 0.888610 0.159766
vt 0.888635 0.136338
vt 0.888631 0.136340
vt 0.888627 0.136347
vt 0.888624 0.136357
vt 0.888621 0.136373
vt 0.888618 0.136393
vt 0.888616 0.136417
vt 0.888614 0.136445
vt 0.888613 0.136478
vt 0.888611 0.136515
vt 0.888610 0.136557
vt 0.888610 0.136603
vt 0.888610 0.136653
vt 0.888395 0.159766
vt 0.888395 0.146948
vt 0.888394 0.146891
vt 0.888393 0.146839
vt 0.888392 0.146792
vt 0.888391 0.146750
vt 0.888389 0.146713
vt 0.888387 0.146681
vt 0.888385 0.146654
vt 0.888383 0.146632
vt 0.888380 0.146615
vt 0.888377 0.146603
vt 0.888374 0.146595
vt 0.888370 0.146593
vt 0.887235 0.159766
vt 0.887260 0.146593
vt 0.887256 0.146595
vt 0.887252 0.146603
vt 0.887249 0.146615
vt 0.887246 0.146632
vt 0.887244 0.146654
vt 0.887241 0.146681
vt 0.887239 0.146713
vt 0.887238 0.146750
vt 0.887237 0.146792
vt 0.887236 0.146839
vt 0.887235 0.146891
vt 0.887235 0.146948
vt 0.887031 0.159766
vt 0.887031 0.136653
vt 0.887031 0.136603
vt 0.887030 0.136557
vt 0.887029 0.136515
vt 0.887028 0.136478
vt 0.887026 0.136445
vt 0.887024 0.136417
vt 0.887022 0.136393
vt 0.887020 0.136373
vt 0.887018 0.136357
vt 0.887015 0.136347
vt 0.887012 0.136340
vt 0.887009 0.136338
vt 0.885885 0.136338
vt 0.885881 0.176369
vt 0.885881 0.136340
vt 0.885878 0.176363
vt 0.885878 0.136347
vt 0.885874 0.176352
vt 0.885874 0.136357
vt 0.885872 0.176336
vt 0.885872 0.136373
vt 0.885869 0.176317
vt 0.885869 0.136393
vt 0.885867 0.176292
vt 0.885867 0.136417
vt 0.885865 0.176264
vt 0.885865 0.136445
vt 0.885863 0.176231
vt 0.885863 0.136478
vt 0.885862 0.176194
vt 0.885862 0.136515
vt 0.885861 0.176152
vt 0.885861 0.136557
vt 0.885861 0.176106
vt 0.885861 0.136603
vt 0.885861 0.176056
vt 0.885861 0.136653
vt 0.864441 0.878117
vt 0.864441 0.878067
vt 0.864441 0.844186
vt 0.864390 0.843429
vt 0.864440 0.878164
vt 0.864439 0.878207
vt 0.864438 0.878246
vt 0.864436 0.878282
vt 0.864435 0.878313
vt 0.864432 0.878341
vt 0.864430 0.878365
vt 0.864427 0.878385
vt 0.864424 0.878401
vt 0.864420 0.878413
vt 0.864416 0.878422
vt 0.860543 0.878422
vt 0.863267 0.861659
vt 0.864338 0.842656
vt 0.864284 0.841869
vt 0.864229 0.841066
vt 0.864172 0.840247
vt 0.864114 0.839413
vt 0.864055 0.838564
vt 0.863994 0.837700
vt 0.863931 0.836820
vt 0.863868 0.835925
vt 0.863802 0.835015
vt 0.863736 0.834089
vt 0.863267 0.850694
vt 0.862383 0.834089
vt 0.862837 0.861659
vt 0.862837 0.850694
vt 0.861667 0.861659
vt 0.862121 0.837678
vt 0.861868 0.834247
vt 0.861667 0.850852
vt 0.860543 0.834247
vt 0.860543 0.861659
vt 0.860543 0.850852
vt 0.860539 0.878419
vt 0.860539 0.861661
vt 0.860539 0.850849
vt 0.860539 0.834249
vt 0.860535 0.878412
vt 0.860535 0.850842
vt 0.860535 0.861668
vt 0.860535 0.834256
vt 0.860532 0.878399
vt 0.860532 0.861678
vt 0.860532 0.850829
vt 0.860532 0.834269
vt 0.860529 0.878382
vt 0.860529 0.861694
vt 0.860529 0.850812
vt 0.860529 0.834286
vt 0.860526 0.878360
vt 0.860526 0.861713
vt 0.860526 0.850790
vt 0.860526 0.834308
vt 0.860524 0.878333
vt 0.860524 0.861738
vt 0.860524 0.850763
vt 0.860524 0.834335
vt 0.860522 0.878301
vt 0.860522 0.861766
vt 0.860522 0.850731
vt 0.860522 0.834367
vt 0.860521 0.878264
vt 0.860521 0.861799
vt 0.860521 0.850694
vt 0.860521 0.834404
vt 0.860520 0.878222
vt 0.860520 0.861836
vt 0.860520 0.850652
vt 0.860520 0.834446
vt 0.860519 0.878175
vt 0.860519 0.861878
vt 0.860519 0.850605
vt 0.860519 0.834493
vt 0.860518 0.878123
vt 0.860518 0.850553
vt 0.860518 0.861924
vt 0.860518 0.834545
vt 0.860518 0.878067
vt 0.860518 0.850497
vt 0.860518 0.861974
vt 0.860518 0.834602
vt 0.700461 0.867459
vt 0.700519 0.866592
vt 0.700519 0.837326
vt 0.700518 0.837269
vt 0.700517 0.837218
vt 0.700516 0.837171
vt 0.700514 0.837129
vt 0.700512 0.837092
vt 0.700510 0.837060
vt 0.700508 0.837033
vt 0.700506 0.837010
vt 0.700503 0.836993
vt 0.700500 0.836981
vt 0.700498 0.836973
vt 0.700494 0.836971
vt 0.699371 0.836971
vt 0.700401 0.868337
vt 0.700341 0.869227
vt 0.700279 0.870129
vt 0.700216 0.871041
vt 0.700151 0.871966
vt 0.700086 0.872902
vt 0.700020 0.873849
vt 0.699952 0.874808
vt 0.699883 0.875779
vt 0.699813 0.876761
vt 0.699742 0.877754
vt 0.697373 0.877754
vt 0.699346 0.861110
vt 0.699367 0.836973
vt 0.699363 0.836981
vt 0.699360 0.836993
vt 0.699357 0.837010
vt 0.699354 0.837033
vt 0.699352 0.837060
vt 0.699350 0.837092
vt 0.699348 0.837129
vt 0.699347 0.837171
vt 0.699346 0.837218
vt 0.699346 0.837269
vt 0.699346 0.837326
vt 0.697756 0.861110
vt 0.697756 0.837326
vt 0.697756 0.837269
vt 0.697755 0.837218
vt 0.697754 0.837171
vt 0.697752 0.837129
vt 0.697751 0.837092
vt 0.697749 0.837060
vt 0.697746 0.837033
vt 0.697744 0.837010
vt 0.697741 0.836993
vt 0.697738 0.836981
vt 0.697735 0.836973
vt 0.697731 0.836971
vt 0.696621 0.836971
vt 0.697313 0.876917
vt 0.697251 0.876064
vt 0.697189 0.875193
vt 0.697127 0.874305
vt 0.697063 0.873400
vt 0.696999 0.872479
vt 0.696934 0.871540
vt 0.696868 0.870584
vt 0.696801 0.869612
vt 0.696734 0.868622
vt 0.696665 0.867616
vt 0.696596 0.866592
vt 0.696617 0.836973
vt 0.696614 0.836981
vt 0.696610 0.836993
vt 0.696607 0.837010
vt 0.696605 0.837033
vt 0.696603 0.837060
vt 0.696601 0.837092
vt 0.696599 0.837129
vt 0.696598 0.837171
vt 0.696597 0.837218
vt 0.696597 0.837269
vt 0.696596 0.837326
vt 0.087853 0.869967
vt 0.087909 0.869136
vt 0.087909 0.848231
vt 0.087835 0.847147
vt 0.087795 0.870818
vt 0.087763 0.846088
vt 0.087735 0.871689
vt 0.087692 0.845056
vt 0.087674 0.872580
vt 0.087622 0.844051
vt 0.087611 0.873491
vt 0.087554 0.843071
vt 0.087546 0.874421
vt 0.087488 0.842118
vt 0.087479 0.875371
vt 0.087423 0.841191
vt 0.087410 0.876340
vt 0.087359 0.840290
vt 0.087340 0.877330
vt 0.087296 0.839416
vt 0.087268 0.878339
vt 0.087236 0.838568
vt 0.087194 0.879368
vt 0.087176 0.837746
vt 0.087118 0.880416
vt 0.087118 0.836951
vt 0.084774 0.880416
vt 0.086735 0.863653
vt 0.086735 0.853714
vt 0.084774 0.836951
vt 0.085146 0.863653
vt 0.085146 0.853714
vt 0.084716 0.879615
vt 0.084698 0.838000
vt 0.084656 0.878788
vt 0.084625 0.839028
vt 0.084595 0.877936
vt 0.084553 0.840037
vt 0.084533 0.877059
vt 0.084483 0.841027
vt 0.084469 0.876157
vt 0.084415 0.841996
vt 0.084405 0.875229
vt 0.084348 0.842946
vt 0.084338 0.874277
vt 0.084283 0.843876
vt 0.084270 0.873299
vt 0.084220 0.844787
vt 0.084201 0.872296
vt 0.084159 0.845678
vt 0.084131 0.871268
vt 0.084099 0.846549
vt 0.084059 0.870214
vt 0.084042 0.847400
vt 0.083986 0.869136
vt 0.083986 0.848231
vt 0.012266 0.881013
vt 0.012266 0.880968
vt 0.012266 0.837306
vt 0.012265 0.837249
vt 0.012265 0.881055
vt 0.012265 0.837198
vt 0.012265 0.881094
vt 0.012264 0.881130
vt 0.012264 0.837151
vt 0.012262 0.837109
vt 0.012262 0.881164
vt 0.012261 0.837072
vt 0.012260 0.881195
vt 0.012259 0.837040
vt 0.012258 0.881223
vt 0.012257 0.837013
vt 0.012256 0.881249
vt 0.012255 0.836991
vt 0.012254 0.881271
vt 0.012253 0.836973
vt 0.012251 0.881292
vt 0.012250 0.836961
vt 0.012247 0.881309
vt 0.012247 0.836954
vt 0.012244 0.881323
vt 0.012244 0.836951
vt 0.011131 0.881323
vt 0.011131 0.836951
vt 0.011127 0.881321
vt 0.011127 0.836954
vt 0.011123 0.881313
vt 0.011123 0.836961
vt 0.011120 0.881301
vt 0.011120 0.836973
vt 0.011117 0.881284
vt 0.011117 0.836991
vt 0.011115 0.881262
vt 0.011115 0.837013
vt 0.011112 0.881235
vt 0.011112 0.837040
vt 0.011111 0.881203
vt 0.011111 0.837072
vt 0.011109 0.881166
vt 0.011109 0.837109
vt 0.011108 0.881124
vt 0.011108 0.837151
vt 0.011107 0.881077
vt 0.011107 0.837198
vt 0.011106 0.881025
vt 0.011106 0.837249
vt 0.011106 0.880968
vt 0.011106 0.837306
vt 0.162391 0.850479
vt 0.162391 0.836951
vt 0.162391 0.880612
vt 0.817403 0.962775
vt 0.820127 0.962775
vt 0.820127 0.946170
vt 0.162391 0.867084
vt 0.817403 0.946170
vt 0.817399 0.962773
vt 0.817399 0.946172
vt 0.817395 0.962765
vt 0.817395 0.946180
vt 0.817392 0.962753
vt 0.817392 0.946192
vt 0.817389 0.962736
vt 0.817389 0.946209
vt 0.817387 0.962713
vt 0.817387 0.946232
vt 0.817384 0.962686
vt 0.817384 0.946259
vt 0.817383 0.962654
vt 0.817383 0.946291
vt 0.817381 0.962617
vt 0.817381 0.946328
vt 0.817380 0.962575
vt 0.817380 0.946370
vt 0.817379 0.962529
vt 0.817379 0.946417
vt 0.817378 0.962477
vt 0.817378 0.946468
vt 0.817378 0.962420
vt 0.817378 0.946525
vt 0.871362 0.653728
vt 0.871362 0.653772
vt 0.871362 0.669864
vt 0.871363 0.669921
vt 0.871362 0.681646
vt 0.871362 0.681697
vt 0.871362 0.697789
vt 0.871363 0.697846
vt 0.871363 0.653687
vt 0.871363 0.681599
vt 0.871363 0.669973
vt 0.871363 0.697898
vt 0.871363 0.653649
vt 0.871363 0.681556
vt 0.871365 0.653614
vt 0.871365 0.670020
vt 0.871365 0.681517
vt 0.871365 0.697945
vt 0.871366 0.670062
vt 0.871366 0.697987
vt 0.871366 0.653583
vt 0.871366 0.681482
vt 0.871367 0.670099
vt 0.871367 0.698023
vt 0.871368 0.653555
vt 0.871368 0.681450
vt 0.871369 0.670131
vt 0.871369 0.698056
vt 0.871370 0.653530
vt 0.871370 0.681423
vt 0.871371 0.670158
vt 0.871371 0.698083
vt 0.871372 0.653509
vt 0.871372 0.681399
vt 0.871373 0.670180
vt 0.871373 0.698105
vt 0.871374 0.653491
vt 0.871374 0.681379
vt 0.871376 0.670197
vt 0.871376 0.698122
vt 0.871377 0.653476
vt 0.871377 0.681363
vt 0.871378 0.670210
vt 0.871378 0.698134
vt 0.871381 0.653465
vt 0.871381 0.681350
vt 0.871381 0.670217
vt 0.871381 0.698142
vt 0.871384 0.653457
vt 0.871384 0.681342
vt 0.871384 0.670219
vt 0.871384 0.698144
vt 0.874505 0.653457
vt 0.874122 0.670219
vt 0.874122 0.681342
vt 0.874505 0.698144
vt 0.874512 0.653544
vt 0.874632 0.696383
vt 0.874530 0.653782
vt 0.874558 0.654169
vt 0.874596 0.654706
vt 0.874646 0.655392
vt 0.874747 0.694769
vt 0.874705 0.656227
vt 0.874775 0.657213
vt 0.874851 0.693300
vt 0.874855 0.658347
vt 0.874945 0.691978
vt 0.874946 0.659632
vt 0.875027 0.690802
vt 0.875048 0.661066
vt 0.875098 0.689773
vt 0.875160 0.662649
vt 0.875159 0.688889
vt 0.875208 0.688152
vt 0.875282 0.664382
vt 0.875246 0.687562
vt 0.875274 0.687117
vt 0.875282 0.664946
vt 0.875283 0.665746
vt 0.875290 0.686819
vt 0.875283 0.666781
vt 0.875284 0.668050
vt 0.875284 0.669555
vt 0.875286 0.671294
vt 0.875287 0.673269
vt 0.875288 0.675478
vt 0.875290 0.677923
vt 0.875292 0.680602
vt 0.875294 0.683517
vt 0.875296 0.686667
vt 0.738889 0.807239
vt 0.738962 0.807083
vt 0.738962 0.774385
vt 0.738954 0.774278
vt 0.738928 0.774155
vt 0.738885 0.774016
vt 0.738770 0.807471
vt 0.738826 0.773859
vt 0.738749 0.773687
vt 0.738606 0.807778
vt 0.738655 0.773498
vt 0.738543 0.773292
vt 0.738396 0.808161
vt 0.738415 0.773071
vt 0.738270 0.772832
vt 0.738141 0.808619
vt 0.738107 0.772578
vt 0.737840 0.809153
vt 0.737928 0.772306
vt 0.737803 0.788782
vt 0.737731 0.772019
vt 0.737493 0.809763
vt 0.737803 0.792371
vt 0.737348 0.793239
vt 0.737348 0.788111
vt 0.737709 0.771955
vt 0.737651 0.771830
vt 0.737556 0.771644
vt 0.737425 0.771396
vt 0.737101 0.810448
vt 0.737257 0.771088
vt 0.737053 0.770717
vt 0.736664 0.811209
vt 0.736813 0.770286
vt 0.736536 0.769792
vt 0.736181 0.812046
vt 0.736223 0.769238
vt 0.736188 0.795290
vt 0.736188 0.786021
vt 0.735873 0.768622
vt 0.736020 0.795563
vt 0.736169 0.785994
vt 0.735652 0.812958
vt 0.736152 0.785968
vt 0.736137 0.785942
vt 0.736123 0.785915
vt 0.736110 0.785889
vt 0.736099 0.785863
vt 0.736090 0.785837
vt 0.736083 0.785810
vt 0.736077 0.785784
vt 0.736073 0.785758
vt 0.736071 0.785731
vt 0.736070 0.785705
vt 0.735908 0.785474
vt 0.735865 0.795818
vt 0.735759 0.785254
vt 0.735487 0.767945
vt 0.735724 0.796054
vt 0.735625 0.785044
vt 0.735596 0.796271
vt 0.735078 0.813946
vt 0.735505 0.784846
vt 0.735481 0.796470
vt 0.735399 0.784659
vt 0.735064 0.767207
vt 0.735380 0.796650
vt 0.735308 0.784482
vt 0.735292 0.796812
vt 0.735230 0.784317
vt 0.735217 0.796955
vt 0.735166 0.784163
vt 0.735156 0.797079
vt 0.735117 0.784019
vt 0.735109 0.797185
vt 0.735082 0.783886
vt 0.735074 0.797272
vt 0.735060 0.783765
vt 0.735074 0.813943
vt 0.735053 0.797341
vt 0.735071 0.813936
vt 0.735067 0.813923
vt 0.735064 0.813906
vt 0.735062 0.813884
vt 0.735053 0.767562
vt 0.735060 0.813857
vt 0.735053 0.783654
vt 0.735058 0.813825
vt 0.735056 0.813788
vt 0.735055 0.813746
vt 0.735054 0.813699
vt 0.735054 0.813647
vt 0.735053 0.813591
vt 0.113988 0.847400
vt 0.114044 0.848231
vt 0.114044 0.869136
vt 0.113970 0.870220
vt 0.113930 0.846549
vt 0.113898 0.871279
vt 0.113870 0.845678
vt 0.113827 0.872311
vt 0.113809 0.844787
vt 0.113758 0.873317
vt 0.113746 0.843876
vt 0.113690 0.874296
vt 0.113681 0.842946
vt 0.113623 0.875249
vt 0.113614 0.841996
vt 0.113558 0.876176
vt 0.113545 0.841027
vt 0.113494 0.877077
vt 0.113475 0.840037
vt 0.113432 0.877951
vt 0.113403 0.839028
vt 0.113371 0.878799
vt 0.113329 0.838000
vt 0.113311 0.879621
vt 0.113253 0.836951
vt 0.113253 0.880416
vt 0.110909 0.836951
vt 0.112870 0.853714
vt 0.112870 0.863653
vt 0.110909 0.880416
vt 0.111281 0.853714
vt 0.111281 0.863653
vt 0.110851 0.837752
vt 0.110834 0.879368
vt 0.110791 0.838579
vt 0.110760 0.878339
vt 0.110730 0.839431
vt 0.110688 0.877330
vt 0.110668 0.840308
vt 0.110618 0.876340
vt 0.110605 0.841210
vt 0.110550 0.875371
vt 0.110540 0.842138
vt 0.110483 0.874421
vt 0.110473 0.843090
vt 0.110418 0.873491
vt 0.110406 0.844068
vt 0.110355 0.872580
vt 0.110337 0.845071
vt 0.110294 0.871690
vt 0.110266 0.846099
vt 0.110235 0.870819
vt 0.110194 0.847153
vt 0.110177 0.869967
vt 0.110121 0.848231
vt 0.110121 0.869136
vt 0.615652 0.837127
vt 0.615652 0.837172
vt 0.615652 0.880834
vt 0.615652 0.880891
vt 0.615652 0.837085
vt 0.615651 0.880943
vt 0.615651 0.837046
vt 0.615650 0.837010
vt 0.615650 0.880989
vt 0.615649 0.881031
vt 0.615648 0.836976
vt 0.615647 0.881068
vt 0.615647 0.836945
vt 0.615645 0.881100
vt 0.615645 0.836917
vt 0.615643 0.881128
vt 0.615642 0.836891
vt 0.615641 0.881150
vt 0.615640 0.836869
vt 0.615639 0.881167
vt 0.615637 0.836849
vt 0.615636 0.881179
vt 0.615634 0.836831
vt 0.615633 0.881187
vt 0.615630 0.836817
vt 0.615630 0.881189
vt 0.614517 0.836817
vt 0.614517 0.881189
vt 0.614513 0.836819
vt 0.614513 0.881187
vt 0.614510 0.836827
vt 0.614510 0.881179
vt 0.614506 0.836839
vt 0.614506 0.881167
vt 0.614503 0.836856
vt 0.614503 0.881150
vt 0.614501 0.836879
vt 0.614501 0.881128
vt 0.614499 0.836906
vt 0.614499 0.881100
vt 0.614497 0.836938
vt 0.614497 0.881068
vt 0.614495 0.836975
vt 0.614495 0.881031
vt 0.614494 0.837017
vt 0.614494 0.880989
vt 0.614493 0.837063
vt 0.614493 0.880943
vt 0.614493 0.837115
vt 0.614493 0.880891
vt 0.614492 0.837172
vt 0.614492 0.880834
vt 0.206816 0.850479
vt 0.206816 0.836951
vt 0.206816 0.880612
vt 0.971057 0.519040
vt 0.973781 0.519040
vt 0.973781 0.535645
vt 0.206816 0.867084
vt 0.971057 0.535645
vt 0.971053 0.519042
vt 0.971053 0.535642
vt 0.971049 0.519049
vt 0.971049 0.535635
vt 0.971046 0.519062
vt 0.971046 0.535622
vt 0.971043 0.519079
vt 0.971043 0.535605
vt 0.971040 0.519101
vt 0.971040 0.535583
vt 0.971038 0.519128
vt 0.971038 0.535556
vt 0.971036 0.519160
vt 0.971036 0.535524
vt 0.971035 0.519197
vt 0.971035 0.535487
vt 0.971034 0.519239
vt 0.971034 0.535445
vt 0.971033 0.519286
vt 0.971033 0.535398
vt 0.971032 0.519338
vt 0.971032 0.535346
vt 0.971032 0.519395
vt 0.971032 0.535290
vt 0.889769 0.198855
vt 0.889769 0.198899
vt 0.889769 0.238302
vt 0.889769 0.238352
vt 0.889769 0.198814
vt 0.889768 0.238398
vt 0.889768 0.198776
vt 0.889767 0.198742
vt 0.889767 0.238440
vt 0.889766 0.238477
vt 0.889766 0.198710
vt 0.889764 0.238510
vt 0.889764 0.198682
vt 0.889763 0.238539
vt 0.889762 0.198658
vt 0.889761 0.238563
vt 0.889760 0.198636
vt 0.889758 0.238582
vt 0.889757 0.198618
vt 0.889756 0.238598
vt 0.889754 0.198604
vt 0.889753 0.238609
vt 0.889751 0.198592
vt 0.889751 0.238615
vt 0.889747 0.198584
vt 0.889748 0.238617
vt 0.885885 0.198584
vt 0.888610 0.215189
vt 0.888635 0.238617
vt 0.888631 0.238615
vt 0.888627 0.238609
vt 0.888624 0.238598
vt 0.888621 0.238582
vt 0.888618 0.238563
vt 0.888616 0.238539
vt 0.888614 0.238510
vt 0.888613 0.238477
vt 0.888611 0.238440
vt 0.888610 0.238398
vt 0.888610 0.238352
vt 0.888610 0.238302
vt 0.888395 0.215189
vt 0.888395 0.228008
vt 0.888394 0.228064
vt 0.888393 0.228116
vt 0.888392 0.228163
vt 0.888391 0.228205
vt 0.888389 0.228242
vt 0.888387 0.228274
vt 0.888385 0.228301
vt 0.888383 0.228323
vt 0.888380 0.228340
vt 0.888377 0.228353
vt 0.888374 0.228360
vt 0.888370 0.228363
vt 0.887235 0.215189
vt 0.887260 0.228363
vt 0.887256 0.228360
vt 0.887252 0.228353
vt 0.887249 0.228340
vt 0.887246 0.228323
vt 0.887244 0.228301
vt 0.887241 0.228274
vt 0.887239 0.228242
vt 0.887238 0.228205
vt 0.887237 0.228163
vt 0.887236 0.228116
vt 0.887235 0.228064
vt 0.887235 0.228008
vt 0.887031 0.215189
vt 0.887031 0.238302
vt 0.887031 0.238352
vt 0.887030 0.238398
vt 0.887029 0.238440
vt 0.887028 0.238477
vt 0.887026 0.238510
vt 0.887024 0.238539
vt 0.887022 0.238563
vt 0.887020 0.238582
vt 0.887018 0.238598
vt 0.887015 0.238609
vt 0.887012 0.238615
vt 0.887009 0.238617
vt 0.885885 0.238617
vt 0.885881 0.198586
vt 0.885881 0.238615
vt 0.885878 0.198593
vt 0.885878 0.238609
vt 0.885874 0.198603
vt 0.885874 0.238598
vt 0.885872 0.198619
vt 0.885872 0.238582
vt 0.885869 0.198639
vt 0.885869 0.238563
vt 0.885867 0.198663
vt 0.885867 0.238539
vt 0.885865 0.198691
vt 0.885865 0.238510
vt 0.885863 0.198724
vt 0.885863 0.238477
vt 0.885862 0.198761
vt 0.885862 0.238440
vt 0.885861 0.198803
vt 0.885861 0.238398
vt 0.885861 0.198849
vt 0.885861 0.238352
vt 0.885861 0.198899
vt 0.885861 0.238302
vt 0.738976 0.836462
vt 0.738976 0.836513
vt 0.738976 0.870394
vt 0.738925 0.871151
vt 0.738975 0.836415
vt 0.738975 0.836372
vt 0.738973 0.836333
vt 0.738972 0.836298
vt 0.738970 0.836266
vt 0.738968 0.836239
vt 0.738965 0.836215
vt 0.738962 0.836195
vt 0.738959 0.836179
vt 0.738955 0.836167
vt 0.738951 0.836158
vt 0.735078 0.836158
vt 0.737803 0.852921
vt 0.738873 0.871923
vt 0.738819 0.872711
vt 0.738764 0.873514
vt 0.738708 0.874332
vt 0.738650 0.875166
vt 0.738590 0.876015
vt 0.738529 0.876880
vt 0.738467 0.877759
vt 0.738403 0.878655
vt 0.738338 0.879565
vt 0.738271 0.880491
vt 0.737803 0.863886
vt 0.736918 0.880491
vt 0.737373 0.852921
vt 0.737373 0.863886
vt 0.736202 0.852921
vt 0.736657 0.876902
vt 0.736403 0.880333
vt 0.736202 0.863728
vt 0.735078 0.880333
vt 0.735078 0.852921
vt 0.735078 0.863728
vt 0.735074 0.836160
vt 0.735074 0.852919
vt 0.735074 0.863730
vt 0.735074 0.880331
vt 0.735071 0.836168
vt 0.735071 0.863738
vt 0.735071 0.852912
vt 0.735071 0.880323
vt 0.735067 0.836180
vt 0.735067 0.852901
vt 0.735067 0.863750
vt 0.735067 0.880311
vt 0.735064 0.836197
vt 0.735064 0.852886
vt 0.735064 0.863767
vt 0.735064 0.880294
vt 0.735062 0.836220
vt 0.735062 0.852866
vt 0.735062 0.863790
vt 0.735062 0.880271
vt 0.735060 0.836247
vt 0.735060 0.852842
vt 0.735060 0.863817
vt 0.735060 0.880244
vt 0.735058 0.836279
vt 0.735058 0.852813
vt 0.735058 0.863849
vt 0.735058 0.880212
vt 0.735056 0.836316
vt 0.735056 0.852781
vt 0.735056 0.863886
vt 0.735056 0.880175
vt 0.735055 0.836358
vt 0.735055 0.852743
vt 0.735055 0.863928
vt 0.735055 0.880133
vt 0.735054 0.836405
vt 0.735054 0.852702
vt 0.735054 0.863974
vt 0.735054 0.880086
vt 0.735054 0.836456
vt 0.735054 0.864026
vt 0.735054 0.852656
vt 0.735054 0.880035
vt 0.735053 0.836513
vt 0.735053 0.864083
vt 0.735053 0.852605
vt 0.735053 0.879978
vt 0.889725 0.083638
vt 0.889783 0.084504
vt 0.889783 0.113770
vt 0.889782 0.113827
vt 0.889781 0.113879
vt 0.889780 0.113926
vt 0.889778 0.113968
vt 0.889776 0.114005
vt 0.889774 0.114037
vt 0.889772 0.114064
vt 0.889770 0.114086
vt 0.889767 0.114103
vt 0.889765 0.114115
vt 0.889762 0.114123
vt 0.889759 0.114125
vt 0.888635 0.114125
vt 0.889665 0.082759
vt 0.889605 0.081869
vt 0.889543 0.080968
vt 0.889480 0.080055
vt 0.889416 0.079130
vt 0.889350 0.078195
vt 0.889284 0.077247
vt 0.889216 0.076288
vt 0.889147 0.075318
vt 0.889078 0.074336
vt 0.889006 0.073342
vt 0.886637 0.073342
vt 0.888610 0.089987
vt 0.888631 0.114123
vt 0.888627 0.114115
vt 0.888624 0.114103
vt 0.888621 0.114086
vt 0.888618 0.114064
vt 0.888616 0.114037
vt 0.888614 0.114005
vt 0.888613 0.113968
vt 0.888611 0.113926
vt 0.888611 0.113879
vt 0.888610 0.113827
vt 0.888610 0.113770
vt 0.887020 0.089987
vt 0.887020 0.113770
vt 0.887020 0.113827
vt 0.887019 0.113879
vt 0.887018 0.113926
vt 0.887016 0.113968
vt 0.887015 0.114005
vt 0.887013 0.114037
vt 0.887011 0.114064
vt 0.887008 0.114086
vt 0.887005 0.114103
vt 0.887002 0.114115
vt 0.886999 0.114123
vt 0.886996 0.114125
vt 0.885885 0.114125
vt 0.886577 0.074179
vt 0.886516 0.075033
vt 0.886454 0.075904
vt 0.886391 0.076791
vt 0.886327 0.077696
vt 0.886263 0.078618
vt 0.886198 0.079556
vt 0.886132 0.080512
vt 0.886065 0.081485
vt 0.885998 0.082474
vt 0.885930 0.083481
vt 0.885861 0.084504
vt 0.885881 0.114123
vt 0.885878 0.114115
vt 0.885875 0.114103
vt 0.885872 0.114086
vt 0.885869 0.114064
vt 0.885867 0.114037
vt 0.885865 0.114005
vt 0.885863 0.113968
vt 0.885862 0.113926
vt 0.885861 0.113879
vt 0.885861 0.113827
vt 0.885861 0.113770
vt 0.140123 0.847400
vt 0.140179 0.848231
vt 0.140179 0.869136
vt 0.140105 0.870220
vt 0.140065 0.846549
vt 0.140033 0.871279
vt 0.140006 0.845678
vt 0.139962 0.872311
vt 0.139944 0.844787
vt 0.139893 0.873317
vt 0.139881 0.843876
vt 0.139825 0.874296
vt 0.139816 0.842946
vt 0.139758 0.875249
vt 0.139749 0.841996
vt 0.139693 0.876176
vt 0.139681 0.841027
vt 0.139629 0.877077
vt 0.139610 0.840037
vt 0.139567 0.877951
vt 0.139538 0.839028
vt 0.139506 0.878799
vt 0.139464 0.838000
vt 0.139446 0.879621
vt 0.139388 0.836951
vt 0.139388 0.880416
vt 0.137044 0.836951
vt 0.139005 0.853714
vt 0.139005 0.863653
vt 0.137044 0.880416
vt 0.137416 0.853714
vt 0.137416 0.863653
vt 0.136986 0.837753
vt 0.136969 0.879368
vt 0.136927 0.838579
vt 0.136895 0.878339
vt 0.136866 0.839431
vt 0.136823 0.877330
vt 0.136803 0.840308
vt 0.136753 0.876340
vt 0.136740 0.841210
vt 0.136685 0.875371
vt 0.136675 0.842138
vt 0.136618 0.874421
vt 0.136609 0.843090
vt 0.136554 0.873491
vt 0.136541 0.844068
vt 0.136491 0.872580
vt 0.136472 0.845071
vt 0.136429 0.871690
vt 0.136401 0.846099
vt 0.136370 0.870819
vt 0.136329 0.847153
vt 0.136312 0.869967
vt 0.136256 0.848231
vt 0.136256 0.869136
vt 0.035638 0.837261
vt 0.035638 0.837306
vt 0.035638 0.880968
vt 0.035638 0.881025
vt 0.035638 0.837219
vt 0.035637 0.881077
vt 0.035637 0.837180
vt 0.035636 0.837144
vt 0.035636 0.881123
vt 0.035634 0.881165
vt 0.035634 0.837110
vt 0.035633 0.881202
vt 0.035633 0.837079
vt 0.035631 0.881234
vt 0.035631 0.837051
vt 0.035629 0.881262
vt 0.035628 0.837025
vt 0.035627 0.881284
vt 0.035626 0.837003
vt 0.035625 0.881301
vt 0.035623 0.836983
vt 0.035622 0.881313
vt 0.035620 0.836966
vt 0.035619 0.881321
vt 0.035616 0.836951
vt 0.035616 0.881323
vt 0.034503 0.836951
vt 0.034503 0.881323
vt 0.034499 0.836953
vt 0.034499 0.881321
vt 0.034496 0.836961
vt 0.034496 0.881313
vt 0.034492 0.836973
vt 0.034492 0.881301
vt 0.034489 0.836990
vt 0.034489 0.881284
vt 0.034487 0.837013
vt 0.034487 0.881262
vt 0.034485 0.837040
vt 0.034485 0.881234
vt 0.034483 0.837072
vt 0.034483 0.881202
vt 0.034481 0.837109
vt 0.034481 0.881165
vt 0.034480 0.837151
vt 0.034480 0.881123
vt 0.034479 0.837197
vt 0.034479 0.881077
vt 0.034479 0.837249
vt 0.034479 0.881025
vt 0.034478 0.837306
vt 0.034478 0.880968
vt 0.886664 0.810328
vt 0.926933 0.963508
vt 0.929657 0.963508
vt 0.929657 0.980113
vt 0.885850 0.348886
vt 0.885850 0.332281
vt 0.885850 0.362414
vt 0.926933 0.980113
vt 0.926929 0.963511
vt 0.926929 0.980111
vt 0.926925 0.963518
vt 0.926925 0.980103
vt 0.926922 0.963530
vt 0.926922 0.980091
vt 0.926919 0.963548
vt 0.926919 0.980074
vt 0.926917 0.963570
vt 0.926917 0.980052
vt 0.926914 0.963597
vt 0.926914 0.980025
vt 0.926913 0.963629
vt 0.926913 0.979993
vt 0.926911 0.963666
vt 0.926911 0.979955
vt 0.926910 0.963708
vt 0.926910 0.979914
vt 0.926909 0.963755
vt 0.926909 0.979867
vt 0.926908 0.963806
vt 0.926908 0.979815
vt 0.926908 0.963863
vt 0.926908 0.979758
vt 0.860518 0.811605
vt 0.860518 0.811561
vt 0.860518 0.795469
vt 0.860519 0.795412
vt 0.860518 0.783687
vt 0.860518 0.783636
vt 0.860518 0.767544
vt 0.860519 0.767487
vt 0.860519 0.811646
vt 0.860519 0.783733
vt 0.860519 0.795360
vt 0.860519 0.767435
vt 0.860519 0.811684
vt 0.860519 0.783776
vt 0.860520 0.811719
vt 0.860520 0.795313
vt 0.860520 0.783816
vt 0.860520 0.767388
vt 0.860522 0.795271
vt 0.860522 0.767346
vt 0.860522 0.811750
vt 0.860522 0.783851
vt 0.860523 0.795234
vt 0.860523 0.767309
vt 0.860524 0.811778
vt 0.860524 0.783882
vt 0.860525 0.795202
vt 0.860525 0.767277
vt 0.860525 0.811802
vt 0.860525 0.783910
vt 0.860527 0.795175
vt 0.860527 0.767250
vt 0.860528 0.811824
vt 0.860528 0.783934
vt 0.860529 0.795153
vt 0.860529 0.767228
vt 0.860530 0.811842
vt 0.860530 0.783954
vt 0.860531 0.795136
vt 0.860531 0.767211
vt 0.860533 0.811857
vt 0.860533 0.783970
vt 0.860534 0.795123
vt 0.860534 0.767198
vt 0.860537 0.811868
vt 0.860537 0.783982
vt 0.860537 0.795116
vt 0.860537 0.767191
vt 0.860540 0.811876
vt 0.860540 0.783991
vt 0.860540 0.795114
vt 0.860540 0.767189
vt 0.863661 0.811876
vt 0.863278 0.795114
vt 0.863278 0.783991
vt 0.863661 0.767189
vt 0.863668 0.811788
vt 0.863787 0.768950
vt 0.863686 0.811551
vt 0.863714 0.811164
vt 0.863752 0.810627
vt 0.863801 0.809941
vt 0.863903 0.770564
vt 0.863861 0.809106
vt 0.863931 0.808120
vt 0.864007 0.772033
vt 0.864011 0.806986
vt 0.864100 0.773355
vt 0.864102 0.805701
vt 0.864183 0.774531
vt 0.864204 0.804267
vt 0.864254 0.775560
vt 0.864316 0.802684
vt 0.864315 0.776443
vt 0.864364 0.777181
vt 0.864438 0.800951
vt 0.864402 0.777771
vt 0.864430 0.778216
vt 0.864438 0.800386
vt 0.864438 0.799587
vt 0.864446 0.778514
vt 0.864439 0.798552
vt 0.864440 0.797283
vt 0.864440 0.795778
vt 0.864441 0.794039
vt 0.864443 0.792064
vt 0.864444 0.789855
vt 0.864446 0.787410
vt 0.864448 0.784730
vt 0.864450 0.781816
vt 0.864452 0.778666
vt 0.849076 0.660163
vt 0.849150 0.660319
vt 0.849150 0.693017
vt 0.849141 0.693124
vt 0.849115 0.693247
vt 0.849073 0.693387
vt 0.848957 0.659932
vt 0.849013 0.693543
vt 0.848936 0.693715
vt 0.848793 0.659624
vt 0.848842 0.693904
vt 0.848731 0.694110
vt 0.848583 0.659241
vt 0.848602 0.694332
vt 0.848457 0.694570
vt 0.848328 0.658783
vt 0.848294 0.694825
vt 0.848027 0.658249
vt 0.848115 0.695096
vt 0.847990 0.678620
vt 0.847918 0.695383
vt 0.847681 0.657639
vt 0.847990 0.675031
vt 0.847535 0.674164
vt 0.847535 0.679291
vt 0.847896 0.695447
vt 0.847838 0.695572
vt 0.847743 0.695758
vt 0.847612 0.696006
vt 0.847289 0.656954
vt 0.847445 0.696315
vt 0.847241 0.696685
vt 0.846851 0.656193
vt 0.847000 0.697117
vt 0.846723 0.697610
vt 0.846368 0.655356
vt 0.846410 0.698164
vt 0.846376 0.672113
vt 0.846376 0.681381
vt 0.846060 0.698780
vt 0.846207 0.671839
vt 0.846357 0.681408
vt 0.845840 0.654444
vt 0.846339 0.681434
vt 0.846324 0.681460
vt 0.846310 0.681487
vt 0.846297 0.681513
vt 0.846287 0.681539
vt 0.846278 0.681566
vt 0.846270 0.681592
vt 0.846264 0.681618
vt 0.846260 0.681644
vt 0.846258 0.681671
vt 0.846257 0.681697
vt 0.846095 0.681928
vt 0.846052 0.671585
vt 0.845946 0.682148
vt 0.845674 0.699457
vt 0.845911 0.671348
vt 0.845812 0.682358
vt 0.845783 0.671131
vt 0.845265 0.653457
vt 0.845692 0.682556
vt 0.845668 0.670932
vt 0.845586 0.682743
vt 0.845252 0.700195
vt 0.845567 0.670752
vt 0.845495 0.682920
vt 0.845479 0.670590
vt 0.845417 0.683085
vt 0.845405 0.670447
vt 0.845354 0.683240
vt 0.845344 0.670323
vt 0.845304 0.683383
vt 0.845296 0.670217
vt 0.845269 0.683516
vt 0.845262 0.670130
vt 0.845248 0.683637
vt 0.845261 0.653459
vt 0.845241 0.670062
vt 0.845258 0.653466
vt 0.845255 0.653479
vt 0.845252 0.653496
vt 0.845249 0.653518
vt 0.845241 0.699840
vt 0.845247 0.653545
vt 0.845241 0.683748
vt 0.845245 0.653577
vt 0.845243 0.653614
vt 0.845242 0.653656
vt 0.845241 0.653703
vt 0.845241 0.653755
vt 0.845241 0.653812
vt 0.838306 0.773974
vt 0.817378 0.773974
vt 0.817378 0.806665
vt 0.838306 0.806665
vt 0.817378 0.806772
vt 0.838306 0.806772
vt 0.817378 0.806896
vt 0.838306 0.806896
vt 0.817378 0.807036
vt 0.838306 0.807036
vt 0.817378 0.807194
vt 0.838306 0.807194
vt 0.817378 0.807368
vt 0.838306 0.807368
vt 0.817378 0.807559
vt 0.838306 0.807559
vt 0.817378 0.807766
vt 0.838306 0.807766
vt 0.817378 0.807990
vt 0.838306 0.807990
vt 0.817378 0.808231
vt 0.838306 0.808231
vt 0.817378 0.808489
vt 0.838306 0.808489
vt 0.817378 0.808764
vt 0.838306 0.808764
vt 0.817378 0.809055
vt 0.838306 0.809055
vt 0.817378 0.809119
vt 0.838306 0.809119
vt 0.817378 0.809245
vt 0.838306 0.809245
vt 0.817378 0.809433
vt 0.838306 0.809433
vt 0.817378 0.809684
vt 0.838306 0.809684
vt 0.817378 0.809996
vt 0.838306 0.809996
vt 0.817378 0.810370
vt 0.838306 0.810370
vt 0.817378 0.810806
vt 0.838306 0.810806
vt 0.817378 0.811305
vt 0.838306 0.811305
vt 0.817378 0.811865
vt 0.838306 0.811865
vt 0.817378 0.812487
vt 0.838306 0.812487
vt 0.817378 0.813172
vt 0.838306 0.813172
vt 0.817378 0.813919
vt 0.838306 0.813919
vt 0.795166 0.767189
vt 0.774238 0.767189
vt 0.774238 0.767544
vt 0.795166 0.767544
vt 0.774238 0.783635
vt 0.795166 0.783635
vt 0.774238 0.783746
vt 0.795166 0.783746
vt 0.774238 0.783868
vt 0.795166 0.783868
vt 0.774238 0.784000
vt 0.795166 0.784000
vt 0.774238 0.784143
vt 0.795166 0.784143
vt 0.774238 0.784297
vt 0.795166 0.784297
vt 0.774238 0.784462
vt 0.795166 0.784462
vt 0.774238 0.784638
vt 0.795166 0.784638
vt 0.774238 0.784824
vt 0.795166 0.784824
vt 0.774238 0.785022
vt 0.795166 0.785022
vt 0.774238 0.785230
vt 0.795166 0.785230
vt 0.774238 0.785449
vt 0.795166 0.785449
vt 0.774238 0.785679
vt 0.795166 0.785679
vt 0.774238 0.785706
vt 0.795166 0.785706
vt 0.774238 0.785732
vt 0.795166 0.785732
vt 0.774238 0.785758
vt 0.795166 0.785758
vt 0.774238 0.785784
vt 0.795166 0.785784
vt 0.774238 0.785811
vt 0.795166 0.785811
vt 0.774238 0.785837
vt 0.795166 0.785837
vt 0.774238 0.785863
vt 0.795166 0.785863
vt 0.774238 0.785889
vt 0.795166 0.785889
vt 0.774238 0.785915
vt 0.795166 0.785915
vt 0.774238 0.785942
vt 0.795166 0.785942
vt 0.774238 0.785968
vt 0.795166 0.785968
vt 0.774238 0.785994
vt 0.795166 0.785994
vt 0.774238 0.795263
vt 0.795166 0.795263
vt 0.774238 0.795537
vt 0.795166 0.795537
vt 0.774238 0.795793
vt 0.795166 0.795793
vt 0.774238 0.796030
vt 0.795166 0.796030
vt 0.774238 0.796248
vt 0.795166 0.796248
vt 0.774238 0.796448
vt 0.795166 0.796448
vt 0.774238 0.796629
vt 0.795166 0.796629
vt 0.774238 0.796791
vt 0.795166 0.796791
vt 0.774238 0.796935
vt 0.795166 0.796935
vt 0.774238 0.797060
vt 0.795166 0.797060
vt 0.774238 0.797166
vt 0.795166 0.797166
vt 0.774238 0.797253
vt 0.795166 0.797253
vt 0.774238 0.797322
vt 0.795166 0.797322
vt 0.774238 0.813571
vt 0.795166 0.813571
vt 0.774238 0.813628
vt 0.795166 0.813628
vt 0.774238 0.813680
vt 0.795166 0.813680
vt 0.774238 0.813727
vt 0.795166 0.813727
vt 0.774238 0.813768
vt 0.795166 0.813768
vt 0.774238 0.813805
vt 0.795166 0.813805
vt 0.774238 0.813837
vt 0.795166 0.813837
vt 0.774238 0.813865
vt 0.795166 0.813865
vt 0.774238 0.813887
vt 0.795166 0.813887
vt 0.774238 0.813904
vt 0.795166 0.813904
vt 0.774238 0.813916
vt 0.795166 0.813916
vt 0.774238 0.813924
vt 0.795166 0.813924
vt 0.948649 0.496827
vt 0.948649 0.475900
vt 0.948645 0.475900
vt 0.948645 0.496827
vt 0.838306 0.767189
vt 0.817378 0.767189
vt 0.817378 0.768165
vt 0.838306 0.768165
vt 0.817378 0.769066
vt 0.838306 0.769066
vt 0.817378 0.769893
vt 0.838306 0.769893
vt 0.817378 0.770645
vt 0.838306 0.770645
vt 0.817378 0.771323
vt 0.838306 0.771323
vt 0.817378 0.771926
vt 0.838306 0.771926
vt 0.817378 0.772454
vt 0.838306 0.772454
vt 0.817378 0.772907
vt 0.838306 0.772907
vt 0.817378 0.773286
vt 0.838306 0.773286
vt 0.817378 0.773590
vt 0.838306 0.773590
vt 0.817378 0.773819
vt 0.838306 0.773819
vt 0.918962 0.741284
vt 0.915373 0.741284
vt 0.915373 0.720357
vt 0.918962 0.720357
vt 0.914502 0.741284
vt 0.914502 0.720357
vt 0.062977 0.923556
vt 0.057851 0.923556
vt 0.057851 0.902629
vt 0.062977 0.902629
vt 0.919629 0.741284
vt 0.919629 0.720357
vt 0.902607 0.583107
vt 0.902607 0.562179
vt 0.902599 0.562179
vt 0.902599 0.583107
vt 0.902588 0.562179
vt 0.902588 0.583107
vt 0.902573 0.562179
vt 0.902573 0.583107
vt 0.902555 0.562179
vt 0.902555 0.583107
vt 0.902534 0.562179
vt 0.902534 0.583107
vt 0.902509 0.562179
vt 0.902509 0.583107
vt 0.902481 0.562179
vt 0.902481 0.583107
vt 0.902450 0.562179
vt 0.902450 0.583107
vt 0.902415 0.562179
vt 0.902415 0.583107
vt 0.902378 0.562179
vt 0.902378 0.583107
vt 0.902337 0.562179
vt 0.902337 0.583107
vt 0.902292 0.562179
vt 0.902292 0.583107
vt 0.886203 0.562179
vt 0.886203 0.583107
vt 0.886146 0.562179
vt 0.886146 0.583107
vt 0.886094 0.562179
vt 0.886094 0.583107
vt 0.886048 0.562179
vt 0.886048 0.583107
vt 0.886006 0.562179
vt 0.886006 0.583107
vt 0.885969 0.562179
vt 0.885969 0.583107
vt 0.885937 0.562179
vt 0.885937 0.583107
vt 0.885909 0.562179
vt 0.885909 0.583107
vt 0.885887 0.562179
vt 0.885887 0.583107
vt 0.885870 0.562179
vt 0.885870 0.583107
vt 0.885858 0.562179
vt 0.885858 0.583107
vt 0.885850 0.562179
vt 0.885850 0.583107
vt 0.776951 0.923637
vt 0.776951 0.902710
vt 0.776949 0.902710
vt 0.776949 0.923637
vt 0.774238 0.902710
vt 0.774238 0.923637
vt 0.919183 0.353209
vt 0.919183 0.332281
vt 0.908062 0.332281
vt 0.908062 0.353209
vt 0.165103 0.923752
vt 0.165103 0.902825
vt 0.162391 0.902825
vt 0.162391 0.923752
vt 0.902647 0.496827
vt 0.902647 0.475900
vt 0.902638 0.475900
vt 0.902638 0.496827
vt 0.902626 0.475900
vt 0.902626 0.496827
vt 0.902610 0.475900
vt 0.902610 0.496827
vt 0.902590 0.475900
vt 0.902590 0.496827
vt 0.902566 0.475900
vt 0.902566 0.496827
vt 0.902538 0.475900
vt 0.902538 0.496827
vt 0.902507 0.475900
vt 0.902507 0.496827
vt 0.902472 0.475900
vt 0.902472 0.496827
vt 0.902433 0.475900
vt 0.902433 0.496827
vt 0.902390 0.475900
vt 0.902390 0.496827
vt 0.902343 0.475900
vt 0.902343 0.496827
vt 0.902292 0.475900
vt 0.902292 0.496827
vt 0.886203 0.475900
vt 0.886203 0.496827
vt 0.886146 0.475900
vt 0.886146 0.496827
vt 0.886094 0.475900
vt 0.886094 0.496827
vt 0.886048 0.475900
vt 0.886048 0.496827
vt 0.886006 0.475900
vt 0.886006 0.496827
vt 0.885969 0.475900
vt 0.885969 0.496827
vt 0.885937 0.475900
vt 0.885937 0.496827
vt 0.885909 0.475900
vt 0.885909 0.496827
vt 0.885887 0.475900
vt 0.885887 0.496827
vt 0.885870 0.475900
vt 0.885870 0.496827
vt 0.885858 0.475900
vt 0.885858 0.496827
vt 0.885850 0.475900
vt 0.885850 0.496827
vt 0.139733 0.923556
vt 0.139733 0.902629
vt 0.139731 0.902629
vt 0.139731 0.923556
vt 0.136641 0.902629
vt 0.136641 0.923556
vt 0.838306 0.836131
vt 0.817378 0.836131
vt 0.817378 0.837893
vt 0.838306 0.837893
vt 0.817378 0.839508
vt 0.838306 0.839508
vt 0.817378 0.840977
vt 0.838306 0.840977
vt 0.817378 0.842300
vt 0.838306 0.842300
vt 0.817378 0.843477
vt 0.838306 0.843477
vt 0.817378 0.844507
vt 0.838306 0.844507
vt 0.817378 0.845390
vt 0.838306 0.845390
vt 0.817378 0.846128
vt 0.838306 0.846128
vt 0.817378 0.846719
vt 0.838306 0.846719
vt 0.817378 0.847164
vt 0.838306 0.847164
vt 0.817378 0.847462
vt 0.838306 0.847462
vt 0.817378 0.847614
vt 0.838306 0.847614
vt 0.817378 0.850763
vt 0.838306 0.850763
vt 0.817378 0.853678
vt 0.838306 0.853678
vt 0.817378 0.856358
vt 0.838306 0.856358
vt 0.817378 0.858802
vt 0.838306 0.858802
vt 0.817378 0.861012
vt 0.838306 0.861012
vt 0.817378 0.862986
vt 0.838306 0.862986
vt 0.817378 0.864726
vt 0.838306 0.864726
vt 0.817378 0.866230
vt 0.838306 0.866230
vt 0.817378 0.867500
vt 0.838306 0.867500
vt 0.817378 0.868534
vt 0.838306 0.868534
vt 0.817378 0.869334
vt 0.838306 0.869334
vt 0.817378 0.869898
vt 0.838306 0.869898
vt 0.817378 0.871630
vt 0.838306 0.871630
vt 0.817378 0.873213
vt 0.838306 0.873213
vt 0.817378 0.874646
vt 0.838306 0.874646
vt 0.817378 0.875929
vt 0.838306 0.875929
vt 0.817378 0.877064
vt 0.838306 0.877064
vt 0.817378 0.878048
vt 0.838306 0.878048
vt 0.817378 0.878884
vt 0.838306 0.878884
vt 0.817378 0.879569
vt 0.838306 0.879569
vt 0.817378 0.880106
vt 0.838306 0.880106
vt 0.817378 0.880493
vt 0.838306 0.880493
vt 0.817378 0.880730
vt 0.838306 0.880730
vt 0.817378 0.880818
vt 0.838306 0.880818
vt 0.738145 0.923631
vt 0.738145 0.902703
vt 0.735053 0.902703
vt 0.735053 0.923631
vt 0.353209 0.836817
vt 0.332281 0.836817
vt 0.332281 0.836832
vt 0.353209 0.836832
vt 0.332281 0.836849
vt 0.353209 0.836849
vt 0.332281 0.836869
vt 0.353209 0.836869
vt 0.332281 0.836891
vt 0.353209 0.836891
vt 0.332281 0.836917
vt 0.353209 0.836917
vt 0.332281 0.836945
vt 0.353209 0.836945
vt 0.332281 0.836976
vt 0.353209 0.836976
vt 0.332281 0.837009
vt 0.353209 0.837009
vt 0.332281 0.837046
vt 0.353209 0.837046
vt 0.332281 0.837085
vt 0.353209 0.837085
vt 0.332281 0.837127
vt 0.353209 0.837127
vt 0.332281 0.837171
vt 0.353209 0.837171
vt 0.332281 0.880825
vt 0.353209 0.880825
vt 0.332281 0.880882
vt 0.353209 0.880882
vt 0.332281 0.880934
vt 0.353209 0.880934
vt 0.332281 0.880981
vt 0.353209 0.880981
vt 0.332281 0.881023
vt 0.353209 0.881023
vt 0.332281 0.881060
vt 0.353209 0.881060
vt 0.332281 0.881092
vt 0.353209 0.881092
vt 0.332281 0.881119
vt 0.353209 0.881119
vt 0.332281 0.881141
vt 0.353209 0.881141
vt 0.332281 0.881158
vt 0.353209 0.881158
vt 0.332281 0.881171
vt 0.353209 0.881171
vt 0.332281 0.881178
vt 0.353209 0.881178
vt 0.887762 0.941296
vt 0.887762 0.920368
vt 0.887759 0.920368
vt 0.887759 0.941296
vt 0.886657 0.920368
vt 0.886657 0.941296
vt 0.886653 0.920368
vt 0.886653 0.941296
vt 0.911389 0.674384
vt 0.911389 0.653457
vt 0.911382 0.653457
vt 0.911382 0.674384
vt 0.911370 0.653457
vt 0.911370 0.674384
vt 0.911352 0.653457
vt 0.911352 0.674384
vt 0.911330 0.653457
vt 0.911330 0.674384
vt 0.911303 0.653457
vt 0.911303 0.674384
vt 0.911271 0.653457
vt 0.911271 0.674384
vt 0.911234 0.653457
vt 0.911234 0.674384
vt 0.911192 0.653457
vt 0.911192 0.674384
vt 0.911145 0.653457
vt 0.911145 0.674384
vt 0.911093 0.653457
vt 0.911093 0.674384
vt 0.911037 0.653457
vt 0.911037 0.674384
vt 0.897508 0.653457
vt 0.897508 0.674384
vt 0.378122 0.924294
vt 0.378122 0.903367
vt 0.375425 0.903367
vt 0.375425 0.924294
vt 0.375421 0.903367
vt 0.375421 0.924294
vt 0.903253 0.898156
vt 0.903253 0.877229
vt 0.903245 0.877229
vt 0.903245 0.898156
vt 0.903233 0.877229
vt 0.903233 0.898156
vt 0.903216 0.877229
vt 0.903216 0.898156
vt 0.903194 0.877229
vt 0.903194 0.898156
vt 0.903167 0.877229
vt 0.903167 0.898156
vt 0.903134 0.877229
vt 0.903134 0.898156
vt 0.903097 0.877229
vt 0.903097 0.898156
vt 0.903056 0.877229
vt 0.903056 0.898156
vt 0.903009 0.877229
vt 0.903009 0.898156
vt 0.902957 0.877229
vt 0.902957 0.898156
vt 0.902900 0.877229
vt 0.902900 0.898156
vt 0.887006 0.877229
vt 0.887006 0.898156
vt 0.886949 0.877229
vt 0.886949 0.898156
vt 0.886897 0.877229
vt 0.886897 0.898156
vt 0.886850 0.877229
vt 0.886850 0.898156
vt 0.886808 0.877229
vt 0.886808 0.898156
vt 0.886771 0.877229
vt 0.886771 0.898156
vt 0.886739 0.877229
vt 0.886739 0.898156
vt 0.886712 0.877229
vt 0.886712 0.898156
vt 0.886690 0.877229
vt 0.886690 0.898156
vt 0.886673 0.877229
vt 0.886673 0.898156
vt 0.886661 0.877229
vt 0.886661 0.898156
vt 0.886653 0.877229
vt 0.886653 0.898156
vt 0.190018 0.923752
vt 0.190018 0.902825
vt 0.190014 0.902825
vt 0.190014 0.923752
vt 0.187316 0.902825
vt 0.187316 0.923752
vt 0.667337 0.920139
vt 0.667337 0.899212
vt 0.653809 0.899212
vt 0.653809 0.920139
vt 0.653752 0.899212
vt 0.653752 0.920139
vt 0.653700 0.899212
vt 0.653700 0.920139
vt 0.653654 0.899212
vt 0.653654 0.920139
vt 0.653612 0.899212
vt 0.653612 0.920139
vt 0.653575 0.899212
vt 0.653575 0.920139
vt 0.653543 0.899212
vt 0.653543 0.920139
vt 0.653516 0.899212
vt 0.653516 0.920139
vt 0.653493 0.899212
vt 0.653493 0.920139
vt 0.653476 0.899212
vt 0.653476 0.920139
vt 0.653464 0.899212
vt 0.653464 0.920139
vt 0.653457 0.899212
vt 0.653457 0.920139
vt 0.942948 0.741284
vt 0.942948 0.720357
vt 0.942944 0.720357
vt 0.942944 0.741284
vt 0.941842 0.720357
vt 0.941842 0.741284
vt 0.525768 0.836817
vt 0.504841 0.836817
vt 0.504841 0.837864
vt 0.525768 0.837864
vt 0.504841 0.838891
vt 0.525768 0.838891
vt 0.504841 0.839898
vt 0.525768 0.839898
vt 0.504841 0.840886
vt 0.525768 0.840886
vt 0.504841 0.841854
vt 0.525768 0.841854
vt 0.504841 0.842803
vt 0.525768 0.842803
vt 0.504841 0.843731
vt 0.525768 0.843731
vt 0.504841 0.844640
vt 0.525768 0.844640
vt 0.504841 0.845530
vt 0.525768 0.845530
vt 0.504841 0.846399
vt 0.525768 0.846399
vt 0.504841 0.847249
vt 0.525768 0.847249
vt 0.504841 0.848080
vt 0.525768 0.848080
vt 0.504841 0.868980
vt 0.525768 0.868980
vt 0.504841 0.870066
vt 0.525768 0.870066
vt 0.504841 0.871125
vt 0.525768 0.871125
vt 0.504841 0.872159
vt 0.525768 0.872159
vt 0.504841 0.873166
vt 0.525768 0.873166
vt 0.504841 0.874146
vt 0.525768 0.874146
vt 0.504841 0.875100
vt 0.525768 0.875100
vt 0.504841 0.876028
vt 0.525768 0.876028
vt 0.504841 0.876930
vt 0.525768 0.876930
vt 0.504841 0.877806
vt 0.525768 0.877806
vt 0.504841 0.878655
vt 0.525768 0.878655
vt 0.504841 0.879477
vt 0.525768 0.879477
vt 0.504841 0.880274
vt 0.525768 0.880274
vt 0.926983 0.626247
vt 0.926983 0.605319
vt 0.924662 0.605319
vt 0.924662 0.626247
vt 0.482628 0.836817
vt 0.461701 0.836817
vt 0.461701 0.837866
vt 0.482628 0.837866
vt 0.461701 0.838895
vt 0.482628 0.838895
vt 0.461701 0.839905
vt 0.482628 0.839905
vt 0.461701 0.840895
vt 0.482628 0.840895
vt 0.461701 0.841865
vt 0.482628 0.841865
vt 0.461701 0.842815
vt 0.482628 0.842815
vt 0.461701 0.843746
vt 0.482628 0.843746
vt 0.461701 0.844657
vt 0.482628 0.844657
vt 0.461701 0.845548
vt 0.482628 0.845548
vt 0.461701 0.846419
vt 0.482628 0.846419
vt 0.461701 0.847271
vt 0.482628 0.847271
vt 0.461701 0.848103
vt 0.482628 0.848103
vt 0.461701 0.869006
vt 0.482628 0.869006
vt 0.461701 0.870084
vt 0.482628 0.870084
vt 0.461701 0.871137
vt 0.482628 0.871137
vt 0.461701 0.872165
vt 0.482628 0.872165
vt 0.461701 0.873168
vt 0.482628 0.873168
vt 0.461701 0.874145
vt 0.482628 0.874145
vt 0.461701 0.875097
vt 0.482628 0.875097
vt 0.461701 0.876024
vt 0.482628 0.876024
vt 0.461701 0.876926
vt 0.482628 0.876926
vt 0.461701 0.877802
vt 0.482628 0.877802
vt 0.461701 0.878654
vt 0.482628 0.878654
vt 0.461701 0.879480
vt 0.482628 0.879480
vt 0.461701 0.880281
vt 0.482628 0.880281
vt 0.618001 0.924329
vt 0.618001 0.903402
vt 0.615679 0.903402
vt 0.615679 0.924329
vt 0.514780 0.923414
vt 0.504841 0.923414
vt 0.504841 0.902486
vt 0.514780 0.902486
vt 0.926432 0.496827
vt 0.924859 0.496827
vt 0.924859 0.475900
vt 0.926432 0.475900
vt 0.460650 0.923421
vt 0.450713 0.923421
vt 0.450713 0.902493
vt 0.460650 0.902493
vt 0.926395 0.539967
vt 0.924820 0.539967
vt 0.924820 0.519040
vt 0.926395 0.519040
vt 0.293096 0.836951
vt 0.272169 0.836951
vt 0.272169 0.837943
vt 0.293096 0.837943
vt 0.272169 0.838923
vt 0.293096 0.838923
vt 0.272169 0.839892
vt 0.293096 0.839892
vt 0.272169 0.840850
vt 0.293096 0.840850
vt 0.272169 0.841796
vt 0.293096 0.841796
vt 0.272169 0.842730
vt 0.293096 0.842730
vt 0.272169 0.843653
vt 0.293096 0.843653
vt 0.272169 0.844564
vt 0.293096 0.844564
vt 0.272169 0.845465
vt 0.293096 0.845465
vt 0.272169 0.846353
vt 0.293096 0.846353
vt 0.272169 0.847230
vt 0.293096 0.847230
vt 0.272169 0.848096
vt 0.293096 0.848096
vt 0.272169 0.877356
vt 0.293096 0.877356
vt 0.272169 0.877413
vt 0.293096 0.877413
vt 0.272169 0.877465
vt 0.293096 0.877465
vt 0.272169 0.877511
vt 0.293096 0.877511
vt 0.272169 0.877553
vt 0.293096 0.877553
vt 0.272169 0.877590
vt 0.293096 0.877590
vt 0.272169 0.877622
vt 0.293096 0.877622
vt 0.272169 0.877650
vt 0.293096 0.877650
vt 0.272169 0.877672
vt 0.293096 0.877672
vt 0.272169 0.877689
vt 0.293096 0.877689
vt 0.272169 0.877702
vt 0.293096 0.877702
vt 0.272169 0.877709
vt 0.293096 0.877709
vt 0.930120 0.281757
vt 0.930120 0.260830
vt 0.930117 0.260830
vt 0.930117 0.281757
vt 0.929005 0.260830
vt 0.929005 0.281757
vt 0.929000 0.260830
vt 0.929000 0.281757
vt 0.892290 0.720357
vt 0.871362 0.720357
vt 0.871362 0.720364
vt 0.892290 0.720364
vt 0.871362 0.720377
vt 0.892290 0.720377
vt 0.871362 0.720394
vt 0.892290 0.720394
vt 0.871362 0.720416
vt 0.892290 0.720416
vt 0.871362 0.720443
vt 0.892290 0.720443
vt 0.871362 0.720475
vt 0.892290 0.720475
vt 0.871362 0.720512
vt 0.892290 0.720512
vt 0.871362 0.720554
vt 0.892290 0.720554
vt 0.871362 0.720601
vt 0.892290 0.720601
vt 0.871362 0.720653
vt 0.892290 0.720653
vt 0.871362 0.720709
vt 0.892290 0.720709
vt 0.871362 0.744492
vt 0.892290 0.744492
vt 0.926393 0.583107
vt 0.926393 0.562179
vt 0.924820 0.562179
vt 0.924820 0.583107
vt 0.906788 0.260830
vt 0.885861 0.260830
vt 0.885861 0.284609
vt 0.906788 0.284609
vt 0.885861 0.284665
vt 0.906788 0.284665
vt 0.885861 0.284717
vt 0.906788 0.284717
vt 0.885861 0.284764
vt 0.906788 0.284764
vt 0.885861 0.284806
vt 0.906788 0.284806
vt 0.885861 0.284843
vt 0.906788 0.284843
vt 0.885861 0.284875
vt 0.906788 0.284875
vt 0.885861 0.284902
vt 0.906788 0.284902
vt 0.885861 0.284925
vt 0.906788 0.284925
vt 0.885861 0.284942
vt 0.906788 0.284942
vt 0.885861 0.284954
vt 0.906788 0.284954
vt 0.885861 0.284962
vt 0.906788 0.284962
vt 0.946121 0.094270
vt 0.946121 0.073342
vt 0.946118 0.073342
vt 0.946118 0.094270
vt 0.945019 0.073342
vt 0.945019 0.094270
vt 0.945015 0.073342
vt 0.945015 0.094270
vt 0.249956 0.836951
vt 0.229029 0.836951
vt 0.229029 0.836958
vt 0.249956 0.836958
vt 0.229029 0.836971
vt 0.249956 0.836971
vt 0.229029 0.836988
vt 0.249956 0.836988
vt 0.229029 0.837010
vt 0.249956 0.837010
vt 0.229029 0.837037
vt 0.249956 0.837037
vt 0.229029 0.837070
vt 0.249956 0.837070
vt 0.229029 0.837106
vt 0.249956 0.837106
vt 0.229029 0.837148
vt 0.249956 0.837148
vt 0.229029 0.837195
vt 0.249956 0.837195
vt 0.229029 0.837247
vt 0.249956 0.837247
vt 0.229029 0.837304
vt 0.249956 0.837304
vt 0.229029 0.866569
vt 0.249956 0.866569
vt 0.229029 0.867592
vt 0.249956 0.867592
vt 0.229029 0.868598
vt 0.249956 0.868598
vt 0.229029 0.869587
vt 0.249956 0.869587
vt 0.229029 0.870559
vt 0.249956 0.870559
vt 0.229029 0.871514
vt 0.249956 0.871514
vt 0.229029 0.872453
vt 0.249956 0.872453
vt 0.229029 0.873374
vt 0.249956 0.873374
vt 0.229029 0.874278
vt 0.249956 0.874278
vt 0.229029 0.875165
vt 0.249956 0.875165
vt 0.229029 0.876036
vt 0.249956 0.876036
vt 0.229029 0.876889
vt 0.249956 0.876889
vt 0.229029 0.877725
vt 0.249956 0.877725
vt 0.593467 0.924329
vt 0.593467 0.903402
vt 0.591120 0.903402
vt 0.591120 0.924329
vt 0.396349 0.836817
vt 0.375421 0.836817
vt 0.375421 0.836825
vt 0.396349 0.836825
vt 0.375421 0.836838
vt 0.396349 0.836838
vt 0.375421 0.836854
vt 0.396349 0.836854
vt 0.375421 0.836874
vt 0.396349 0.836874
vt 0.375421 0.836897
vt 0.396349 0.836897
vt 0.375421 0.836925
vt 0.396349 0.836925
vt 0.375421 0.836956
vt 0.396349 0.836956
vt 0.375421 0.836992
vt 0.396349 0.836992
vt 0.375421 0.837031
vt 0.396349 0.837031
vt 0.375421 0.837074
vt 0.396349 0.837074
vt 0.375421 0.837121
vt 0.396349 0.837121
vt 0.375421 0.837171
vt 0.396349 0.837171
vt 0.375421 0.871045
vt 0.396349 0.871045
vt 0.375421 0.871803
vt 0.396349 0.871803
vt 0.375421 0.872577
vt 0.396349 0.872577
vt 0.375421 0.873365
vt 0.396349 0.873365
vt 0.375421 0.874169
vt 0.396349 0.874169
vt 0.375421 0.874989
vt 0.396349 0.874989
vt 0.375421 0.875823
vt 0.396349 0.875823
vt 0.375421 0.876674
vt 0.396349 0.876674
vt 0.375421 0.877539
vt 0.396349 0.877539
vt 0.375421 0.878420
vt 0.396349 0.878420
vt 0.375421 0.879316
vt 0.396349 0.879316
vt 0.375421 0.880228
vt 0.396349 0.880228
vt 0.375421 0.881154
vt 0.396349 0.881154
vt 0.926804 0.898156
vt 0.926804 0.877229
vt 0.925465 0.877229
vt 0.925465 0.898156
vt 0.088780 0.923556
vt 0.088780 0.902629
vt 0.085190 0.902629
vt 0.085190 0.923556
vt 0.114429 0.923556
vt 0.114429 0.902629
vt 0.110993 0.902629
vt 0.110993 0.923556
vt 0.930316 0.032034
vt 0.930316 0.011106
vt 0.929005 0.011106
vt 0.929005 0.032034
vt 0.929000 0.011106
vt 0.929000 0.032034
vt 0.902450 0.626247
vt 0.902450 0.605319
vt 0.902442 0.605319
vt 0.902442 0.626247
vt 0.902430 0.605319
vt 0.902430 0.626247
vt 0.902413 0.605319
vt 0.902413 0.626247
vt 0.902391 0.605319
vt 0.902391 0.626247
vt 0.902363 0.605319
vt 0.902363 0.626247
vt 0.902331 0.605319
vt 0.902331 0.626247
vt 0.902294 0.605319
vt 0.902294 0.626247
vt 0.902252 0.605319
vt 0.902252 0.626247
vt 0.902206 0.605319
vt 0.902206 0.626247
vt 0.902154 0.605319
vt 0.902154 0.626247
vt 0.902097 0.605319
vt 0.902097 0.626247
vt 0.886202 0.605319
vt 0.886202 0.626247
vt 0.886146 0.605319
vt 0.886146 0.626247
vt 0.886094 0.605319
vt 0.886094 0.626247
vt 0.886047 0.605319
vt 0.886047 0.626247
vt 0.886005 0.605319
vt 0.886005 0.626247
vt 0.885968 0.605319
vt 0.885968 0.626247
vt 0.885936 0.605319
vt 0.885936 0.626247
vt 0.885909 0.605319
vt 0.885909 0.626247
vt 0.885887 0.605319
vt 0.885887 0.626247
vt 0.885870 0.605319
vt 0.885870 0.626247
vt 0.885857 0.605319
vt 0.885857 0.626247
vt 0.885850 0.605319
vt 0.885850 0.626247
vt 0.930107 0.448694
vt 0.930107 0.427767
vt 0.930103 0.427767
vt 0.930103 0.448694
vt 0.928990 0.427767
vt 0.928990 0.448694
vt 0.922803 0.094270
vt 0.922803 0.073342
vt 0.911996 0.073342
vt 0.911996 0.094270
vt 0.934718 0.674384
vt 0.934718 0.653457
vt 0.933606 0.653457
vt 0.933606 0.674384
vt 0.933602 0.653457
vt 0.933602 0.674384
vt 0.902608 0.539967
vt 0.902608 0.519040
vt 0.902601 0.519040
vt 0.902601 0.539967
vt 0.902590 0.519040
vt 0.902590 0.539967
vt 0.902575 0.519040
vt 0.902575 0.539967
vt 0.902555 0.519040
vt 0.902555 0.539967
vt 0.902531 0.519040
vt 0.902531 0.539967
vt 0.902503 0.519040
vt 0.902503 0.539967
vt 0.902470 0.519040
vt 0.902470 0.539967
vt 0.902432 0.519040
vt 0.902432 0.539967
vt 0.902391 0.519040
vt 0.902391 0.539967
vt 0.902345 0.519040
vt 0.902345 0.539967
vt 0.902294 0.519040
vt 0.902294 0.539967
vt 0.886202 0.519040
vt 0.886202 0.539967
vt 0.886146 0.519040
vt 0.886146 0.539967
vt 0.886094 0.519040
vt 0.886094 0.539967
vt 0.886047 0.519040
vt 0.886047 0.539967
vt 0.886005 0.519040
vt 0.886005 0.539967
vt 0.885968 0.519040
vt 0.885968 0.539967
vt 0.885936 0.519040
vt 0.885936 0.539967
vt 0.885909 0.519040
vt 0.885909 0.539967
vt 0.885887 0.519040
vt 0.885887 0.539967
vt 0.885870 0.519040
vt 0.885870 0.539967
vt 0.885857 0.519040
vt 0.885857 0.539967
vt 0.885850 0.519040
vt 0.885850 0.539967
vt 0.849081 0.743335
vt 0.849081 0.722408
vt 0.849077 0.722408
vt 0.849077 0.743335
vt 0.845241 0.722408
vt 0.845241 0.743335
vt 0.922947 0.157265
vt 0.911982 0.157265
vt 0.911982 0.136338
vt 0.922947 0.136338
vt 0.947716 0.788116
vt 0.947290 0.788116
vt 0.947290 0.767189
vt 0.947716 0.767189
vt 0.922945 0.200405
vt 0.911982 0.200405
vt 0.911982 0.179478
vt 0.922945 0.179478
vt 0.945583 0.200405
vt 0.945157 0.200405
vt 0.945157 0.179478
vt 0.945583 0.179478
vt 0.906788 0.011106
vt 0.885861 0.011106
vt 0.885861 0.011114
vt 0.906788 0.011114
vt 0.885861 0.011126
vt 0.906788 0.011126
vt 0.885861 0.011141
vt 0.906788 0.011141
vt 0.885861 0.011159
vt 0.906788 0.011159
vt 0.885861 0.011180
vt 0.906788 0.011180
vt 0.885861 0.011204
vt 0.906788 0.011204
vt 0.885861 0.011232
vt 0.906788 0.011232
vt 0.885861 0.011264
vt 0.906788 0.011264
vt 0.885861 0.011298
vt 0.906788 0.011298
vt 0.885861 0.011336
vt 0.906788 0.011336
vt 0.885861 0.011377
vt 0.906788 0.011377
vt 0.885861 0.011421
vt 0.906788 0.011421
vt 0.885861 0.050816
vt 0.906788 0.050816
vt 0.885861 0.050867
vt 0.906788 0.050867
vt 0.885861 0.050913
vt 0.906788 0.050913
vt 0.885861 0.050954
vt 0.906788 0.050954
vt 0.885861 0.050992
vt 0.906788 0.050992
vt 0.885861 0.051024
vt 0.906788 0.051024
vt 0.885861 0.051053
vt 0.906788 0.051053
vt 0.885861 0.051077
vt 0.906788 0.051077
vt 0.885861 0.051097
vt 0.906788 0.051097
vt 0.885861 0.051112
vt 0.906788 0.051112
vt 0.885861 0.051123
vt 0.906788 0.051123
vt 0.885861 0.051130
vt 0.906788 0.051130
vt 0.911083 0.941296
vt 0.911083 0.920368
vt 0.911080 0.920368
vt 0.911080 0.941296
vt 0.909978 0.920368
vt 0.909978 0.941296
vt 0.909974 0.920368
vt 0.909974 0.941296
vt 0.906777 0.384627
vt 0.885850 0.384627
vt 0.885850 0.384633
vt 0.906777 0.384633
vt 0.885850 0.384644
vt 0.906777 0.384644
vt 0.885850 0.384660
vt 0.906777 0.384660
vt 0.885850 0.384679
vt 0.906777 0.384679
vt 0.885850 0.384704
vt 0.906777 0.384704
vt 0.885850 0.384732
vt 0.906777 0.384732
vt 0.885850 0.384765
vt 0.906777 0.384765
vt 0.885850 0.384802
vt 0.906777 0.384802
vt 0.885850 0.384844
vt 0.906777 0.384844
vt 0.885850 0.384890
vt 0.906777 0.384890
vt 0.885850 0.384940
vt 0.906777 0.384940
vt 0.885850 0.408053
vt 0.906777 0.408053
vt 0.948820 0.539967
vt 0.948820 0.519040
vt 0.948607 0.519040
vt 0.948607 0.539967
vt 0.709765 0.920894
vt 0.709765 0.899966
vt 0.696949 0.899966
vt 0.696949 0.920894
vt 0.696893 0.899966
vt 0.696893 0.920894
vt 0.696841 0.899966
vt 0.696841 0.920894
vt 0.696794 0.899966
vt 0.696794 0.920894
vt 0.696752 0.899966
vt 0.696752 0.920894
vt 0.696715 0.899966
vt 0.696715 0.920894
vt 0.696683 0.899966
vt 0.696683 0.920894
vt 0.696656 0.899966
vt 0.696656 0.920894
vt 0.696634 0.899966
vt 0.696634 0.920894
vt 0.696616 0.899966
vt 0.696616 0.920894
vt 0.696604 0.899966
vt 0.696604 0.920894
vt 0.696596 0.899966
vt 0.696596 0.920894
vt 0.946265 0.157265
vt 0.946265 0.136338
vt 0.946262 0.136338
vt 0.946262 0.157265
vt 0.945163 0.136338
vt 0.945163 0.157265
vt 0.945159 0.136338
vt 0.945159 0.157265
vt 0.242200 0.920865
vt 0.242200 0.899938
vt 0.242192 0.899938
vt 0.242192 0.920865
vt 0.242180 0.899938
vt 0.242180 0.920865
vt 0.242163 0.899938
vt 0.242163 0.920865
vt 0.242140 0.899938
vt 0.242140 0.920865
vt 0.242113 0.899938
vt 0.242113 0.920865
vt 0.242081 0.899938
vt 0.242081 0.920865
vt 0.242044 0.899938
vt 0.242044 0.920865
vt 0.242002 0.899938
vt 0.242002 0.920865
vt 0.241955 0.899938
vt 0.241955 0.920865
vt 0.241904 0.899938
vt 0.241904 0.920865
vt 0.241847 0.899938
vt 0.241847 0.920865
vt 0.229029 0.899938
vt 0.229029 0.920865
vt 0.948807 0.583107
vt 0.948807 0.562179
vt 0.948605 0.562179
vt 0.948605 0.583107
vt 0.906777 0.430265
vt 0.885850 0.430265
vt 0.885850 0.453374
vt 0.906777 0.453374
vt 0.885850 0.453424
vt 0.906777 0.453424
vt 0.885850 0.453470
vt 0.906777 0.453470
vt 0.885850 0.453512
vt 0.906777 0.453512
vt 0.885850 0.453549
vt 0.906777 0.453549
vt 0.885850 0.453582
vt 0.906777 0.453582
vt 0.885850 0.453610
vt 0.906777 0.453610
vt 0.885850 0.453635
vt 0.906777 0.453635
vt 0.885850 0.453654
vt 0.906777 0.453654
vt 0.885850 0.453670
vt 0.906777 0.453670
vt 0.885850 0.453681
vt 0.906777 0.453681
vt 0.885850 0.453687
vt 0.906777 0.453687
vt 0.930109 0.405554
vt 0.930109 0.384627
vt 0.930107 0.384627
vt 0.930107 0.405554
vt 0.928994 0.384627
vt 0.928994 0.405554
vt 0.928990 0.384627
vt 0.928990 0.405554
vt 0.674384 0.836971
vt 0.653457 0.836971
vt 0.653457 0.836978
vt 0.674384 0.836978
vt 0.653457 0.836989
vt 0.674384 0.836989
vt 0.653457 0.837004
vt 0.674384 0.837004
vt 0.653457 0.837024
vt 0.674384 0.837024
vt 0.653457 0.837048
vt 0.674384 0.837048
vt 0.653457 0.837076
vt 0.674384 0.837076
vt 0.653457 0.837109
vt 0.674384 0.837109
vt 0.653457 0.837146
vt 0.674384 0.837146
vt 0.653457 0.837188
vt 0.674384 0.837188
vt 0.653457 0.837234
vt 0.674384 0.837234
vt 0.653457 0.837285
vt 0.674384 0.837285
vt 0.653457 0.876686
vt 0.674384 0.876686
vt 0.653457 0.876736
vt 0.674384 0.876736
vt 0.653457 0.876782
vt 0.674384 0.876782
vt 0.653457 0.876824
vt 0.674384 0.876824
vt 0.653457 0.876861
vt 0.674384 0.876861
vt 0.653457 0.876894
vt 0.674384 0.876894
vt 0.653457 0.876923
vt 0.674384 0.876923
vt 0.653457 0.876947
vt 0.674384 0.876947
vt 0.653457 0.876966
vt 0.674384 0.876966
vt 0.653457 0.876982
vt 0.674384 0.876982
vt 0.653457 0.876993
vt 0.674384 0.876993
vt 0.653457 0.876999
vt 0.674384 0.876999
vt 0.864347 0.921561
vt 0.864347 0.900634
vt 0.864343 0.900634
vt 0.864343 0.921561
vt 0.860518 0.900634
vt 0.860518 0.921561
vt 0.795166 0.836136
vt 0.774238 0.836136
vt 0.774238 0.836151
vt 0.795166 0.836151
vt 0.774238 0.836168
vt 0.795166 0.836168
vt 0.774238 0.836188
vt 0.795166 0.836188
vt 0.774238 0.836210
vt 0.795166 0.836210
vt 0.774238 0.836236
vt 0.795166 0.836236
vt 0.774238 0.836264
vt 0.795166 0.836264
vt 0.774238 0.836295
vt 0.795166 0.836295
vt 0.774238 0.836329
vt 0.795166 0.836329
vt 0.774238 0.836365
vt 0.795166 0.836365
vt 0.774238 0.836404
vt 0.795166 0.836404
vt 0.774238 0.836446
vt 0.795166 0.836446
vt 0.774238 0.836491
vt 0.795166 0.836491
vt 0.774238 0.880144
vt 0.795166 0.880144
vt 0.774238 0.880201
vt 0.795166 0.880201
vt 0.774238 0.880253
vt 0.795166 0.880253
vt 0.774238 0.880300
vt 0.795166 0.880300
vt 0.774238 0.880342
vt 0.795166 0.880342
vt 0.774238 0.880379
vt 0.795166 0.880379
vt 0.774238 0.880411
vt 0.795166 0.880411
vt 0.774238 0.880438
vt 0.795166 0.880438
vt 0.774238 0.880460
vt 0.795166 0.880460
vt 0.774238 0.880477
vt 0.795166 0.880477
vt 0.774238 0.880490
vt 0.795166 0.880490
vt 0.774238 0.880497
vt 0.795166 0.880497
vt 0.934404 0.941296
vt 0.934404 0.920368
vt 0.934401 0.920368
vt 0.934401 0.941296
vt 0.933300 0.920368
vt 0.933300 0.941296
vt 0.933295 0.920368
vt 0.933295 0.941296
vt 0.900545 0.788116
vt 0.900545 0.767189
vt 0.900538 0.767189
vt 0.900538 0.788116
vt 0.900525 0.767189
vt 0.900525 0.788116
vt 0.900508 0.767189
vt 0.900508 0.788116
vt 0.900486 0.767189
vt 0.900486 0.788116
vt 0.900459 0.767189
vt 0.900459 0.788116
vt 0.900427 0.767189
vt 0.900427 0.788116
vt 0.900390 0.767189
vt 0.900390 0.788116
vt 0.900348 0.767189
vt 0.900348 0.788116
vt 0.900301 0.767189
vt 0.900301 0.788116
vt 0.900249 0.767189
vt 0.900249 0.788116
vt 0.900192 0.767189
vt 0.900192 0.788116
vt 0.886664 0.767189
vt 0.886664 0.788116
vt 0.334982 0.924318
vt 0.334982 0.903391
vt 0.332286 0.903391
vt 0.332286 0.924318
vt 0.332281 0.903391
vt 0.332281 0.924318
vt 0.903253 0.855016
vt 0.903253 0.834089
vt 0.903246 0.834089
vt 0.903246 0.855016
vt 0.903233 0.834089
vt 0.903233 0.855016
vt 0.903216 0.834089
vt 0.903216 0.855016
vt 0.903194 0.834089
vt 0.903194 0.855016
vt 0.903167 0.834089
vt 0.903167 0.855016
vt 0.903134 0.834089
vt 0.903134 0.855016
vt 0.903098 0.834089
vt 0.903098 0.855016
vt 0.903056 0.834089
vt 0.903056 0.855016
vt 0.903009 0.834089
vt 0.903009 0.855016
vt 0.902957 0.834089
vt 0.902957 0.855016
vt 0.902900 0.834089
vt 0.902900 0.855016
vt 0.887006 0.834089
vt 0.887006 0.855016
vt 0.886949 0.834089
vt 0.886949 0.855016
vt 0.886897 0.834089
vt 0.886897 0.855016
vt 0.886850 0.834089
vt 0.886850 0.855016
vt 0.886808 0.834089
vt 0.886808 0.855016
vt 0.886771 0.834089
vt 0.886771 0.855016
vt 0.886739 0.834089
vt 0.886739 0.855016
vt 0.886712 0.834089
vt 0.886712 0.855016
vt 0.886690 0.834089
vt 0.886690 0.855016
vt 0.886673 0.834089
vt 0.886673 0.855016
vt 0.886661 0.834089
vt 0.886661 0.855016
vt 0.886653 0.834089
vt 0.886653 0.855016
vt 0.820081 0.923958
vt 0.820081 0.903030
vt 0.820076 0.903030
vt 0.820076 0.923958
vt 0.817378 0.903030
vt 0.817378 0.923958
vt 0.286049 0.920849
vt 0.286049 0.899921
vt 0.272521 0.899921
vt 0.272521 0.920849
vt 0.272464 0.899921
vt 0.272464 0.920849
vt 0.272412 0.899921
vt 0.272412 0.920849
vt 0.272366 0.899921
vt 0.272366 0.920849
vt 0.272324 0.899921
vt 0.272324 0.920849
vt 0.272287 0.899921
vt 0.272287 0.920849
vt 0.272255 0.899921
vt 0.272255 0.920849
vt 0.272228 0.899921
vt 0.272228 0.920849
vt 0.272205 0.899921
vt 0.272205 0.920849
vt 0.272188 0.899921
vt 0.272188 0.920849
vt 0.272176 0.899921
vt 0.272176 0.920849
vt 0.272169 0.899921
vt 0.272169 0.920849
vt 0.942502 0.353209
vt 0.942502 0.332281
vt 0.942498 0.332281
vt 0.942498 0.353209
vt 0.941396 0.332281
vt 0.941396 0.353209
vt 0.568908 0.836817
vt 0.547980 0.836817
vt 0.547980 0.837864
vt 0.568908 0.837864
vt 0.547980 0.838891
vt 0.568908 0.838891
vt 0.547980 0.839898
vt 0.568908 0.839898
vt 0.547980 0.840886
vt 0.568908 0.840886
vt 0.547980 0.841854
vt 0.568908 0.841854
vt 0.547980 0.842803
vt 0.568908 0.842803
vt 0.547980 0.843731
vt 0.568908 0.843731
vt 0.547980 0.844640
vt 0.568908 0.844640
vt 0.547980 0.845530
vt 0.568908 0.845530
vt 0.547980 0.846399
vt 0.568908 0.846399
vt 0.547980 0.847249
vt 0.568908 0.847249
vt 0.547980 0.848080
vt 0.568908 0.848080
vt 0.547980 0.868980
vt 0.568908 0.868980
vt 0.547980 0.870066
vt 0.568908 0.870066
vt 0.547980 0.871125
vt 0.568908 0.871125
vt 0.547980 0.872159
vt 0.568908 0.872159
vt 0.547980 0.873166
vt 0.568908 0.873166
vt 0.547980 0.874146
vt 0.568908 0.874146
vt 0.547980 0.875101
vt 0.568908 0.875101
vt 0.547980 0.876029
vt 0.568908 0.876029
vt 0.547980 0.876930
vt 0.568908 0.876930
vt 0.547980 0.877806
vt 0.568908 0.877806
vt 0.547980 0.878655
vt 0.568908 0.878655
vt 0.547980 0.879477
vt 0.568908 0.879477
vt 0.547980 0.880274
vt 0.568908 0.880274
vt 0.925078 0.788116
vt 0.925078 0.767189
vt 0.922758 0.767189
vt 0.922758 0.788116
vt 0.439488 0.836817
vt 0.418561 0.836817
vt 0.418561 0.837866
vt 0.439488 0.837866
vt 0.418561 0.838895
vt 0.439488 0.838895
vt 0.418561 0.839905
vt 0.439488 0.839905
vt 0.418561 0.840895
vt 0.439488 0.840895
vt 0.418561 0.841865
vt 0.439488 0.841865
vt 0.418561 0.842815
vt 0.439488 0.842815
vt 0.418561 0.843746
vt 0.439488 0.843746
vt 0.418561 0.844656
vt 0.439488 0.844656
vt 0.418561 0.845548
vt 0.439488 0.845548
vt 0.418561 0.846419
vt 0.439488 0.846419
vt 0.418561 0.847271
vt 0.439488 0.847271
vt 0.418561 0.848103
vt 0.439488 0.848103
vt 0.418561 0.869006
vt 0.439488 0.869006
vt 0.418561 0.870085
vt 0.439488 0.870085
vt 0.418561 0.871137
vt 0.439488 0.871137
vt 0.418561 0.872165
vt 0.439488 0.872165
vt 0.418561 0.873168
vt 0.439488 0.873168
vt 0.418561 0.874145
vt 0.439488 0.874145
vt 0.418561 0.875097
vt 0.439488 0.875097
vt 0.418561 0.876024
vt 0.439488 0.876024
vt 0.418561 0.876926
vt 0.439488 0.876926
vt 0.418561 0.877802
vt 0.439488 0.877802
vt 0.418561 0.878654
vt 0.439488 0.878654
vt 0.418561 0.879480
vt 0.439488 0.879480
vt 0.418561 0.880281
vt 0.439488 0.880281
vt 0.013428 0.924463
vt 0.013428 0.903536
vt 0.011106 0.903536
vt 0.011106 0.924463
vt 0.428500 0.923421
vt 0.418561 0.923421
vt 0.418561 0.902493
vt 0.428500 0.902493
vt 0.927039 0.855016
vt 0.925465 0.855016
vt 0.925465 0.834089
vt 0.927039 0.834089
vt 0.546930 0.923414
vt 0.536992 0.923414
vt 0.536992 0.902486
vt 0.546930 0.902486
vt 0.309836 0.920849
vt 0.308262 0.920849
vt 0.308262 0.899921
vt 0.309836 0.899921
vt 0.969928 0.785406
vt 0.969928 0.767189
vt 0.987961 0.767189
vt 0.987961 0.785406
vt 0.011106 0.964893
vt 0.011106 0.946675
vt 0.029323 0.946675
vt 0.029323 0.964893
vt 0.956931 0.671674
vt 0.956931 0.653457
vt 0.974973 0.653457
vt 0.974973 0.671674
vt 0.949251 0.852306
vt 0.949251 0.834089
vt 0.967465 0.834089
vt 0.967465 0.852306
vt 0.247246 0.961295
vt 0.229029 0.961295
vt 0.229029 0.943078
vt 0.247246 0.943078
vt 0.864347 0.961991
vt 0.846130 0.961991
vt 0.846130 0.943774
vt 0.864347 0.943774
vt 0.970861 0.494117
vt 0.970861 0.475900
vt 0.988894 0.475900
vt 0.988894 0.494117
vt 0.949017 0.895446
vt 0.949017 0.877229
vt 0.967234 0.877229
vt 0.967234 0.895446
vt 0.956616 0.979016
vt 0.956616 0.960798
vt 0.974659 0.960798
vt 0.974659 0.979016
vt 0.952332 0.279047
vt 0.952332 0.260830
vt 0.970546 0.260830
vt 0.970546 0.279047
vt 0.436779 0.963851
vt 0.418561 0.963851
vt 0.418561 0.945633
vt 0.436779 0.945633
vt 0.523058 0.963843
vt 0.504841 0.963843
vt 0.504841 0.945626
vt 0.523058 0.945626
vt 0.967795 0.197695
vt 0.967795 0.179478
vt 0.985828 0.179478
vt 0.985828 0.197695
vt 0.162391 0.964182
vt 0.162391 0.945965
vt 0.180609 0.945965
vt 0.180609 0.964182
vt 0.886653 0.981726
vt 0.886653 0.963508
vt 0.904696 0.963508
vt 0.904696 0.981726
vt 0.952322 0.402844
vt 0.952322 0.384627
vt 0.970536 0.384627
vt 0.970536 0.402844
vt 0.477208 0.963851
vt 0.458991 0.963851
vt 0.458991 0.945633
vt 0.477208 0.945633
vt 0.563488 0.963843
vt 0.545271 0.963843
vt 0.545271 0.945626
vt 0.563488 0.945626
vt 0.967795 0.238125
vt 0.967795 0.219908
vt 0.985828 0.219908
vt 0.985828 0.238125
vt 0.375421 0.964724
vt 0.375421 0.946507
vt 0.393638 0.946507
vt 0.393638 0.964724
vt 0.964714 0.350499
vt 0.964714 0.332281
vt 0.982757 0.332281
vt 0.982757 0.350499
vt 0.952320 0.445984
vt 0.952320 0.427767
vt 0.970534 0.427767
vt 0.970534 0.445984
vt 0.076068 0.963986
vt 0.057851 0.963986
vt 0.057851 0.945768
vt 0.076068 0.945768
vt 0.116498 0.963986
vt 0.098281 0.963986
vt 0.098281 0.945768
vt 0.116498 0.945768
vt 0.968334 0.091560
vt 0.968334 0.073342
vt 0.986366 0.073342
vt 0.986366 0.091560
vt 0.332281 0.964748
vt 0.332281 0.946530
vt 0.350498 0.946530
vt 0.350498 0.964748
vt 0.965161 0.738574
vt 0.965161 0.720357
vt 0.983203 0.720357
vt 0.983203 0.738574
vt 0.952529 0.029324
vt 0.952529 0.011106
vt 0.970743 0.011106
vt 0.970743 0.029324
vt 0.712841 0.964060
vt 0.694623 0.964060
vt 0.694623 0.945843
vt 0.712841 0.945843
vt 0.792456 0.964067
vt 0.774238 0.964067
vt 0.774238 0.945850
vt 0.792456 0.945850
s 0
usemtl Material.001
f 1/1/1 3/4/1 4/3/1 2/2/1
f 3/5/2 7/8/2 8/7/2 4/6/2
f 7/9/3 5/12/3 6/11/3 8/10/3
f 5/13/4 1/16/4 2/15/4 6/14/4
f 3/17/5 1/20/5 5/19/5 7/18/5
f 8/21/6 6/24/6 2/23/6 4/22/6
f 13/25/3 15/28/3 22/27/3 24/26/3
f 12/29/4 17/32/4 18/31/4 16/30/4
f 16/33/1 18/36/1 20/35/1 14/34/1
f 14/37/6 10/40/6 12/39/6 16/38/6
f 10/41/3 19/44/3 17/43/3 12/42/3
f 14/45/2 20/48/2 19/47/2 10/46/2
f 11/49/5 15/52/5 18/51/5 17/50/5
f 9/53/5 11/49/5 17/50/5 19/54/5
f 15/52/5 13/56/5 20/55/5 18/51/5
f 13/56/5 9/53/5 19/54/5 20/55/5
f 23/57/5 24/60/5 22/59/5 21/58/5
f 15/61/2 11/64/2 21/63/2 22/62/2
f 9/65/4 13/68/4 24/67/4 23/66/4
f 11/69/1 9/72/1 23/71/1 21/70/1
f 36/73/5 38/75/5 37/74/5
f 36/73/5 39/76/5 38/75/5
f 35/77/5 39/76/5 36/73/5
f 35/77/5 40/78/5 39/76/5
f 34/79/5 40/78/5 35/77/5
f 34/79/5 41/80/5 40/78/5
f 33/81/5 41/80/5 34/79/5
f 33/81/5 42/82/5 41/80/5
f 32/83/5 42/82/5 33/81/5
f 32/83/5 43/84/5 42/82/5
f 31/85/5 43/84/5 32/83/5
f 31/85/5 44/86/5 43/84/5
f 30/87/5 44/86/5 31/85/5
f 30/87/5 45/88/5 44/86/5
f 29/89/5 45/88/5 30/87/5
f 29/89/5 46/90/5 45/88/5
f 28/91/5 46/90/5 29/89/5
f 28/91/5 47/92/5 46/90/5
f 27/93/5 47/92/5 28/91/5
f 27/93/5 48/94/5 47/92/5
f 26/95/5 48/94/5 27/93/5
f 26/95/5 49/96/5 48/94/5
f 25/97/5 49/96/5 26/95/5
f 25/97/5 50/98/5 49/96/5
f 76/99/5 78/100/5 25/97/5
f 78/100/5 50/98/5 25/97/5
f 78/100/5 77/101/5 50/98/5
f 77/101/5 51/102/5 50/98/5
f 76/99/5 79/103/5 78/100/5
f 80/104/5 51/102/5 77/101/5
f 76/99/5 80/104/5 79/103/5
f 76/99/5 51/102/5 80/104/5
f 75/105/5 51/102/5 76/99/5
f 75/105/5 52/106/5 51/102/5
f 74/107/5 52/106/5 75/105/5
f 74/107/5 53/108/5 52/106/5
f 73/109/5 53/108/5 74/107/5
f 73/109/5 54/110/5 53/108/5
f 72/111/5 54/110/5 73/109/5
f 72/111/5 55/112/5 54/110/5
f 71/113/5 55/112/5 72/111/5
f 71/113/5 56/114/5 55/112/5
f 70/115/5 56/114/5 71/113/5
f 70/115/5 57/116/5 56/114/5
f 69/117/5 57/116/5 70/115/5
f 69/117/5 58/118/5 57/116/5
f 68/119/5 58/118/5 69/117/5
f 68/119/5 59/120/5 58/118/5
f 67/121/5 59/120/5 68/119/5
f 67/121/5 60/122/5 59/120/5
f 66/123/5 60/122/5 67/121/5
f 66/123/5 61/124/5 60/122/5
f 65/125/5 61/124/5 66/123/5
f 65/125/5 62/126/5 61/124/5
f 64/127/5 62/126/5 65/125/5
f 64/127/5 63/128/5 62/126/5
f 92/129/5 94/131/5 93/130/5
f 92/129/5 95/132/5 94/131/5
f 91/133/5 95/132/5 92/129/5
f 91/133/5 96/134/5 95/132/5
f 90/135/5 96/134/5 91/133/5
f 89/136/5 96/134/5 90/135/5
f 89/136/5 97/137/5 96/134/5
f 89/136/5 98/138/5 97/137/5
f 88/139/5 98/138/5 89/136/5
f 88/139/5 99/140/5 98/138/5
f 87/141/5 99/140/5 88/139/5
f 87/141/5 100/142/5 99/140/5
f 86/143/5 100/142/5 87/141/5
f 86/143/5 101/144/5 100/142/5
f 85/145/5 101/144/5 86/143/5
f 85/145/5 102/146/5 101/144/5
f 84/147/5 102/146/5 85/145/5
f 84/147/5 103/148/5 102/146/5
f 83/149/5 103/148/5 84/147/5
f 83/149/5 104/150/5 103/148/5
f 82/151/5 104/150/5 83/149/5
f 82/151/5 105/152/5 104/150/5
f 81/153/5 105/152/5 82/151/5
f 81/153/5 106/154/5 105/152/5
f 160/155/5 106/154/5 81/153/5
f 160/155/5 107/156/5 106/154/5
f 159/157/5 107/156/5 160/155/5
f 159/157/5 108/158/5 107/156/5
f 158/159/5 108/158/5 159/157/5
f 158/159/5 109/160/5 108/158/5
f 157/161/5 109/160/5 158/159/5
f 157/161/5 110/162/5 109/160/5
f 156/163/5 110/162/5 157/161/5
f 156/163/5 111/164/5 110/162/5
f 155/165/5 111/164/5 156/163/5
f 155/165/5 112/166/5 111/164/5
f 154/167/5 112/166/5 155/165/5
f 154/167/5 113/168/5 112/166/5
f 153/169/5 113/168/5 154/167/5
f 153/169/5 114/170/5 113/168/5
f 152/171/5 114/170/5 153/169/5
f 152/171/5 115/172/5 114/170/5
f 151/173/5 115/172/5 152/171/5
f 151/173/5 116/174/5 115/172/5
f 150/175/5 116/174/5 151/173/5
f 150/175/5 117/176/5 116/174/5
f 149/177/5 117/176/5 150/175/5
f 149/177/5 118/178/5 117/176/5
f 148/179/5 118/178/5 149/177/5
f 148/179/5 119/180/5 118/178/5
f 147/181/5 119/183/5 148/182/5
f 146/184/5 120/186/5 147/185/5
f 120/187/6 119/187/6 147/187/6
f 146/184/5 121/188/5 120/186/5
f 145/189/5 121/188/5 146/184/5
f 145/189/5 122/190/5 121/188/5
f 144/191/5 122/190/5 145/189/5
f 144/191/5 123/192/5 122/190/5
f 143/193/5 123/192/5 144/191/5
f 143/193/5 124/194/5 123/192/5
f 142/195/5 124/194/5 143/193/5
f 142/195/5 125/196/5 124/194/5
f 141/197/5 125/196/5 142/195/5
f 141/197/5 126/198/5 125/196/5
f 140/199/5 126/198/5 141/197/5
f 140/199/5 127/200/5 126/198/5
f 139/201/5 127/200/5 140/199/5
f 139/201/5 128/202/5 127/200/5
f 138/203/5 128/202/5 139/201/5
f 138/203/5 129/204/5 128/202/5
f 137/205/5 129/204/5 138/203/5
f 137/205/5 130/206/5 129/204/5
f 136/207/5 130/206/5 137/205/5
f 136/207/5 131/208/5 130/206/5
f 135/209/5 131/208/5 136/207/5
f 135/209/5 132/210/5 131/208/5
f 134/211/5 132/210/5 135/209/5
f 134/211/5 133/212/5 132/210/5
f 172/213/5 174/215/5 173/214/5
f 172/213/5 175/216/5 174/215/5
f 171/217/5 175/216/5 172/213/5
f 171/217/5 176/218/5 175/216/5
f 170/219/5 176/218/5 171/217/5
f 169/220/5 176/218/5 170/219/5
f 169/220/5 177/221/5 176/218/5
f 169/220/5 178/222/5 177/221/5
f 168/223/5 178/222/5 169/220/5
f 168/223/5 179/224/5 178/222/5
f 167/225/5 179/224/5 168/223/5
f 167/225/5 180/226/5 179/224/5
f 166/227/5 180/226/5 167/225/5
f 166/227/5 181/228/5 180/226/5
f 165/229/5 181/228/5 166/227/5
f 165/229/5 182/230/5 181/228/5
f 164/231/5 182/230/5 165/229/5
f 164/231/5 183/232/5 182/230/5
f 163/233/5 183/232/5 164/231/5
f 163/233/5 184/234/5 183/232/5
f 162/235/5 184/234/5 163/233/5
f 162/235/5 185/236/5 184/234/5
f 161/237/5 185/236/5 162/235/5
f 161/237/5 186/238/5 185/236/5
f 268/239/5 200/240/5 161/237/5
f 200/240/5 186/238/5 161/237/5
f 200/240/5 187/241/5 186/238/5
f 200/240/5 188/242/5 187/241/5
f 200/240/5 189/243/5 188/242/5
f 200/240/5 190/244/5 189/243/5
f 200/240/5 191/245/5 190/244/5
f 200/240/5 192/246/5 191/245/5
f 200/240/5 193/247/5 192/246/5
f 200/240/5 194/248/5 193/247/5
f 200/240/5 195/249/5 194/248/5
f 200/240/5 196/250/5 195/249/5
f 200/240/5 197/251/5 196/250/5
f 200/240/5 198/252/5 197/251/5
f 200/240/5 199/253/5 198/252/5
f 268/239/5 201/254/5 200/240/5
f 268/239/5 202/255/5 201/254/5
f 268/239/5 203/256/5 202/255/5
f 268/239/5 204/257/5 203/256/5
f 268/239/5 205/258/5 204/257/5
f 268/239/5 206/259/5 205/258/5
f 268/239/7 207/260/7 206/259/7
f 268/239/5 208/261/5 207/260/5
f 268/239/5 209/262/5 208/261/5
f 268/239/5 210/263/5 209/262/5
f 268/239/5 211/264/5 210/263/5
f 268/239/8 212/265/8 211/264/8
f 268/239/5 213/266/5 212/265/5
f 268/239/7 214/267/7 213/266/7
f 268/239/5 228/268/5 214/267/5
f 228/268/5 215/269/5 214/267/5
f 228/268/5 216/270/5 215/269/5
f 228/268/5 217/271/5 216/270/5
f 228/268/5 218/272/5 217/271/5
f 228/268/5 219/273/5 218/272/5
f 228/268/5 220/274/5 219/273/5
f 228/268/5 221/275/5 220/274/5
f 228/268/5 222/276/5 221/275/5
f 228/268/5 223/277/5 222/276/5
f 228/268/5 224/278/5 223/277/5
f 228/268/5 225/279/5 224/278/5
f 228/268/5 226/280/5 225/279/5
f 228/268/5 227/281/5 226/280/5
f 268/239/5 229/282/5 228/268/5
f 268/239/5 230/283/5 229/282/5
f 268/239/5 231/284/5 230/283/5
f 268/239/5 232/285/5 231/284/5
f 268/239/5 233/286/5 232/285/5
f 268/239/8 234/287/8 233/286/8
f 268/239/5 235/288/5 234/287/5
f 268/239/5 236/289/5 235/288/5
f 268/239/8 237/290/8 236/289/8
f 268/239/5 238/291/5 237/290/5
f 268/239/5 239/292/5 238/291/5
f 268/239/5 240/293/5 239/292/5
f 268/239/5 241/294/5 240/293/5
f 268/239/5 242/295/5 241/294/5
f 268/239/5 243/296/5 242/295/5
f 267/297/5 243/296/5 268/239/5
f 267/297/5 244/298/5 243/296/5
f 266/299/5 244/298/5 267/297/5
f 266/299/5 245/300/5 244/298/5
f 265/301/5 245/300/5 266/299/5
f 265/301/5 246/302/5 245/300/5
f 264/303/5 246/302/5 265/301/5
f 264/303/5 247/304/5 246/302/5
f 263/305/5 247/304/5 264/303/5
f 263/305/5 248/306/5 247/304/5
f 262/307/5 248/306/5 263/305/5
f 262/307/5 249/308/5 248/306/5
f 261/309/5 249/308/5 262/307/5
f 261/309/5 250/310/5 249/308/5
f 260/311/5 250/310/5 261/309/5
f 260/311/5 251/312/5 250/310/5
f 259/313/5 251/312/5 260/311/5
f 259/313/5 252/314/5 251/312/5
f 258/315/5 252/314/5 259/313/5
f 258/315/5 253/316/5 252/314/5
f 257/317/5 253/316/5 258/315/5
f 257/317/5 254/318/5 253/316/5
f 256/319/5 254/318/5 257/317/5
f 256/319/5 255/320/5 254/318/5
f 280/321/5 282/323/5 281/322/5
f 280/321/5 283/324/5 282/323/5
f 279/325/5 283/324/5 280/321/5
f 278/326/5 283/324/5 279/325/5
f 277/327/5 283/324/5 278/326/5
f 276/328/5 283/324/5 277/327/5
f 275/329/5 283/324/5 276/328/5
f 274/330/5 283/324/5 275/329/5
f 273/331/5 283/324/5 274/330/5
f 272/332/5 283/324/5 273/331/5
f 271/333/5 283/324/5 272/332/5
f 270/334/5 283/324/5 271/333/5
f 269/335/5 283/324/5 270/334/5
f 351/336/5 353/337/5 269/335/5
f 353/337/5 283/324/5 269/335/5
f 353/337/5 284/338/5 283/324/5
f 353/337/5 285/339/5 284/338/5
f 353/337/5 286/340/5 285/339/5
f 353/337/5 287/341/5 286/340/5
f 353/337/5 288/342/5 287/341/5
f 353/337/5 289/343/5 288/342/5
f 353/337/5 290/344/5 289/343/5
f 353/337/5 291/345/5 290/344/5
f 353/337/5 292/346/5 291/345/5
f 353/337/5 293/347/5 292/346/5
f 353/337/5 294/348/5 293/347/5
f 353/337/5 352/349/5 294/348/5
f 352/349/5 295/350/5 294/348/5
f 351/336/5 354/351/5 353/337/5
f 355/352/5 295/350/5 352/349/5
f 351/336/5 355/352/5 354/351/5
f 351/336/5 325/353/5 355/352/5
f 325/353/5 295/350/5 355/352/5
f 325/353/5 296/354/5 295/350/5
f 325/353/5 297/355/5 296/354/5
f 325/353/5 324/356/5 297/355/5
f 324/356/5 298/357/5 297/355/5
f 351/336/5 326/358/5 325/353/5
f 323/359/5 298/357/5 324/356/5
f 350/360/5 326/358/5 351/336/5
f 350/360/5 327/361/5 326/358/5
f 322/362/5 298/357/5 323/359/5
f 322/362/5 299/363/5 298/357/5
f 349/364/5 327/361/5 350/360/5
f 321/365/5 299/363/5 322/362/5
f 349/364/5 328/366/5 327/361/5
f 321/365/5 300/367/5 299/363/5
f 348/368/5 328/366/5 349/364/5
f 348/368/5 329/369/5 328/366/5
f 320/370/5 300/367/5 321/365/5
f 320/370/5 301/371/5 300/367/5
f 347/372/5 329/369/5 348/368/5
f 347/372/5 330/373/5 329/369/5
f 319/374/5 301/371/5 320/370/5
f 319/374/5 302/375/5 301/371/5
f 346/376/5 330/373/5 347/372/5
f 346/376/5 331/377/5 330/373/5
f 318/378/5 302/375/5 319/374/5
f 318/378/5 303/379/5 302/375/5
f 345/380/5 331/377/5 346/376/5
f 345/380/5 332/381/5 331/377/5
f 317/382/5 303/379/5 318/378/5
f 317/382/5 304/383/5 303/379/5
f 344/384/5 332/381/5 345/380/5
f 344/384/5 333/385/5 332/381/5
f 316/386/5 304/383/5 317/382/5
f 316/386/5 305/387/5 304/383/5
f 343/388/5 333/385/5 344/384/5
f 343/388/5 334/389/5 333/385/5
f 315/390/5 305/387/5 316/386/5
f 315/390/5 306/391/5 305/387/5
f 342/392/5 334/389/5 343/388/5
f 342/392/5 335/393/5 334/389/5
f 314/394/5 306/391/5 315/390/5
f 314/394/5 307/395/5 306/391/5
f 341/396/5 335/393/5 342/392/5
f 341/396/5 336/397/5 335/393/5
f 313/398/5 307/395/5 314/394/5
f 313/398/5 308/399/5 307/395/5
f 340/400/5 336/397/5 341/396/5
f 312/401/5 308/399/5 313/398/5
f 340/400/5 337/402/5 336/397/5
f 312/401/5 309/403/5 308/399/5
f 339/404/5 337/402/5 340/400/5
f 311/405/5 309/403/5 312/401/5
f 339/404/5 338/406/5 337/402/5
f 311/405/5 310/407/5 309/403/5
f 367/408/5 369/410/5 368/409/5
f 367/408/5 370/411/5 369/410/5
f 367/408/5 371/412/5 370/411/5
f 367/408/5 372/413/5 371/412/5
f 367/408/5 373/414/5 372/413/5
f 367/408/5 374/415/5 373/414/5
f 367/408/5 375/416/5 374/415/5
f 367/408/5 376/417/5 375/416/5
f 367/408/5 377/418/5 376/417/5
f 367/408/5 378/419/5 377/418/5
f 367/408/5 379/420/5 378/419/5
f 367/408/5 380/421/5 379/420/5
f 367/408/5 381/422/5 380/421/5
f 367/408/5 382/423/5 381/422/5
f 366/424/5 382/423/5 367/408/5
f 365/425/5 382/423/5 366/424/5
f 364/426/5 382/423/5 365/425/5
f 363/427/5 382/423/5 364/426/5
f 362/428/5 382/423/5 363/427/5
f 361/429/5 382/423/5 362/428/5
f 360/430/5 382/423/5 361/429/5
f 359/431/5 382/423/5 360/430/5
f 358/432/5 382/423/5 359/431/5
f 357/433/5 382/423/5 358/432/5
f 356/434/5 382/423/5 357/433/5
f 435/435/5 395/436/5 356/434/5
f 395/436/5 382/423/5 356/434/5
f 395/436/5 383/437/5 382/423/5
f 395/436/5 384/438/5 383/437/5
f 395/436/5 385/439/5 384/438/5
f 395/436/5 386/440/5 385/439/5
f 395/436/5 387/441/5 386/440/5
f 395/436/5 388/442/5 387/441/5
f 395/436/5 389/443/5 388/442/5
f 395/436/5 390/444/5 389/443/5
f 395/436/5 391/445/5 390/444/5
f 395/436/5 392/446/5 391/445/5
f 395/436/5 393/447/5 392/446/5
f 395/436/5 394/448/5 393/447/5
f 435/435/5 396/449/5 395/436/5
f 435/435/5 397/450/5 396/449/5
f 435/435/5 398/451/5 397/450/5
f 435/435/5 399/452/5 398/451/5
f 435/435/5 400/453/5 399/452/5
f 435/435/5 401/454/5 400/453/5
f 435/435/5 402/455/5 401/454/5
f 435/435/5 403/456/5 402/455/5
f 435/435/5 404/457/5 403/456/5
f 435/435/5 405/458/5 404/457/5
f 435/435/5 406/459/5 405/458/5
f 435/435/5 407/460/5 406/459/5
f 435/435/5 408/461/5 407/460/5
f 435/435/5 409/462/5 408/461/5
f 435/435/5 410/463/5 409/462/5
f 434/464/5 410/463/5 435/435/5
f 433/465/5 410/463/5 434/464/5
f 432/466/5 410/463/5 433/465/5
f 431/467/5 410/463/5 432/466/5
f 430/468/5 410/463/5 431/467/5
f 429/469/5 410/463/5 430/468/5
f 428/470/5 410/463/5 429/469/5
f 427/471/5 410/463/5 428/470/5
f 426/472/5 410/463/5 427/471/5
f 425/473/5 410/463/5 426/472/5
f 424/474/5 410/463/5 425/473/5
f 423/475/5 410/463/5 424/474/5
f 423/475/5 411/476/5 410/463/5
f 423/475/5 412/477/5 411/476/5
f 423/475/5 413/478/5 412/477/5
f 423/475/5 414/479/5 413/478/5
f 423/475/5 415/480/5 414/479/5
f 423/475/5 416/481/5 415/480/5
f 423/475/5 417/482/5 416/481/5
f 423/475/5 418/483/5 417/482/5
f 423/475/5 419/484/5 418/483/5
f 423/475/5 420/485/5 419/484/5
f 423/475/5 421/486/5 420/485/5
f 423/475/5 422/487/5 421/486/5
f 447/488/5 449/490/5 448/489/5
f 447/488/5 450/491/5 449/490/5
f 446/492/5 450/491/5 447/488/5
f 446/492/5 451/493/5 450/491/5
f 445/494/5 451/493/5 446/492/5
f 445/494/5 452/495/5 451/493/5
f 444/496/5 452/495/5 445/494/5
f 444/496/5 453/497/5 452/495/5
f 443/498/5 453/497/5 444/496/5
f 443/498/5 454/499/5 453/497/5
f 442/500/5 454/499/5 443/498/5
f 442/500/5 455/501/5 454/499/5
f 441/502/5 455/501/5 442/500/5
f 441/502/5 456/503/5 455/501/5
f 440/504/5 456/503/5 441/502/5
f 440/504/5 457/505/5 456/503/5
f 439/506/5 457/505/5 440/504/5
f 439/506/5 458/507/5 457/505/5
f 438/508/5 458/507/5 439/506/5
f 438/508/5 459/509/5 458/507/5
f 437/510/5 459/509/5 438/508/5
f 437/510/5 460/511/5 459/509/5
f 436/512/5 460/511/5 437/510/5
f 436/512/5 461/513/5 460/511/5
f 487/514/5 489/515/5 436/512/5
f 489/515/5 461/513/5 436/512/5
f 489/515/5 488/516/5 461/513/5
f 488/516/5 462/517/5 461/513/5
f 487/514/5 490/518/5 489/515/5
f 491/519/5 462/517/5 488/516/5
f 487/514/5 491/519/5 490/518/5
f 487/514/5 462/517/5 491/519/5
f 486/520/5 462/517/5 487/514/5
f 486/520/5 463/521/5 462/517/5
f 485/522/5 463/521/5 486/520/5
f 485/522/5 464/523/5 463/521/5
f 484/524/5 464/523/5 485/522/5
f 484/524/5 465/525/5 464/523/5
f 483/526/5 465/525/5 484/524/5
f 483/526/5 466/527/5 465/525/5
f 482/528/5 466/527/5 483/526/5
f 482/528/5 467/529/5 466/527/5
f 481/530/5 467/529/5 482/528/5
f 481/530/5 468/531/5 467/529/5
f 480/532/5 468/531/5 481/530/5
f 480/532/5 469/533/5 468/531/5
f 479/534/5 469/533/5 480/532/5
f 479/534/5 470/535/5 469/533/5
f 478/536/5 470/535/5 479/534/5
f 478/536/5 471/537/5 470/535/5
f 477/538/5 471/537/5 478/536/5
f 477/538/5 472/539/5 471/537/5
f 476/540/5 472/539/5 477/538/5
f 476/540/5 473/541/5 472/539/5
f 475/542/5 473/541/5 476/540/5
f 475/542/5 474/543/5 473/541/5
f 503/544/5 505/546/5 504/545/5
f 503/544/5 506/547/5 505/546/5
f 502/548/5 506/547/5 503/544/5
f 502/548/5 507/549/5 506/547/5
f 501/550/5 507/549/5 502/548/5
f 500/551/5 507/549/5 501/550/5
f 500/551/5 508/552/5 507/549/5
f 500/551/5 509/553/5 508/552/5
f 499/554/5 509/553/5 500/551/5
f 499/554/5 510/555/5 509/553/5
f 498/556/5 510/555/5 499/554/5
f 498/556/5 511/557/5 510/555/5
f 497/558/5 511/557/5 498/556/5
f 497/558/5 512/559/5 511/557/5
f 496/560/5 512/559/5 497/558/5
f 496/560/5 513/561/5 512/559/5
f 495/562/5 513/561/5 496/560/5
f 495/562/5 514/563/5 513/561/5
f 494/564/5 514/563/5 495/562/5
f 494/564/5 515/565/5 514/563/5
f 493/566/5 515/565/5 494/564/5
f 493/566/5 516/567/5 515/565/5
f 492/568/5 516/567/5 493/566/5
f 492/568/5 517/569/5 516/567/5
f 571/570/5 517/569/5 492/568/5
f 571/570/5 518/571/5 517/569/5
f 570/572/5 518/571/5 571/570/5
f 570/572/5 519/573/5 518/571/5
f 569/574/5 519/573/5 570/572/5
f 569/574/5 520/575/5 519/573/5
f 568/576/5 520/575/5 569/574/5
f 568/576/5 521/577/5 520/575/5
f 567/578/5 521/577/5 568/576/5
f 567/578/5 522/579/5 521/577/5
f 566/580/5 522/579/5 567/578/5
f 566/580/5 523/581/5 522/579/5
f 565/582/5 523/581/5 566/580/5
f 565/582/5 524/583/5 523/581/5
f 564/584/5 524/583/5 565/582/5
f 564/584/5 525/585/5 524/583/5
f 563/586/5 525/585/5 564/584/5
f 563/586/5 526/587/5 525/585/5
f 562/588/5 526/587/5 563/586/5
f 562/588/5 527/589/5 526/587/5
f 561/590/5 527/589/5 562/588/5
f 561/590/5 528/591/5 527/589/5
f 560/592/5 528/591/5 561/590/5
f 560/592/5 529/593/5 528/591/5
f 559/594/5 529/593/5 560/592/5
f 559/594/5 530/595/5 529/593/5
f 558/596/6 530/598/6 559/597/6
f 557/599/5 531/601/5 558/600/5
f 531/602/5 530/598/5 558/596/5
f 557/599/5 532/603/5 531/601/5
f 556/604/5 532/603/5 557/599/5
f 556/604/5 533/605/5 532/603/5
f 555/606/5 533/605/5 556/604/5
f 555/606/5 534/607/5 533/605/5
f 554/608/5 534/607/5 555/606/5
f 554/608/5 535/609/5 534/607/5
f 553/610/5 535/609/5 554/608/5
f 553/610/5 536/611/5 535/609/5
f 552/612/5 536/611/5 553/610/5
f 552/612/5 537/613/5 536/611/5
f 551/614/5 537/613/5 552/612/5
f 551/614/5 538/615/5 537/613/5
f 550/616/5 538/615/5 551/614/5
f 550/616/5 539/617/5 538/615/5
f 549/618/5 539/617/5 550/616/5
f 549/618/5 540/619/5 539/617/5
f 548/620/5 540/619/5 549/618/5
f 548/620/5 541/621/5 540/619/5
f 547/622/5 541/621/5 548/620/5
f 547/622/5 542/623/5 541/621/5
f 546/624/5 542/623/5 547/622/5
f 546/624/5 543/625/5 542/623/5
f 545/626/5 543/625/5 546/624/5
f 545/626/5 544/627/5 543/625/5
f 583/628/5 585/630/5 584/629/5
f 583/628/5 586/631/5 585/630/5
f 611/632/5 613/634/5 612/633/5
f 611/632/5 614/635/5 613/634/5
f 582/636/5 586/631/5 583/628/5
f 610/637/5 614/635/5 611/632/5
f 582/636/5 587/638/5 586/631/5
f 610/637/5 615/639/5 614/635/5
f 581/640/5 587/638/5 582/636/5
f 609/641/5 615/639/5 610/637/5
f 580/642/5 587/638/5 581/640/5
f 580/642/5 588/643/5 587/638/5
f 608/644/5 615/639/5 609/641/5
f 608/644/5 616/645/5 615/639/5
f 580/642/5 589/646/5 588/643/5
f 608/644/5 617/647/5 616/645/5
f 579/648/5 589/646/5 580/642/5
f 607/649/5 617/647/5 608/644/5
f 579/648/5 590/650/5 589/646/5
f 607/649/5 618/651/5 617/647/5
f 578/652/5 590/650/5 579/648/5
f 606/653/5 618/651/5 607/649/5
f 578/652/5 591/654/5 590/650/5
f 606/653/5 619/655/5 618/651/5
f 577/656/5 591/654/5 578/652/5
f 605/657/5 619/655/5 606/653/5
f 577/656/5 592/658/5 591/654/5
f 605/657/5 620/659/5 619/655/5
f 576/660/5 592/658/5 577/656/5
f 604/661/5 620/659/5 605/657/5
f 576/660/5 593/662/5 592/658/5
f 604/661/5 621/663/5 620/659/5
f 575/664/5 593/662/5 576/660/5
f 603/665/5 621/663/5 604/661/5
f 575/664/5 594/666/5 593/662/5
f 603/665/5 622/667/5 621/663/5
f 574/668/5 594/666/5 575/664/5
f 602/669/5 622/667/5 603/665/5
f 574/668/5 595/670/5 594/666/5
f 602/669/5 623/671/5 622/667/5
f 573/672/5 595/670/5 574/668/5
f 601/673/5 623/671/5 602/669/5
f 573/672/5 596/674/5 595/670/5
f 601/673/5 624/675/5 623/671/5
f 572/676/5 596/674/5 573/672/5
f 600/677/5 624/675/5 601/673/5
f 572/676/5 597/678/5 596/674/5
f 600/677/5 625/679/5 624/675/5
f 662/680/5 597/678/5 572/676/5
f 662/680/5 598/681/5 597/678/5
f 599/682/5 625/679/5 600/677/5
f 599/682/5 626/683/5 625/679/5
f 662/680/5 599/682/5 598/681/5
f 662/680/5 626/683/5 599/682/5
f 661/684/5 626/683/5 662/680/5
f 661/684/5 627/685/5 626/683/5
f 660/686/5 627/685/5 661/684/5
f 659/687/5 627/685/5 660/686/5
f 658/688/5 627/685/5 659/687/5
f 657/689/5 627/685/5 658/688/5
f 657/689/5 628/690/5 627/685/5
f 656/691/5 628/690/5 657/689/5
f 655/692/5 628/690/5 656/691/5
f 655/692/5 629/693/5 628/690/5
f 654/694/5 629/693/5 655/692/5
f 654/694/5 630/695/5 629/693/5
f 653/696/5 630/695/5 654/694/5
f 653/696/5 631/697/5 630/695/5
f 652/698/5 631/697/5 653/696/5
f 652/698/5 632/699/5 631/697/5
f 651/700/5 632/699/5 652/698/5
f 651/700/5 633/701/5 632/699/5
f 651/700/5 634/702/5 633/701/5
f 650/703/5 634/702/5 651/700/5
f 650/703/5 635/704/5 634/702/5
f 650/703/5 636/705/5 635/704/5
f 650/703/5 649/706/5 636/705/5
f 649/706/5 648/707/5 636/705/5
f 648/707/5 637/708/5 636/705/5
f 647/709/5 637/708/5 648/707/5
f 646/710/5 637/708/5 647/709/5
f 645/711/5 637/708/5 646/710/5
f 644/712/5 637/708/5 645/711/5
f 643/713/5 637/708/5 644/712/5
f 642/714/5 637/708/5 643/713/5
f 641/715/5 637/708/5 642/714/5
f 640/716/5 637/708/5 641/715/5
f 640/716/5 639/717/5 637/708/5
f 639/717/5 638/718/5 637/708/5
f 751/719/5 664/721/5 663/720/5
f 751/719/5 665/722/5 664/721/5
f 751/719/5 666/723/5 665/722/5
f 751/719/5 667/724/5 666/723/5
f 750/725/5 667/724/5 751/719/5
f 750/725/5 668/726/5 667/724/5
f 750/725/5 669/727/5 668/726/5
f 749/728/5 669/727/5 750/725/5
f 749/728/5 670/729/5 669/727/5
f 749/728/5 671/730/5 670/729/5
f 748/731/5 671/730/5 749/728/5
f 748/731/5 672/732/5 671/730/5
f 748/731/5 673/733/5 672/732/5
f 747/734/5 673/733/5 748/731/5
f 747/734/5 674/735/5 673/733/5
f 746/736/5 674/735/5 747/734/5
f 746/736/5 675/737/5 674/735/5
f 746/736/5 752/738/5 675/737/5
f 752/738/5 676/739/5 675/737/5
f 745/740/5 753/741/5 746/736/5
f 753/741/5 752/738/5 746/736/5
f 745/740/5 754/742/5 753/741/5
f 755/743/5 676/739/5 752/738/5
f 755/743/5 677/744/5 676/739/5
f 755/743/5 678/745/5 677/744/5
f 755/743/5 679/746/5 678/745/5
f 755/743/5 680/747/5 679/746/5
f 744/748/5 754/742/5 745/740/5
f 755/743/5 681/749/5 680/747/5
f 744/748/5 755/743/5 754/742/5
f 744/748/5 681/749/5 755/743/5
f 744/748/5 682/750/5 681/749/5
f 743/751/5 682/750/5 744/748/5
f 743/751/5 683/752/5 682/750/5
f 743/751/5 684/753/5 683/752/5
f 742/754/5 684/753/5 743/751/5
f 742/754/5 685/755/5 684/753/5
f 742/754/5 715/756/5 685/755/5
f 715/756/5 714/757/5 685/755/5
f 714/757/5 686/758/5 685/755/5
f 742/754/5 716/759/5 715/756/5
f 713/760/5 686/758/5 714/757/5
f 741/761/5 716/759/5 742/754/5
f 712/762/5 686/758/5 713/760/5
f 711/763/5 686/758/5 712/762/5
f 710/764/5 686/758/5 711/763/5
f 709/765/5 686/758/5 710/764/5
f 708/766/5 686/758/5 709/765/5
f 707/767/5 686/758/5 708/766/5
f 706/768/5 686/758/5 707/767/5
f 705/769/5 686/758/5 706/768/5
f 704/770/5 686/758/5 705/769/5
f 703/771/8 686/758/8 704/770/8
f 702/772/5 686/758/5 703/771/5
f 701/773/5 686/758/5 702/772/5
f 741/761/5 717/774/5 716/759/5
f 700/775/5 686/758/5 701/773/5
f 700/775/5 687/776/5 686/758/5
f 741/761/5 718/777/5 717/774/5
f 699/778/5 687/776/5 700/775/5
f 741/761/5 719/779/5 718/777/5
f 740/780/5 719/779/5 741/761/5
f 698/781/5 687/776/5 699/778/5
f 740/780/5 720/782/5 719/779/5
f 697/783/5 687/776/5 698/781/5
f 697/783/5 688/784/5 687/776/5
f 740/780/5 721/785/5 720/782/5
f 696/786/5 688/784/5 697/783/5
f 740/780/5 722/787/5 721/785/5
f 695/788/5 688/784/5 696/786/5
f 740/780/5 723/789/5 722/787/5
f 694/790/5 688/784/5 695/788/5
f 740/780/5 724/791/5 723/789/5
f 693/792/5 688/784/5 694/790/5
f 740/780/5 725/793/5 724/791/5
f 692/794/5 688/784/5 693/792/5
f 740/780/5 726/795/5 725/793/5
f 691/796/5 688/784/5 692/794/5
f 739/797/5 726/795/5 740/780/5
f 739/797/5 727/798/5 726/795/5
f 738/799/5 727/798/5 739/797/5
f 737/800/5 727/798/5 738/799/5
f 736/801/5 727/798/5 737/800/5
f 735/802/5 727/798/5 736/801/5
f 691/796/5 689/803/5 688/784/5
f 734/804/5 727/798/5 735/802/5
f 690/805/5 689/803/5 691/796/5
f 733/806/5 727/798/5 734/804/5
f 732/807/5 727/798/5 733/806/5
f 731/808/5 727/798/5 732/807/5
f 730/809/5 727/798/5 731/808/5
f 729/810/5 727/798/5 730/809/5
f 728/811/5 727/798/5 729/810/5
f 767/812/5 769/814/5 768/813/5
f 767/812/5 770/815/5 769/814/5
f 766/816/5 770/815/5 767/812/5
f 766/816/5 771/817/5 770/815/5
f 765/818/5 771/817/5 766/816/5
f 765/818/5 772/819/5 771/817/5
f 764/820/5 772/819/5 765/818/5
f 764/820/5 773/821/5 772/819/5
f 763/822/5 773/821/5 764/820/5
f 763/822/5 774/823/5 773/821/5
f 762/824/5 774/823/5 763/822/5
f 762/824/5 775/825/5 774/823/5
f 761/826/5 775/825/5 762/824/5
f 761/826/5 776/827/5 775/825/5
f 760/828/5 776/827/5 761/826/5
f 760/828/5 777/829/5 776/827/5
f 759/830/5 777/829/5 760/828/5
f 759/830/5 778/831/5 777/829/5
f 758/832/5 778/831/5 759/830/5
f 758/832/5 779/833/5 778/831/5
f 757/834/5 779/833/5 758/832/5
f 757/834/5 780/835/5 779/833/5
f 756/836/5 780/835/5 757/834/5
f 756/836/5 781/837/5 780/835/5
f 807/838/5 809/839/5 756/836/5
f 809/839/5 781/837/5 756/836/5
f 809/839/5 808/840/5 781/837/5
f 808/840/5 782/841/5 781/837/5
f 807/838/5 810/842/5 809/839/5
f 811/843/5 782/841/5 808/840/5
f 807/838/5 811/843/5 810/842/5
f 807/838/5 782/841/5 811/843/5
f 806/844/5 782/841/5 807/838/5
f 806/844/5 783/845/5 782/841/5
f 805/846/5 783/845/5 806/844/5
f 805/846/5 784/847/5 783/845/5
f 804/848/5 784/847/5 805/846/5
f 804/848/5 785/849/5 784/847/5
f 803/850/5 785/849/5 804/848/5
f 803/850/5 786/851/5 785/849/5
f 802/852/5 786/851/5 803/850/5
f 802/852/5 787/853/5 786/851/5
f 801/854/5 787/853/5 802/852/5
f 801/854/5 788/855/5 787/853/5
f 800/856/5 788/855/5 801/854/5
f 800/856/5 789/857/5 788/855/5
f 799/858/5 789/857/5 800/856/5
f 799/858/5 790/859/5 789/857/5
f 798/860/5 790/859/5 799/858/5
f 798/860/5 791/861/5 790/859/5
f 797/862/5 791/861/5 798/860/5
f 797/862/5 792/863/5 791/861/5
f 796/864/5 792/863/5 797/862/5
f 796/864/5 793/865/5 792/863/5
f 795/866/5 793/865/5 796/864/5
f 795/866/5 794/867/5 793/865/5
f 823/868/5 825/870/5 824/869/5
f 823/868/5 826/871/5 825/870/5
f 822/872/5 826/871/5 823/868/5
f 822/872/5 827/873/5 826/871/5
f 821/874/5 827/873/5 822/872/5
f 820/875/5 827/873/5 821/874/5
f 820/875/5 828/876/5 827/873/5
f 820/875/5 829/877/5 828/876/5
f 819/878/5 829/877/5 820/875/5
f 819/878/5 830/879/5 829/877/5
f 818/880/5 830/879/5 819/878/5
f 818/880/5 831/881/5 830/879/5
f 817/882/5 831/881/5 818/880/5
f 817/882/5 832/883/5 831/881/5
f 816/884/5 832/883/5 817/882/5
f 816/884/5 833/885/5 832/883/5
f 815/886/5 833/885/5 816/884/5
f 815/886/5 834/887/5 833/885/5
f 814/888/5 834/887/5 815/886/5
f 814/888/5 835/889/5 834/887/5
f 813/890/5 835/889/5 814/888/5
f 813/890/5 836/891/5 835/889/5
f 812/892/5 836/891/5 813/890/5
f 812/892/5 837/893/5 836/891/5
f 891/894/5 837/893/5 812/892/5
f 891/894/5 838/895/5 837/893/5
f 890/896/5 838/895/5 891/894/5
f 890/896/5 839/897/5 838/895/5
f 889/898/5 839/897/5 890/896/5
f 889/898/5 840/899/5 839/897/5
f 888/900/5 840/899/5 889/898/5
f 888/900/5 841/901/5 840/899/5
f 887/902/5 841/901/5 888/900/5
f 887/902/5 842/903/5 841/901/5
f 886/904/5 842/903/5 887/902/5
f 886/904/5 843/905/5 842/903/5
f 885/906/5 843/905/5 886/904/5
f 885/906/5 844/907/5 843/905/5
f 884/908/5 844/907/5 885/906/5
f 884/908/5 845/909/5 844/907/5
f 883/910/5 845/909/5 884/908/5
f 883/910/5 846/911/5 845/909/5
f 882/912/5 846/911/5 883/910/5
f 882/912/5 847/913/5 846/911/5
f 881/914/5 847/913/5 882/912/5
f 881/914/5 848/915/5 847/913/5
f 880/916/5 848/915/5 881/914/5
f 880/916/5 849/917/5 848/915/5
f 879/918/5 849/917/5 880/916/5
f 879/918/5 850/919/5 849/917/5
f 878/920/5 850/922/5 879/921/5
f 877/923/5 851/925/5 878/924/5
f 851/926/6 850/922/6 878/920/6
f 877/923/5 852/927/5 851/925/5
f 876/928/5 852/927/5 877/923/5
f 876/928/5 853/929/5 852/927/5
f 875/930/5 853/929/5 876/928/5
f 875/930/5 854/931/5 853/929/5
f 874/932/5 854/931/5 875/930/5
f 874/932/5 855/933/5 854/931/5
f 873/934/5 855/933/5 874/932/5
f 873/934/5 856/935/5 855/933/5
f 872/936/5 856/935/5 873/934/5
f 872/936/5 857/937/5 856/935/5
f 871/938/5 857/937/5 872/936/5
f 871/938/5 858/939/5 857/937/5
f 870/940/5 858/939/5 871/938/5
f 870/940/5 859/941/5 858/939/5
f 869/942/5 859/941/5 870/940/5
f 869/942/5 860/943/5 859/941/5
f 868/944/5 860/943/5 869/942/5
f 868/944/5 861/945/5 860/943/5
f 867/946/5 861/945/5 868/944/5
f 867/946/5 862/947/5 861/945/5
f 866/948/5 862/947/5 867/946/5
f 866/948/5 863/949/5 862/947/5
f 865/950/5 863/949/5 866/948/5
f 865/950/5 864/951/5 863/949/5
f 903/952/5 905/954/5 904/953/5
f 903/952/5 906/955/5 905/954/5
f 902/956/5 906/955/5 903/952/5
f 902/956/5 907/957/5 906/955/5
f 901/958/5 907/957/5 902/956/5
f 900/959/5 907/957/5 901/958/5
f 900/959/5 908/960/5 907/957/5
f 900/959/5 909/961/5 908/960/5
f 899/962/5 909/961/5 900/959/5
f 899/962/5 910/963/5 909/961/5
f 898/964/5 910/963/5 899/962/5
f 898/964/5 911/965/5 910/963/5
f 897/966/5 911/965/5 898/964/5
f 897/966/5 912/967/5 911/965/5
f 896/968/5 912/967/5 897/966/5
f 896/968/5 913/969/5 912/967/5
f 895/970/5 913/969/5 896/968/5
f 895/970/5 914/971/5 913/969/5
f 894/972/5 914/971/5 895/970/5
f 894/972/5 915/973/5 914/971/5
f 893/974/5 915/973/5 894/972/5
f 893/974/5 916/975/5 915/973/5
f 892/976/5 916/975/5 893/974/5
f 892/976/5 917/977/5 916/975/5
f 999/978/5 931/979/5 892/976/5
f 931/979/5 917/977/5 892/976/5
f 931/979/5 918/980/5 917/977/5
f 931/979/5 919/981/5 918/980/5
f 931/979/5 920/982/5 919/981/5
f 931/979/5 921/983/5 920/982/5
f 931/979/5 922/984/5 921/983/5
f 931/979/5 923/985/5 922/984/5
f 931/979/5 924/986/5 923/985/5
f 931/979/5 925/987/5 924/986/5
f 931/979/5 926/988/5 925/987/5
f 931/979/5 927/989/5 926/988/5
f 931/979/5 928/990/5 927/989/5
f 931/979/5 929/991/5 928/990/5
f 931/979/5 930/992/5 929/991/5
f 999/978/5 932/993/5 931/979/5
f 999/978/5 933/994/5 932/993/5
f 999/978/5 934/995/5 933/994/5
f 999/978/7 935/996/7 934/995/7
f 999/978/8 936/997/8 935/996/8
f 999/978/7 937/998/7 936/997/7
f 999/978/5 938/999/5 937/998/5
f 999/978/7 939/1000/7 938/999/7
f 999/978/8 940/1001/8 939/1000/8
f 999/978/7 941/1002/7 940/1001/7
f 999/978/8 942/1003/8 941/1002/8
f 999/978/7 943/1004/7 942/1003/7
f 999/978/8 944/1005/8 943/1004/8
f 999/978/7 945/1006/7 944/1005/7
f 999/978/5 959/1007/5 945/1006/5
f 959/1007/5 946/1008/5 945/1006/5
f 959/1007/5 947/1009/5 946/1008/5
f 959/1007/5 948/1010/5 947/1009/5
f 959/1007/5 949/1011/5 948/1010/5
f 959/1007/5 950/1012/5 949/1011/5
f 959/1007/5 951/1013/5 950/1012/5
f 959/1007/5 952/1014/5 951/1013/5
f 959/1007/5 953/1015/5 952/1014/5
f 959/1007/5 954/1016/5 953/1015/5
f 959/1007/5 955/1017/5 954/1016/5
f 959/1007/5 956/1018/5 955/1017/5
f 959/1007/5 957/1019/5 956/1018/5
f 959/1007/5 958/1020/5 957/1019/5
f 999/978/5 960/1021/5 959/1007/5
f 999/978/5 961/1022/5 960/1021/5
f 999/978/5 962/1023/5 961/1022/5
f 999/978/5 963/1024/5 962/1023/5
f 999/978/5 964/1025/5 963/1024/5
f 999/978/8 965/1026/8 964/1025/8
f 999/978/7 966/1027/7 965/1026/7
f 999/978/5 967/1028/5 966/1027/5
f 999/978/5 968/1029/5 967/1028/5
f 999/978/5 969/1030/5 968/1029/5
f 999/978/5 970/1031/5 969/1030/5
f 999/978/5 971/1032/5 970/1031/5
f 999/978/5 972/1033/5 971/1032/5
f 999/978/5 973/1034/5 972/1033/5
f 999/978/5 974/1035/5 973/1034/5
f 998/1036/5 974/1035/5 999/978/5
f 998/1036/5 975/1037/5 974/1035/5
f 997/1038/5 975/1037/5 998/1036/5
f 997/1038/5 976/1039/5 975/1037/5
f 996/1040/5 976/1039/5 997/1038/5
f 996/1040/5 977/1041/5 976/1039/5
f 995/1042/5 977/1041/5 996/1040/5
f 995/1042/5 978/1043/5 977/1041/5
f 994/1044/5 978/1043/5 995/1042/5
f 994/1044/5 979/1045/5 978/1043/5
f 993/1046/5 979/1045/5 994/1044/5
f 993/1046/5 980/1047/5 979/1045/5
f 992/1048/5 980/1047/5 993/1046/5
f 992/1048/5 981/1049/5 980/1047/5
f 991/1050/5 981/1049/5 992/1048/5
f 991/1050/5 982/1051/5 981/1049/5
f 990/1052/5 982/1051/5 991/1050/5
f 990/1052/5 983/1053/5 982/1051/5
f 989/1054/5 983/1053/5 990/1052/5
f 989/1054/5 984/1055/5 983/1053/5
f 988/1056/5 984/1055/5 989/1054/5
f 988/1056/5 985/1057/5 984/1055/5
f 987/1058/5 985/1057/5 988/1056/5
f 987/1058/5 986/1059/5 985/1057/5
f 1011/1060/5 1013/1062/5 1012/1061/5
f 1011/1060/5 1014/1063/5 1013/1062/5
f 1010/1064/5 1014/1063/5 1011/1060/5
f 1009/1065/5 1014/1063/5 1010/1064/5
f 1008/1066/5 1014/1063/5 1009/1065/5
f 1007/1067/5 1014/1063/5 1008/1066/5
f 1006/1068/5 1014/1063/5 1007/1067/5
f 1005/1069/5 1014/1063/5 1006/1068/5
f 1004/1070/5 1014/1063/5 1005/1069/5
f 1003/1071/5 1014/1063/5 1004/1070/5
f 1002/1072/5 1014/1063/5 1003/1071/5
f 1001/1073/5 1014/1063/5 1002/1072/5
f 1000/1074/5 1014/1063/5 1001/1073/5
f 1082/1075/5 1084/1076/5 1000/1074/5
f 1084/1076/5 1014/1063/5 1000/1074/5
f 1084/1076/5 1015/1077/5 1014/1063/5
f 1084/1076/5 1016/1078/5 1015/1077/5
f 1084/1076/5 1017/1079/5 1016/1078/5
f 1084/1076/5 1018/1080/5 1017/1079/5
f 1084/1076/5 1019/1081/5 1018/1080/5
f 1084/1076/5 1020/1082/5 1019/1081/5
f 1084/1076/5 1021/1083/5 1020/1082/5
f 1084/1076/5 1022/1084/5 1021/1083/5
f 1084/1076/5 1023/1085/5 1022/1084/5
f 1084/1076/5 1024/1086/5 1023/1085/5
f 1084/1076/5 1025/1087/5 1024/1086/5
f 1084/1076/5 1083/1088/5 1025/1087/5
f 1083/1088/5 1026/1089/5 1025/1087/5
f 1082/1075/5 1085/1090/5 1084/1076/5
f 1086/1091/5 1026/1089/5 1083/1088/5
f 1082/1075/5 1086/1091/5 1085/1090/5
f 1082/1075/5 1056/1092/5 1086/1091/5
f 1056/1092/5 1026/1089/5 1086/1091/5
f 1056/1092/5 1027/1093/5 1026/1089/5
f 1056/1092/5 1028/1094/5 1027/1093/5
f 1056/1092/5 1055/1095/5 1028/1094/5
f 1055/1095/5 1029/1096/5 1028/1094/5
f 1082/1075/5 1057/1097/5 1056/1092/5
f 1054/1098/5 1029/1096/5 1055/1095/5
f 1081/1099/5 1057/1097/5 1082/1075/5
f 1081/1099/5 1058/1100/5 1057/1097/5
f 1053/1101/5 1029/1096/5 1054/1098/5
f 1053/1101/5 1030/1102/5 1029/1096/5
f 1080/1103/5 1058/1100/5 1081/1099/5
f 1052/1104/5 1030/1102/5 1053/1101/5
f 1080/1103/5 1059/1105/5 1058/1100/5
f 1052/1104/5 1031/1106/5 1030/1102/5
f 1079/1107/5 1059/1105/5 1080/1103/5
f 1079/1107/5 1060/1108/5 1059/1105/5
f 1051/1109/5 1031/1106/5 1052/1104/5
f 1051/1109/5 1032/1110/5 1031/1106/5
f 1078/1111/5 1060/1108/5 1079/1107/5
f 1078/1111/5 1061/1112/5 1060/1108/5
f 1050/1113/5 1032/1110/5 1051/1109/5
f 1050/1113/5 1033/1114/5 1032/1110/5
f 1077/1115/5 1061/1112/5 1078/1111/5
f 1077/1115/5 1062/1116/5 1061/1112/5
f 1049/1117/5 1033/1114/5 1050/1113/5
f 1049/1117/5 1034/1118/5 1033/1114/5
f 1076/1119/5 1062/1116/5 1077/1115/5
f 1076/1119/5 1063/1120/5 1062/1116/5
f 1048/1121/5 1034/1118/5 1049/1117/5
f 1048/1121/5 1035/1122/5 1034/1118/5
f 1075/1123/5 1063/1120/5 1076/1119/5
f 1075/1123/5 1064/1124/5 1063/1120/5
f 1047/1125/5 1035/1122/5 1048/1121/5
f 1047/1125/5 1036/1126/5 1035/1122/5
f 1074/1127/5 1064/1124/5 1075/1123/5
f 1074/1127/5 1065/1128/5 1064/1124/5
f 1046/1129/5 1036/1126/5 1047/1125/5
f 1046/1129/5 1037/1130/5 1036/1126/5
f 1073/1131/5 1065/1128/5 1074/1127/5
f 1073/1131/5 1066/1132/5 1065/1128/5
f 1045/1133/5 1037/1130/5 1046/1129/5
f 1045/1133/5 1038/1134/5 1037/1130/5
f 1072/1135/5 1066/1132/5 1073/1131/5
f 1072/1135/5 1067/1136/5 1066/1132/5
f 1044/1137/5 1038/1134/5 1045/1133/5
f 1044/1137/5 1039/1138/5 1038/1134/5
f 1071/1139/5 1067/1136/5 1072/1135/5
f 1043/1140/5 1039/1138/5 1044/1137/5
f 1071/1139/5 1068/1141/5 1067/1136/5
f 1043/1140/5 1040/1142/5 1039/1138/5
f 1070/1143/5 1068/1141/5 1071/1139/5
f 1042/1144/5 1040/1142/5 1043/1140/5
f 1070/1143/5 1069/1145/5 1068/1141/5
f 1042/1144/5 1041/1146/5 1040/1142/5
f 1098/1147/5 1100/1149/5 1099/1148/5
f 1098/1147/5 1101/1150/5 1100/1149/5
f 1098/1147/5 1102/1151/5 1101/1150/5
f 1098/1147/5 1103/1152/5 1102/1151/5
f 1098/1147/5 1104/1153/5 1103/1152/5
f 1098/1147/5 1105/1154/5 1104/1153/5
f 1098/1147/5 1106/1155/5 1105/1154/5
f 1098/1147/5 1107/1156/5 1106/1155/5
f 1098/1147/5 1108/1157/5 1107/1156/5
f 1098/1147/5 1109/1158/5 1108/1157/5
f 1098/1147/5 1110/1159/5 1109/1158/5
f 1098/1147/5 1111/1160/5 1110/1159/5
f 1098/1147/5 1112/1161/5 1111/1160/5
f 1098/1147/5 1113/1162/5 1112/1161/5
f 1097/1163/5 1113/1162/5 1098/1147/5
f 1096/1164/5 1113/1162/5 1097/1163/5
f 1095/1165/5 1113/1162/5 1096/1164/5
f 1094/1166/5 1113/1162/5 1095/1165/5
f 1093/1167/5 1113/1162/5 1094/1166/5
f 1092/1168/5 1113/1162/5 1093/1167/5
f 1091/1169/5 1113/1162/5 1092/1168/5
f 1090/1170/5 1113/1162/5 1091/1169/5
f 1089/1171/5 1113/1162/5 1090/1170/5
f 1088/1172/5 1113/1162/5 1089/1171/5
f 1087/1173/5 1113/1162/5 1088/1172/5
f 1166/1174/5 1126/1175/5 1087/1173/5
f 1126/1175/5 1113/1162/5 1087/1173/5
f 1126/1175/5 1114/1176/5 1113/1162/5
f 1126/1175/5 1115/1177/5 1114/1176/5
f 1126/1175/5 1116/1178/5 1115/1177/5
f 1126/1175/5 1117/1179/5 1116/1178/5
f 1126/1175/5 1118/1180/5 1117/1179/5
f 1126/1175/5 1119/1181/5 1118/1180/5
f 1126/1175/5 1120/1182/5 1119/1181/5
f 1126/1175/5 1121/1183/5 1120/1182/5
f 1126/1175/5 1122/1184/5 1121/1183/5
f 1126/1175/5 1123/1185/5 1122/1184/5
f 1126/1175/5 1124/1186/5 1123/1185/5
f 1126/1175/5 1125/1187/5 1124/1186/5
f 1166/1174/5 1127/1188/5 1126/1175/5
f 1166/1174/5 1128/1189/5 1127/1188/5
f 1166/1174/5 1129/1190/5 1128/1189/5
f 1166/1174/5 1130/1191/5 1129/1190/5
f 1166/1174/5 1131/1192/5 1130/1191/5
f 1166/1174/5 1132/1193/5 1131/1192/5
f 1166/1174/5 1133/1194/5 1132/1193/5
f 1166/1174/5 1134/1195/5 1133/1194/5
f 1166/1174/5 1135/1196/5 1134/1195/5
f 1166/1174/5 1136/1197/5 1135/1196/5
f 1166/1174/5 1137/1198/5 1136/1197/5
f 1166/1174/5 1138/1199/5 1137/1198/5
f 1166/1174/5 1139/1200/5 1138/1199/5
f 1166/1174/5 1140/1201/5 1139/1200/5
f 1166/1174/5 1141/1202/5 1140/1201/5
f 1165/1203/5 1141/1202/5 1166/1174/5
f 1164/1204/5 1141/1202/5 1165/1203/5
f 1163/1205/5 1141/1202/5 1164/1204/5
f 1162/1206/5 1141/1202/5 1163/1205/5
f 1161/1207/5 1141/1202/5 1162/1206/5
f 1160/1208/5 1141/1202/5 1161/1207/5
f 1159/1209/5 1141/1202/5 1160/1208/5
f 1158/1210/5 1141/1202/5 1159/1209/5
f 1157/1211/5 1141/1202/5 1158/1210/5
f 1156/1212/5 1141/1202/5 1157/1211/5
f 1155/1213/5 1141/1202/5 1156/1212/5
f 1154/1214/5 1141/1202/5 1155/1213/5
f 1154/1214/5 1142/1215/5 1141/1202/5
f 1154/1214/5 1143/1216/5 1142/1215/5
f 1154/1214/5 1144/1217/5 1143/1216/5
f 1154/1214/5 1145/1218/5 1144/1217/5
f 1154/1214/5 1146/1219/5 1145/1218/5
f 1154/1214/5 1147/1220/5 1146/1219/5
f 1154/1214/5 1148/1221/5 1147/1220/5
f 1154/1214/5 1149/1222/5 1148/1221/5
f 1154/1214/5 1150/1223/5 1149/1222/5
f 1154/1214/5 1151/1224/5 1150/1223/5
f 1154/1214/5 1152/1225/5 1151/1224/5
f 1154/1214/5 1153/1226/5 1152/1225/5
f 1178/1227/5 1180/1229/5 1179/1228/5
f 1178/1227/5 1181/1230/5 1180/1229/5
f 1177/1231/5 1181/1230/5 1178/1227/5
f 1177/1231/5 1182/1232/5 1181/1230/5
f 1176/1233/5 1182/1232/5 1177/1231/5
f 1176/1233/5 1183/1234/5 1182/1232/5
f 1175/1235/5 1183/1234/5 1176/1233/5
f 1175/1235/5 1184/1236/5 1183/1234/5
f 1174/1237/5 1184/1236/5 1175/1235/5
f 1174/1237/5 1185/1238/5 1184/1236/5
f 1173/1239/5 1185/1238/5 1174/1237/5
f 1173/1239/5 1186/1240/5 1185/1238/5
f 1172/1241/5 1186/1240/5 1173/1239/5
f 1172/1241/5 1187/1242/5 1186/1240/5
f 1171/1243/5 1187/1242/5 1172/1241/5
f 1171/1243/5 1188/1244/5 1187/1242/5
f 1170/1245/5 1188/1244/5 1171/1243/5
f 1170/1245/5 1189/1246/5 1188/1244/5
f 1169/1247/5 1189/1246/5 1170/1245/5
f 1169/1247/5 1190/1248/5 1189/1246/5
f 1168/1249/5 1190/1248/5 1169/1247/5
f 1168/1249/5 1191/1250/5 1190/1248/5
f 1167/1251/5 1191/1250/5 1168/1249/5
f 1167/1251/5 1192/1252/5 1191/1250/5
f 1218/1253/5 1220/1254/5 1167/1251/5
f 1220/1254/5 1192/1252/5 1167/1251/5
f 1220/1254/5 1219/1255/5 1192/1252/5
f 1219/1255/5 1193/1256/5 1192/1252/5
f 1218/1253/5 1221/1257/5 1220/1254/5
f 1222/1258/5 1193/1256/5 1219/1255/5
f 1218/1253/5 1222/1258/5 1221/1257/5
f 1218/1253/5 1193/1256/5 1222/1258/5
f 1217/1259/5 1193/1256/5 1218/1253/5
f 1217/1259/5 1194/1260/5 1193/1256/5
f 1216/1261/5 1194/1260/5 1217/1259/5
f 1216/1261/5 1195/1262/5 1194/1260/5
f 1215/1263/5 1195/1262/5 1216/1261/5
f 1215/1263/5 1196/1264/5 1195/1262/5
f 1214/1265/5 1196/1264/5 1215/1263/5
f 1214/1265/5 1197/1266/5 1196/1264/5
f 1213/1267/5 1197/1266/5 1214/1265/5
f 1213/1267/5 1198/1268/5 1197/1266/5
f 1212/1269/5 1198/1268/5 1213/1267/5
f 1212/1269/5 1199/1270/5 1198/1268/5
f 1211/1271/5 1199/1270/5 1212/1269/5
f 1211/1271/5 1200/1272/5 1199/1270/5
f 1210/1273/5 1200/1272/5 1211/1271/5
f 1210/1273/5 1201/1274/5 1200/1272/5
f 1209/1275/5 1201/1274/5 1210/1273/5
f 1209/1275/5 1202/1276/5 1201/1274/5
f 1208/1277/5 1202/1276/5 1209/1275/5
f 1208/1277/5 1203/1278/5 1202/1276/5
f 1207/1279/5 1203/1278/5 1208/1277/5
f 1207/1279/5 1204/1280/5 1203/1278/5
f 1206/1281/5 1204/1280/5 1207/1279/5
f 1206/1281/5 1205/1282/5 1204/1280/5
f 1234/1283/5 1236/1285/5 1235/1284/5
f 1234/1283/5 1237/1286/5 1236/1285/5
f 1233/1287/5 1237/1286/5 1234/1283/5
f 1233/1287/5 1238/1288/5 1237/1286/5
f 1232/1289/5 1238/1288/5 1233/1287/5
f 1231/1290/5 1238/1288/5 1232/1289/5
f 1231/1290/5 1239/1291/5 1238/1288/5
f 1231/1290/5 1240/1292/5 1239/1291/5
f 1230/1293/5 1240/1292/5 1231/1290/5
f 1230/1293/5 1241/1294/5 1240/1292/5
f 1229/1295/5 1241/1294/5 1230/1293/5
f 1229/1295/5 1242/1296/5 1241/1294/5
f 1228/1297/5 1242/1296/5 1229/1295/5
f 1228/1297/5 1243/1298/5 1242/1296/5
f 1227/1299/5 1243/1298/5 1228/1297/5
f 1227/1299/5 1244/1300/5 1243/1298/5
f 1226/1301/5 1244/1300/5 1227/1299/5
f 1226/1301/5 1245/1302/5 1244/1300/5
f 1225/1303/5 1245/1302/5 1226/1301/5
f 1225/1303/5 1246/1304/5 1245/1302/5
f 1224/1305/5 1246/1304/5 1225/1303/5
f 1224/1305/5 1247/1306/5 1246/1304/5
f 1223/1307/5 1247/1306/5 1224/1305/5
f 1223/1307/5 1248/1308/5 1247/1306/5
f 1302/1309/5 1248/1308/5 1223/1307/5
f 1302/1309/5 1249/1310/5 1248/1308/5
f 1301/1311/5 1249/1310/5 1302/1309/5
f 1301/1311/5 1250/1312/5 1249/1310/5
f 1300/1313/5 1250/1312/5 1301/1311/5
f 1300/1313/5 1251/1314/5 1250/1312/5
f 1299/1315/5 1251/1314/5 1300/1313/5
f 1299/1315/5 1252/1316/5 1251/1314/5
f 1298/1317/5 1252/1316/5 1299/1315/5
f 1298/1317/5 1253/1318/5 1252/1316/5
f 1297/1319/5 1253/1318/5 1298/1317/5
f 1297/1319/5 1254/1320/5 1253/1318/5
f 1296/1321/5 1254/1320/5 1297/1319/5
f 1296/1321/5 1255/1322/5 1254/1320/5
f 1295/1323/5 1255/1322/5 1296/1321/5
f 1295/1323/5 1256/1324/5 1255/1322/5
f 1294/1325/5 1256/1324/5 1295/1323/5
f 1294/1325/5 1257/1326/5 1256/1324/5
f 1293/1327/5 1257/1326/5 1294/1325/5
f 1293/1327/5 1258/1328/5 1257/1326/5
f 1292/1329/5 1258/1328/5 1293/1327/5
f 1292/1329/5 1259/1330/5 1258/1328/5
f 1291/1331/5 1259/1330/5 1292/1329/5
f 1291/1331/5 1260/1332/5 1259/1330/5
f 1290/1333/5 1260/1332/5 1291/1331/5
f 1290/1333/5 1261/1334/5 1260/1332/5
f 1289/1335/6 1261/1335/6 1290/1335/6
f 1288/1336/5 1262/1338/5 1289/1337/5
f 1262/1339/5 1261/1341/5 1289/1340/5
f 1288/1336/5 1263/1342/5 1262/1338/5
f 1287/1343/5 1263/1342/5 1288/1336/5
f 1287/1343/5 1264/1344/5 1263/1342/5
f 1286/1345/5 1264/1344/5 1287/1343/5
f 1286/1345/5 1265/1346/5 1264/1344/5
f 1285/1347/5 1265/1346/5 1286/1345/5
f 1285/1347/5 1266/1348/5 1265/1346/5
f 1284/1349/5 1266/1348/5 1285/1347/5
f 1284/1349/5 1267/1350/5 1266/1348/5
f 1283/1351/5 1267/1350/5 1284/1349/5
f 1283/1351/5 1268/1352/5 1267/1350/5
f 1282/1353/5 1268/1352/5 1283/1351/5
f 1282/1353/5 1269/1354/5 1268/1352/5
f 1281/1355/5 1269/1354/5 1282/1353/5
f 1281/1355/5 1270/1356/5 1269/1354/5
f 1280/1357/5 1270/1356/5 1281/1355/5
f 1280/1357/5 1271/1358/5 1270/1356/5
f 1279/1359/5 1271/1358/5 1280/1357/5
f 1279/1359/5 1272/1360/5 1271/1358/5
f 1278/1361/5 1272/1360/5 1279/1359/5
f 1278/1361/5 1273/1362/5 1272/1360/5
f 1277/1363/5 1273/1362/5 1278/1361/5
f 1277/1363/5 1274/1364/5 1273/1362/5
f 1276/1365/5 1274/1364/5 1277/1363/5
f 1276/1365/5 1275/1366/5 1274/1364/5
f 1314/1367/5 1316/1369/5 1315/1368/5
f 1314/1367/5 1317/1370/5 1316/1369/5
f 1342/1371/5 1344/1373/5 1343/1372/5
f 1342/1371/5 1345/1374/5 1344/1373/5
f 1313/1375/5 1317/1370/5 1314/1367/5
f 1341/1376/5 1345/1374/5 1342/1371/5
f 1313/1375/5 1318/1377/5 1317/1370/5
f 1341/1376/5 1346/1378/5 1345/1374/5
f 1312/1379/5 1318/1377/5 1313/1375/5
f 1340/1380/5 1346/1378/5 1341/1376/5
f 1311/1381/5 1318/1377/5 1312/1379/5
f 1311/1381/5 1319/1382/5 1318/1377/5
f 1339/1383/5 1346/1378/5 1340/1380/5
f 1339/1383/5 1347/1384/5 1346/1378/5
f 1311/1381/5 1320/1385/5 1319/1382/5
f 1339/1383/5 1348/1386/5 1347/1384/5
f 1310/1387/5 1320/1385/5 1311/1381/5
f 1338/1388/5 1348/1386/5 1339/1383/5
f 1310/1387/5 1321/1389/5 1320/1385/5
f 1338/1388/5 1349/1390/5 1348/1386/5
f 1309/1391/5 1321/1389/5 1310/1387/5
f 1337/1392/5 1349/1390/5 1338/1388/5
f 1309/1391/5 1322/1393/5 1321/1389/5
f 1337/1392/5 1350/1394/5 1349/1390/5
f 1308/1395/5 1322/1393/5 1309/1391/5
f 1336/1396/5 1350/1394/5 1337/1392/5
f 1308/1395/5 1323/1397/5 1322/1393/5
f 1336/1396/5 1351/1398/5 1350/1394/5
f 1307/1399/5 1323/1397/5 1308/1395/5
f 1335/1400/5 1351/1398/5 1336/1396/5
f 1307/1399/5 1324/1401/5 1323/1397/5
f 1335/1400/5 1352/1402/5 1351/1398/5
f 1306/1403/5 1324/1401/5 1307/1399/5
f 1334/1404/5 1352/1402/5 1335/1400/5
f 1306/1403/5 1325/1405/5 1324/1401/5
f 1334/1404/5 1353/1406/5 1352/1402/5
f 1305/1407/5 1325/1405/5 1306/1403/5
f 1333/1408/5 1353/1406/5 1334/1404/5
f 1305/1407/5 1326/1409/5 1325/1405/5
f 1333/1408/5 1354/1410/5 1353/1406/5
f 1304/1411/5 1326/1409/5 1305/1407/5
f 1332/1412/5 1354/1410/5 1333/1408/5
f 1304/1411/5 1327/1413/5 1326/1409/5
f 1332/1412/5 1355/1414/5 1354/1410/5
f 1303/1415/5 1327/1413/5 1304/1411/5
f 1331/1416/5 1355/1414/5 1332/1412/5
f 1303/1415/5 1328/1417/5 1327/1413/5
f 1331/1416/5 1356/1418/5 1355/1414/5
f 1393/1419/5 1328/1417/5 1303/1415/5
f 1393/1419/5 1329/1420/5 1328/1417/5
f 1330/1421/5 1356/1418/5 1331/1416/5
f 1330/1421/5 1357/1422/5 1356/1418/5
f 1393/1419/5 1330/1421/5 1329/1420/5
f 1393/1419/5 1357/1422/5 1330/1421/5
f 1392/1423/5 1357/1422/5 1393/1419/5
f 1392/1423/5 1358/1424/5 1357/1422/5
f 1391/1425/5 1358/1424/5 1392/1423/5
f 1390/1426/5 1358/1424/5 1391/1425/5
f 1389/1427/5 1358/1424/5 1390/1426/5
f 1388/1428/5 1358/1424/5 1389/1427/5
f 1388/1428/5 1359/1429/5 1358/1424/5
f 1387/1430/5 1359/1429/5 1388/1428/5
f 1386/1431/5 1359/1429/5 1387/1430/5
f 1386/1431/5 1360/1432/5 1359/1429/5
f 1385/1433/5 1360/1432/5 1386/1431/5
f 1385/1433/5 1361/1434/5 1360/1432/5
f 1384/1435/5 1361/1434/5 1385/1433/5
f 1384/1435/5 1362/1436/5 1361/1434/5
f 1383/1437/5 1362/1436/5 1384/1435/5
f 1383/1437/5 1363/1438/5 1362/1436/5
f 1382/1439/5 1363/1438/5 1383/1437/5
f 1382/1439/5 1364/1440/5 1363/1438/5
f 1382/1439/5 1365/1441/5 1364/1440/5
f 1381/1442/5 1365/1441/5 1382/1439/5
f 1381/1442/5 1366/1443/5 1365/1441/5
f 1381/1442/5 1367/1444/5 1366/1443/5
f 1381/1442/5 1380/1445/5 1367/1444/5
f 1380/1445/5 1379/1446/5 1367/1444/5
f 1379/1446/5 1368/1447/5 1367/1444/5
f 1378/1448/5 1368/1447/5 1379/1446/5
f 1377/1449/5 1368/1447/5 1378/1448/5
f 1376/1450/5 1368/1447/5 1377/1449/5
f 1375/1451/5 1368/1447/5 1376/1450/5
f 1374/1452/5 1368/1447/5 1375/1451/5
f 1373/1453/5 1368/1447/5 1374/1452/5
f 1372/1454/5 1368/1447/5 1373/1453/5
f 1371/1455/5 1368/1447/5 1372/1454/5
f 1371/1455/5 1370/1456/5 1368/1447/5
f 1370/1456/5 1369/1457/5 1368/1447/5
f 1482/1458/5 1395/1460/5 1394/1459/5
f 1482/1458/5 1396/1461/5 1395/1460/5
f 1482/1458/5 1397/1462/5 1396/1461/5
f 1482/1458/5 1398/1463/5 1397/1462/5
f 1481/1464/5 1398/1463/5 1482/1458/5
f 1481/1464/5 1399/1465/5 1398/1463/5
f 1481/1464/5 1400/1466/5 1399/1465/5
f 1480/1467/5 1400/1466/5 1481/1464/5
f 1480/1467/5 1401/1468/5 1400/1466/5
f 1480/1467/5 1402/1469/5 1401/1468/5
f 1479/1470/5 1402/1469/5 1480/1467/5
f 1479/1470/5 1403/1471/5 1402/1469/5
f 1479/1470/5 1404/1472/5 1403/1471/5
f 1478/1473/5 1404/1472/5 1479/1470/5
f 1478/1473/5 1405/1474/5 1404/1472/5
f 1477/1475/5 1405/1474/5 1478/1473/5
f 1477/1475/5 1406/1476/5 1405/1474/5
f 1477/1475/5 1483/1477/5 1406/1476/5
f 1483/1477/5 1407/1478/5 1406/1476/5
f 1476/1479/5 1484/1480/5 1477/1475/5
f 1484/1480/5 1483/1477/5 1477/1475/5
f 1476/1479/5 1485/1481/5 1484/1480/5
f 1486/1482/5 1407/1478/5 1483/1477/5
f 1486/1482/5 1408/1483/5 1407/1478/5
f 1486/1482/5 1409/1484/5 1408/1483/5
f 1486/1482/5 1410/1485/5 1409/1484/5
f 1486/1482/5 1411/1486/5 1410/1485/5
f 1475/1487/5 1485/1481/5 1476/1479/5
f 1486/1482/5 1412/1488/5 1411/1486/5
f 1475/1487/5 1486/1482/5 1485/1481/5
f 1475/1487/5 1412/1488/5 1486/1482/5
f 1475/1487/5 1413/1489/5 1412/1488/5
f 1474/1490/5 1413/1489/5 1475/1487/5
f 1474/1490/5 1414/1491/5 1413/1489/5
f 1474/1490/5 1415/1492/5 1414/1491/5
f 1473/1493/5 1415/1492/5 1474/1490/5
f 1473/1493/5 1416/1494/5 1415/1492/5
f 1473/1493/5 1446/1495/5 1416/1494/5
f 1446/1495/5 1445/1496/5 1416/1494/5
f 1445/1496/5 1417/1497/5 1416/1494/5
f 1473/1493/5 1447/1498/5 1446/1495/5
f 1444/1499/5 1417/1497/5 1445/1496/5
f 1472/1500/5 1447/1498/5 1473/1493/5
f 1443/1501/5 1417/1497/5 1444/1499/5
f 1442/1502/5 1417/1497/5 1443/1501/5
f 1441/1503/5 1417/1497/5 1442/1502/5
f 1440/1504/5 1417/1497/5 1441/1503/5
f 1439/1505/5 1417/1497/5 1440/1504/5
f 1438/1506/5 1417/1497/5 1439/1505/5
f 1437/1507/5 1417/1497/5 1438/1506/5
f 1436/1508/5 1417/1497/5 1437/1507/5
f 1435/1509/5 1417/1497/5 1436/1508/5
f 1434/1510/5 1417/1497/5 1435/1509/5
f 1433/1511/8 1417/1497/8 1434/1510/8
f 1432/1512/5 1417/1497/5 1433/1511/5
f 1472/1500/5 1448/1513/5 1447/1498/5
f 1431/1514/5 1417/1497/5 1432/1512/5
f 1431/1514/5 1418/1515/5 1417/1497/5
f 1472/1500/5 1449/1516/5 1448/1513/5
f 1430/1517/5 1418/1515/5 1431/1514/5
f 1472/1500/5 1450/1518/5 1449/1516/5
f 1471/1519/5 1450/1518/5 1472/1500/5
f 1429/1520/5 1418/1515/5 1430/1517/5
f 1471/1519/5 1451/1521/5 1450/1518/5
f 1428/1522/5 1418/1515/5 1429/1520/5
f 1428/1522/5 1419/1523/5 1418/1515/5
f 1471/1519/5 1452/1524/5 1451/1521/5
f 1427/1525/5 1419/1523/5 1428/1522/5
f 1471/1519/5 1453/1526/5 1452/1524/5
f 1426/1527/5 1419/1523/5 1427/1525/5
f 1471/1519/5 1454/1528/5 1453/1526/5
f 1425/1529/5 1419/1523/5 1426/1527/5
f 1471/1519/5 1455/1530/5 1454/1528/5
f 1424/1531/5 1419/1523/5 1425/1529/5
f 1471/1519/5 1456/1532/5 1455/1530/5
f 1423/1533/5 1419/1523/5 1424/1531/5
f 1471/1519/5 1457/1534/5 1456/1532/5
f 1422/1535/5 1419/1523/5 1423/1533/5
f 1470/1536/5 1457/1534/5 1471/1519/5
f 1470/1536/5 1458/1537/5 1457/1534/5
f 1469/1538/5 1458/1537/5 1470/1536/5
f 1468/1539/5 1458/1537/5 1469/1538/5
f 1467/1540/5 1458/1537/5 1468/1539/5
f 1466/1541/5 1458/1537/5 1467/1540/5
f 1422/1535/5 1420/1542/5 1419/1523/5
f 1465/1543/5 1458/1537/5 1466/1541/5
f 1421/1544/5 1420/1542/5 1422/1535/5
f 1464/1545/5 1458/1537/5 1465/1543/5
f 1463/1546/5 1458/1537/5 1464/1545/5
f 1462/1547/5 1458/1537/5 1463/1546/5
f 1461/1548/5 1458/1537/5 1462/1547/5
f 1460/1549/5 1458/1537/5 1461/1548/5
f 1459/1550/5 1458/1537/5 1460/1549/5
s 1
f 1488/1551/9 1490/1554/10 1489/1553/10 1487/1552/9
f 1490/1554/10 1492/1556/11 1491/1555/11 1489/1553/10
f 1492/1556/11 1494/1558/12 1493/1557/12 1491/1555/11
f 1494/1558/12 1496/1560/13 1495/1559/13 1493/1557/12
f 1496/1560/13 1498/1562/14 1497/1561/14 1495/1559/13
f 1498/1562/14 1500/1564/15 1499/1563/15 1497/1561/14
f 1500/1564/15 1502/1566/16 1501/1565/16 1499/1563/15
f 1502/1566/16 1504/1568/17 1503/1567/17 1501/1565/16
f 1504/1568/17 1506/1570/18 1505/1569/18 1503/1567/17
f 1506/1570/18 1508/1572/19 1507/1571/19 1505/1569/18
f 1508/1572/19 1510/1574/20 1509/1573/20 1507/1571/19
f 1510/1574/20 1512/1576/21 1511/1575/21 1509/1573/20
f 1512/1576/21 1514/1578/22 1513/1577/22 1511/1575/21
f 1514/1578/22 1516/1580/23 1515/1579/23 1513/1577/22
f 1516/1580/23 1518/1582/24 1517/1581/24 1515/1579/23
f 1518/1582/24 1520/1584/16 1519/1583/16 1517/1581/24
f 1520/1584/16 1522/1586/25 1521/1585/25 1519/1583/16
f 1522/1586/25 1524/1588/26 1523/1587/26 1521/1585/25
f 1524/1588/26 1526/1590/27 1525/1589/27 1523/1587/26
f 1526/1590/27 1528/1592/17 1527/1591/17 1525/1589/27
f 1528/1592/17 1530/1594/28 1529/1593/28 1527/1591/17
f 1530/1594/28 1532/1596/29 1531/1595/29 1529/1593/28
f 1532/1596/29 1534/1598/30 1533/1597/30 1531/1595/29
f 1534/1598/30 1536/1600/31 1535/1599/31 1533/1597/30
f 1536/1600/31 1538/1602/32 1537/1601/32 1535/1599/31
f 1538/1603/32 1540/1606/33 1539/1605/33 1537/1604/32
f 1540/1606/33 1542/1608/34 1541/1607/34 1539/1605/33
f 1542/1608/34 1544/1610/35 1543/1609/35 1541/1607/34
f 1544/1610/35 1546/1612/36 1545/1611/36 1543/1609/35
f 1546/1612/36 1548/1614/37 1547/1613/37 1545/1611/36
f 1548/1614/37 1550/1616/38 1549/1615/38 1547/1613/37
f 1550/1616/38 1552/1618/39 1551/1617/39 1549/1615/38
f 1552/1618/39 1554/1620/40 1553/1619/40 1551/1617/39
f 1554/1620/40 1556/1622/41 1555/1621/41 1553/1619/40
f 1556/1622/41 1558/1624/42 1557/1623/42 1555/1621/41
f 1558/1624/42 1560/1626/43 1559/1625/43 1557/1623/42
f 1560/1626/43 1562/1628/44 1561/1627/44 1559/1625/43
f 1562/1628/44 1564/1630/45 1563/1629/45 1561/1627/44
f 1564/1630/45 1566/1632/46 1565/1631/46 1563/1629/45
f 1566/1632/46 1568/1634/47 1567/1633/47 1565/1631/46
f 1568/1634/47 1570/1636/48 1569/1635/48 1567/1633/47
f 1570/1636/48 1572/1638/49 1571/1637/49 1569/1635/48
f 1572/1638/49 1574/1640/50 1573/1639/50 1571/1637/49
f 1574/1640/50 1576/1642/51 1575/1641/51 1573/1639/50
f 1576/1642/51 1578/1644/52 1577/1643/52 1575/1641/51
f 1578/1644/52 1580/1646/53 1579/1645/53 1577/1643/52
f 1580/1646/53 1582/1648/54 1581/1647/54 1579/1645/53
f 1582/1648/54 1584/1650/55 1583/1649/55 1581/1647/54
f 1584/1650/55 1586/1652/56 1585/1651/56 1583/1649/55
f 1586/1652/56 1588/1654/57 1587/1653/57 1585/1651/56
f 1588/1654/57 1590/1656/58 1589/1655/58 1587/1653/57
f 1590/1656/58 1592/1658/59 1591/1657/59 1589/1655/58
f 1592/1658/59 1594/1660/60 1593/1659/60 1591/1657/59
f 1594/1660/60 1596/1662/61 1595/1661/61 1593/1659/60
f 1596/1662/61 1598/1664/62 1597/1663/62 1595/1661/61
f 1598/1664/62 1600/1666/63 1599/1665/63 1597/1663/62
f 1600/1666/63 1602/1668/64 1601/1667/64 1599/1665/63
f 1602/1668/64 1604/1670/65 1603/1669/65 1601/1667/64
f 1604/1670/65 1606/1672/66 1605/1671/66 1603/1669/65
f 1606/1672/66 1608/1674/67 1607/1673/67 1605/1671/66
f 1608/1674/67 1610/1676/68 1609/1675/68 1607/1673/67
f 1610/1676/68 1612/1678/69 1611/1677/69 1609/1675/68
f 1612/1678/69 1614/1680/70 1613/1679/70 1611/1677/69
f 1614/1680/70 1616/1682/71 1615/1681/71 1613/1679/70
f 1616/1682/71 1618/1684/72 1617/1683/72 1615/1681/71
f 1618/1684/72 1620/1686/73 1619/1685/73 1617/1683/72
f 1620/1686/73 1622/1688/74 1621/1687/74 1619/1685/73
f 1622/1688/74 1624/1690/75 1623/1689/75 1621/1687/74
f 1624/1690/75 1626/1692/76 1625/1691/76 1623/1689/75
f 1626/1692/76 1628/1694/77 1627/1693/77 1625/1691/76
f 1628/1694/77 1630/1696/78 1629/1695/78 1627/1693/77
f 1630/1696/78 1632/1698/79 1631/1697/79 1629/1695/78
f 1632/1698/79 1634/1700/80 1633/1699/80 1631/1697/79
f 1634/1700/80 1636/1702/81 1635/1701/81 1633/1699/80
f 1636/1702/81 1638/1704/82 1637/1703/82 1635/1701/81
f 1638/1704/82 1640/1706/83 1639/1705/83 1637/1703/82
f 1640/1707/83 1642/1710/84 1641/1709/84 1639/1708/83
f 1642/1711/84 1644/1714/85 1643/1713/85 1641/1712/84
f 1644/1714/85 1646/1716/86 1645/1715/86 1643/1713/85
f 1646/1716/86 1648/1718/87 1647/1717/87 1645/1715/86
f 1648/1718/87 1650/1720/88 1649/1719/88 1647/1717/87
f 1650/1720/88 1652/1722/89 1651/1721/89 1649/1719/88
f 1652/1722/89 1654/1724/90 1653/1723/90 1651/1721/89
f 1654/1724/90 1656/1726/91 1655/1725/91 1653/1723/90
f 1656/1726/91 1658/1728/92 1657/1727/92 1655/1725/91
f 1658/1728/92 1660/1730/93 1659/1729/93 1657/1727/92
f 1660/1730/93 1662/1732/94 1661/1731/94 1659/1729/93
f 1662/1732/94 1664/1734/95 1663/1733/95 1661/1731/94
f 1664/1734/95 1488/1551/9 1487/1552/9 1663/1733/95
f 1666/1735/96 1665/1738/96 1667/1737/97 1668/1736/97
f 1668/1736/97 1667/1737/97 1669/1740/98 1670/1739/98
f 1670/1741/98 1669/1744/98 1671/1743/99 1672/1742/99
f 1672/1745/99 1671/1746/99 1665/1738/96 1666/1735/96
f 1674/1747/100 1676/1750/101 1675/1749/101 1673/1748/100
f 1676/1750/101 1678/1752/102 1677/1751/102 1675/1749/101
f 1678/1752/102 1680/1754/103 1679/1753/103 1677/1751/102
f 1680/1754/103 1682/1756/104 1681/1755/104 1679/1753/103
f 1682/1756/104 1684/1758/105 1683/1757/105 1681/1755/104
f 1684/1758/105 1686/1760/106 1685/1759/106 1683/1757/105
f 1686/1760/106 1688/1762/107 1687/1761/107 1685/1759/106
f 1688/1762/107 1690/1764/108 1689/1763/108 1687/1761/107
f 1690/1764/108 1692/1766/109 1691/1765/109 1689/1763/108
f 1692/1766/109 1694/1768/110 1693/1767/110 1691/1765/109
f 1694/1768/110 1696/1770/111 1695/1769/111 1693/1767/110
f 1696/1770/111 1698/1772/112 1697/1771/112 1695/1769/111
f 1698/1772/112 1700/1774/113 1699/1773/113 1697/1771/112
f 1700/1774/113 1702/1776/114 1701/1775/114 1699/1773/113
f 1702/1776/114 1704/1778/115 1703/1777/115 1701/1775/114
f 1704/1778/115 1706/1780/116 1705/1779/116 1703/1777/115
f 1706/1780/116 1708/1782/117 1707/1781/117 1705/1779/116
f 1708/1782/117 1710/1784/118 1709/1783/118 1707/1781/117
f 1710/1784/118 1712/1786/119 1711/1785/119 1709/1783/118
f 1712/1786/119 1714/1788/120 1713/1787/120 1711/1785/119
f 1714/1788/120 1716/1790/121 1715/1789/121 1713/1787/120
f 1716/1790/121 1718/1792/122 1717/1791/122 1715/1789/121
f 1718/1792/122 1720/1794/123 1719/1793/123 1717/1791/122
f 1720/1794/123 1722/1796/124 1721/1795/124 1719/1793/123
f 1722/1797/124 1724/1800/125 1723/1799/125 1721/1798/124
f 1724/1800/125 1726/1802/126 1725/1801/126 1723/1799/125
f 1726/1803/126 1728/1806/127 1727/1805/127 1725/1804/126
f 1728/1807/127 1730/1810/128 1729/1809/128 1727/1808/127
f 1730/1811/128 1732/1814/129 1731/1813/129 1729/1812/128
f 1732/1814/129 1734/1816/130 1733/1815/130 1731/1813/129
f 1734/1816/130 1736/1818/131 1735/1817/131 1733/1815/130
f 1736/1818/131 1738/1820/132 1737/1819/132 1735/1817/131
f 1738/1820/132 1740/1822/133 1739/1821/133 1737/1819/132
f 1740/1822/133 1742/1824/134 1741/1823/134 1739/1821/133
f 1742/1824/134 1744/1826/135 1743/1825/135 1741/1823/134
f 1744/1826/135 1746/1828/136 1745/1827/136 1743/1825/135
f 1746/1828/136 1748/1830/137 1747/1829/137 1745/1827/136
f 1748/1830/137 1750/1832/138 1749/1831/138 1747/1829/137
f 1750/1832/138 1752/1834/139 1751/1833/139 1749/1831/138
f 1752/1834/139 1754/1836/140 1753/1835/140 1751/1833/139
f 1754/1836/140 1756/1838/113 1755/1837/113 1753/1835/140
f 1756/1838/113 1758/1840/114 1757/1839/114 1755/1837/113
f 1758/1840/114 1760/1842/115 1759/1841/115 1757/1839/114
f 1760/1842/115 1762/1844/116 1761/1843/116 1759/1841/115
f 1762/1844/116 1764/1846/117 1763/1845/117 1761/1843/116
f 1764/1846/117 1766/1848/118 1765/1847/118 1763/1845/117
f 1766/1848/118 1768/1850/119 1767/1849/119 1765/1847/118
f 1768/1850/119 1770/1852/141 1769/1851/141 1767/1849/119
f 1770/1852/141 1772/1854/142 1771/1853/142 1769/1851/141
f 1772/1854/142 1774/1856/143 1773/1855/143 1771/1853/142
f 1774/1856/143 1776/1858/123 1775/1857/123 1773/1855/143
f 1776/1858/123 1778/1860/144 1777/1859/144 1775/1857/123
f 1778/1861/144 1780/1864/145 1779/1863/145 1777/1862/144
f 1780/1864/145 1782/1866/146 1781/1865/146 1779/1863/145
f 1782/1867/146 1784/1870/147 1783/1869/147 1781/1868/146
f 1784/1870/147 1786/1872/148 1785/1871/148 1783/1869/147
f 1786/1872/148 1788/1874/149 1787/1873/149 1785/1871/148
f 1788/1874/149 1790/1876/150 1789/1875/150 1787/1873/149
f 1790/1876/150 1792/1878/151 1791/1877/151 1789/1875/150
f 1792/1878/151 1794/1880/152 1793/1879/152 1791/1877/151
f 1794/1880/152 1796/1882/153 1795/1881/153 1793/1879/152
f 1796/1882/153 1798/1884/154 1797/1883/154 1795/1881/153
f 1798/1884/154 1800/1886/155 1799/1885/155 1797/1883/154
f 1800/1886/155 1802/1888/156 1801/1887/156 1799/1885/155
f 1802/1888/156 1804/1890/157 1803/1889/157 1801/1887/156
f 1804/1890/157 1806/1892/158 1805/1891/158 1803/1889/157
f 1806/1892/158 1808/1894/159 1807/1893/159 1805/1891/158
f 1808/1894/159 1810/1896/160 1809/1895/160 1807/1893/159
f 1810/1896/160 1812/1898/161 1811/1897/161 1809/1895/160
f 1812/1898/161 1814/1900/162 1813/1899/162 1811/1897/161
f 1814/1900/162 1816/1902/163 1815/1901/163 1813/1899/162
f 1816/1902/163 1818/1904/164 1817/1903/164 1815/1901/163
f 1818/1904/164 1820/1906/165 1819/1905/165 1817/1903/164
f 1820/1906/165 1822/1908/166 1821/1907/166 1819/1905/165
f 1822/1908/166 1824/1910/167 1823/1909/167 1821/1907/166
f 1824/1910/167 1826/1912/168 1825/1911/168 1823/1909/167
f 1826/1912/168 1828/1914/169 1827/1913/169 1825/1911/168
f 1828/1914/169 1830/1916/170 1829/1915/170 1827/1913/169
f 1830/1916/170 1832/1918/171 1831/1917/171 1829/1915/170
f 1832/1918/171 1834/1920/172 1833/1919/172 1831/1917/171
f 1834/1920/172 1836/1922/173 1835/1921/173 1833/1919/172
f 1836/1922/173 1838/1924/174 1837/1923/174 1835/1921/173
f 1838/1924/174 1840/1926/175 1839/1925/175 1837/1923/174
f 1840/1926/175 1842/1928/176 1841/1927/176 1839/1925/175
f 1842/1928/176 1844/1930/177 1843/1929/177 1841/1927/176
f 1844/1930/177 1846/1932/178 1845/1931/178 1843/1929/177
f 1846/1932/178 1848/1934/179 1847/1933/179 1845/1931/178
f 1848/1934/179 1850/1936/180 1849/1935/180 1847/1933/179
f 1850/1936/180 1852/1938/181 1851/1937/181 1849/1935/180
f 1852/1938/181 1854/1940/182 1853/1939/182 1851/1937/181
f 1854/1941/182 1674/1944/100 1673/1943/100 1853/1942/182
f 1856/1945/183 1858/1948/184 1857/1947/184 1855/1946/183
f 1858/1948/184 1860/1950/185 1859/1949/185 1857/1947/184
f 1860/1950/185 1862/1952/186 1861/1951/186 1859/1949/185
f 1862/1952/186 1864/1954/187 1863/1953/187 1861/1951/186
f 1864/1954/187 1866/1956/188 1865/1955/188 1863/1953/187
f 1866/1956/188 1868/1958/189 1867/1957/189 1865/1955/188
f 1868/1958/189 1870/1960/190 1869/1959/190 1867/1957/189
f 1870/1960/190 1872/1962/191 1871/1961/191 1869/1959/190
f 1872/1962/191 1874/1964/192 1873/1963/192 1871/1961/191
f 1874/1964/192 1876/1966/193 1875/1965/193 1873/1963/192
f 1876/1966/193 1878/1968/194 1877/1967/194 1875/1965/193
f 1878/1968/194 1880/1970/195 1879/1969/195 1877/1967/194
f 1880/1970/195 1882/1972/113 1881/1971/113 1879/1969/195
f 1882/1972/113 1884/1974/196 1883/1973/196 1881/1971/113
f 1884/1974/196 1886/1976/115 1885/1975/115 1883/1973/196
f 1886/1976/115 1888/1978/116 1887/1977/116 1885/1975/115
f 1888/1978/116 1890/1980/117 1889/1979/117 1887/1977/116
f 1890/1980/117 1892/1982/118 1891/1981/118 1889/1979/117
f 1892/1982/118 1894/1984/119 1893/1983/119 1891/1981/118
f 1894/1984/119 1896/1986/197 1895/1985/197 1893/1983/119
f 1896/1986/197 1898/1988/198 1897/1987/198 1895/1985/197
f 1898/1988/198 1900/1990/199 1899/1989/199 1897/1987/198
f 1900/1990/199 1902/1992/123 1901/1991/123 1899/1989/199
f 1902/1992/123 1904/1994/200 1903/1993/200 1901/1991/123
f 1904/1995/200 1906/1998/201 1905/1997/201 1903/1996/200
f 1906/1998/201 1908/2000/202 1907/1999/202 1905/1997/201
f 1908/2000/202 1910/2002/203 1909/2001/203 1907/1999/202
f 1910/2003/203 1912/2006/204 1911/2005/204 1909/2004/203
f 1912/2006/204 1914/2008/205 1913/2007/205 1911/2005/204
f 1914/2008/205 1916/2010/206 1915/2009/206 1913/2007/205
f 1916/2010/206 1918/2012/207 1917/2011/207 1915/2009/206
f 1918/2012/207 1920/2014/208 1919/2013/208 1917/2011/207
f 1920/2014/208 1922/2016/209 1921/2015/209 1919/2013/208
f 1922/2016/209 1924/2018/210 1923/2017/210 1921/2015/209
f 1924/2018/210 1926/2020/211 1925/2019/211 1923/2017/210
f 1926/2020/211 1928/2022/212 1927/2021/212 1925/2019/211
f 1928/2022/212 1930/2024/213 1929/2023/213 1927/2021/212
f 1930/2024/213 1932/2026/214 1931/2025/214 1929/2023/213
f 1932/2026/214 1934/2028/215 1933/2027/215 1931/2025/214
f 1934/2029/215 1936/2032/202 1935/2031/202 1933/2030/215
f 1936/2032/202 1938/2034/216 1937/2033/216 1935/2031/202
f 1938/2035/216 1940/2038/217 1939/2037/217 1937/2036/216
f 1940/2038/217 1942/2040/218 1941/2039/218 1939/2037/217
f 1942/2040/218 1944/2042/219 1943/2041/219 1941/2039/218
f 1944/2042/219 1946/2044/220 1945/2043/220 1943/2041/219
f 1946/2044/220 1948/2046/221 1947/2045/221 1945/2043/220
f 1948/2046/221 1950/2048/209 1949/2047/209 1947/2045/221
f 1950/2048/209 1952/2050/222 1951/2049/222 1949/2047/209
f 1952/2050/222 1954/2052/223 1953/2051/223 1951/2049/222
f 1954/2052/223 1956/2054/224 1955/2053/224 1953/2051/223
f 1956/2054/224 1958/2056/225 1957/2055/225 1955/2053/224
f 1958/2056/225 1960/2058/214 1959/2057/214 1957/2055/225
f 1960/2058/214 1962/2060/72 1961/2059/72 1959/2057/214
f 1962/2060/72 1964/2062/73 1963/2061/73 1961/2059/72
f 1964/2062/73 1966/2064/226 1965/2063/226 1963/2061/73
f 1966/2064/226 1968/2066/75 1967/2065/75 1965/2063/226
f 1968/2066/75 1970/2068/76 1969/2067/76 1967/2065/75
f 1970/2068/76 1972/2070/227 1971/2069/227 1969/2067/76
f 1972/2070/227 1974/2072/228 1973/2071/228 1971/2069/227
f 1974/2072/228 1976/2074/229 1975/2073/229 1973/2071/228
f 1976/2074/229 1978/2076/230 1977/2075/230 1975/2073/229
f 1978/2076/230 1980/2078/81 1979/2077/81 1977/2075/230
f 1980/2078/81 1982/2080/231 1981/2079/231 1979/2077/81
f 1982/2080/231 1984/2082/232 1983/2081/232 1981/2079/231
f 1984/2083/232 1986/2086/233 1985/2085/233 1983/2084/232
f 1986/2086/233 1988/2088/234 1987/2087/234 1985/2085/233
f 1988/2089/234 1990/2092/72 1989/2091/72 1987/2090/234
f 1990/2092/72 1992/2094/235 1991/2093/235 1989/2091/72
f 1992/2094/235 1994/2096/226 1993/2095/226 1991/2093/235
f 1994/2096/226 1996/2098/236 1995/2097/236 1993/2095/226
f 1996/2098/236 1998/2100/170 1997/2099/170 1995/2097/236
f 1998/2100/170 2000/2102/227 1999/2101/227 1997/2099/170
f 2000/2102/227 2002/2104/237 2001/2103/237 1999/2101/227
f 2002/2104/237 2004/2106/229 2003/2105/229 2001/2103/237
f 2004/2106/229 2006/2108/230 2005/2107/230 2003/2105/229
f 2006/2108/230 2008/2110/238 2007/2109/238 2005/2107/230
f 2008/2110/238 2010/2112/239 2009/2111/239 2007/2109/238
f 2010/2112/239 2012/2114/240 2011/2113/240 2009/2111/239
f 2012/2115/240 2014/2118/241 2013/2117/241 2011/2116/240
f 2014/2118/241 1856/2120/183 1855/2119/183 2013/2117/241
f 2016/2121/242 2018/2124/243 2017/2123/243 2015/2122/242
f 2018/2124/243 2020/2126/244 2019/2125/244 2017/2123/243
f 2020/2126/244 2022/2128/245 2021/2127/245 2019/2125/244
f 2022/2128/245 2024/2130/246 2023/2129/246 2021/2127/245
f 2024/2130/246 2026/2132/106 2025/2131/106 2023/2129/246
f 2026/2132/106 2028/2134/247 2027/2133/247 2025/2131/106
f 2028/2134/247 2030/2136/248 2029/2135/248 2027/2133/247
f 2030/2136/248 2032/2138/249 2031/2137/249 2029/2135/248
f 2032/2138/249 2034/2140/250 2033/2139/250 2031/2137/249
f 2034/2140/250 2036/2142/251 2035/2141/251 2033/2139/250
f 2036/2142/251 2038/2144/252 2037/2143/252 2035/2141/251
f 2038/2144/252 2040/2146/253 2039/2145/253 2037/2143/252
f 2040/2146/253 2042/2148/254 2041/2147/254 2039/2145/253
f 2042/2148/254 2044/2150/255 2043/2149/255 2041/2147/254
f 2044/2150/255 2046/2152/256 2045/2151/256 2043/2149/255
f 2046/2152/256 2048/2154/257 2047/2153/257 2045/2151/256
f 2048/2154/257 2050/2156/258 2049/2155/258 2047/2153/257
f 2050/2156/258 2052/2158/259 2051/2157/259 2049/2155/258
f 2052/2158/259 2054/2160/260 2053/2159/260 2051/2157/259
f 2054/2160/260 2056/2162/261 2055/2161/261 2053/2159/260
f 2056/2162/261 2058/2164/262 2057/2163/262 2055/2161/261
f 2058/2164/262 2060/2166/263 2059/2165/263 2057/2163/262
f 2060/2166/263 2062/2168/264 2061/2167/264 2059/2165/263
f 2062/2168/264 2064/2170/265 2063/2169/265 2061/2167/264
f 2064/2170/265 2066/2172/266 2065/2171/266 2063/2169/265
f 2066/2173/266 2068/2176/146 2067/2175/146 2065/2174/266
f 2068/2177/146 2070/2180/267 2069/2179/267 2067/2178/146
f 2070/2180/267 2072/2182/268 2071/2181/268 2069/2179/267
f 2072/2182/268 2074/2184/269 2073/2183/269 2071/2181/268
f 2074/2184/269 2076/2186/270 2075/2185/270 2073/2183/269
f 2076/2186/270 2078/2188/271 2077/2187/271 2075/2185/270
f 2078/2188/271 2080/2190/272 2079/2189/272 2077/2187/271
f 2080/2190/272 2082/2192/273 2081/2191/273 2079/2189/272
f 2082/2192/273 2084/2194/274 2083/2193/274 2081/2191/273
f 2084/2194/274 2086/2196/275 2085/2195/275 2083/2193/274
f 2086/2196/275 2088/2198/276 2087/2197/276 2085/2195/275
f 2088/2198/276 2090/2200/277 2089/2199/277 2087/2197/276
f 2090/2200/277 2092/2202/278 2091/2201/278 2089/2199/277
f 2092/2202/278 2094/2204/279 2093/2203/279 2091/2201/278
f 2094/2204/279 2096/2206/280 2095/2205/280 2093/2203/279
f 2096/2206/280 2098/2208/281 2097/2207/281 2095/2205/280
f 2098/2208/281 2100/2210/282 2099/2209/282 2097/2207/281
f 2100/2210/282 2102/2212/283 2101/2211/283 2099/2209/282
f 2102/2212/283 2104/2214/284 2103/2213/284 2101/2211/283
f 2104/2214/284 2106/2216/285 2105/2215/285 2103/2213/284
f 2106/2216/285 2108/2218/286 2107/2217/286 2105/2215/285
f 2108/2218/286 2110/2220/287 2109/2219/287 2107/2217/286
f 2110/2220/287 2112/2222/288 2111/2221/288 2109/2219/287
f 2112/2222/288 2114/2224/289 2113/2223/289 2111/2221/288
f 2114/2224/289 2116/2226/290 2115/2225/290 2113/2223/289
f 2116/2226/290 2118/2228/291 2117/2227/291 2115/2225/290
f 2118/2229/291 2016/2232/242 2015/2231/242 2117/2230/291
f 2120/2233/126 2119/2236/126 2121/2235/127 2122/2234/127
f 2122/2237/127 2121/2240/127 2123/2239/234 2124/2238/234
f 2124/2241/234 2123/2244/234 2125/2243/215 2126/2242/215
f 2126/2245/215 2125/2248/215 2119/2247/126 2120/2246/126
f 2128/2249/292 2130/2252/293 2129/2251/293 2127/2250/292
f 2130/2252/293 2132/2254/294 2131/2253/294 2129/2251/293
f 2132/2254/294 2134/2256/295 2133/2255/295 2131/2253/294
f 2134/2256/295 2136/2258/296 2135/2257/296 2133/2255/295
f 2136/2258/296 2138/2260/297 2137/2259/297 2135/2257/296
f 2138/2260/297 2140/2262/298 2139/2261/298 2137/2259/297
f 2140/2262/298 2142/2264/299 2141/2263/299 2139/2261/298
f 2142/2264/299 2144/2266/300 2143/2265/300 2141/2263/299
f 2144/2266/300 2146/2268/301 2145/2267/301 2143/2265/300
f 2146/2268/301 2148/2270/302 2147/2269/302 2145/2267/301
f 2148/2270/302 2150/2272/252 2149/2271/252 2147/2269/302
f 2150/2272/252 2152/2274/303 2151/2273/303 2149/2271/252
f 2152/2274/303 2154/2276/304 2153/2275/304 2151/2273/303
f 2154/2276/304 2156/2278/305 2155/2277/305 2153/2275/304
f 2156/2278/305 2158/2280/306 2157/2279/306 2155/2277/305
f 2158/2280/306 2160/2282/307 2159/2281/307 2157/2279/306
f 2160/2282/307 2162/2284/308 2161/2283/308 2159/2281/307
f 2162/2284/308 2164/2286/309 2163/2285/309 2161/2283/308
f 2164/2286/309 2166/2288/310 2165/2287/310 2163/2285/309
f 2166/2288/310 2168/2290/311 2167/2289/311 2165/2287/310
f 2168/2290/311 2170/2292/312 2169/2291/312 2167/2289/311
f 2170/2292/312 2172/2294/313 2171/2293/313 2169/2291/312
f 2172/2294/313 2174/2296/96 2173/2295/96 2171/2293/313
f 2174/2296/96 2176/2298/314 2175/2297/314 2173/2295/96
f 2176/2299/314 2178/2302/315 2177/2301/315 2175/2300/314
f 2178/2302/315 2180/2304/202 2179/2303/202 2177/2301/315
f 2180/2304/202 2182/2306/203 2181/2305/203 2179/2303/202
f 2182/2307/203 2184/2310/204 2183/2309/204 2181/2308/203
f 2184/2310/204 2186/2312/316 2185/2311/316 2183/2309/204
f 2186/2312/316 2188/2314/219 2187/2313/219 2185/2311/316
f 2188/2314/219 2190/2316/317 2189/2315/317 2187/2313/219
f 2190/2316/317 2192/2318/318 2191/2317/318 2189/2315/317
f 2192/2318/318 2194/2320/209 2193/2319/209 2191/2317/318
f 2194/2320/209 2196/2322/319 2195/2321/319 2193/2319/209
f 2196/2322/319 2198/2324/223 2197/2323/223 2195/2321/319
f 2198/2324/223 2200/2326/320 2199/2325/320 2197/2323/223
f 2200/2326/320 2202/2328/213 2201/2327/213 2199/2325/320
f 2202/2328/213 2204/2330/214 2203/2329/214 2201/2327/213
f 2204/2330/214 2206/2332/215 2205/2331/215 2203/2329/214
f 2206/2333/215 2208/2336/126 2207/2335/126 2205/2334/215
f 2208/2337/126 2210/2340/321 2209/2339/321 2207/2338/126
f 2210/2340/321 2212/2342/322 2211/2341/322 2209/2339/321
f 2212/2342/322 2214/2344/323 2213/2343/323 2211/2341/322
f 2214/2344/323 2216/2346/324 2215/2345/324 2213/2343/323
f 2216/2346/324 2218/2348/325 2217/2347/325 2215/2345/324
f 2218/2348/325 2220/2350/326 2219/2349/326 2217/2347/325
f 2220/2350/326 2222/2352/327 2221/2351/327 2219/2349/326
f 2222/2352/327 2224/2354/328 2223/2353/328 2221/2351/327
f 2224/2354/328 2226/2356/329 2225/2355/329 2223/2353/328
f 2226/2356/329 2228/2358/330 2227/2357/330 2225/2355/329
f 2228/2358/330 2230/2360/331 2229/2359/331 2227/2357/330
f 2230/2360/331 2232/2362/332 2231/2361/332 2229/2359/331
f 2232/2363/332 2234/2366/333 2233/2365/333 2231/2364/332
f 2234/2366/333 2236/2368/202 2235/2367/202 2233/2365/333
f 2236/2368/202 2238/2370/203 2237/2369/203 2235/2367/202
f 2238/2371/203 2240/2374/204 2239/2373/204 2237/2372/203
f 2240/2374/204 2242/2376/218 2241/2375/218 2239/2373/204
f 2242/2376/218 2244/2378/219 2243/2377/219 2241/2375/218
f 2244/2378/219 2246/2380/317 2245/2379/317 2243/2377/219
f 2246/2380/317 2248/2382/318 2247/2381/318 2245/2379/317
f 2248/2382/318 2250/2384/209 2249/2383/209 2247/2381/318
f 2250/2384/209 2252/2386/334 2251/2385/334 2249/2383/209
f 2252/2386/334 2254/2388/223 2253/2387/223 2251/2385/334
f 2254/2388/223 2256/2390/212 2255/2389/212 2253/2387/223
f 2256/2390/212 2258/2392/225 2257/2391/225 2255/2389/212
f 2258/2392/225 2260/2394/214 2259/2393/214 2257/2391/225
f 2260/2394/214 2262/2396/335 2261/2395/335 2259/2393/214
f 2262/2396/335 2264/2398/336 2263/2397/336 2261/2395/335
f 2264/2398/336 2266/2400/337 2265/2399/337 2263/2397/336
f 2266/2400/337 2268/2402/338 2267/2401/338 2265/2399/337
f 2268/2402/338 2270/2404/339 2269/2403/339 2267/2401/338
f 2270/2404/339 2272/2406/340 2271/2405/340 2269/2403/339
f 2272/2406/340 2274/2408/341 2273/2407/341 2271/2405/340
f 2274/2408/341 2276/2410/342 2275/2409/342 2273/2407/341
f 2276/2410/342 2278/2412/343 2277/2411/343 2275/2409/342
f 2278/2412/343 2280/2414/344 2279/2413/344 2277/2411/343
f 2280/2414/344 2282/2416/345 2281/2415/345 2279/2413/344
f 2282/2416/345 2284/2418/346 2283/2417/346 2281/2415/345
f 2284/2418/346 2286/2420/291 2285/2419/291 2283/2417/346
f 2286/2421/291 2128/2424/292 2127/2423/292 2285/2422/291
f 2288/2425/347 2290/2428/348 2289/2427/348 2287/2426/347
f 2290/2428/348 2292/2430/349 2291/2429/349 2289/2427/348
f 2292/2430/349 2294/2432/350 2293/2431/350 2291/2429/349
f 2294/2432/350 2296/2434/351 2295/2433/351 2293/2431/350
f 2296/2434/351 2298/2436/352 2297/2435/352 2295/2433/351
f 2298/2436/352 2300/2438/353 2299/2437/353 2297/2435/352
f 2300/2438/353 2302/2440/354 2301/2439/354 2299/2437/353
f 2302/2440/354 2304/2442/355 2303/2441/355 2301/2439/354
f 2304/2442/355 2306/2444/356 2305/2443/356 2303/2441/355
f 2306/2444/356 2308/2446/357 2307/2445/357 2305/2443/356
f 2308/2446/357 2310/2448/358 2309/2447/358 2307/2445/357
f 2310/2448/358 2312/2450/359 2311/2449/359 2309/2447/358
f 2312/2450/359 2314/2452/360 2313/2451/360 2311/2449/359
f 2314/2452/360 2316/2454/361 2315/2453/361 2313/2451/360
f 2316/2454/361 2318/2456/362 2317/2455/362 2315/2453/361
f 2318/2456/362 2320/2458/363 2319/2457/363 2317/2455/362
f 2320/2458/363 2322/2460/364 2321/2459/364 2319/2457/363
f 2322/2460/364 2324/2462/365 2323/2461/365 2321/2459/364
f 2324/2462/365 2326/2464/366 2325/2463/366 2323/2461/365
f 2326/2464/366 2328/2466/367 2327/2465/367 2325/2463/366
f 2328/2466/367 2330/2468/368 2329/2467/368 2327/2465/367
f 2330/2468/368 2332/2470/369 2331/2469/369 2329/2467/368
f 2332/2470/369 2334/2472/370 2333/2471/370 2331/2469/369
f 2334/2472/370 2336/2474/371 2335/2473/371 2333/2471/370
f 2336/2474/371 2338/2476/372 2337/2475/372 2335/2473/371
f 2338/2477/372 2340/2480/373 2339/2479/373 2337/2478/372
f 2340/2481/373 2342/2484/3 2341/2483/3 2339/2482/373
f 2342/2485/3 2344/2488/374 2343/2487/374 2341/2486/3
f 2344/2489/374 2346/2492/202 2345/2491/202 2343/2490/374
f 2346/2492/202 2348/2494/216 2347/2493/216 2345/2491/202
f 2348/2495/216 2350/2498/217 2349/2497/217 2347/2496/216
f 2350/2498/217 2352/2500/205 2351/2499/205 2349/2497/217
f 2352/2500/205 2354/2502/206 2353/2501/206 2351/2499/205
f 2354/2502/206 2356/2504/207 2355/2503/207 2353/2501/206
f 2356/2504/207 2358/2506/149 2357/2505/149 2355/2503/207
f 2358/2506/149 2360/2508/375 2359/2507/375 2357/2505/149
f 2360/2508/375 2362/2510/334 2361/2509/334 2359/2507/375
f 2362/2510/334 2364/2512/223 2363/2511/223 2361/2509/334
f 2364/2512/223 2366/2514/224 2365/2513/224 2363/2511/223
f 2366/2514/224 2368/2516/225 2367/2515/225 2365/2513/224
f 2368/2516/225 2370/2518/214 2369/2517/214 2367/2515/225
f 2370/2518/214 2372/2520/72 2371/2519/72 2369/2517/214
f 2372/2520/72 2374/2522/73 2373/2521/73 2371/2519/72
f 2374/2522/73 2376/2524/74 2375/2523/74 2373/2521/73
f 2376/2524/74 2378/2526/376 2377/2525/376 2375/2523/74
f 2378/2526/376 2380/2528/76 2379/2527/76 2377/2525/376
f 2380/2528/76 2382/2530/377 2381/2529/377 2379/2527/76
f 2382/2530/377 2384/2532/78 2383/2531/78 2381/2529/377
f 2384/2532/78 2386/2534/378 2385/2533/378 2383/2531/78
f 2386/2534/378 2388/2536/379 2387/2535/379 2385/2533/378
f 2388/2536/379 2390/2538/380 2389/2537/380 2387/2535/379
f 2390/2538/380 2392/2540/381 2391/2539/381 2389/2537/380
f 2392/2540/381 2394/2542/232 2393/2541/232 2391/2539/381
f 2394/2543/232 2396/2546/233 2395/2545/233 2393/2544/232
f 2396/2546/233 2398/2548/234 2397/2547/234 2395/2545/233
f 2398/2549/234 2400/2552/215 2399/2551/215 2397/2550/234
f 2400/2553/215 2402/2556/382 2401/2555/382 2399/2554/215
f 2402/2556/382 2404/2558/383 2403/2557/383 2401/2555/382
f 2404/2559/383 2406/2562/384 2405/2561/384 2403/2560/383
f 2406/2562/384 2408/2564/385 2407/2563/385 2405/2561/384
f 2408/2564/385 2410/2566/386 2409/2565/386 2407/2563/385
f 2410/2566/386 2412/2568/387 2411/2567/387 2409/2565/386
f 2412/2568/387 2414/2570/388 2413/2569/388 2411/2567/387
f 2414/2570/388 2416/2572/389 2415/2571/389 2413/2569/388
f 2416/2572/389 2418/2574/390 2417/2573/390 2415/2571/389
f 2418/2574/390 2420/2576/391 2419/2575/391 2417/2573/390
f 2420/2576/391 2422/2578/392 2421/2577/392 2419/2575/391
f 2422/2578/392 2424/2580/393 2423/2579/393 2421/2577/392
f 2424/2580/393 2426/2582/394 2425/2581/394 2423/2579/393
f 2426/2582/394 2428/2584/72 2427/2583/72 2425/2581/394
f 2428/2584/72 2430/2586/73 2429/2585/73 2427/2583/72
f 2430/2586/73 2432/2588/226 2431/2587/226 2429/2585/73
f 2432/2588/226 2434/2590/75 2433/2589/75 2431/2587/226
f 2434/2590/75 2436/2592/395 2435/2591/395 2433/2589/75
f 2436/2592/395 2438/2594/396 2437/2593/396 2435/2591/395
f 2438/2594/396 2440/2596/397 2439/2595/397 2437/2593/396
f 2440/2596/397 2442/2598/398 2441/2597/398 2439/2595/397
f 2442/2598/398 2444/2600/399 2443/2599/399 2441/2597/398
f 2444/2600/399 2446/2602/400 2445/2601/400 2443/2599/399
f 2446/2602/400 2448/2604/381 2447/2603/381 2445/2601/400
f 2448/2604/381 2450/2606/401 2449/2605/401 2447/2603/381
f 2450/2607/401 2452/2610/241 2451/2609/241 2449/2608/401
f 2452/2610/241 2288/2612/347 2287/2611/347 2451/2609/241
f 2454/2613/126 2453/2616/126 2455/2615/127 2456/2614/127
f 2456/2617/127 2455/2620/127 2457/2619/234 2458/2618/234
f 2458/2621/234 2457/2624/234 2459/2623/215 2460/2622/215
f 2460/2625/215 2459/2628/215 2453/2627/126 2454/2626/126
f 2462/2629/100 2464/2632/101 2463/2631/101 2461/2630/100
f 2464/2632/101 2466/2634/402 2465/2633/402 2463/2631/101
f 2466/2634/402 2468/2636/403 2467/2635/403 2465/2633/402
f 2468/2636/403 2470/2638/404 2469/2637/404 2467/2635/403
f 2470/2638/404 2472/2640/405 2471/2639/405 2469/2637/404
f 2472/2640/405 2474/2642/406 2473/2641/406 2471/2639/405
f 2474/2642/406 2476/2644/407 2475/2643/407 2473/2641/406
f 2476/2644/407 2478/2646/408 2477/2645/408 2475/2643/407
f 2478/2646/408 2480/2648/409 2479/2647/409 2477/2645/408
f 2480/2648/409 2482/2650/410 2481/2649/410 2479/2647/409
f 2482/2650/410 2484/2652/411 2483/2651/411 2481/2649/410
f 2484/2652/411 2486/2654/112 2485/2653/112 2483/2651/411
f 2486/2654/112 2488/2656/412 2487/2655/412 2485/2653/112
f 2488/2656/412 2490/2658/413 2489/2657/413 2487/2655/412
f 2490/2658/413 2492/2660/414 2491/2659/414 2489/2657/413
f 2492/2660/414 2494/2662/415 2493/2661/415 2491/2659/414
f 2494/2662/415 2496/2664/416 2495/2663/416 2493/2661/415
f 2496/2664/416 2498/2666/417 2497/2665/417 2495/2663/416
f 2498/2666/417 2500/2668/418 2499/2667/418 2497/2665/417
f 2500/2668/418 2502/2670/419 2501/2669/419 2499/2667/418
f 2502/2670/419 2504/2672/420 2503/2671/420 2501/2669/419
f 2504/2672/420 2506/2674/421 2505/2673/421 2503/2671/420
f 2506/2674/421 2508/2676/422 2507/2675/422 2505/2673/421
f 2508/2676/422 2510/2678/423 2509/2677/423 2507/2675/422
f 2510/2679/423 2512/2682/424 2511/2681/424 2509/2680/423
f 2512/2682/424 2514/2684/382 2513/2683/382 2511/2681/424
f 2514/2684/382 2516/2686/383 2515/2685/383 2513/2683/382
f 2516/2687/383 2518/2690/384 2517/2689/384 2515/2688/383
f 2518/2690/384 2520/2692/425 2519/2691/425 2517/2689/384
f 2520/2692/425 2522/2694/426 2521/2693/426 2519/2691/425
f 2522/2694/426 2524/2696/427 2523/2695/427 2521/2693/426
f 2524/2696/427 2526/2698/428 2525/2697/428 2523/2695/427
f 2526/2698/428 2528/2700/429 2527/2699/429 2525/2697/428
f 2528/2700/429 2530/2702/430 2529/2701/430 2527/2699/429
f 2530/2702/430 2532/2704/431 2531/2703/431 2529/2701/430
f 2532/2704/431 2534/2706/432 2533/2705/432 2531/2703/431
f 2534/2706/432 2536/2708/393 2535/2707/393 2533/2705/432
f 2536/2708/393 2538/2710/394 2537/2709/394 2535/2707/393
f 2538/2710/394 2540/2712/215 2539/2711/215 2537/2709/394
f 2540/2713/215 2542/2716/126 2541/2715/126 2539/2714/215
f 2542/2717/126 2544/2720/433 2543/2719/433 2541/2718/126
f 2544/2720/433 2546/2722/322 2545/2721/322 2543/2719/433
f 2546/2722/322 2548/2724/323 2547/2723/323 2545/2721/322
f 2548/2724/323 2550/2726/434 2549/2725/434 2547/2723/323
f 2550/2726/434 2552/2728/435 2551/2727/435 2549/2725/434
f 2552/2728/435 2554/2730/436 2553/2729/436 2551/2727/435
f 2554/2730/436 2556/2732/327 2555/2731/327 2553/2729/436
f 2556/2732/327 2558/2734/437 2557/2733/437 2555/2731/327
f 2558/2734/437 2560/2736/329 2559/2735/329 2557/2733/437
f 2560/2736/329 2562/2738/438 2561/2737/438 2559/2735/329
f 2562/2738/438 2564/2740/439 2563/2739/439 2561/2737/438
f 2564/2740/439 2566/2742/440 2565/2741/440 2563/2739/439
f 2566/2743/440 2568/2746/333 2567/2745/333 2565/2744/440
f 2568/2746/333 2570/2748/202 2569/2747/202 2567/2745/333
f 2570/2748/202 2572/2750/216 2571/2749/216 2569/2747/202
f 2572/2751/216 2574/2754/217 2573/2753/217 2571/2752/216
f 2574/2754/217 2576/2756/205 2575/2755/205 2573/2753/217
f 2576/2756/205 2578/2758/206 2577/2757/206 2575/2755/205
f 2578/2758/206 2580/2760/441 2579/2759/441 2577/2757/206
f 2580/2760/441 2582/2762/318 2581/2761/318 2579/2759/441
f 2582/2762/318 2584/2764/442 2583/2763/442 2581/2761/318
f 2584/2764/442 2586/2766/334 2585/2765/334 2583/2763/442
f 2586/2766/334 2588/2768/223 2587/2767/223 2585/2765/334
f 2588/2768/223 2590/2770/212 2589/2769/212 2587/2767/223
f 2590/2770/212 2592/2772/213 2591/2771/213 2589/2769/212
f 2592/2772/213 2594/2774/443 2593/2773/443 2591/2771/213
f 2594/2774/443 2596/2776/215 2595/2775/215 2593/2773/443
f 2596/2777/215 2598/2780/126 2597/2779/126 2595/2778/215
f 2598/2781/126 2600/2784/444 2599/2783/444 2597/2782/126
f 2600/2784/444 2602/2786/445 2601/2785/445 2599/2783/444
f 2602/2786/445 2604/2788/414 2603/2787/414 2601/2785/445
f 2604/2788/414 2606/2790/415 2605/2789/415 2603/2787/414
f 2606/2790/415 2608/2792/416 2607/2791/416 2605/2789/415
f 2608/2792/416 2610/2794/417 2609/2793/417 2607/2791/416
f 2610/2794/417 2612/2796/418 2611/2795/418 2609/2793/417
f 2612/2796/418 2614/2798/419 2613/2797/419 2611/2795/418
f 2614/2798/419 2616/2800/420 2615/2799/420 2613/2797/419
f 2616/2800/420 2618/2802/446 2617/2801/446 2615/2799/420
f 2618/2802/446 2620/2804/422 2619/2803/422 2617/2801/446
f 2620/2804/422 2622/2806/423 2621/2805/423 2619/2803/422
f 2622/2807/423 2624/2810/424 2623/2809/424 2621/2808/423
f 2624/2810/424 2626/2812/382 2625/2811/382 2623/2809/424
f 2626/2812/382 2628/2814/383 2627/2813/383 2625/2811/382
f 2628/2815/383 2630/2818/384 2629/2817/384 2627/2816/383
f 2630/2818/384 2632/2820/425 2631/2819/425 2629/2817/384
f 2632/2820/425 2634/2822/426 2633/2821/426 2631/2819/425
f 2634/2822/426 2636/2824/427 2635/2823/427 2633/2821/426
f 2636/2824/427 2638/2826/447 2637/2825/447 2635/2823/427
f 2638/2826/447 2640/2828/448 2639/2827/448 2637/2825/447
f 2640/2828/448 2642/2830/449 2641/2829/449 2639/2827/448
f 2642/2830/449 2644/2832/450 2643/2831/450 2641/2829/449
f 2644/2832/450 2646/2834/451 2645/2833/451 2643/2831/450
f 2646/2834/451 2648/2836/452 2647/2835/452 2645/2833/451
f 2648/2836/452 2650/2838/394 2649/2837/394 2647/2835/452
f 2650/2838/394 2652/2840/453 2651/2839/453 2649/2837/394
f 2652/2840/453 2654/2842/454 2653/2841/454 2651/2839/453
f 2654/2842/454 2656/2844/455 2655/2843/455 2653/2841/454
f 2656/2844/455 2658/2846/456 2657/2845/456 2655/2843/455
f 2658/2846/456 2660/2848/457 2659/2847/457 2657/2845/456
f 2660/2848/457 2662/2850/458 2661/2849/458 2659/2847/457
f 2662/2850/458 2664/2852/459 2663/2851/459 2661/2849/458
f 2664/2852/459 2666/2854/460 2665/2853/460 2663/2851/459
f 2666/2854/460 2668/2856/461 2667/2855/461 2665/2853/460
f 2668/2856/461 2670/2858/462 2669/2857/462 2667/2855/461
f 2670/2858/462 2672/2860/463 2671/2859/463 2669/2857/462
f 2672/2860/463 2674/2862/464 2673/2861/464 2671/2859/463
f 2674/2863/464 2676/2866/465 2675/2865/465 2673/2864/464
f 2676/2866/465 2462/2868/100 2461/2867/100 2675/2865/465
f 2678/2869/183 2680/2872/184 2679/2871/184 2677/2870/183
f 2680/2872/184 2682/2874/466 2681/2873/466 2679/2871/184
f 2682/2874/466 2684/2876/467 2683/2875/467 2681/2873/466
f 2684/2876/467 2686/2878/468 2685/2877/468 2683/2875/467
f 2686/2878/468 2688/2880/469 2687/2879/469 2685/2877/468
f 2688/2880/469 2690/2882/189 2689/2881/189 2687/2879/469
f 2690/2882/189 2692/2884/470 2691/2883/470 2689/2881/189
f 2692/2884/470 2694/2886/471 2693/2885/471 2691/2883/470
f 2694/2886/471 2696/2888/472 2695/2887/472 2693/2885/471
f 2696/2888/472 2698/2890/473 2697/2889/473 2695/2887/472
f 2698/2890/473 2700/2892/474 2699/2891/474 2697/2889/473
f 2700/2892/474 2702/2894/195 2701/2893/195 2699/2891/474
f 2702/2894/195 2704/2896/113 2703/2895/113 2701/2893/195
f 2704/2896/113 2706/2898/114 2705/2897/114 2703/2895/113
f 2706/2898/114 2708/2900/475 2707/2899/475 2705/2897/114
f 2708/2900/475 2710/2902/476 2709/2901/476 2707/2899/475
f 2710/2902/476 2712/2904/117 2711/2903/117 2709/2901/476
f 2712/2904/117 2714/2906/477 2713/2905/477 2711/2903/117
f 2714/2906/477 2716/2908/478 2715/2907/478 2713/2905/477
f 2716/2908/478 2718/2910/479 2717/2909/479 2715/2907/478
f 2718/2910/479 2720/2912/198 2719/2911/198 2717/2909/479
f 2720/2912/198 2722/2914/480 2721/2913/480 2719/2911/198
f 2722/2914/480 2724/2916/481 2723/2915/481 2721/2913/480
f 2724/2916/481 2726/2918/482 2725/2917/482 2723/2915/481
f 2726/2919/482 2728/2922/483 2727/2921/483 2725/2920/482
f 2728/2922/483 2730/2924/484 2729/2923/484 2727/2921/483
f 2730/2924/484 2732/2926/485 2731/2925/485 2729/2923/484
f 2732/2927/485 2734/2930/217 2733/2929/217 2731/2928/485
f 2734/2930/217 2736/2932/316 2735/2931/316 2733/2929/217
f 2736/2932/316 2738/2934/206 2737/2933/206 2735/2931/316
f 2738/2934/206 2740/2936/441 2739/2935/441 2737/2933/206
f 2740/2936/441 2742/2938/486 2741/2937/486 2739/2935/441
f 2742/2938/486 2744/2940/442 2743/2939/442 2741/2937/486
f 2744/2940/442 2746/2942/210 2745/2941/210 2743/2939/442
f 2746/2942/210 2748/2944/211 2747/2943/211 2745/2941/210
f 2748/2944/211 2750/2946/320 2749/2945/320 2747/2943/211
f 2750/2946/320 2752/2948/213 2751/2947/213 2749/2945/320
f 2752/2948/213 2754/2950/214 2753/2949/214 2751/2947/213
f 2754/2950/214 2756/2952/215 2755/2951/215 2753/2949/214
f 2756/2953/215 2758/2956/484 2757/2955/484 2755/2954/215
f 2758/2956/484 2760/2958/487 2759/2957/487 2757/2955/484
f 2760/2959/487 2762/2962/488 2761/2961/488 2759/2960/487
f 2762/2962/488 2764/2964/205 2763/2963/205 2761/2961/488
f 2764/2964/205 2766/2966/206 2765/2965/206 2763/2963/205
f 2766/2966/206 2768/2968/441 2767/2967/441 2765/2965/206
f 2768/2968/441 2770/2970/318 2769/2969/318 2767/2967/441
f 2770/2970/318 2772/2972/442 2771/2971/442 2769/2969/318
f 2772/2972/442 2774/2974/334 2773/2973/334 2771/2971/442
f 2774/2974/334 2776/2976/223 2775/2975/223 2773/2973/334
f 2776/2976/223 2778/2978/212 2777/2977/212 2775/2975/223
f 2778/2978/212 2780/2980/225 2779/2979/225 2777/2977/212
f 2780/2980/225 2782/2982/214 2781/2981/214 2779/2979/225
f 2782/2982/214 2784/2984/72 2783/2983/72 2781/2981/214
f 2784/2984/72 2786/2986/73 2785/2985/73 2783/2983/72
f 2786/2986/73 2788/2988/226 2787/2987/226 2785/2985/73
f 2788/2988/226 2790/2990/376 2789/2989/376 2787/2987/226
f 2790/2990/376 2792/2992/489 2791/2991/489 2789/2989/376
f 2792/2992/489 2794/2994/490 2793/2993/490 2791/2991/489
f 2794/2994/490 2796/2996/228 2795/2995/228 2793/2993/490
f 2796/2996/228 2798/2998/229 2797/2997/229 2795/2995/228
f 2798/2998/229 2800/3000/379 2799/2999/379 2797/2997/229
f 2800/3000/379 2802/3002/238 2801/3001/238 2799/2999/379
f 2802/3002/238 2804/3004/491 2803/3003/491 2801/3001/238
f 2804/3004/491 2806/3006/240 2805/3005/240 2803/3003/491
f 2806/3007/240 2808/3010/492 2807/3009/492 2805/3008/240
f 2808/3010/492 2810/3012/234 2809/3011/234 2807/3009/492
f 2810/3013/234 2812/3016/72 2811/3015/72 2809/3014/234
f 2812/3016/72 2814/3018/235 2813/3017/235 2811/3015/72
f 2814/3018/235 2816/3020/226 2815/3019/226 2813/3017/235
f 2816/3020/226 2818/3022/236 2817/3021/236 2815/3019/226
f 2818/3022/236 2820/3024/170 2819/3023/170 2817/3021/236
f 2820/3024/170 2822/3026/493 2821/3025/493 2819/3023/170
f 2822/3026/493 2824/3028/494 2823/3027/494 2821/3025/493
f 2824/3028/494 2826/3030/495 2825/3029/495 2823/3027/494
f 2826/3030/495 2828/3032/496 2827/3031/496 2825/3029/495
f 2828/3032/496 2830/3034/497 2829/3033/497 2827/3031/496
f 2830/3034/497 2832/3036/381 2831/3035/381 2829/3033/497
f 2832/3036/381 2834/3038/498 2833/3037/498 2831/3035/381
f 2834/3039/498 2836/3042/499 2835/3041/499 2833/3040/498
f 2836/3042/499 2678/3044/183 2677/3043/183 2835/3041/499
f 2838/3045/242 2840/3048/243 2839/3047/243 2837/3046/242
f 2840/3048/243 2842/3050/244 2841/3049/244 2839/3047/243
f 2842/3050/244 2844/3052/245 2843/3051/245 2841/3049/244
f 2844/3052/245 2846/3054/246 2845/3053/246 2843/3051/245
f 2846/3054/246 2848/3056/106 2847/3055/106 2845/3053/246
f 2848/3056/106 2850/3058/247 2849/3057/247 2847/3055/106
f 2850/3058/247 2852/3060/248 2851/3059/248 2849/3057/247
f 2852/3060/248 2854/3062/249 2853/3061/249 2851/3059/248
f 2854/3062/249 2856/3064/250 2855/3063/250 2853/3061/249
f 2856/3064/250 2858/3066/251 2857/3065/251 2855/3063/250
f 2858/3066/251 2860/3068/252 2859/3067/252 2857/3065/251
f 2860/3068/252 2862/3070/253 2861/3069/253 2859/3067/252
f 2862/3070/253 2864/3072/254 2863/3071/254 2861/3069/253
f 2864/3072/254 2866/3074/255 2865/3073/255 2863/3071/254
f 2866/3074/255 2868/3076/256 2867/3075/256 2865/3073/255
f 2868/3076/256 2870/3078/257 2869/3077/257 2867/3075/256
f 2870/3078/257 2872/3080/258 2871/3079/258 2869/3077/257
f 2872/3080/258 2874/3082/259 2873/3081/259 2871/3079/258
f 2874/3082/259 2876/3084/500 2875/3083/500 2873/3081/259
f 2876/3084/500 2878/3086/261 2877/3085/261 2875/3083/500
f 2878/3086/261 2880/3088/262 2879/3087/262 2877/3085/261
f 2880/3088/262 2882/3090/263 2881/3089/263 2879/3087/262
f 2882/3090/263 2884/3092/264 2883/3091/264 2881/3089/263
f 2884/3092/264 2886/3094/265 2885/3093/265 2883/3091/264
f 2886/3094/265 2888/3096/266 2887/3095/266 2885/3093/265
f 2888/3097/266 2890/3100/146 2889/3099/146 2887/3098/266
f 2890/3101/146 2892/3104/267 2891/3103/267 2889/3102/146
f 2892/3104/267 2894/3106/268 2893/3105/268 2891/3103/267
f 2894/3106/268 2896/3108/269 2895/3107/269 2893/3105/268
f 2896/3108/269 2898/3110/270 2897/3109/270 2895/3107/269
f 2898/3110/270 2900/3112/271 2899/3111/271 2897/3109/270
f 2900/3112/271 2902/3114/272 2901/3113/272 2899/3111/271
f 2902/3114/272 2904/3116/273 2903/3115/273 2901/3113/272
f 2904/3116/273 2906/3118/274 2905/3117/274 2903/3115/273
f 2906/3118/274 2908/3120/275 2907/3119/275 2905/3117/274
f 2908/3120/275 2910/3122/276 2909/3121/276 2907/3119/275
f 2910/3122/276 2912/3124/277 2911/3123/277 2909/3121/276
f 2912/3124/277 2914/3126/501 2913/3125/501 2911/3123/277
f 2914/3126/501 2916/3128/279 2915/3127/279 2913/3125/501
f 2916/3128/279 2918/3130/280 2917/3129/280 2915/3127/279
f 2918/3130/280 2920/3132/281 2919/3131/281 2917/3129/280
f 2920/3132/281 2922/3134/282 2921/3133/282 2919/3131/281
f 2922/3134/282 2924/3136/283 2923/3135/283 2921/3133/282
f 2924/3136/283 2926/3138/284 2925/3137/284 2923/3135/283
f 2926/3138/284 2928/3140/285 2927/3139/285 2925/3137/284
f 2928/3140/285 2930/3142/286 2929/3141/286 2927/3139/285
f 2930/3142/286 2932/3144/287 2931/3143/287 2929/3141/286
f 2932/3144/287 2934/3146/502 2933/3145/502 2931/3143/287
f 2934/3146/502 2936/3148/289 2935/3147/289 2933/3145/502
f 2936/3148/289 2938/3150/290 2937/3149/290 2935/3147/289
f 2938/3150/290 2940/3152/291 2939/3151/291 2937/3149/290
f 2940/3153/291 2838/3156/242 2837/3155/242 2939/3154/291
f 2942/3157/126 2941/3160/126 2943/3159/127 2944/3158/127
f 2944/3161/127 2943/3164/127 2945/3163/234 2946/3162/234
f 2946/3165/234 2945/3168/234 2947/3167/215 2948/3166/215
f 2948/3169/215 2947/3172/215 2941/3171/126 2942/3170/126
s 0
f 2949/3173/1 2951/3176/1 2952/3175/1 2950/3174/1
f 2951/3177/2 2955/3180/2 2956/3179/2 2952/3178/2
f 2955/3181/3 2953/3184/3 2954/3183/3 2956/3182/3
f 2953/3185/4 2949/3188/4 2950/3187/4 2954/3186/4
f 2951/3189/5 2949/3192/5 2953/3191/5 2955/3190/5
f 2956/3193/6 2954/3196/6 2950/3195/6 2952/3194/6
f 2957/3197/1 2959/3200/1 2960/3199/1 2958/3198/1
f 2959/3201/2 2963/3204/2 2964/3203/2 2960/3202/2
f 2963/3205/3 2961/3208/3 2962/3207/3 2964/3206/3
f 2961/3209/4 2957/3212/4 2958/3211/4 2962/3210/4
f 2959/3213/5 2957/3216/5 2961/3215/5 2963/3214/5
f 2964/3217/6 2962/3220/6 2958/3219/6 2960/3218/6
f 2965/3221/1 2967/3224/1 2968/3223/1 2966/3222/1
f 2967/3225/2 2971/3228/2 2972/3227/2 2968/3226/2
f 2971/3229/3 2969/3232/3 2970/3231/3 2972/3230/3
f 2969/3233/4 2965/3236/4 2966/3235/4 2970/3234/4
f 2967/3237/5 2965/3240/5 2969/3239/5 2971/3238/5
f 2972/3241/6 2970/3244/6 2966/3243/6 2968/3242/6
f 2973/3245/1 2975/3248/1 2976/3247/1 2974/3246/1
f 2975/3249/2 2979/3252/2 2980/3251/2 2976/3250/2
f 2979/3253/3 2977/3256/3 2978/3255/3 2980/3254/3
f 2977/3257/4 2973/3260/4 2974/3259/4 2978/3258/4
f 2975/3261/5 2973/3264/5 2977/3263/5 2979/3262/5
f 2980/3265/6 2978/3268/6 2974/3267/6 2976/3266/6
f 2981/3269/1 2983/3272/1 2984/3271/1 2982/3270/1
f 2983/3273/2 2987/3276/2 2988/3275/2 2984/3274/2
f 2987/3277/3 2985/3280/3 2986/3279/3 2988/3278/3
f 2985/3281/4 2981/3284/4 2982/3283/4 2986/3282/4
f 2983/3285/5 2981/3288/5 2985/3287/5 2987/3286/5
f 2988/3289/6 2986/3292/6 2982/3291/6 2984/3290/6
