# Blender 4.0.2
# www.blender.org
mtllib Car Asset.mtl
o Car_Base
v 0.891212 -0.440251 -2.677027
v 0.844023 0.209280 -1.708194
v 0.726549 0.691225 -1.151425
v 0.926410 -0.387888 -1.183374
v 0.934966 -0.272283 -1.776658
v 0.926411 -0.387870 -1.809248
v 0.891212 -0.410052 -2.677027
v 0.891212 -0.410052 -1.809708
v 0.891212 -0.266458 -1.222577
v 0.915617 -0.378499 -2.741535
v 0.925331 -0.290159 -2.738552
v 0.079203 -0.440251 -2.677027
v 0.079203 0.178188 -1.794425
v 0.079203 0.747567 -1.258255
v 0.604708 -0.005402 -2.677027
v 0.593006 -0.440251 -2.677027
v 0.615437 -0.480677 -1.837872
v 0.079203 0.772175 -0.451913
v 0.079203 -0.095432 -2.677027
v 0.386624 -0.215779 -2.677027
v 0.593006 0.050729 -2.677027
v 0.903367 -0.224977 -2.677186
v 0.909095 -0.095432 -2.677027
v 0.386624 -0.100360 -2.677027
v 0.848999 0.178188 -1.794425
v 0.685881 0.674614 -1.255551
v 0.891212 0.191773 -1.397756
v 0.879538 0.218499 -1.332168
v 0.891212 0.187997 -1.575201
v 0.714874 0.717952 -1.230601
v 0.085666 -0.387870 -1.809248
v 0.891212 -0.457695 -1.821746
v 0.101261 -0.480677 -1.837872
v 0.596315 -0.480677 -1.170538
v 0.605954 -0.282149 -2.738552
v 0.848999 0.056763 -2.635247
v 0.891212 -0.482767 -1.172942
v 0.714874 0.717952 -1.171572
v 0.934965 -0.273703 -1.222304
v 0.891212 -0.269495 -1.777097
v 0.593006 -0.282110 -2.677027
v 0.909095 -0.141969 -1.650026
v 0.909095 -0.146133 -1.349707
v 0.079203 -0.410052 -2.677027
v 0.079203 -0.378499 -2.741534
v 0.079203 -0.282110 -2.677027
v 0.079203 -0.282149 -2.738552
v 0.079203 0.772175 -1.165997
v 0.079203 0.772175 -1.109039
v 0.605367 -0.378499 -2.741534
v 0.593006 -0.410052 -2.677027
v 0.874076 -0.005402 -2.654649
v 0.889629 -0.007331 -2.677027
v 0.714874 0.717952 -0.451913
v 0.894243 -0.100493 -2.677027
v 0.878787 -0.100521 -2.654649
v 0.604708 -0.215779 -2.654649
v 0.604708 -0.215779 -2.677027
v 0.386624 -0.215779 -2.654649
v 0.909095 -0.105924 -1.499151
v 0.889032 -0.214102 -2.677027
v 0.386624 -0.005402 -2.677027
v 0.604708 -0.100360 -2.654649
v 0.604708 -0.005402 -2.654649
v 0.386624 -0.100360 -2.654649
v 0.873500 -0.215779 -2.654649
v 0.386624 -0.005402 -2.654649
v 0.686157 0.700011 -1.318262
v 0.079203 0.208825 -1.707737
v 0.079203 0.194454 -1.692621
v 0.843748 0.194908 -1.693079
v 0.079203 -0.141969 -1.650026
v 0.079203 -0.269495 -1.777097
v 0.079203 -0.105924 -1.499151
v 0.079203 -0.273703 -1.222304
v 0.086075 -0.480677 -1.170538
v 0.079914 -0.270962 -1.161840
v 0.909095 -0.121953 -1.297741
v 0.891212 -0.268535 -1.157410
v 0.926410 -0.387896 -1.121464
v 0.891212 -0.481986 -1.111899
v 0.934965 -0.275070 -1.157160
v 0.593006 -0.473370 -1.111899
v 0.079203 -0.481986 -1.111899
v 0.079203 -0.146133 -1.349707
v 0.079203 0.206442 -1.582666
v 0.079203 0.691225 -1.151425
v 0.079203 0.691225 -0.484360
v 0.593006 -0.473370 -0.499042
v 0.891212 -0.473973 -0.499042
v 0.629817 -0.410052 -1.835747
v 0.896985 -0.289364 -0.502214
v 0.786395 -0.121953 -1.297741
v 0.771157 -0.268535 -1.157410
v 0.636857 0.691225 -1.151425
v 0.771157 -0.289856 -0.502226
v 0.761208 0.206442 -1.582666
v 0.795865 0.218499 -1.332168
v 0.840088 0.225973 0.628290
v 0.688501 0.695876 0.185630
v 0.880469 -0.482482 1.214490
v 0.926409 -0.388189 0.598345
v 0.912979 -0.395652 1.217360
v 0.786826 -0.205265 1.892426
v 0.593006 -0.480677 0.561002
v 0.563841 -0.242538 1.948219
v 0.502810 -0.209098 1.892457
v 0.827794 -0.013683 1.895619
v 0.079203 -0.242675 1.892579
v 0.079203 -0.408281 1.981832
v 0.769759 -0.059987 1.875574
v 0.530328 -0.059987 1.875574
v 0.502810 -0.209223 1.876056
v 0.926409 -0.387979 -0.451913
v 0.079203 -0.473370 -0.451913
v 0.724917 0.694962 0.051308
v 0.079203 0.772175 -0.006438
v 0.845676 -0.134043 1.892216
v 0.079203 -0.134043 1.892216
v 0.769759 -0.134043 1.875815
v 0.502810 -0.134043 1.875815
v 0.891212 0.191773 0.649916
v 0.079203 0.729026 0.098274
v 0.726549 0.691225 -0.484360
v 0.714874 0.717952 0.065880
v 0.867624 -0.289856 -0.502226
v 0.903723 -0.107515 0.904428
v 0.079203 -0.261919 0.633939
v 0.079203 -0.139488 0.750342
v 0.079203 -0.140679 1.055480
v 0.079203 -0.107515 0.904428
v 0.079203 -0.423206 0.559902
v 0.891212 -0.291378 0.379504
v 0.581316 -0.487372 1.214490
v 0.909095 -0.047147 0.489946
v 0.881170 0.214762 0.480102
v 0.867624 -0.291456 -0.421876
v 0.565799 -0.408272 1.941754
v 0.847135 -0.408262 1.910974
v 0.556564 -0.462786 1.892791
v 0.827794 -0.462786 1.851434
v 0.891212 0.191773 0.547200
v 0.934964 -0.289104 -0.502208
v 0.699938 0.694962 0.051308
v 0.885840 0.153083 0.935256
v 0.880469 0.114394 1.220596
v 0.920816 -0.271468 1.177826
v 0.891212 -0.473370 -0.451913
v 0.842896 -0.242536 1.916893
v 0.934964 -0.267849 0.634193
v 0.934964 -0.290159 0.379504
v 0.891212 -0.261919 0.633939
v 0.880469 -0.263341 1.186905
v 0.827794 -0.410052 1.851373
v 0.833616 -0.205265 1.892441
v 0.880469 -0.410052 1.214490
v 0.556564 -0.410052 1.892730
v 0.891212 -0.477890 0.604108
v 0.909095 -0.139488 0.750342
v 0.898351 -0.134043 1.055480
v 0.530328 0.009513 1.891853
v 0.556564 -0.242677 1.892579
v 0.593006 -0.473370 0.386577
v 0.786826 -0.134043 1.892395
v 0.786826 -0.063505 1.892183
v 0.530328 -0.059863 1.891975
v 0.502810 -0.134043 1.892216
v 0.079203 -0.410052 1.946758
v 0.079203 -0.462786 1.946819
v 0.079203 -0.242540 1.988841
v 0.769759 -0.209224 1.876056
v 0.891212 -0.473370 0.386577
v 0.926409 -0.388061 0.383386
v 0.593006 -0.473370 -0.451913
v 0.079207 0.239754 0.651662
v 0.079203 0.743423 0.102331
v 0.079203 0.247227 0.604671
v 0.839590 0.211576 0.603749
v 0.688002 0.681478 0.154827
v 0.724917 0.694962 -0.424002
v 0.699938 0.694962 -0.424002
v 0.856191 0.214762 0.480102
v 0.700935 0.691225 -0.484360
v 0.078069 -0.276357 1.179382
v 0.089939 -0.423206 1.204352
v 0.079203 -0.480677 0.561002
v 0.079203 -0.473370 0.386577
v 0.079203 -0.047147 0.489946
v 0.079203 0.214762 0.480102
v 0.079203 0.694962 0.051308
v 0.079203 0.694962 -0.424002
v 0.079203 0.170025 0.547200
v 0.079203 -0.473973 -0.499042
v 0.926409 -0.387974 -0.499711
v 0.891212 -0.473370 -0.421620
v 0.593006 -0.473370 -0.421620
v 0.926409 -0.387982 -0.421736
v 0.079203 -0.473370 -0.421620
v 0.496091 -0.410052 1.214490
v 0.557591 -0.410052 0.552295
v 0.934964 -0.290159 -0.451913
v 0.934964 -0.290159 -0.421876
v 0.899305 -0.290540 -0.451913
v 0.901630 -0.290470 -0.421876
v 0.887029 0.218973 -0.451913
v 0.849784 0.218973 -0.422939
v 0.872083 0.218973 -0.493287
v 0.850282 0.218973 -0.493293
v 0.873553 0.218973 -0.422939
v 0.914929 -0.045008 -0.451913
v 0.870498 -0.058005 -0.422407
v 0.895896 -0.050807 -0.497751
v 0.870747 -0.057739 -0.497759
v 0.898898 -0.050703 -0.422407
v 0.899596 0.197351 -0.451913
v 0.854962 0.197351 -0.422806
v 0.884159 0.197351 -0.493533
v 0.855398 0.197351 -0.494410
v 0.885714 0.197351 -0.422909
v 0.771157 -0.291378 0.379504
v 0.771157 0.170025 0.547200
v 0.762599 0.214762 0.480102
v 0.771157 -0.291456 -0.421876
v 0.780974 -0.134043 0.450651
v 0.799521 0.164632 0.935163
v 0.801908 0.190671 0.651662
v 0.794816 0.125500 1.220410
v 0.768488 0.236335 0.628495
v 0.767990 0.221937 0.603953
v 0.079203 0.223774 0.565662
v 0.850345 0.223774 0.565029
v 0.690496 0.684296 0.133196
v 0.079203 0.721908 0.088460
v 0.766302 0.223774 0.565169
v 0.849786 -0.244962 1.857686
v 0.834367 -0.205265 1.825163
v 0.832452 -0.410052 1.813303
v 0.834143 -0.063505 1.831086
v 0.832452 -0.463936 1.812425
v 0.852957 -0.407557 1.855726
v 0.530328 0.022155 1.832437
v 0.558753 -0.464865 1.812425
v 0.079203 0.042279 1.832437
v 0.079203 -0.463936 1.812425
v 0.850334 -0.134043 1.798742
v 0.752757 0.004793 1.815428
v 0.079274 0.002282 0.682948
v 0.755929 -0.080734 0.950904
v 0.760349 -0.043974 0.682948
v 0.751509 -0.117494 1.218860
v 0.530328 -0.214575 1.793788
v 0.079274 -0.195671 1.793788
v 0.712000 -0.230884 1.776629
v 0.891212 0.184222 -1.752645
v 0.079203 0.184222 -1.752645
v 0.079203 0.050729 -2.677027
v 0.593006 0.056763 -2.635247
v 0.903042 0.001359 -2.675454
v 0.080469 -0.075539 -1.761979
v 0.865167 -0.075539 -1.761979
v 0.865167 -0.196965 -2.551999
v 0.080469 -0.196965 -2.551999
v 0.609174 -0.196965 -2.551999
v 0.088548 -0.423206 -1.835271
v 0.613859 -0.410052 -1.157512
v 0.085661 -0.398665 1.218319
v 0.079203 -0.372875 0.601708
v 0.891212 -0.410052 -1.159317
v 0.891212 -0.410052 -1.119334
v 0.891212 -0.410052 -0.499562
v 0.891212 -0.410052 -0.451913
v 0.891212 -0.410052 0.384163
v 0.898030 -0.410052 0.567853
v 0.891212 -0.410052 -0.421708
v 0.079203 -0.291378 0.379504
v 0.079203 -0.289856 -0.502226
v 0.079203 -0.291456 -0.421876
v 0.079203 -0.183048 0.708926
v 0.902732 -0.134043 0.450651
v 0.902732 -0.183048 0.708926
v 0.079203 -0.134043 0.450651
v 0.079203 0.218499 -1.332168
v 0.795865 0.186021 -1.203187
v 0.832452 -0.244506 1.809730
v 0.827794 -0.242679 1.892579
v 0.769759 -0.134043 1.892216
v 0.769759 -0.059863 1.891975
v 0.832452 -0.002357 1.816445
v 0.834827 -0.063505 1.894395
v 0.769759 -0.209100 1.892457
v 0.849636 -0.134338 1.815921
v 0.926581 -0.287841 -2.613799
v 0.917017 -0.379714 -2.620621
v 0.891212 -0.410052 -2.564539
v 0.891212 -0.442513 -2.566101
v 0.893122 0.015279 -2.571249
v 0.892671 -0.222491 -2.574417
v 0.909180 -0.101366 -2.559323
v 0.595915 -0.445494 -2.568192
v 0.848999 0.072511 -2.526196
v 0.865167 -0.181217 -2.449537
v 0.878787 -0.100521 -2.677027
v 0.874076 -0.005402 -2.677027
v 0.873500 -0.215779 -2.677027
v 0.891212 0.050729 -2.677027
v 0.891212 -0.282110 -2.677027
v 0.891212 0.068042 -2.557139
v 0.891212 -0.280474 -2.560310
v 0.909095 -0.101468 -2.543829
v -0.730274 -0.440251 -2.677027
v -0.683085 0.209280 -1.708194
v -0.565611 0.691225 -1.151425
v -0.765472 -0.387888 -1.183374
v -0.774028 -0.272283 -1.776658
v -0.765473 -0.387870 -1.809248
v -0.730274 -0.410052 -2.677027
v -0.730274 -0.410052 -1.809708
v -0.730274 -0.266458 -1.222577
v -0.754679 -0.378499 -2.741535
v -0.764393 -0.290159 -2.738552
v -0.443770 -0.005402 -2.677027
v -0.432068 -0.440251 -2.677027
v -0.454499 -0.480677 -1.837872
v -0.225686 -0.215779 -2.677027
v -0.432068 0.050729 -2.677027
v -0.742429 -0.224977 -2.677186
v -0.748157 -0.095432 -2.677027
v -0.225686 -0.100360 -2.677027
v -0.688061 0.178188 -1.794425
v -0.524943 0.674614 -1.255551
v -0.730274 0.191773 -1.397756
v -0.718600 0.218499 -1.332168
v -0.730274 0.187997 -1.575201
v -0.553936 0.717952 -1.230601
v 0.075272 -0.387870 -1.809248
v 0.081735 -0.387888 -1.183374
v -0.730274 -0.457695 -1.821746
v 0.059677 -0.480677 -1.837872
v -0.435377 -0.480677 -1.170538
v -0.445016 -0.282149 -2.738552
v -0.688061 0.056763 -2.635247
v -0.730274 -0.482767 -1.172942
v -0.553936 0.717952 -1.171572
v -0.774027 -0.273703 -1.222304
v -0.730274 -0.269495 -1.777097
v -0.432068 -0.282110 -2.677027
v -0.748157 -0.141969 -1.650026
v -0.748157 -0.146133 -1.349707
v 0.081735 0.056763 -2.635247
v -0.444429 -0.378499 -2.741534
v -0.432068 -0.410052 -2.677027
v -0.713138 -0.005402 -2.654649
v -0.728691 -0.007331 -2.677027
v -0.553936 0.717952 -0.451913
v -0.733305 -0.100493 -2.677027
v -0.717849 -0.100521 -2.654649
v -0.443770 -0.215779 -2.654649
v -0.443770 -0.215779 -2.677027
v -0.225686 -0.215779 -2.654649
v -0.748157 -0.105924 -1.499151
v 0.081735 0.721900 -1.203966
v -0.728094 -0.214102 -2.677027
v -0.225686 -0.005402 -2.677027
v -0.443770 -0.100360 -2.654649
v -0.443770 -0.005402 -2.654649
v -0.225686 -0.100360 -2.654649
v -0.712562 -0.215779 -2.654649
v -0.225686 -0.005402 -2.654649
v -0.525218 0.700011 -1.318262
v -0.682810 0.194908 -1.693079
v 0.074863 -0.480677 -1.170538
v -0.748157 -0.121953 -1.297741
v -0.730274 -0.268535 -1.157410
v -0.765472 -0.387896 -1.121464
v -0.730274 -0.481986 -1.111899
v -0.774027 -0.275070 -1.157160
v -0.432068 -0.473370 -1.111899
v -0.432068 -0.473370 -0.499042
v -0.730274 -0.473973 -0.499042
v -0.468879 -0.410052 -1.835747
v -0.736047 -0.289364 -0.502214
v -0.625457 -0.121953 -1.297741
v -0.610219 -0.268535 -1.157410
v -0.475919 0.691225 -1.151425
v -0.610219 -0.289856 -0.502226
v -0.600270 0.206442 -1.582666
v -0.634927 0.218499 -1.332168
v -0.679150 0.225973 0.628290
v -0.527563 0.695876 0.185630
v -0.719531 -0.482482 1.214490
v -0.765471 -0.388189 0.598345
v -0.752041 -0.395652 1.217360
v -0.625888 -0.205265 1.892426
v 0.081735 0.261624 0.629213
v 0.081735 -0.480677 1.204352
v -0.432068 -0.480677 0.561002
v -0.402903 -0.242538 1.948219
v -0.341872 -0.209098 1.892457
v -0.666856 -0.013683 1.895619
v 0.081735 0.029637 1.891853
v -0.608821 -0.059987 1.875574
v -0.369390 -0.059987 1.875574
v -0.341872 -0.209223 1.876056
v -0.765471 -0.387979 -0.451913
v -0.563979 0.694962 0.051308
v -0.684738 -0.134043 1.892216
v -0.608821 -0.134043 1.875815
v -0.341872 -0.134043 1.875815
v -0.730274 0.191773 0.649916
v -0.565611 0.691225 -0.484360
v -0.553936 0.717952 0.065880
v -0.706686 -0.289856 -0.502226
v -0.742785 -0.107515 0.904428
v -0.730274 -0.291378 0.379504
v -0.420378 -0.487372 1.214490
v -0.748157 -0.047147 0.489946
v -0.720232 0.214762 0.480102
v -0.706686 -0.291456 -0.421876
v -0.404861 -0.408272 1.941754
v -0.686197 -0.408262 1.910974
v -0.395626 -0.462786 1.892791
v -0.666856 -0.462786 1.851434
v -0.730274 0.191773 0.547200
v -0.774026 -0.289104 -0.502208
v -0.539000 0.694962 0.051308
v -0.724902 0.153083 0.935256
v -0.719531 0.114394 1.220596
v -0.759878 -0.271468 1.177826
v -0.730274 -0.473370 -0.451913
v -0.681958 -0.242536 1.916893
v -0.774026 -0.267849 0.634193
v -0.774026 -0.290159 0.379504
v -0.730274 -0.261919 0.633939
v -0.719531 -0.263341 1.186905
v -0.666856 -0.410052 1.851373
v -0.672678 -0.205265 1.892441
v -0.719531 -0.410052 1.214490
v -0.395626 -0.410052 1.892730
v -0.730274 -0.477890 0.604108
v -0.748157 -0.139488 0.750342
v -0.737413 -0.134043 1.055480
v -0.369390 0.009513 1.891853
v -0.395626 -0.242677 1.892579
v -0.432068 -0.473370 0.386577
v -0.625888 -0.134043 1.892395
v -0.625888 -0.063505 1.892183
v -0.369390 -0.059863 1.891975
v -0.341872 -0.134043 1.892216
v -0.608821 -0.209224 1.876056
v -0.730274 -0.473370 0.386577
v -0.765471 -0.388061 0.383386
v -0.432068 -0.473370 -0.451913
v -0.678652 0.211576 0.603749
v -0.527064 0.681478 0.154827
v -0.563979 0.694962 -0.424002
v -0.539000 0.694962 -0.424002
v -0.695253 0.214762 0.480102
v -0.539997 0.691225 -0.484360
v 0.070999 -0.423206 1.204352
v -0.765471 -0.387974 -0.499711
v -0.730274 -0.473370 -0.421620
v -0.432068 -0.473370 -0.421620
v -0.765471 -0.387982 -0.421736
v -0.335153 -0.410052 1.214490
v -0.396653 -0.410052 0.552295
v -0.774026 -0.290159 -0.451913
v -0.774026 -0.290159 -0.421876
v -0.738367 -0.290540 -0.451913
v -0.740692 -0.290470 -0.421876
v -0.726091 0.218973 -0.451913
v -0.688846 0.218973 -0.422939
v -0.711145 0.218973 -0.493287
v -0.689344 0.218973 -0.493293
v -0.712615 0.218973 -0.422939
v -0.753991 -0.045008 -0.451913
v -0.709560 -0.058005 -0.422407
v -0.734958 -0.050807 -0.497751
v -0.709809 -0.057739 -0.497759
v -0.737960 -0.050703 -0.422407
v -0.738658 0.197351 -0.451913
v -0.694024 0.197351 -0.422806
v -0.723221 0.197351 -0.493533
v -0.694460 0.197351 -0.494410
v -0.724776 0.197351 -0.422909
v -0.610219 -0.291378 0.379504
v -0.601661 0.214762 0.480102
v -0.610219 -0.291456 -0.421876
v -0.638583 0.164632 0.935163
v -0.640970 0.190671 0.651662
v -0.633878 0.125500 1.220410
v -0.607550 0.236335 0.628495
v -0.607052 0.221937 0.603953
v -0.689407 0.223774 0.565029
v -0.529558 0.684296 0.133196
v -0.605364 0.223774 0.565169
v -0.688848 -0.244962 1.857686
v -0.673429 -0.205265 1.825163
v -0.671514 -0.410052 1.813303
v -0.673205 -0.063505 1.831086
v -0.671514 -0.463936 1.812425
v -0.692019 -0.407557 1.855726
v -0.369390 0.022155 1.832437
v -0.397815 -0.464865 1.812425
v -0.689396 -0.134043 1.798742
v -0.591819 0.004793 1.815428
v -0.594991 -0.080734 0.950904
v -0.599411 -0.043974 0.682948
v -0.590571 -0.117494 1.218860
v -0.369390 -0.214575 1.793788
v -0.551062 -0.230884 1.776629
v -0.730274 0.184222 -1.752645
v -0.432068 0.056763 -2.635247
v -0.742104 0.001359 -2.675454
v -0.704229 -0.075539 -1.761979
v -0.704229 -0.196965 -2.551999
v -0.448236 -0.196965 -2.551999
v 0.072390 -0.423206 -1.835271
v -0.452921 -0.410052 -1.157512
v 0.079576 -0.423206 -1.157608
v 0.075659 -0.263341 1.186905
v 0.075278 -0.398665 1.218319
v -0.730274 -0.410052 -1.159317
v -0.730274 -0.410052 -1.119334
v -0.730274 -0.410052 -0.499562
v -0.730274 -0.410052 -0.451913
v -0.730274 -0.410052 0.384163
v -0.737092 -0.410052 0.567853
v -0.730274 -0.410052 -0.421708
v -0.741794 -0.134043 0.450651
v -0.741794 -0.183048 0.708926
v -0.634927 0.186021 -1.203187
v 0.081735 0.186021 -1.203187
v -0.671514 -0.244506 1.809730
v -0.666856 -0.242679 1.892579
v -0.608821 -0.134043 1.892216
v -0.608821 -0.059863 1.891975
v -0.671514 -0.002357 1.816445
v -0.673889 -0.063505 1.894395
v -0.608821 -0.209100 1.892457
v -0.688698 -0.134338 1.815921
v -0.765643 -0.287841 -2.613799
v -0.756078 -0.379714 -2.620621
v -0.730274 -0.410052 -2.564539
v -0.730274 -0.442513 -2.566101
v -0.732184 0.015279 -2.571249
v -0.731733 -0.222491 -2.574417
v -0.748242 -0.101366 -2.559323
v -0.434977 -0.445494 -2.568192
v -0.688061 0.072511 -2.526196
v -0.704229 -0.181217 -2.449537
v 0.078874 -0.445494 -2.568192
v -0.717849 -0.100521 -2.677027
v -0.713138 -0.005402 -2.677027
v -0.712562 -0.215779 -2.677027
v -0.730274 0.050729 -2.677027
v -0.730274 -0.282110 -2.677027
v -0.730274 0.068042 -2.557139
v -0.730274 -0.280474 -2.560310
v -0.748157 -0.101468 -2.543829
v 0.827476 -0.174695 -0.705235
v 0.862718 -0.063098 -0.673048
v 0.823054 -0.174695 -1.120428
v 0.862718 -0.063098 -1.160092
v 0.823054 -0.174695 -1.020104
v 0.862718 -0.063098 -1.022564
v 0.752597 0.435941 -1.173138
v 0.752597 0.435941 -1.098678
v 0.231678 0.435941 -1.098678
v 0.231678 0.435941 -1.173138
v 0.231678 -0.063098 -1.022564
v 0.231678 -0.063098 -0.604642
v 0.231678 -0.174695 -0.604642
v 0.231678 -0.063098 -1.160092
v 0.231678 -0.174695 -1.160092
v 0.691440 0.195947 -1.197946
v 0.343673 0.195947 -1.197946
v 0.343673 0.195947 -1.069808
v 0.691440 0.195947 -1.069808
v 0.231678 0.181644 -1.079010
v 0.231678 0.181644 -1.197946
v 0.808712 0.181644 -1.079010
v 0.808712 0.181644 -1.197946
v 0.376059 -0.063098 -1.022564
v 0.723825 -0.063098 -1.022564
v 0.657790 0.465106 -1.085763
v 0.310023 0.465106 -1.085763
v 0.657790 0.465106 -1.173138
v 0.310023 0.465106 -1.173138
v 0.723825 -0.063098 -1.160092
v 0.376059 -0.063098 -1.160092
v 0.376060 -0.174695 -1.120428
v 0.723824 -0.174695 -1.120428
v 0.723823 -0.174695 -0.638931
v 0.372572 -0.174695 -0.663491
v 0.723824 -0.063098 -0.638931
v 0.376060 -0.063098 -0.623941
v 0.886602 -0.063098 -0.830747
v 0.846565 -0.174695 -0.831277
v 0.231678 -0.063098 -0.830747
v 0.376060 -0.063098 -0.830747
v 0.723824 -0.063098 -0.830747
v -0.599824 -0.174695 -0.705235
v -0.635066 -0.063098 -0.673048
v -0.595402 -0.174695 -1.120428
v -0.635066 -0.063098 -1.160092
v -0.595402 -0.174695 -1.020104
v -0.635066 -0.063098 -1.022564
v -0.524945 0.435941 -1.173138
v -0.524945 0.435941 -1.098678
v -0.004026 0.435941 -1.098678
v -0.004026 0.435941 -1.173138
v -0.004026 -0.063098 -1.022564
v -0.004026 -0.063098 -0.604642
v -0.004026 -0.174695 -0.604642
v -0.004026 -0.063098 -1.160092
v -0.004026 -0.174695 -1.120428
v -0.463787 0.195947 -1.197946
v -0.116021 0.195947 -1.197946
v -0.116021 0.195947 -1.069808
v -0.463787 0.195947 -1.069808
v -0.004026 0.181644 -1.079010
v -0.004026 0.181644 -1.197946
v -0.581060 0.181644 -1.079010
v -0.581060 0.181644 -1.197946
v -0.148407 -0.063098 -1.022564
v -0.496173 -0.063098 -1.022564
v -0.430138 0.465106 -1.085763
v -0.082371 0.465106 -1.085763
v -0.430138 0.465106 -1.173138
v -0.082371 0.465106 -1.173138
v -0.496173 -0.063098 -1.160092
v -0.148407 -0.063098 -1.160092
v -0.148408 -0.174695 -1.120428
v -0.496172 -0.174695 -1.120428
v -0.496171 -0.174695 -0.638931
v -0.144920 -0.174695 -0.663491
v -0.496172 -0.063098 -0.638931
v -0.148408 -0.063098 -0.623941
v -0.658950 -0.063098 -0.830747
v -0.618913 -0.174695 -0.831277
v -0.004026 -0.063098 -0.830747
v -0.148408 -0.063098 -0.830747
v -0.496172 -0.063098 -0.830747
v 0.862718 -0.174695 -1.022564
v 0.862718 -0.174695 -1.160092
v 0.886602 -0.174695 -0.830747
v 0.718183 -0.174695 -0.678389
v 0.376061 -0.174695 -0.623941
v 0.376060 -0.174695 -1.160092
v 0.723824 -0.174695 -1.160092
v 0.231678 -0.174695 -1.120428
v 0.229039 -0.174695 -0.644306
v 0.862718 -0.174695 -0.673048
v -0.635066 -0.174695 -1.022564
v -0.635066 -0.174695 -1.160092
v -0.658950 -0.174695 -0.830747
v -0.004026 -0.174695 -1.160092
v -0.490531 -0.174695 -0.678389
v -0.148409 -0.174695 -0.623941
v -0.148408 -0.174695 -1.160092
v -0.496172 -0.174695 -1.160092
v -0.001387 -0.174695 -0.644306
v -0.635066 -0.174695 -0.673048
v 0.231678 -0.331699 -1.120428
v 0.229039 -0.331699 -0.644306
v 0.718183 -0.331699 -0.678389
v 0.723824 -0.331699 -1.120428
v 0.376060 -0.331699 -1.120428
v 0.823054 -0.331699 -1.020104
v 0.372572 -0.331699 -0.663491
v 0.846565 -0.331699 -0.831277
v -0.004026 -0.331699 -1.120428
v -0.001387 -0.331699 -0.644306
v -0.490531 -0.331699 -0.678389
v -0.496172 -0.331699 -1.120428
v -0.148408 -0.331699 -1.120428
v -0.595402 -0.331699 -1.020104
v -0.144920 -0.331699 -0.663491
v -0.618913 -0.331699 -0.831277
v 0.823054 -0.331699 -1.120428
v 0.827476 -0.331699 -0.705235
v -0.595402 -0.331699 -1.120428
v -0.599824 -0.331699 -0.705235
v 0.251712 -0.172373 0.083858
v 0.251712 -0.063098 0.083858
v 0.251712 -0.172373 -0.409311
v 0.251712 -0.063098 -0.409311
v 0.796093 -0.172373 0.083858
v 0.796093 -0.063098 0.083858
v 0.796093 -0.172373 -0.409311
v 0.796093 -0.063098 -0.409311
v 0.251712 -0.063098 -0.271782
v 0.796093 -0.063098 -0.311451
v 0.349267 0.435941 -0.357493
v 0.349267 0.435941 -0.449850
v 0.698539 0.435941 -0.449850
v 0.698539 0.435941 -0.384132
v 0.614633 -0.172373 -0.409311
v 0.433173 -0.172373 -0.409311
v 0.433173 -0.063098 -0.409311
v 0.614633 -0.063098 -0.409311
v 0.433173 -0.172373 0.149181
v 0.614633 -0.172373 0.149181
v 0.614633 -0.063098 0.149181
v 0.433173 -0.063098 0.149181
v 0.433173 -0.070307 -0.271782
v 0.614633 -0.070307 -0.271782
v 0.433173 0.435941 -0.449850
v 0.614633 0.435941 -0.449850
v 0.433173 0.435941 -0.357493
v 0.614633 0.435941 -0.357493
v 0.251712 -0.172373 0.046565
v 0.796093 -0.072011 0.046565
v 0.251712 -0.072011 0.046565
v 0.796093 -0.172373 0.046565
v 0.614633 -0.079220 0.046565
v 0.433173 -0.079220 0.046565
v 0.433173 -0.172373 0.046565
v 0.614633 -0.172373 0.046565
v 0.771705 0.061662 -0.336095
v 0.276101 0.061662 -0.421064
v 0.771705 0.061662 -0.421064
v 0.276101 0.061662 -0.301652
v 0.433173 0.061662 -0.306303
v 0.614633 0.061662 -0.306303
v 0.614633 0.061662 -0.421064
v 0.433173 0.061662 -0.421064
v 0.722928 0.311182 -0.444569
v 0.324878 0.311182 -0.321303
v 0.433173 0.311182 -0.337060
v 0.614633 0.311182 -0.337060
v 0.614633 0.311182 -0.444569
v 0.433173 0.311182 -0.444569
v 0.722928 0.311182 -0.356858
v 0.324878 0.311182 -0.444569
v 0.213527 -0.060881 -0.271782
v 0.213651 -0.059307 -0.409311
v 0.213463 -0.172373 -0.409311
v 0.834155 -0.059307 -0.409311
v 0.834343 -0.172373 -0.409311
v 0.834343 -0.172373 -0.271782
v 0.213463 -0.172373 -0.271782
v 0.213463 -0.072011 0.046565
v 0.834343 -0.172373 0.046565
v 0.834276 -0.060838 -0.311451
v 0.809244 0.069000 -0.336095
v 0.238562 0.069000 -0.421064
v 0.213463 -0.172373 0.046565
v 0.834343 -0.072011 0.046565
v 0.809244 0.069000 -0.421064
v 0.238562 0.069000 -0.301652
v 0.251712 -0.350197 -0.409311
v 0.213463 -0.350197 -0.409311
v 0.433173 -0.350197 -0.409311
v 0.796093 -0.350197 -0.409311
v 0.796093 -0.350197 0.046565
v 0.614633 -0.350197 -0.409311
v 0.251712 -0.350197 0.046565
v 0.433173 -0.350197 0.046565
v 0.614633 -0.350197 0.046565
v 0.834343 -0.350197 -0.271782
v 0.834343 -0.350197 -0.409311
v 0.213463 -0.350197 -0.271782
v 0.834343 -0.350197 0.046565
v 0.213463 -0.350197 0.046565
v 0.408127 0.448689 -0.356959
v 0.408127 0.587295 -0.363824
v 0.408127 0.444201 -0.426835
v 0.408127 0.582806 -0.433699
v 0.639679 0.448689 -0.356959
v 0.639679 0.587295 -0.363824
v 0.639679 0.444201 -0.426835
v 0.639679 0.582806 -0.433699
v 0.523903 0.444201 -0.433688
v 0.523903 0.595810 -0.440553
v 0.523903 0.448689 -0.340877
v 0.523903 0.600298 -0.347742
v 0.408127 0.446445 -0.384125
v 0.408127 0.585050 -0.390990
v 0.639679 0.446445 -0.384125
v 0.639679 0.585050 -0.390990
v 0.523903 0.598054 -0.390990
v 0.523903 0.446445 -0.384125
v -0.068142 -0.172373 0.083858
v -0.068142 -0.063098 0.083858
v -0.068142 -0.172373 -0.409311
v -0.068142 -0.063098 -0.409311
v -0.612523 -0.172373 0.083858
v -0.612523 -0.063098 0.083858
v -0.612523 -0.172373 -0.409311
v -0.612523 -0.063098 -0.409311
v -0.068142 -0.063098 -0.271782
v -0.612523 -0.063098 -0.311451
v -0.165696 0.435941 -0.357493
v -0.165696 0.435941 -0.449850
v -0.514969 0.435941 -0.449850
v -0.514969 0.435941 -0.384132
v -0.431063 -0.172373 -0.409311
v -0.249602 -0.172373 -0.409311
v -0.249602 -0.063098 -0.409311
v -0.431063 -0.063098 -0.409311
v -0.249602 -0.172373 0.149181
v -0.431063 -0.172373 0.149181
v -0.431063 -0.063098 0.149181
v -0.249602 -0.063098 0.149181
v -0.249602 -0.070307 -0.271782
v -0.431063 -0.070307 -0.271782
v -0.249602 0.435941 -0.449850
v -0.431063 0.435941 -0.449850
v -0.249602 0.435941 -0.357493
v -0.431063 0.435941 -0.357493
v -0.068142 -0.172373 0.046565
v -0.612523 -0.072011 0.046565
v -0.068142 -0.072011 0.046565
v -0.612523 -0.172373 0.046565
v -0.431063 -0.079220 0.046565
v -0.249602 -0.079220 0.046565
v -0.249602 -0.172373 0.046565
v -0.431063 -0.172373 0.046565
v -0.588135 0.061662 -0.336095
v -0.092531 0.061662 -0.421064
v -0.588135 0.061662 -0.421064
v -0.092531 0.061662 -0.301652
v -0.249602 0.061662 -0.306303
v -0.431063 0.061662 -0.306303
v -0.431063 0.061662 -0.421064
v -0.249602 0.061662 -0.421064
v -0.539357 0.311182 -0.444569
v -0.141308 0.311182 -0.321303
v -0.249602 0.311182 -0.337060
v -0.431063 0.311182 -0.337060
v -0.431063 0.311182 -0.444569
v -0.249602 0.311182 -0.444569
v -0.539357 0.311182 -0.356858
v -0.141308 0.311182 -0.444569
v -0.029957 -0.060881 -0.271782
v -0.030081 -0.059307 -0.409311
v -0.029892 -0.172373 -0.409311
v -0.650584 -0.059307 -0.409311
v -0.650773 -0.172373 -0.409311
v -0.650773 -0.172373 -0.271782
v -0.029892 -0.172373 -0.271782
v -0.029892 -0.072011 0.046565
v -0.650773 -0.172373 0.046565
v -0.650706 -0.060838 -0.311451
v -0.625674 0.069000 -0.336095
v -0.054991 0.069000 -0.421064
v -0.029892 -0.172373 0.046565
v -0.650773 -0.072011 0.046565
v -0.625674 0.069000 -0.421064
v -0.054991 0.069000 -0.301652
v -0.068142 -0.350197 -0.409311
v -0.029892 -0.350197 -0.409311
v -0.249602 -0.350197 -0.409311
v -0.612523 -0.350197 -0.409311
v -0.612523 -0.350197 0.046565
v -0.431063 -0.350197 -0.409311
v -0.068142 -0.350197 0.046565
v -0.249602 -0.350197 0.046565
v -0.431063 -0.350197 0.046565
v -0.650773 -0.350197 -0.271782
v -0.650773 -0.350197 -0.409311
v -0.029892 -0.350197 -0.271782
v -0.650773 -0.350197 0.046565
v -0.029892 -0.350197 0.046565
v -0.224557 0.448689 -0.356959
v -0.224557 0.587295 -0.363824
v -0.224557 0.444201 -0.426835
v -0.224557 0.582806 -0.433699
v -0.456108 0.448689 -0.356959
v -0.456108 0.587295 -0.363824
v -0.456108 0.444201 -0.426835
v -0.456108 0.582806 -0.433699
v -0.340333 0.444201 -0.433688
v -0.340333 0.595810 -0.440553
v -0.340333 0.448689 -0.340877
v -0.340333 0.600298 -0.347742
v -0.224557 0.446445 -0.384125
v -0.224557 0.585050 -0.390990
v -0.456108 0.446445 -0.384125
v -0.456108 0.585050 -0.390990
v -0.340333 0.598054 -0.390990
v -0.340333 0.446445 -0.384125
v 0.079203 -0.183095 -1.273068
v 0.143851 -0.205053 -1.273068
v 0.014554 -0.305159 -1.190812
v 0.014554 -0.205053 -1.273068
v 0.786395 -0.047147 0.489946
v 0.737545 0.167971 0.332121
v 0.045591 0.167971 0.332121
v 0.045591 0.011141 0.289327
v 0.748934 0.011141 0.289327
v 0.079203 -0.048623 0.335342
v 0.786395 -0.048623 0.335342
v 0.771157 0.188928 0.392596
v 0.079203 0.188928 0.392596
v 0.079203 -0.123830 0.490672
v 0.762295 -0.125306 0.336068
v 0.079203 -0.125306 0.336068
v 0.427777 0.154926 0.325642
v 0.428701 0.105863 0.308673
v 0.651207 0.105863 0.308673
v 0.647311 0.154926 0.325642
v 0.675088 0.167971 0.332121
v 0.187148 0.167971 0.332121
v 0.189478 0.011141 0.289327
v 0.684915 0.011141 0.289327
v 0.143851 -0.241377 0.466841
v 0.079203 -0.219419 0.466841
v 0.132787 -0.288779 0.195944
v 0.132787 -0.185830 0.195944
v 0.131573 -0.288779 -0.461327
v 0.131573 -0.185830 -0.461327
v 0.131573 -0.288779 -0.234769
v 0.131573 -0.185830 -0.234769
v 0.131573 -0.083448 -0.461327
v -0.627990 -0.047147 0.489946
v -0.612751 0.170025 0.547200
v -0.590317 0.167971 0.332121
v -0.601146 0.011141 0.289327
v -0.627990 -0.048623 0.335342
v -0.612751 0.188928 0.392596
v -0.622568 -0.134043 0.450651
v -0.627990 -0.125306 0.336068
v -0.476398 0.030522 0.293742
v -0.550295 0.167971 0.332121
v -0.062354 0.167971 0.332121
v -0.064684 0.011141 0.289327
v -0.560122 0.011141 0.289327
v 0.014554 -0.241377 0.466841
v 0.025618 -0.288779 0.195944
v 0.025618 -0.185830 0.195944
v 0.031599 -0.288779 -0.461327
v 0.031599 -0.185830 -0.461327
v 0.031599 -0.288779 -0.234769
v 0.031599 -0.185830 -0.234769
v 0.031599 -0.081493 -0.461327
v 0.035892 -0.083448 -0.241066
v -0.149475 0.121938 0.445955
v -0.146677 -0.002465 0.414055
v -0.476398 -0.002465 0.414055
v -0.468063 0.121938 0.445955
v 0.647311 0.150309 0.338991
v 0.427777 0.150309 0.338991
v 0.428701 0.101246 0.322022
v 0.651207 0.101246 0.322022
v 0.521838 0.024848 0.354125
v 0.530714 0.086009 0.233269
v 0.534390 0.036198 0.359487
v 0.521838 0.047547 0.364848
v 0.521838 0.105384 0.242422
v 0.509286 0.036198 0.359487
v 0.512962 0.086009 0.233269
v 0.077517 -0.222522 0.177227
v 0.070973 -0.147229 0.168796
v 0.077517 -0.222522 0.043896
v 0.070973 -0.147229 0.052327
v 0.120944 -0.222522 0.177227
v 0.120944 -0.149138 0.177227
v 0.120944 -0.222522 0.043896
v 0.120944 -0.149138 0.043896
v 0.120944 -0.134037 0.110562
v 0.120944 -0.222522 0.110562
v 0.070973 -0.134037 0.110562
v 0.077517 -0.222522 0.110562
v 0.034091 -0.222522 0.177227
v 0.040636 -0.147229 0.168796
v 0.034091 -0.222522 0.043896
v 0.040636 -0.147229 0.052327
v 0.040636 -0.134037 0.110562
v 0.034091 -0.222522 0.110562
v 0.077517 -0.149138 0.177227
v 0.077517 -0.149138 0.043896
v 0.034091 -0.149138 0.043896
v 0.034091 -0.149138 0.177227
v 0.070973 -0.145513 0.110562
v 0.040636 -0.145513 0.110562
v 0.070973 -0.158704 0.168796
v 0.070973 -0.158704 0.052327
v 0.040636 -0.158704 0.052327
v 0.040636 -0.158704 0.168796
v 0.038931 -0.201237 -0.125603
v 0.040374 -0.174991 -0.112871
v 0.038931 -0.194893 -0.214608
v 0.040374 -0.171779 -0.205907
v 0.119475 -0.201237 -0.125603
v 0.118032 -0.174991 -0.112871
v 0.119475 -0.194893 -0.214608
v 0.118032 -0.171779 -0.205907
v 0.051487 -0.165890 -0.119656
v 0.051487 -0.158566 -0.185698
v 0.106918 -0.158566 -0.185698
v 0.106918 -0.165890 -0.119656
v 0.066744 -0.158292 -0.133516
v 0.066744 -0.150872 -0.162449
v 0.091662 -0.150872 -0.162449
v 0.091662 -0.158292 -0.133516
v -0.537547 -0.218515 1.762545
v -0.535142 -0.005610 1.794841
v -0.613734 -0.038989 0.739513
v -0.611329 0.173916 0.771808
v 0.694885 -0.218515 1.762987
v 0.692904 -0.005610 1.795311
v 0.757624 -0.038989 0.739042
v 0.755644 0.173915 0.771366
v 0.071945 -0.038989 0.739278
v 0.072157 0.173916 0.771587
v 0.078669 -0.218515 1.762766
v 0.078881 -0.005610 1.795076
v -0.575641 -0.128752 1.251029
v -0.573236 0.084153 1.283324
v 0.726255 -0.128752 1.251015
v 0.724274 0.084153 1.283339
v 0.075519 0.111710 1.283332
v 0.015148 -0.305159 0.461115
v 0.142678 -0.305159 0.462187
v 0.137924 -0.305159 -1.178193
v 0.037186 -0.160046 0.142201
v 0.069366 -0.160046 0.142201
v 0.065909 -0.190902 -0.158359
v 0.065909 -0.175885 -0.180298
v 0.092496 -0.175885 -0.180298
v 0.092496 -0.190902 -0.158359
v 0.073107 -0.145219 0.003227
v 0.085299 -0.145219 0.003227
v 0.085299 -0.157392 0.003903
v 0.069416 -0.161078 0.004108
v 0.073862 -0.155198 0.029775
v 0.073862 -0.144533 0.029182
v 0.084544 -0.144533 0.029182
v 0.084544 -0.155198 0.029775
v 0.135241 -0.083448 -0.235658
v 0.379773 -0.211455 0.405714
v 0.379773 -0.091056 0.405714
v 0.379773 -0.211455 0.389577
v 0.379773 -0.091056 0.389577
v 0.418016 -0.211455 0.405714
v 0.418016 -0.091056 0.405714
v 0.418016 -0.211455 0.389577
v 0.418016 -0.091056 0.389577
v 0.360973 -0.257343 0.348012
v 0.360973 -0.257343 0.331875
v 0.436816 -0.257343 0.348012
v 0.436816 -0.257343 0.331875
v 0.502184 -0.211455 0.405714
v 0.502184 -0.091056 0.405714
v 0.502184 -0.211455 0.389577
v 0.502184 -0.091056 0.389577
v 0.540427 -0.211455 0.405714
v 0.540427 -0.091056 0.405714
v 0.540427 -0.211455 0.389577
v 0.540427 -0.091056 0.389577
v 0.483384 -0.257343 0.348012
v 0.483384 -0.257343 0.331875
v 0.559227 -0.257343 0.348012
v 0.559227 -0.257343 0.331875
v 0.484883 -0.224868 0.372711
v 0.484883 -0.224868 0.388848
v 0.557728 -0.224868 0.388848
v 0.557728 -0.224868 0.372711
v -0.149475 0.154926 0.325642
v -0.468063 0.157113 0.317112
v -0.146677 0.032709 0.285212
v 0.571809 0.073426 0.279172
v 0.529770 0.069192 0.280926
v 0.571809 0.069192 0.289394
v 0.529770 0.073426 0.291147
v 0.619430 0.073426 0.274763
v 0.619430 0.066075 0.292511
v 0.619430 0.080778 0.292511
v 0.647458 0.068240 0.279973
v 0.647458 0.068240 0.290346
v 0.647458 0.078613 0.290346
v 0.647458 0.078613 0.279973
v 0.521718 0.079186 0.285160
v 0.480797 0.088970 0.289394
v 0.518451 0.067666 0.285160
v 0.478007 0.079137 0.285160
v 0.433827 0.097892 0.274763
v 0.436664 0.107894 0.285160
v 0.433827 0.097892 0.295556
v 0.430990 0.087889 0.285160
v 0.406863 0.105540 0.277825
v 0.408864 0.112596 0.285160
v 0.406863 0.105540 0.292494
v 0.404861 0.098483 0.285160
v 0.070973 -0.158704 0.168796
v 0.040636 -0.158704 0.168796
v 0.044996 -0.136005 0.160407
v 0.037186 -0.160046 0.142201
v 0.044996 -0.136005 0.148035
v 0.061556 -0.136005 0.160407
v 0.069366 -0.160046 0.142201
v 0.061556 -0.136005 0.148035
v 0.087001 -0.008884 0.162618
v 0.086161 -0.006290 0.143102
v 0.040481 -0.006290 0.143102
v 0.039641 -0.008884 0.162618
v 0.040481 -0.058737 0.164794
v 0.039641 -0.056143 0.145277
v 0.066910 -0.056143 0.145277
v 0.066071 -0.058737 0.164794
v 0.039641 -0.042633 0.163672
v 0.040481 -0.040039 0.144156
v 0.086161 -0.040039 0.144156
v 0.087001 -0.042633 0.163672
v 0.087001 0.003599 0.162228
v 0.039641 0.003599 0.162228
v 0.086161 0.006193 0.142712
v 0.040481 0.006193 0.142712
v 0.099652 -0.003852 0.145040
v 0.100268 0.001125 0.159133
v -0.009941 -0.008950 0.160476
v -0.009101 -0.006356 0.140959
v -0.009941 0.003532 0.160086
v -0.009101 0.006126 0.140569
v -0.476398 0.030522 0.293742
v -0.149475 0.154926 0.325642
v -0.468063 0.157113 0.317112
v -0.146677 0.032709 0.285212
v -0.146677 0.035852 0.272955
v -0.476398 0.033665 0.281485
v -0.468063 0.160256 0.304855
v -0.149475 0.158069 0.313385
v 0.079203 0.178188 -1.794425
v 0.593006 0.178188 -1.794425
v 0.848999 0.178188 -1.794425
v 0.848999 0.056763 -2.635247
v 0.079203 0.056763 -2.635247
v 0.268386 0.056763 -2.635247
v -0.434600 0.178188 -1.794425
v -0.690593 0.178188 -1.794425
v -0.690593 0.056763 -2.635247
v -0.109980 0.056763 -2.635247
v 0.593006 0.056763 -2.635247
v -0.434600 0.056763 -2.635247
v 0.079203 0.139321 -1.788812
v 0.593006 0.139321 -1.788812
v 0.848999 0.139321 -1.788812
v 0.848999 0.017895 -2.629633
v 0.079203 0.017895 -2.629633
v 0.268386 0.017895 -2.629633
v -0.434600 0.139321 -1.788812
v -0.690593 0.139321 -1.788812
v -0.690593 0.017895 -2.629633
v -0.109980 0.017895 -2.629633
v 0.593006 0.017895 -2.629633
v -0.434600 0.017895 -2.629633
v 0.525440 0.198320 0.274117
v 0.583933 0.184121 0.267483
v 0.626752 0.145327 0.249356
v 0.642425 0.092335 0.224595
v 0.626752 0.039342 0.199834
v 0.583933 0.000549 0.181707
v 0.525440 -0.013651 0.175072
v 0.466948 0.000549 0.181707
v 0.424129 0.039342 0.199834
v 0.408456 0.092335 0.224595
v 0.424129 0.145328 0.249356
v 0.466948 0.184121 0.267483
v 0.525440 0.180225 0.265662
v 0.573946 0.168450 0.260160
v 0.609454 0.136280 0.245128
v 0.622451 0.092335 0.224595
v 0.609454 0.048390 0.204061
v 0.573946 0.016220 0.189030
v 0.525440 0.004445 0.183528
v 0.476935 0.016220 0.189030
v 0.441426 0.048390 0.204061
v 0.428429 0.092335 0.224595
v 0.441426 0.136280 0.245128
v 0.476935 0.168450 0.260160
v 0.525440 0.191199 0.289358
v 0.583933 0.177000 0.282723
v 0.626752 0.138206 0.264597
v 0.642425 0.085213 0.239836
v 0.626752 0.032221 0.215074
v 0.583933 -0.006573 0.196948
v 0.525440 -0.020772 0.190313
v 0.466948 -0.006573 0.196948
v 0.424129 0.032221 0.215074
v 0.408456 0.085213 0.239836
v 0.424129 0.138206 0.264597
v 0.466948 0.177000 0.282723
v 0.525440 0.173103 0.280903
v 0.573946 0.161328 0.275401
v 0.609454 0.129158 0.260369
v 0.622451 0.085213 0.239836
v 0.609454 0.041268 0.219302
v 0.573946 0.009098 0.204270
v 0.525440 -0.002676 0.198768
v 0.476935 0.009099 0.204270
v 0.441426 0.041268 0.219302
v 0.428429 0.085213 0.239836
v 0.441426 0.129158 0.260369
v 0.476935 0.161328 0.275401
v 0.547996 0.073605 0.220855
v 0.562204 0.094570 0.230651
v 0.488677 0.094570 0.230651
v 0.502885 0.073605 0.220855
v 0.547996 0.070328 0.227868
v 0.562204 0.091293 0.237664
v 0.488677 0.091293 0.237664
v 0.502885 0.070328 0.227868
v 0.538285 0.101569 0.233922
v 0.552558 0.124378 0.244580
v 0.498322 0.124378 0.244580
v 0.512596 0.101569 0.233922
v 0.538285 0.098292 0.240934
v 0.552558 0.121102 0.251593
v 0.498322 0.121102 0.251593
v 0.512596 0.098292 0.240934
v -0.721394 -0.377568 0.717333
v -0.721394 -0.476643 0.721275
v -0.721394 -0.289795 0.763456
v -0.699594 -0.377568 0.717333
v -0.721394 -0.354873 0.615707
v -0.511660 -0.354873 0.615707
v -0.721394 -0.507676 0.621509
v -0.721394 -0.218912 0.686698
v -0.721394 -0.137391 0.816545
v -0.511660 -0.219225 0.686989
v -0.511660 -0.137391 0.816545
v -0.511660 -0.131298 0.969660
v -0.511660 -0.202580 1.105309
v -0.721394 -0.131298 0.969660
v -0.721394 -0.202580 1.105309
v -0.721394 -0.232901 0.946362
v -0.721394 -0.279025 1.034135
v -0.721394 -0.236844 0.847287
v -0.699594 -0.232901 0.946362
v -0.699594 -0.279025 1.034135
v -0.699594 -0.236844 0.847287
v -0.699594 -0.289795 0.763456
v -0.699594 -0.362855 1.087086
v -0.699594 -0.461931 1.091028
v -0.721394 -0.362855 1.087086
v -0.721394 -0.461931 1.091028
v -0.721394 -0.332135 1.187143
v -0.511660 -0.332135 1.187143
v -0.721394 -0.484938 1.192945
v -0.721394 -0.620587 1.121663
v -0.511660 -0.484938 1.192945
v -0.511660 -0.620587 1.121663
v -0.511660 -0.702421 0.992107
v -0.511660 -0.708514 0.838992
v -0.721394 -0.702421 0.992107
v -0.721394 -0.708514 0.838992
v -0.721394 -0.602655 0.961075
v -0.721394 -0.606597 0.861999
v -0.721394 -0.549703 1.044905
v -0.699594 -0.602655 0.961075
v -0.699594 -0.606597 0.861999
v -0.699594 -0.549703 1.044905
v -0.699594 -0.560474 0.774227
v -0.699594 -0.476643 0.721275
v -0.721394 -0.560474 0.774227
v -0.721394 -0.637232 0.703343
v -0.511660 -0.637232 0.703343
v -0.511660 -0.507676 0.621509
v -0.721394 -0.377568 -1.312848
v -0.721394 -0.476643 -1.316790
v -0.721394 -0.289795 -1.358971
v -0.699594 -0.377568 -1.312848
v -0.721394 -0.354873 -1.211222
v -0.511660 -0.354873 -1.211222
v -0.721394 -0.507676 -1.217024
v -0.721394 -0.218912 -1.282213
v -0.721394 -0.137391 -1.412060
v -0.511660 -0.219225 -1.282504
v -0.511660 -0.137390 -1.412060
v -0.511660 -0.131298 -1.565175
v -0.511660 -0.202579 -1.700824
v -0.721394 -0.131298 -1.565175
v -0.721394 -0.202580 -1.700824
v -0.721394 -0.232901 -1.541877
v -0.721394 -0.279025 -1.629649
v -0.721394 -0.236844 -1.442801
v -0.699594 -0.232901 -1.541877
v -0.699594 -0.279025 -1.629649
v -0.699594 -0.236844 -1.442801
v -0.699594 -0.289795 -1.358971
v -0.699594 -0.362855 -1.682601
v -0.699594 -0.461931 -1.686543
v -0.721394 -0.362855 -1.682601
v -0.721394 -0.461931 -1.686543
v -0.721394 -0.332135 -1.782658
v -0.511660 -0.332135 -1.782658
v -0.721394 -0.484938 -1.788460
v -0.721394 -0.620587 -1.717178
v -0.511660 -0.484938 -1.788460
v -0.511660 -0.620587 -1.717178
v -0.511660 -0.702421 -1.587622
v -0.511660 -0.708514 -1.434507
v -0.721394 -0.702421 -1.587622
v -0.721394 -0.708514 -1.434507
v -0.721394 -0.602655 -1.556590
v -0.721394 -0.606597 -1.457514
v -0.721394 -0.549703 -1.640420
v -0.699594 -0.602655 -1.556590
v -0.699594 -0.606597 -1.457514
v -0.699594 -0.549703 -1.640420
v -0.699594 -0.560474 -1.369741
v -0.699594 -0.476643 -1.316790
v -0.721394 -0.560474 -1.369741
v -0.721394 -0.637232 -1.298858
v -0.511660 -0.637232 -1.298858
v -0.511660 -0.507676 -1.217024
v -0.720238 0.221894 -0.424002
v -0.729837 -0.289838 -0.420513
v -0.712716 0.211870 0.494092
v -0.729837 -0.289757 0.380889
v -0.748163 -0.040056 -0.421898
v -0.746527 -0.047690 0.489425
v -0.727981 0.190403 0.547200
v -0.705676 0.221894 -0.424002
v -0.549423 0.702093 -0.424002
v -0.705676 0.221894 0.480102
v -0.549423 0.702093 0.051308
v -0.730281 0.198904 -0.421898
v -0.695873 -0.067844 -0.421898
v -0.677991 -0.312116 -0.421898
v -0.677991 0.171116 -0.421898
v -0.677991 0.171116 0.547200
v -0.677991 -0.312034 0.379504
v -0.695873 -0.075477 0.489425
v -0.667948 0.194106 -0.424002
v -0.685012 0.201878 0.494092
v -0.690619 0.213134 -0.424002
v -0.534365 0.693333 -0.424002
v -0.690619 0.213134 0.480102
v -0.534365 0.693333 0.051308
v -0.713675 -0.015317 0.262745
v -0.713675 0.052409 0.302076
v -0.664713 -0.015317 0.256779
v -0.664713 0.052409 0.296110
v -0.708853 -0.015317 -0.136062
v -0.708853 0.052409 -0.181293
v -0.667084 -0.015317 -0.135411
v -0.667084 0.052409 -0.180643
v -0.700973 0.154819 0.249829
v -0.701664 0.154819 0.319154
v -0.664621 0.154819 0.314610
v -0.664958 0.154819 0.246728
v -0.664951 -0.015317 0.220864
v -0.665288 -0.015317 0.180337
v -0.665288 0.052409 0.180337
v -0.664951 0.052409 0.248219
v -0.712501 -0.015317 0.184446
v -0.713193 -0.015317 0.226416
v -0.713193 0.052409 0.253771
v -0.712501 0.052409 0.184446
v -0.750290 0.016313 -0.250051
v -0.713870 0.016313 -0.250687
v -0.750290 0.042175 -0.250051
v -0.751470 0.016313 -0.317664
v -0.715050 0.016313 -0.318300
v -0.751470 0.042175 -0.317664
v -0.715050 0.042175 -0.318300
v -0.713870 0.042175 -0.250687
v -0.736187 -0.266458 -1.165126
v -0.748157 -0.047188 -0.498285
v -0.722739 0.191773 -1.333098
v -0.692986 0.218499 -1.332168
v -0.692986 0.218499 -0.493199
v -0.718600 0.218499 -0.493199
v -0.748157 -0.122917 -1.296115
v -0.722739 0.191773 -0.493199
v -0.736187 -0.291460 -0.504522
v -0.718600 0.218499 -1.332168
v -0.539997 0.691225 -1.151425
v -0.539997 0.691225 -0.484360
v -0.677057 0.210915 -1.332183
v -0.677057 0.210915 -0.493199
v -0.665247 0.195375 -1.332183
v -0.665247 0.195375 -0.493199
v -0.676922 0.168648 -0.493199
v -0.524068 0.683641 -1.151440
v -0.524068 0.683641 -0.484376
v -0.694804 -0.146042 -1.296130
v -0.676922 -0.289583 -1.165141
v -0.676922 0.168648 -1.333114
v -0.676922 -0.314584 -0.504538
v -0.694804 -0.070312 -0.498285
v -0.711889 -0.015317 -0.722463
v -0.711889 0.052409 -0.683132
v -0.662926 -0.015317 -0.728430
v -0.662926 0.052409 -0.689099
v -0.707066 -0.015317 -1.121270
v -0.707066 0.052409 -1.166502
v -0.665297 -0.015317 -1.120620
v -0.665297 0.052409 -1.165851
v -0.699186 0.154819 -0.735379
v -0.699878 0.154819 -0.666054
v -0.662834 0.154819 -0.670598
v -0.663172 0.154819 -0.738480
v -0.663164 -0.015317 -0.764344
v -0.663502 -0.015317 -0.804872
v -0.663502 0.052409 -0.804872
v -0.663164 0.052409 -0.736989
v -0.710715 -0.015317 -0.800762
v -0.711407 -0.015317 -0.758792
v -0.711407 0.052409 -0.731437
v -0.710715 0.052409 -0.800762
v -0.745290 0.016313 -1.150051
v -0.708870 0.016313 -1.150687
v -0.745290 0.042175 -1.150051
v -0.746470 0.016313 -1.217664
v -0.710050 0.016313 -1.218300
v -0.746470 0.042175 -1.217664
v -0.710050 0.042175 -1.218300
v -0.708870 0.042175 -1.150687
v 0.904965 -0.377568 0.717333
v 0.695231 -0.507676 0.621509
v 0.904965 -0.476643 0.721275
v 0.695231 -0.637232 0.703343
v 0.904965 -0.560474 0.774227
v 0.695231 -0.708514 0.838992
v 0.904965 -0.606597 0.861999
v 0.695231 -0.702421 0.992107
v 0.904965 -0.602655 0.961075
v 0.695231 -0.620587 1.121663
v 0.904965 -0.549703 1.044905
v 0.695231 -0.484938 1.192945
v 0.904965 -0.461931 1.091028
v 0.904965 -0.362855 1.087086
v 0.904965 -0.279025 1.034135
v 0.904965 -0.232901 0.946362
v 0.904965 -0.236844 0.847287
v 0.904965 -0.289795 0.763456
v 0.904965 -0.507676 0.621509
v 0.904965 -0.637232 0.703343
v 0.904965 -0.708514 0.838992
v 0.904965 -0.702421 0.992107
v 0.904965 -0.620587 1.121663
v 0.904965 -0.484938 1.192945
v 0.904965 -0.218912 0.686698
v 0.883165 -0.476643 0.721275
v 0.883165 -0.377568 0.717333
v 0.883165 -0.560474 0.774227
v 0.883165 -0.606597 0.861999
v 0.883165 -0.602655 0.961075
v 0.883165 -0.549703 1.044905
v 0.883165 -0.461931 1.091028
v 0.883165 -0.362855 1.087086
v 0.883165 -0.279025 1.034135
v 0.883165 -0.232901 0.946362
v 0.883165 -0.236844 0.847287
v 0.883165 -0.289795 0.763456
v 0.695231 -0.137391 0.816544
v 0.695231 -0.332135 1.187143
v 0.695231 -0.131298 0.969660
v 0.695231 -0.202580 1.105309
v 0.695231 -0.219225 0.686989
v 0.695231 -0.354873 0.615707
v 0.904965 -0.202580 1.105309
v 0.904965 -0.332135 1.187143
v 0.904965 -0.131298 0.969660
v 0.904965 -0.137391 0.816545
v 0.904965 -0.354873 0.615707
v 0.904965 -0.377568 -1.312848
v 0.904965 -0.476643 -1.316790
v 0.904965 -0.289795 -1.358971
v 0.883165 -0.377568 -1.312848
v 0.904965 -0.354873 -1.211222
v 0.695231 -0.354873 -1.211222
v 0.904965 -0.507676 -1.217024
v 0.904965 -0.218912 -1.282213
v 0.904965 -0.137391 -1.412060
v 0.695231 -0.219225 -1.282504
v 0.695231 -0.137390 -1.412059
v 0.695231 -0.131298 -1.565175
v 0.695231 -0.202580 -1.700824
v 0.904965 -0.131298 -1.565175
v 0.904965 -0.202580 -1.700824
v 0.904965 -0.232901 -1.541877
v 0.904965 -0.279025 -1.629649
v 0.904965 -0.236844 -1.442801
v 0.883165 -0.232901 -1.541877
v 0.883165 -0.279025 -1.629649
v 0.883165 -0.236844 -1.442801
v 0.883165 -0.289795 -1.358971
v 0.883165 -0.362855 -1.682601
v 0.883165 -0.461931 -1.686543
v 0.904965 -0.362855 -1.682601
v 0.904965 -0.461931 -1.686543
v 0.904965 -0.332135 -1.782658
v 0.695231 -0.332135 -1.782658
v 0.904965 -0.484938 -1.788460
v 0.904965 -0.620587 -1.717178
v 0.695231 -0.484938 -1.788460
v 0.695231 -0.620587 -1.717178
v 0.695231 -0.702421 -1.587622
v 0.695231 -0.708514 -1.434507
v 0.904965 -0.702421 -1.587622
v 0.904965 -0.708514 -1.434507
v 0.904965 -0.602655 -1.556590
v 0.904965 -0.606597 -1.457514
v 0.904965 -0.549703 -1.640420
v 0.883165 -0.602655 -1.556590
v 0.883165 -0.606597 -1.457514
v 0.883165 -0.549703 -1.640420
v 0.883165 -0.560474 -1.369742
v 0.883165 -0.476643 -1.316790
v 0.904965 -0.560474 -1.369742
v 0.904965 -0.637232 -1.298858
v 0.695231 -0.637232 -1.298858
v 0.695231 -0.507676 -1.217024
v 0.881176 0.221894 -0.424002
v 0.890775 -0.289838 -0.420513
v 0.873654 0.211870 0.494092
v 0.890775 -0.289757 0.380889
v 0.909101 -0.040056 -0.421898
v 0.907465 -0.047690 0.489425
v 0.888919 0.190403 0.547200
v 0.866614 0.221894 -0.424002
v 0.710361 0.702093 -0.424002
v 0.866614 0.221894 0.480102
v 0.710361 0.702093 0.051308
v 0.891219 0.198904 -0.421898
v 0.856811 -0.067844 -0.421898
v 0.838929 -0.312116 -0.421898
v 0.838929 0.171116 -0.421898
v 0.838929 0.171116 0.547200
v 0.838929 -0.312034 0.379504
v 0.856811 -0.075477 0.489425
v 0.828886 0.194106 -0.424002
v 0.845950 0.201878 0.494092
v 0.851557 0.213134 -0.424002
v 0.695303 0.693333 -0.424002
v 0.851557 0.213134 0.480102
v 0.695303 0.693333 0.051308
v 0.874613 -0.015317 0.262745
v 0.874613 0.052409 0.302076
v 0.825651 -0.015317 0.256779
v 0.825651 0.052409 0.296110
v 0.869791 -0.015317 -0.136062
v 0.869791 0.052409 -0.181293
v 0.828021 -0.015317 -0.135411
v 0.828021 0.052409 -0.180643
v 0.861911 0.154819 0.249829
v 0.862602 0.154819 0.319154
v 0.825559 0.154819 0.314610
v 0.825896 0.154819 0.246728
v 0.825889 -0.015317 0.220864
v 0.826226 -0.015317 0.180337
v 0.826226 0.052409 0.180337
v 0.825889 0.052409 0.248219
v 0.873439 -0.015317 0.184446
v 0.874131 -0.015317 0.226416
v 0.874131 0.052409 0.253771
v 0.873439 0.052409 0.184446
v 0.911228 0.016313 -0.250051
v 0.911228 0.042175 -0.250051
v 0.874808 0.016313 -0.250687
v 0.874808 0.042175 -0.250687
v 0.912408 0.016313 -0.317664
v 0.912408 0.042175 -0.317664
v 0.875988 0.016313 -0.318300
v 0.875988 0.042175 -0.318300
v 0.897125 -0.266458 -1.165126
v 0.909095 -0.047188 -0.498285
v 0.883677 0.191773 -1.333098
v 0.853924 0.218499 -1.332168
v 0.853924 0.218499 -0.493199
v 0.879538 0.218499 -0.493199
v 0.909095 -0.122917 -1.296115
v 0.883677 0.191773 -0.493199
v 0.897125 -0.291460 -0.504522
v 0.879538 0.218499 -1.332168
v 0.700935 0.691225 -1.151425
v 0.700935 0.691225 -0.484360
v 0.837995 0.210915 -1.332183
v 0.837995 0.210915 -0.493199
v 0.826186 0.195375 -1.332183
v 0.826186 0.195375 -0.493199
v 0.837860 0.168648 -0.493199
v 0.685006 0.683641 -1.151440
v 0.685006 0.683641 -0.484376
v 0.855743 -0.146042 -1.296130
v 0.837860 -0.289583 -1.165141
v 0.837860 0.168648 -1.333114
v 0.837860 -0.314584 -0.504538
v 0.855743 -0.070312 -0.498285
v 0.872827 -0.015317 -0.722463
v 0.872827 0.052409 -0.683132
v 0.823865 -0.015317 -0.728430
v 0.823865 0.052409 -0.689099
v 0.868005 -0.015317 -1.121270
v 0.868005 0.052409 -1.166502
v 0.826235 -0.015317 -1.120620
v 0.826235 0.052409 -1.165851
v 0.860124 0.154819 -0.735379
v 0.860816 0.154819 -0.666054
v 0.823773 0.154819 -0.670598
v 0.824110 0.154819 -0.738480
v 0.824103 -0.015317 -0.764344
v 0.824440 -0.015317 -0.804872
v 0.824440 0.052409 -0.804872
v 0.824103 0.052409 -0.736989
v 0.871653 -0.015317 -0.800762
v 0.872345 -0.015317 -0.758792
v 0.872345 0.052409 -0.731437
v 0.871653 0.052409 -0.800762
v 0.906228 0.016313 -1.150051
v 0.906228 0.042175 -1.150051
v 0.869808 0.016313 -1.150687
v 0.869808 0.042175 -1.150687
v 0.907408 0.016313 -1.217664
v 0.907408 0.042175 -1.217664
v 0.870988 0.016313 -1.218300
v 0.870988 0.042175 -1.218300
v 0.586832 0.152468 1.219958
v 0.593006 0.232881 0.649916
v 0.079203 0.212798 0.934937
v 0.079203 0.172591 1.219958
v 0.589919 0.192674 0.934937
v 0.079203 0.253005 0.649916
v -0.428426 0.152468 1.219958
v -0.434600 0.232881 0.649916
v -0.431513 0.192674 0.934937
v 0.799521 0.164632 0.935163
v 0.804227 0.203764 0.649916
v 0.794816 0.125500 1.220410
v 0.559241 0.022155 1.832437
v 0.079203 0.042279 1.832437
v -0.400835 0.022155 1.832437
v 0.752757 0.004793 1.834908
v -0.636903 0.165195 0.935158
v -0.641576 0.204349 0.649916
v -0.632230 0.126042 1.220400
v -0.590462 0.005142 1.834858
v 0.586832 0.094030 1.210337
v 0.593006 0.108915 0.571859
v 0.079203 0.154360 0.925316
v 0.079203 0.114154 1.210337
v 0.589919 0.134236 0.925316
v 0.079203 0.129038 0.571859
v -0.428426 0.094030 1.210337
v -0.434600 0.108915 0.571859
v -0.431513 0.134236 0.925316
v 0.799521 0.106194 0.925542
v 0.804227 0.079798 0.571859
v 0.794816 0.067062 1.210789
v 0.559240 -0.036283 1.822817
v 0.079203 -0.016159 1.822817
v -0.400835 -0.036283 1.822817
v 0.752757 -0.053645 1.825288
v -0.636903 0.106758 0.925538
v -0.641576 0.080383 0.571859
v -0.632230 0.067604 1.210780
v -0.590462 -0.053296 1.825238
vn 1.0000 -0.0000 -0.0000
vn -0.0166 -0.9992 0.0368
vn -0.0037 -0.9995 0.0328
vn -0.0052 -0.9982 0.0597
vn -0.0177 -0.9976 0.0669
vn 0.0127 -0.9991 -0.0413
vn 0.0259 -0.9991 -0.0345
vn 0.0465 -0.9983 -0.0347
vn 0.0240 -0.9989 -0.0412
vn -0.0000 0.7247 0.6890
vn -0.0000 0.7247 0.6891
vn 0.9984 0.0569 0.0008
vn 0.9607 0.2606 -0.0953
vn 0.9837 0.1790 0.0193
vn 0.9994 0.0090 0.0320
vn 0.9979 -0.0085 -0.0642
vn 0.9953 0.0970 -0.0056
vn 0.9979 0.0646 -0.0047
vn 0.9997 0.0223 -0.0045
vn 0.6736 -0.7391 -0.0079
vn 0.7689 -0.6393 -0.0079
vn 0.7470 -0.6648 -0.0079
vn 0.1300 0.9914 -0.0169
vn 0.1161 0.9931 -0.0169
vn 0.1756 0.9843 -0.0170
vn -0.0000 -0.0000 -1.0000
vn 0.9954 -0.0948 -0.0103
vn 0.9963 -0.0850 -0.0104
vn 0.9953 -0.0959 -0.0103
vn 0.0002 0.0316 -0.9995
vn 0.0004 0.0323 -0.9995
vn 0.0056 0.9996 -0.0267
vn 0.1121 0.9930 -0.0364
vn 0.0714 0.9964 -0.0464
vn 0.0073 0.9994 -0.0346
vn -0.0002 1.0000 -0.0000
vn 0.0850 0.9964 -0.0000
vn 0.0713 0.9907 -0.1160
vn -0.0001 0.9937 -0.1118
vn -0.0000 -0.8983 -0.4394
vn -0.0000 -1.0000 -0.0000
vn -0.0000 -0.9988 -0.0481
vn 0.0555 0.9696 -0.2382
vn -0.0001 0.9711 -0.2386
vn 0.9937 -0.1117 0.0055
vn 0.9934 -0.1150 -0.0020
vn -0.0000 1.0000 -0.0000
vn -0.0000 0.9897 -0.1429
vn 0.0164 -0.0004 -0.9999
vn 0.0161 -0.0004 -0.9999
vn -0.0016 -0.0001 -1.0000
vn -0.0014 -0.0000 -1.0000
vn 0.0087 0.0026 -1.0000
vn 0.0379 0.0031 -0.9993
vn 0.0530 0.0030 -0.9986
vn 0.0283 0.0071 -0.9996
vn -0.0039 0.0002 -1.0000
vn -0.0054 0.0002 -1.0000
vn 0.0518 0.9736 0.2225
vn 0.0687 0.9912 0.1130
vn -0.0001 0.9946 0.1035
vn -0.0001 0.9749 0.2228
vn -0.9694 -0.2156 -0.1170
vn 0.9311 0.3568 -0.0754
vn 0.9341 0.3570 -0.0000
vn 0.9395 0.3425 -0.0019
vn 0.9352 0.3540 0.0074
vn 0.9725 0.2315 0.0232
vn 0.8196 0.5074 -0.2662
vn 0.9194 0.3834 -0.0883
vn -0.0000 -0.2957 -0.9553
vn -0.0000 -0.3212 -0.9470
vn -0.0000 -0.0377 -0.9993
vn 0.0016 -0.4485 -0.8938
vn 0.0001 -0.5212 -0.8534
vn 0.0015 -0.8734 -0.4871
vn 0.0030 -0.7165 -0.6976
vn -0.0000 -0.7165 -0.6976
vn -0.0000 -0.8691 -0.4947
vn -0.0000 -0.9999 -0.0142
vn -0.0015 -0.3658 0.9307
vn -0.0007 -0.2510 0.9680
vn -0.0007 -0.2658 0.9640
vn -0.0023 -0.4521 0.8920
vn -0.0000 1.0000 -0.0006
vn -0.0000 0.0309 -0.9995
vn -0.9988 -0.0495 -0.0000
vn -1.0000 -0.0018 -0.0000
vn -0.9989 0.0458 -0.0000
vn -0.0000 0.1557 0.9878
vn -0.0000 -0.9726 0.2324
vn 0.9935 -0.1120 0.0211
vn 0.9989 -0.0171 0.0434
vn 0.0084 -0.9986 0.0518
vn -0.0001 -0.9996 0.0284
vn 0.9972 -0.0754 -0.0008
vn 0.9970 -0.0775 -0.0008
vn 0.9969 -0.0786 -0.0009
vn 0.5317 -0.8469 -0.0001
vn 0.5324 -0.8465 -0.0001
vn 0.1554 0.9875 0.0261
vn 0.0699 0.9971 0.0288
vn 0.1035 0.9943 0.0270
vn -0.0082 -0.9999 0.0065
vn -0.0017 -1.0000 0.0065
vn -0.0000 -1.0000 0.0065
vn 0.9965 -0.0836 -0.0009
vn 0.9965 -0.0837 -0.0009
vn 0.0169 0.9995 0.0268
vn 0.0321 0.9991 0.0260
vn 0.0216 0.9995 0.0251
vn -0.0000 -0.9998 0.0205
vn -0.0000 -0.9995 0.0309
vn -0.0009 0.9995 0.0315
vn -0.0005 0.9997 0.0257
vn -0.0000 0.6915 0.7223
vn -0.0000 -0.1013 0.9949
vn -0.0000 -0.3571 0.9341
vn -0.0000 -0.1505 0.9886
vn -0.0000 0.1006 0.9949
vn -0.9198 -0.3647 0.1448
vn -0.9900 0.0412 0.1350
vn -0.0049 0.6765 -0.7364
vn -0.0000 0.6765 -0.7365
vn -0.0000 -0.6646 0.7472
vn -0.0000 0.9475 -0.3197
vn -0.0001 0.9643 -0.2649
vn 0.0050 -0.6947 -0.7192
vn -0.0002 -0.6946 -0.7194
vn -0.0066 0.1836 -0.9830
vn 0.5309 -0.8474 -0.0000
vn 0.5313 -0.8472 -0.0000
vn -0.0000 0.9988 -0.0481
vn -0.0000 0.9951 0.0991
vn -0.0000 0.9944 0.1059
vn 0.9942 0.0748 0.0770
vn 0.9919 -0.0210 0.1255
vn 0.9983 0.0235 0.0525
vn 0.9965 0.0571 0.0607
vn 0.9847 -0.1516 0.0856
vn 0.9931 -0.0129 0.1166
vn 0.9996 -0.0011 0.0281
vn 0.9885 -0.1471 0.0349
vn 0.0017 -0.9998 -0.0180
vn 0.0034 -0.9999 -0.0151
vn 0.0069 -0.9995 -0.0302
vn 0.0003 -0.9997 -0.0260
vn 0.0012 0.0037 1.0000
vn -0.0000 0.0022 1.0000
vn 0.0008 0.0032 1.0000
vn 0.0074 0.0171 -0.9998
vn -0.0022 0.0190 -0.9998
vn 0.0048 0.0176 -0.9998
vn 0.9977 0.0605 0.0290
vn 0.9978 0.0603 0.0292
vn -0.0000 -0.9998 -0.0209
vn 1.0000 -0.0092 -0.0031
vn 0.9978 0.0638 0.0162
vn 0.9978 0.0636 0.0197
vn 0.9998 0.0184 0.0083
vn 0.5507 -0.8347 -0.0050
vn 0.5510 -0.8345 -0.0050
vn 0.9950 -0.0007 0.0994
vn 0.9950 -0.0007 0.1002
vn 0.9928 -0.0009 0.1200
vn -0.0014 -0.9998 0.0208
vn 0.0102 -0.9993 0.0349
vn 0.0072 -0.9995 0.0313
vn 0.0013 -0.9996 0.0274
vn 0.9966 -0.0829 0.0019
vn 0.9969 -0.0787 0.0037
vn 0.9966 -0.0828 0.0019
vn 0.0943 0.9778 0.1870
vn 0.0899 0.9793 0.1814
vn 0.0631 0.9800 0.1888
vn 0.0630 0.9800 0.1888
vn 0.0818 0.9819 0.1709
vn 0.0102 0.9994 -0.0335
vn 0.0538 0.9934 -0.1010
vn 0.0156 0.9986 -0.0504
vn 0.0012 0.9781 0.2081
vn -0.0012 0.9781 0.2081
vn 0.0018 0.8624 -0.5063
vn 0.0759 0.8591 -0.5062
vn 0.0776 0.8590 -0.5061
vn -0.0018 0.8624 -0.5062
vn 0.7976 0.5407 0.2675
vn 0.8339 0.5054 0.2219
vn 0.9110 0.4065 0.0694
vn 0.2569 -0.9663 0.0140
vn 0.2910 -0.9566 0.0162
vn 0.1322 -0.9912 0.0057
vn -0.0074 0.9999 0.0068
vn -0.0163 0.9999 -0.0001
vn -0.0183 0.9998 0.0001
vn -0.1322 -0.7633 0.6324
vn 0.0003 -0.7700 0.6380
vn 0.9962 -0.0869 -0.0005
vn 0.0038 -0.9996 0.0273
vn 0.0016 -0.9998 0.0205
vn -0.0000 1.0000 -0.0076
vn 0.0349 0.9993 -0.0150
vn -0.0001 1.0000 -0.0026
vn -0.0001 1.0000 -0.0027
vn 0.0240 0.9996 -0.0114
vn -0.0000 -0.9991 0.0417
vn 0.0041 -0.9993 0.0369
vn 0.0041 -0.9993 0.0364
vn -0.0083 -0.0022 1.0000
vn -0.0009 0.0028 1.0000
vn 0.0009 0.0028 1.0000
vn -0.0088 -0.0069 0.9999
vn 0.1101 -0.0351 0.9933
vn 0.0963 -0.0375 0.9946
vn 0.0966 -0.0375 0.9946
vn -0.0029 -0.0080 1.0000
vn -0.0148 -0.0198 0.9997
vn -0.0262 -0.0323 0.9991
vn -0.0039 -0.0114 0.9999
vn -0.0002 -0.0401 0.9992
vn -0.0000 1.0000 -0.0018
vn -0.0013 0.0032 1.0000
vn -0.0000 0.0034 1.0000
vn -0.0000 0.0036 1.0000
vn -0.0000 0.0040 1.0000
vn -1.0000 -0.0000 -0.0000
vn 0.9843 -0.1765 0.0007
vn 0.9842 -0.1772 0.0007
vn -0.0000 0.0032 1.0000
vn -0.0000 0.0033 1.0000
vn -0.0001 -1.0000 0.0032
vn -0.0000 -1.0000 0.0032
vn 0.9375 -0.3480 0.0013
vn -0.0000 -1.0000 0.0076
vn -0.0262 -0.0201 0.9995
vn -0.0282 -0.0250 0.9993
vn -0.0000 -0.9999 0.0150
vn -0.0000 -0.9997 0.0237
vn 0.9959 -0.0899 -0.0117
vn 0.9961 -0.0869 -0.0166
vn -0.9725 -0.1989 0.1210
vn 0.1223 0.8550 -0.5041
vn 0.9962 -0.0871 -0.0000
vn 0.9332 0.3595 -0.0000
vn 0.9299 0.3569 0.0887
vn 0.9434 0.0095 0.3316
vn 0.9747 -0.0256 0.2219
vn 0.9996 -0.0271 0.0043
vn 0.9994 0.0181 0.0286
vn 0.9495 0.3138 -0.0000
vn -0.0111 -0.9991 0.0421
vn -0.0000 -0.9998 0.0207
vn -0.0000 -0.6661 -0.7459
vn 0.8943 0.3874 -0.2239
vn 0.9101 0.4133 0.0299
vn 0.9945 0.0087 0.1047
vn 0.9937 0.0198 0.1101
vn 0.9945 0.0083 0.1045
vn -0.0016 -0.2579 0.9662
vn -0.0000 0.0428 0.9991
vn -0.0000 -0.2809 0.9597
vn -0.0000 -0.7220 -0.6919
vn 0.0030 -0.7220 -0.6919
vn -0.0000 -0.6890 0.7247
vn -0.0000 -0.9791 0.2032
vn 0.0020 -1.0000 0.0093
vn -0.0000 -1.0000 0.0048
vn 0.0040 -0.9810 -0.1938
vn -0.0000 -0.9810 -0.1938
vn -0.0000 -0.3034 -0.9529
vn 0.1478 0.9888 -0.0204
vn 0.0784 0.9966 -0.0239
vn 0.0615 -0.9980 0.0145
vn 0.0263 -0.9993 0.0251
vn -0.0000 0.0028 1.0000
vn 0.0001 0.0028 1.0000
vn 0.1316 0.0011 0.9913
vn -0.0003 0.0012 1.0000
vn -0.0005 -1.0000 0.0032
vn -0.0000 0.0023 1.0000
vn -0.0000 -0.9997 -0.0235
vn -0.0000 1.0000 0.0099
vn -0.0000 0.9997 0.0252
vn -0.0000 0.4120 -0.9112
vn 0.0001 -0.9911 0.1328
vn -0.0000 -0.9978 0.0665
vn -0.0351 -0.9905 0.1327
vn 0.9996 -0.0279 -0.0086
vn 0.9995 -0.0294 -0.0091
vn 0.5709 -0.8209 -0.0100
vn -0.9997 -0.0236 -0.0031
vn -0.9997 -0.0235 -0.0031
vn -0.9999 0.0129 -0.0014
vn -0.0797 -0.9885 0.1289
vn 0.0002 -0.9916 0.1293
vn -0.0018 -0.2823 0.9593
vn -0.0000 -0.2823 0.9593
vn -0.0093 0.9999 0.0113
vn -0.0094 0.9999 0.0108
vn -0.9537 -0.3009 -0.0023
vn -0.9641 -0.2655 -0.0044
vn -0.9639 -0.2663 -0.0044
vn 0.8965 0.2807 -0.3426
vn 0.9024 0.2560 -0.3465
vn 0.8845 0.3791 0.2718
vn 0.0001 0.0189 -0.9998
vn 0.0109 0.0310 -0.9995
vn 0.0073 0.0270 -0.9996
vn 0.0017 0.0029 1.0000
vn 0.0017 0.0033 1.0000
vn -0.0003 0.0022 1.0000
vn 0.0007 0.0020 1.0000
vn 0.0005 0.0021 1.0000
vn 0.9761 -0.0273 -0.2155
vn 0.9577 0.0104 -0.2876
vn -0.9892 -0.1463 -0.0056
vn -0.9895 -0.1447 -0.0056
vn 0.8617 0.2763 0.4256
vn 0.8682 0.2443 0.4319
vn 0.0156 0.0248 -0.9996
vn 0.0160 0.0281 -0.9995
vn -0.0000 1.0000 -0.0001
vn 0.0807 -0.8853 -0.4580
vn 0.0419 -0.8616 -0.5058
vn 0.0377 -0.8589 -0.5108
vn -0.0217 0.2420 -0.9700
vn -0.0109 0.3285 -0.9444
vn -0.0109 0.3281 -0.9446
vn -0.0001 0.9944 -0.1052
vn -0.0000 0.9945 -0.1050
vn -0.0000 0.9995 0.0306
vn 0.0015 0.3437 -0.9391
vn -0.9172 -0.3886 -0.0879
vn 0.0601 0.9917 0.1137
vn 0.0946 0.9876 0.1250
vn 0.0947 0.9876 0.1250
vn 0.0287 0.4132 0.9102
vn -0.0008 0.3687 0.9295
vn -0.0000 0.1306 0.9914
vn 0.0089 0.1306 0.9914
vn 0.0403 0.5209 0.8527
vn 0.0333 0.5555 0.8309
vn 0.1175 0.9785 0.1697
vn 0.1179 0.9786 0.1688
vn -0.0001 0.9944 -0.1054
vn 0.0045 -0.6877 -0.7260
vn -0.0000 -0.6877 -0.7260
vn 0.1601 0.9869 -0.0197
vn 0.9951 -0.0032 0.0990
vn -0.0000 -0.9999 0.0133
vn 0.9968 -0.0006 0.0800
vn 0.9918 -0.1057 0.0712
vn 0.9908 -0.1150 0.0715
vn 0.9910 0.1308 0.0286
vn 0.9858 0.1292 0.1072
vn -0.0000 0.1607 -0.9870
vn -0.0295 0.1639 -0.9860
vn -0.0329 0.1642 -0.9859
vn -0.9845 0.1754 0.0078
vn -0.0692 0.1672 -0.9835
vn -0.9844 0.1755 -0.0108
vn -0.9843 0.1756 -0.0152
vn -0.9839 0.1756 -0.0339
vn 0.0015 0.5700 0.8216
vn -0.0000 0.3117 0.9502
vn -0.0000 -0.1268 -0.9919
vn -0.9981 -0.0611 0.0091
vn -0.9981 -0.0608 0.0090
vn -0.9981 -0.0612 0.0091
vn -0.0245 0.9997 -0.0004
vn 0.9745 -0.2230 0.0254
vn -0.0731 -0.1098 0.9913
vn -0.0039 -0.6320 0.7750
vn -0.0297 0.9996 -0.0012
vn 0.7728 0.6329 0.0462
vn -0.0888 0.2910 0.9526
vn 0.1507 0.0011 0.9886
vn -0.0004 -0.7834 0.6215
vn -0.0000 -0.7058 0.7084
vn 0.9982 -0.0571 -0.0176
vn 0.5328 -0.8463 -0.0001
vn 0.0145 0.7125 0.7015
vn -0.0000 0.7126 0.7016
vn -0.0001 0.9856 0.1693
vn 0.0493 0.9844 0.1691
vn -0.0000 0.9884 -0.1519
vn -0.0026 0.6144 -0.7890
vn -0.0003 0.6145 -0.7889
vn 0.0003 0.6146 -0.7889
vn -0.0004 0.8740 -0.4859
vn -0.0000 0.8740 -0.4859
vn 0.0029 -0.9164 -0.4003
vn -0.1079 -0.9119 -0.3959
vn -0.0029 -0.9164 -0.4002
vn 0.9955 -0.0949 -0.0036
vn 0.9988 -0.0399 0.0300
vn -0.0033 0.0952 0.9954
vn -0.0000 0.0952 0.9955
vn -0.0000 0.9697 0.2442
vn -0.0000 0.9943 -0.1063
vn -0.0003 0.9943 -0.1063
vn -0.8133 0.2396 -0.5302
vn -0.0451 -0.9936 -0.1040
vn 0.0012 -0.9946 -0.1034
vn -0.0012 -0.9946 -0.1034
vn -0.0000 -0.8320 -0.5548
vn 0.0434 0.9984 -0.0358
vn 0.0420 0.9979 -0.0488
vn -0.0000 0.9634 -0.2681
vn 0.0657 0.9805 0.1852
vn -0.7760 -0.5507 -0.3074
vn 0.9935 -0.1077 0.0371
vn -0.0078 0.0025 1.0000
vn 0.9960 0.0825 0.0343
vn -0.9981 -0.0616 0.0092
vn 0.9937 -0.1012 0.0485
vn 0.9990 0.0096 0.0435
vn 0.9987 0.0041 -0.0508
vn 0.9943 -0.1003 -0.0354
vn 0.0025 -0.9991 -0.0413
vn 0.9943 -0.1058 -0.0102
vn 0.6483 -0.7613 -0.0079
vn 0.9926 0.1165 0.0336
vn 0.9928 0.1138 -0.0363
vn 0.0051 -0.9994 -0.0342
vn 0.9912 0.1302 0.0257
vn 0.9925 -0.1111 0.0505
vn 0.0166 -0.9992 0.0368
vn 0.0177 -0.9976 0.0669
vn 0.0052 -0.9982 0.0596
vn 0.0037 -0.9995 0.0328
vn -0.0127 -0.9991 -0.0413
vn -0.0240 -0.9989 -0.0412
vn -0.0465 -0.9983 -0.0347
vn -0.0259 -0.9991 -0.0345
vn -0.9984 0.0569 0.0008
vn -0.9994 0.0090 0.0320
vn -0.9837 0.1790 0.0193
vn -0.9607 0.2606 -0.0953
vn -0.9979 -0.0085 -0.0642
vn -0.9997 0.0223 -0.0045
vn -0.9979 0.0646 -0.0047
vn -0.9953 0.0970 -0.0056
vn -0.6736 -0.7391 -0.0079
vn -0.7470 -0.6648 -0.0079
vn -0.7689 -0.6393 -0.0079
vn -0.1300 0.9914 -0.0169
vn -0.1756 0.9843 -0.0170
vn -0.1161 0.9931 -0.0169
vn -0.9954 -0.0948 -0.0103
vn -0.9953 -0.0959 -0.0103
vn -0.9963 -0.0850 -0.0104
vn -0.0002 0.0316 -0.9995
vn -0.0004 0.0323 -0.9995
vn -0.0056 0.9996 -0.0267
vn -0.0073 0.9994 -0.0346
vn -0.0714 0.9964 -0.0464
vn -0.1121 0.9930 -0.0364
vn -0.0853 0.9964 -0.0000
vn -0.0715 0.9907 -0.1161
vn -0.0558 0.9696 -0.2382
vn -0.9937 -0.1117 0.0055
vn -0.9934 -0.1150 -0.0020
vn -0.0164 -0.0004 -0.9999
vn -0.0161 -0.0004 -0.9999
vn 0.0014 -0.0000 -1.0000
vn 0.0016 -0.0001 -1.0000
vn -0.0087 0.0026 -1.0000
vn -0.0283 0.0071 -0.9996
vn -0.0530 0.0030 -0.9986
vn -0.0379 0.0031 -0.9993
vn 0.0039 0.0002 -1.0000
vn 0.0054 0.0002 -1.0000
vn -0.0520 0.9735 0.2225
vn -0.0689 0.9912 0.1130
vn 0.9694 -0.2156 -0.1170
vn -0.9311 0.3568 -0.0754
vn -0.9352 0.3540 0.0074
vn -0.9395 0.3425 -0.0019
vn -0.9341 0.3570 -0.0000
vn -0.9725 0.2315 0.0232
vn -0.8196 0.5074 -0.2662
vn -0.9194 0.3834 -0.0883
vn -0.0000 -0.0376 -0.9993
vn -0.0016 -0.4484 -0.8938
vn -0.0015 -0.8734 -0.4871
vn -0.0031 -0.7165 -0.6976
vn 0.0015 -0.3658 0.9307
vn 0.0023 -0.4533 0.8914
vn 0.0007 -0.2658 0.9640
vn 0.0007 -0.2510 0.9680
vn 0.9988 -0.0495 -0.0000
vn 1.0000 -0.0018 -0.0000
vn 0.9989 0.0458 -0.0000
vn -0.0000 0.1556 0.9878
vn -0.9935 -0.1120 0.0211
vn -0.9989 -0.0171 0.0434
vn -0.0084 -0.9986 0.0516
vn -0.9972 -0.0754 -0.0008
vn -0.9969 -0.0786 -0.0009
vn -0.9970 -0.0775 -0.0008
vn -0.5317 -0.8469 -0.0001
vn -0.5324 -0.8465 -0.0001
vn -0.1554 0.9875 0.0261
vn -0.1035 0.9943 0.0270
vn -0.0699 0.9971 0.0288
vn 0.0082 -0.9999 0.0065
vn 0.0017 -1.0000 0.0065
vn -0.9965 -0.0837 -0.0009
vn -0.9965 -0.0836 -0.0009
vn -0.0216 0.9995 0.0251
vn -0.0321 0.9991 0.0260
vn -0.0169 0.9995 0.0268
vn 0.0005 0.9997 0.0257
vn 0.0009 0.9995 0.0315
vn 0.9198 -0.3647 0.1448
vn 0.9900 0.0412 0.1350
vn 0.0049 0.6765 -0.7365
vn 0.0001 0.9643 -0.2649
vn -0.0050 -0.6945 -0.7195
vn 0.0066 0.1836 -0.9830
vn -0.5309 -0.8474 -0.0000
vn -0.5313 -0.8472 -0.0000
vn -0.9942 0.0748 0.0770
vn -0.9965 0.0571 0.0607
vn -0.9983 0.0235 0.0525
vn -0.9919 -0.0210 0.1255
vn -0.9847 -0.1516 0.0856
vn -0.9885 -0.1471 0.0349
vn -0.9996 -0.0011 0.0281
vn -0.9931 -0.0129 0.1166
vn -0.0017 -0.9998 -0.0180
vn -0.0003 -0.9997 -0.0260
vn -0.0069 -0.9995 -0.0302
vn -0.0034 -0.9999 -0.0151
vn -0.0012 0.0037 1.0000
vn -0.0008 0.0032 1.0000
vn -0.0074 0.0171 -0.9998
vn -0.0048 0.0176 -0.9998
vn 0.0022 0.0190 -0.9998
vn -0.9977 0.0605 0.0290
vn -0.9978 0.0603 0.0292
vn -1.0000 -0.0092 -0.0031
vn -0.9998 0.0184 0.0083
vn -0.9978 0.0636 0.0197
vn -0.9978 0.0638 0.0162
vn -0.5507 -0.8347 -0.0050
vn -0.5510 -0.8345 -0.0050
vn -0.9950 -0.0007 0.0994
vn -0.9928 -0.0009 0.1200
vn -0.9950 -0.0007 0.1002
vn 0.0014 -0.9998 0.0208
vn -0.0013 -0.9996 0.0274
vn -0.0072 -0.9995 0.0313
vn -0.0102 -0.9993 0.0349
vn -0.9966 -0.0829 0.0019
vn -0.9966 -0.0828 0.0019
vn -0.9969 -0.0787 0.0037
vn -0.0943 0.9778 0.1870
vn -0.0818 0.9819 0.1709
vn -0.0630 0.9798 0.1897
vn -0.0631 0.9798 0.1896
vn -0.0899 0.9793 0.1814
vn -0.0102 0.9994 -0.0335
vn -0.0156 0.9986 -0.0504
vn -0.0538 0.9934 -0.1010
vn -0.0777 0.8596 -0.5049
vn -0.0759 0.8598 -0.5050
vn -0.7976 0.5407 0.2675
vn -0.9110 0.4065 0.0694
vn -0.8339 0.5054 0.2219
vn -0.2569 -0.9663 0.0140
vn -0.1322 -0.9912 0.0057
vn -0.2910 -0.9566 0.0162
vn 0.0074 0.9999 0.0068
vn 0.0183 0.9998 0.0001
vn 0.0163 0.9999 -0.0001
vn 0.1327 -0.7632 0.6323
vn -0.9962 -0.0869 -0.0005
vn -0.0016 -0.9998 0.0205
vn -0.0038 -0.9996 0.0273
vn -0.0349 0.9993 -0.0150
vn -0.0240 0.9996 -0.0114
vn 0.0001 1.0000 -0.0027
vn 0.0001 1.0000 -0.0026
vn -0.0041 -0.9993 0.0364
vn -0.0041 -0.9993 0.0369
vn 0.0083 -0.0022 1.0000
vn 0.0088 -0.0069 0.9999
vn -0.1101 -0.0351 0.9933
vn -0.0968 -0.0375 0.9946
vn -0.0965 -0.0375 0.9946
vn 0.0029 -0.0080 1.0000
vn 0.0039 -0.0114 0.9999
vn 0.0262 -0.0323 0.9991
vn 0.0148 -0.0198 0.9997
vn 0.0013 0.0032 1.0000
vn -0.9843 -0.1765 0.0007
vn -0.9842 -0.1772 0.0007
vn 0.0001 -1.0000 0.0032
vn -0.9375 -0.3480 0.0013
vn 0.0262 -0.0201 0.9995
vn 0.0282 -0.0250 0.9993
vn -0.9959 -0.0899 -0.0117
vn -0.9961 -0.0869 -0.0166
vn 0.9725 -0.1989 0.1210
vn -0.1223 0.8550 -0.5041
vn -0.9962 -0.0871 -0.0000
vn -0.9332 0.3595 -0.0000
vn -0.9299 0.3569 0.0887
vn -0.9434 0.0095 0.3316
vn -0.9994 0.0181 0.0286
vn -0.9996 -0.0271 0.0043
vn -0.9747 -0.0256 0.2219
vn -0.9495 0.3138 -0.0000
vn 0.0112 -0.9991 0.0421
vn -0.8943 0.3874 -0.2239
vn -0.9101 0.4133 0.0299
vn -0.9945 0.0087 0.1047
vn -0.9945 0.0083 0.1045
vn -0.9937 0.0198 0.1101
vn 0.0016 -0.2579 0.9662
vn -0.0030 -0.7220 -0.6919
vn -0.0020 -1.0000 0.0093
vn -0.0040 -0.9810 -0.1938
vn -0.1478 0.9888 -0.0204
vn -0.0784 0.9966 -0.0239
vn -0.0263 -0.9993 0.0251
vn -0.0615 -0.9980 0.0145
vn -0.0001 0.0028 1.0000
vn -0.1319 0.0011 0.9913
vn 0.0005 -1.0000 0.0032
vn 0.0352 -0.9905 0.1327
vn -0.9996 -0.0279 -0.0086
vn -0.9995 -0.0294 -0.0091
vn -0.5709 -0.8209 -0.0100
vn 0.9997 -0.0236 -0.0031
vn 0.9999 0.0129 -0.0014
vn 0.9997 -0.0235 -0.0031
vn 0.0800 -0.9884 0.1288
vn 0.0018 -0.2823 0.9593
vn 0.0094 0.9999 0.0108
vn 0.0093 0.9999 0.0113
vn 0.9537 -0.3009 -0.0023
vn 0.9639 -0.2663 -0.0044
vn 0.9641 -0.2655 -0.0044
vn -0.8965 0.2807 -0.3426
vn -0.9024 0.2560 -0.3465
vn -0.8845 0.3791 0.2718
vn -0.0001 0.0189 -0.9998
vn -0.0073 0.0270 -0.9996
vn -0.0109 0.0310 -0.9995
vn -0.0017 0.0029 1.0000
vn -0.0017 0.0033 1.0000
vn 0.0003 0.0022 1.0000
vn -0.0005 0.0021 1.0000
vn -0.0007 0.0020 1.0000
vn -0.9761 -0.0273 -0.2155
vn -0.9577 0.0104 -0.2876
vn 0.9892 -0.1463 -0.0056
vn 0.9895 -0.1447 -0.0056
vn -0.8617 0.2763 0.4256
vn -0.8682 0.2443 0.4319
vn -0.0160 0.0281 -0.9995
vn -0.0156 0.0248 -0.9996
vn -0.0815 -0.8846 -0.4593
vn -0.0373 -0.8580 -0.5123
vn -0.0431 -0.8618 -0.5055
vn 0.0221 0.2419 -0.9700
vn 0.0112 0.3281 -0.9446
vn 0.0111 0.3285 -0.9444
vn 0.0001 0.9944 -0.1052
vn -0.0015 0.3437 -0.9391
vn 0.9172 -0.3886 -0.0879
vn -0.0601 0.9917 0.1137
vn -0.0947 0.9876 0.1250
vn -0.0946 0.9876 0.1250
vn -0.0287 0.4135 0.9100
vn -0.0089 0.1306 0.9914
vn -0.0403 0.5209 0.8527
vn -0.0333 0.5566 0.8301
vn -0.1179 0.9786 0.1688
vn -0.1175 0.9785 0.1697
vn 0.0001 0.9944 -0.1054
vn -0.0045 -0.6877 -0.7260
vn -0.1601 0.9869 -0.0197
vn -0.9951 -0.0032 0.0990
vn -0.9968 -0.0006 0.0800
vn -0.9919 -0.1057 0.0712
vn -0.9908 -0.1150 0.0715
vn -0.9910 0.1308 0.0286
vn -0.9858 0.1292 0.1072
vn 0.0329 0.1642 -0.9859
vn 0.0295 0.1639 -0.9860
vn 0.9845 0.1754 0.0078
vn 0.0692 0.1672 -0.9835
vn 0.9844 0.1755 -0.0108
vn 0.9843 0.1756 -0.0152
vn 0.9839 0.1756 -0.0339
vn 0.9981 -0.0611 0.0091
vn 0.9981 -0.0612 0.0091
vn 0.9981 -0.0608 0.0090
vn 0.0245 0.9997 -0.0004
vn -0.9745 -0.2230 0.0254
vn 0.0731 -0.1098 0.9913
vn 0.0039 -0.6320 0.7750
vn 0.0298 0.9996 -0.0012
vn -0.7728 0.6329 0.0462
vn 0.0888 0.2910 0.9526
vn -0.1507 0.0011 0.9886
vn 0.0004 -0.7834 0.6215
vn -0.9982 -0.0571 -0.0176
vn -0.5328 -0.8463 -0.0001
vn -0.0146 0.7125 0.7015
vn -0.0495 0.9844 0.1691
vn 0.0026 0.6147 -0.7888
vn 0.0004 0.8740 -0.4859
vn 0.1081 -0.9102 -0.3998
vn -0.9955 -0.0949 -0.0036
vn -0.9988 -0.0399 0.0300
vn 0.0033 0.0952 0.9955
vn 0.0003 0.9943 -0.1063
vn 0.8133 0.2396 -0.5302
vn 0.0450 -0.9937 -0.1026
vn -0.0435 0.9984 -0.0358
vn -0.0421 0.9979 -0.0488
vn -0.0657 0.9805 0.1852
vn 0.7760 -0.5507 -0.3074
vn -0.9935 -0.1077 0.0371
vn 0.0078 0.0025 1.0000
vn -0.9960 0.0825 0.0343
vn 0.9981 -0.0616 0.0092
vn -0.9937 -0.1012 0.0485
vn -0.9943 -0.1003 -0.0354
vn -0.9987 0.0041 -0.0508
vn -0.9990 0.0096 0.0435
vn -0.0025 -0.9991 -0.0413
vn -0.9943 -0.1058 -0.0102
vn -0.6483 -0.7613 -0.0079
vn -0.9928 0.1138 -0.0363
vn -0.9926 0.1165 0.0336
vn -0.0051 -0.9994 -0.0342
vn -0.9912 0.1302 0.0257
vn -0.9925 -0.1111 0.0505
vn 0.9887 -0.0000 0.1497
vn 0.0200 0.0977 -0.9950
vn 0.9765 0.2155 -0.0000
vn 0.2940 0.9558 -0.0000
vn -0.1285 0.0591 0.9899
vn 0.2385 -0.0000 0.9711
vn 0.1325 -0.0000 0.9912
vn -0.0000 0.0771 0.9970
vn -0.0431 -0.0000 0.9991
vn -0.0000 -0.0000 1.0000
vn -0.0000 0.2247 0.9744
vn -0.3489 0.9372 -0.0000
vn -0.9887 -0.0000 0.1497
vn 0.1212 0.0881 0.9887
vn -0.0212 0.0930 -0.9954
vn -0.0000 0.0592 0.9982
vn -0.9923 -0.0000 -0.1236
vn 0.0431 -0.0000 0.9991
vn -0.0000 0.0918 -0.9958
vn -0.0000 -0.1446 -0.9895
vn -0.0000 0.1794 0.9838
vn 0.0083 -0.1481 -0.9889
vn 0.0468 0.2091 0.9768
vn -0.0462 0.1985 0.9790
vn -0.0084 -0.1500 -0.9886
vn -0.2385 -0.0000 0.9711
vn -0.0000 0.0971 -0.9953
vn 0.9923 -0.0000 -0.1236
vn -0.1325 -0.0000 0.9912
vn -0.0200 0.0977 -0.9950
vn -0.9765 0.2155 -0.0000
vn -0.2940 0.9558 -0.0000
vn 0.1285 0.0591 0.9899
vn -0.0000 -0.1528 -0.9882
vn 0.3489 0.9372 -0.0000
vn -0.1212 0.0881 0.9887
vn 0.0212 0.0930 -0.9954
vn -0.0083 -0.1481 -0.9889
vn -0.0468 0.2091 0.9768
vn 0.0462 0.1985 0.9790
vn 0.0084 -0.1500 -0.9886
vn -0.3387 -0.0000 0.9409
vn 0.0512 0.9831 -0.1759
vn 0.9814 0.1919 -0.0000
vn 0.0132 -0.0899 -0.9959
vn 0.1919 0.9814 -0.0000
vn -0.9814 0.1919 -0.0000
vn -0.0000 -0.0423 -0.9991
vn 0.2299 0.2044 0.9515
vn 0.0798 0.2132 0.9737
vn -0.0000 0.1616 0.9869
vn -0.0512 0.9831 -0.1759
vn -0.0000 0.9879 -0.1552
vn 0.3387 -0.0000 0.9409
vn -0.0000 0.9996 0.0280
vn -0.0368 0.9990 0.0263
vn 0.0397 0.9988 0.0280
vn -0.0000 -0.0938 -0.9956
vn -0.0000 0.1223 0.9925
vn 0.0764 0.0928 0.9928
vn 0.1824 0.1186 0.9760
vn -0.0235 0.1856 0.9823
vn -0.1919 0.9814 -0.0000
vn 0.1904 0.2376 0.9525
vn 0.0185 0.2416 0.9702
vn -0.0000 0.2531 0.9674
vn -1.0000 0.0011 -0.0004
vn 1.0000 0.0010 -0.0005
vn -1.0000 0.0003 -0.0001
vn 1.0000 0.0003 -0.0001
vn 0.9818 0.1901 0.0009
vn -0.9818 0.1900 0.0007
vn -0.0132 -0.0899 -0.9959
vn 0.0282 0.2231 0.9744
vn 0.0290 0.9991 0.0315
vn -0.0295 0.9992 0.0280
vn 0.0564 -0.0472 -0.9973
vn -0.1400 0.0468 0.9890
vn 0.0044 -0.9980 0.0636
vn -0.1071 0.9922 -0.0632
vn 0.1071 0.9922 -0.0632
vn -0.0044 -0.9980 0.0636
vn 0.1400 0.0468 0.9890
vn -0.0564 -0.0472 -0.9973
vn 0.0014 -0.9988 0.0486
vn 0.1129 0.9924 -0.0483
vn -0.1129 0.9924 -0.0483
vn -0.0014 -0.9988 0.0486
vn -0.2299 0.2044 0.9515
vn -0.0798 0.2132 0.9737
vn 0.0368 0.9990 0.0263
vn -0.0397 0.9988 0.0280
vn -0.0764 0.0928 0.9928
vn -0.1824 0.1186 0.9760
vn 0.0235 0.1856 0.9823
vn -0.1904 0.2376 0.9525
vn -0.0185 0.2416 0.9702
vn 1.0000 0.0011 -0.0004
vn -1.0000 0.0010 -0.0005
vn -0.9818 0.1901 0.0009
vn 0.9818 0.1900 0.0007
vn -0.0282 0.2231 0.9744
vn -0.0290 0.9991 0.0315
vn 0.0295 0.9992 0.0280
vn 0.3215 0.9467 0.0198
vn -1.0000 -0.0036 0.0001
vn 0.8472 0.1837 -0.4985
vn -0.0000 0.9449 -0.3274
vn -0.0000 0.9980 -0.0638
vn 0.9978 0.0659 0.0037
vn 0.9995 -0.0208 -0.0256
vn 0.9976 -0.0573 -0.0380
vn -0.0000 -0.0095 -1.0000
vn -0.0081 -0.9996 -0.0264
vn -0.0001 -0.9996 -0.0268
vn 0.9844 -0.1605 -0.0726
vn -0.0000 -0.6101 -0.7924
vn -0.0000 0.9944 -0.1058
vn -0.0000 0.9926 0.1214
vn -0.0000 0.9451 0.3269
vn 0.0252 0.2417 -0.9700
vn 0.0180 0.3716 -0.9282
vn 0.0356 0.2968 -0.9543
vn 0.0419 0.2691 -0.9622
vn 0.0255 0.2422 -0.9699
vn -0.0040 0.3858 -0.9226
vn -0.0112 0.2747 -0.9615
vn -0.0047 0.2296 -0.9733
vn -0.0100 0.2626 -0.9648
vn -0.0271 0.0361 0.9990
vn 1.0000 -0.0000 -0.0028
vn -0.9997 0.0211 0.0097
vn -0.3215 0.9467 0.0198
vn -0.9845 0.1018 -0.1426
vn -0.9169 0.1540 -0.3682
vn -0.9957 0.0451 -0.0805
vn 0.0188 0.6962 -0.7176
vn -0.0057 0.2672 -0.9636
vn 0.0309 0.2524 -0.9671
vn -0.9978 0.0659 0.0037
vn -0.9996 0.0264 0.0096
vn 0.0080 -0.9996 -0.0271
vn -0.9991 -0.0376 0.0191
vn -0.0000 0.9970 -0.0780
vn 0.9979 -0.0625 -0.0171
vn -0.0252 0.1004 -0.9946
vn -0.0451 0.2257 -0.9732
vn -0.0478 0.2427 -0.9689
vn -0.0247 0.6888 -0.7245
vn -0.0116 0.5269 -0.8498
vn 0.0340 0.5402 -0.8409
vn 0.0227 0.1167 -0.9929
vn -0.9999 -0.0000 -0.0139
vn 0.0097 0.9999 0.0042
vn 0.9998 -0.0179 -0.0081
vn -0.9998 -0.0210 -0.0057
vn 0.0002 0.9646 0.2639
vn 0.0002 -0.9646 -0.2639
vn -0.0000 0.2484 -0.9687
vn -0.0000 0.3269 -0.9451
vn -0.0000 -0.9451 -0.3269
vn -0.9972 -0.0707 -0.0245
vn 0.9998 0.0168 0.0058
vn -0.0000 -0.8923 -0.4515
vn 0.7068 -0.6507 -0.2774
vn 0.8455 0.4945 0.2016
vn -0.7071 0.6394 0.3020
vn -0.9227 0.3670 0.1180
vn -0.0000 0.4272 -0.9042
vn -0.7068 -0.6507 -0.2774
vn -0.0000 0.9753 -0.2209
vn -0.9982 -0.0404 -0.0444
vn -0.9982 -0.0404 0.0444
vn -0.0000 0.9753 0.2209
vn -0.9982 0.0404 -0.0444
vn -0.9982 0.0404 0.0444
vn -0.9984 0.0571 0.0030
vn -0.0000 0.3523 -0.9359
vn 0.9984 0.0571 0.0030
vn -0.0000 -0.4364 0.8997
vn 0.7214 0.6910 0.0458
vn -0.0000 0.8769 0.4807
vn -0.7214 0.6910 0.0458
vn -0.0000 0.5977 0.8018
vn -0.0000 0.8370 -0.5472
vn -0.0000 0.9494 -0.3142
vn 0.4768 0.8686 0.1348
vn -0.4768 0.8686 0.1348
vn -0.0000 0.9687 0.2484
vn -0.9972 -0.0000 0.0743
vn -0.0003 0.1501 -0.9887
vn 0.9981 -0.0000 0.0612
vn -0.0004 -0.1500 0.9887
vn -0.0214 0.9797 0.1991
vn 0.0213 0.9798 0.1988
vn -0.0004 -0.1501 0.9887
vn -0.0003 0.1500 -0.9887
vn 0.0205 0.9889 0.1474
vn -0.0204 0.9888 0.1477
vn 0.9990 -0.0443 -0.0019
vn -0.0000 -0.9987 0.0504
vn 0.9989 0.0300 0.0360
vn 0.9996 0.0016 0.0290
vn -0.9921 0.1251 0.0088
vn 0.0858 -0.9777 0.1917
vn -0.0000 0.9863 -0.1648
vn -0.0000 0.0555 0.9985
vn -0.9865 0.1418 0.0814
vn 0.1371 -0.9801 0.1437
vn -0.0000 0.9997 -0.0264
vn -0.0000 -0.8252 -0.5648
vn -0.9253 0.3791 -0.0000
vn 0.9253 0.3791 -0.0000
vn -0.0000 -0.7827 0.6224
vn -0.0000 0.7827 -0.6224
vn -0.9989 0.0461 -0.0000
vn 0.9989 0.0461 -0.0000
vn 0.6127 0.7903 -0.0000
vn -0.6127 0.7903 -0.0000
vn 0.0769 -0.9211 -0.3816
vn -0.0769 -0.9211 0.3816
vn 0.1084 0.9184 0.3804
vn -0.0354 -0.9233 -0.3824
vn 0.1605 0.8103 0.5636
vn -0.0732 0.3384 -0.9381
vn -0.0653 -0.0000 0.9979
vn -0.2424 0.8963 0.3713
vn -0.0354 0.9233 -0.3824
vn -0.0384 -0.9668 -0.2527
vn -0.0384 0.9668 -0.2527
vn 0.0770 -0.0000 0.9970
vn 0.1828 -0.0000 -0.9832
vn -0.0002 0.1945 -0.9809
vn 0.2508 0.8438 0.4744
vn -0.1511 -0.4427 0.8839
vn -0.1297 -0.6966 0.7056
vn -0.1297 -0.6966 -0.7056
vn 0.3427 0.4927 -0.7998
vn 0.2204 0.6722 0.7068
vn 0.0428 -0.4053 0.9132
vn -0.9621 0.2729 -0.0000
vn -0.2665 -0.6572 0.7050
vn 0.1183 0.6993 0.7050
vn 0.1183 0.6993 -0.7050
vn -0.2665 -0.6572 -0.7050
vn -0.6870 -0.6713 0.2781
vn 0.5201 -0.1475 -0.8413
vn -0.9639 0.2552 0.0765
vn -0.0000 0.2358 -0.9718
vn 0.9380 0.3430 -0.0505
vn -0.0000 0.3467 0.9380
vn 0.9978 -0.0629 0.0212
vn -0.9978 -0.0629 0.0212
vn -0.0000 -0.0567 0.9984
vn -0.0000 -0.0345 -0.9994
vn -0.0000 -0.0312 -0.9995
vn -0.0000 0.0312 0.9995
vn -0.9991 -0.0013 -0.0432
vn -0.0000 0.0695 0.9976
vn -0.0000 -0.0695 -0.9976
vn 0.6186 -0.7789 -0.1035
vn 0.0070 -0.9913 -0.1315
vn 0.9991 -0.0013 -0.0432
vn -0.0000 0.9913 0.1318
vn 0.4204 0.9036 -0.0823
vn 0.2324 0.0304 0.9721
vn 0.1476 -0.0309 -0.9886
vn 0.4235 -0.9047 0.0458
vn -0.0432 0.0312 0.9986
vn 0.0432 -0.0312 -0.9986
vn -0.0070 0.9913 0.1315
vn -0.0000 -0.9687 -0.2484
vn -0.9979 0.0627 0.0161
vn 0.9998 0.0211 0.0054
vn -0.0000 -0.2484 0.9687
vn -0.0000 -0.9897 0.1429
vn -0.0000 0.1429 0.9897
vn -0.0000 -0.1429 -0.9897
vn -0.0000 0.4233 -0.9060
vn 0.0126 0.4329 -0.9013
vn -0.0161 0.4356 -0.9000
vn 0.0161 0.4356 -0.9000
vn -0.0126 0.4329 -0.9013
vn -0.0000 -0.4233 0.9060
vn 0.0126 -0.4136 0.9104
vn -0.0161 -0.4109 0.9115
vn 0.0161 -0.4109 0.9115
vn -0.0126 -0.4136 0.9104
vn -0.0000 0.9060 0.4233
vn -0.2588 0.8751 0.4089
vn 0.5000 -0.7846 -0.3666
vn 0.7071 -0.6406 -0.2993
vn -0.7470 0.6023 0.2814
vn -0.8724 0.4428 0.2069
vn -0.2588 -0.8751 -0.4089
vn 0.2588 -0.8751 -0.4089
vn 0.9659 0.2345 0.1096
vn -0.7071 -0.6406 -0.2993
vn -0.8660 -0.4530 -0.2117
vn -0.5000 -0.7846 -0.3666
vn 0.9659 -0.2345 -0.1096
vn 0.8660 -0.4530 -0.2117
vn -0.9659 -0.2345 -0.1096
vn 0.2588 0.8751 0.4089
vn -0.9659 0.2345 0.1096
vn 0.8660 0.4530 0.2117
vn 0.7071 0.6406 0.2993
vn 0.7470 0.6023 0.2814
vn 0.8724 0.4428 0.2069
vn -0.8660 0.4530 0.2117
vn -0.7071 0.6406 0.2993
vn -0.9596 0.2549 0.1191
vn 0.9596 0.2549 0.1191
vn 0.0186 0.4375 -0.8990
vn 0.0266 0.4435 -0.8959
vn -0.0186 -0.4089 0.9124
vn -0.0266 -0.4026 0.9150
vn -0.9296 -0.3339 -0.1560
vn 0.9296 -0.3339 -0.1560
vn 0.0266 -0.4026 0.9150
vn 0.0186 -0.4089 0.9124
vn -0.0266 0.4435 -0.8959
vn -0.0186 0.4375 -0.8990
vn -0.0000 -0.9060 -0.4233
vn -0.0000 0.0398 0.9992
vn -0.0000 -0.4652 0.8852
vn 0.0010 0.4640 -0.8858
vn -0.0000 -0.0379 -0.9993
vn 0.0010 0.8462 -0.5329
vn -0.0000 0.9992 -0.0398
vn -0.0000 0.8852 0.4652
vn -0.0000 -0.8852 -0.4652
vn -0.0000 -0.9992 0.0398
vn -0.0000 -0.8455 0.5340
vn -0.0000 -0.5340 -0.8455
vn -0.0000 -0.0398 -0.9992
vn -0.0000 0.5340 0.8455
vn -0.0000 0.0379 0.9993
vn -0.0000 0.8455 -0.5340
vn -0.0000 0.4652 -0.8852
vn -0.0000 0.0398 -0.9992
vn -0.0000 -0.4652 -0.8852
vn 0.0010 0.4640 0.8858
vn -0.0000 -0.0379 0.9993
vn 0.0010 0.8462 0.5329
vn -0.0000 0.9992 0.0398
vn -0.0000 0.8852 -0.4652
vn -0.0000 -0.8852 0.4652
vn -0.0000 -0.9992 -0.0398
vn -0.0000 -0.8455 -0.5340
vn -0.0000 -0.5340 0.8455
vn -0.0000 -0.0398 0.9992
vn -0.0000 0.5340 -0.8455
vn -0.0000 0.0379 -0.9993
vn -0.0000 0.8455 0.5340
vn -0.0000 0.4652 0.8852
vn -0.9527 0.3040 0.0064
vn -1.0000 0.0029 0.0017
vn -0.9998 0.0183 0.0019
vn -0.9822 0.1876 0.0045
vn -0.9975 -0.0712 0.0006
vn -0.4173 0.9087 0.0067
vn -0.8639 0.5035 0.0094
vn -0.9509 0.3094 -0.0000
vn 0.9982 -0.0597 0.0046
vn 0.9978 -0.0658 0.0024
vn 0.9999 -0.0159 -0.0001
vn 1.0000 -0.0001 -0.0000
vn 0.9973 0.0741 0.0003
vn 0.7300 0.6834 0.0039
vn 0.9989 -0.0467 0.0092
vn 0.9509 -0.3094 -0.0000
vn -0.1044 -0.2232 0.9692
vn -0.1359 -0.2930 0.9464
vn -0.1622 -0.3514 0.9221
vn 0.5029 0.8644 -0.0000
vn -0.3948 -0.9188 0.0001
vn 0.3224 0.8003 0.5055
vn 0.3170 0.8411 0.4382
vn 0.3215 0.8086 0.4928
vn 0.3298 0.5668 0.7550
vn 0.3307 0.6578 0.6767
vn 0.3301 0.6792 0.6555
vn -0.1926 -0.4189 0.8874
vn -0.0152 -0.0039 -0.9999
vn -0.0051 -0.0013 -1.0000
vn -0.0098 -0.0025 -0.9999
vn -0.0297 -0.0558 -0.9980
vn -0.0349 -0.0657 -0.9972
vn -0.0231 -0.0435 -0.9988
vn -0.0169 -0.0318 -0.9994
vn 0.1048 -0.4994 0.8600
vn 0.0130 -0.5553 -0.8315
vn 1.0000 -0.0018 -0.0053
vn 1.0000 0.0013 -0.0062
vn 1.0000 0.0028 -0.0057
vn 1.0000 -0.0000 -0.0050
vn -0.0725 0.5426 -0.8369
vn 0.0988 -0.5425 0.8343
vn 0.0175 -0.0000 0.9998
vn -0.9998 -0.0000 0.0175
vn -0.0175 -0.0000 -0.9998
vn -0.9981 -0.0609 0.0021
vn -0.9998 0.0209 -0.0013
vn -0.9994 0.0353 -0.0019
vn -0.9924 0.1230 -0.0021
vn -0.9925 0.1224 -0.0021
vn -0.9882 0.1531 -0.0000
vn -0.9514 0.3079 -0.0000
vn 0.9959 0.0908 -0.0032
vn 1.0000 -0.0072 0.0007
vn 1.0000 0.0075 0.0001
vn 0.9706 -0.2407 0.0015
vn 0.9715 -0.2370 0.0015
vn 0.9164 -0.4003 -0.0000
vn 0.9514 -0.3079 -0.0000
vn 0.7962 0.6050 -0.0000
vn 0.4299 0.9029 -0.0000
vn -0.0037 -0.0080 1.0000
vn -0.0099 -0.0226 0.9997
vn -0.0102 -0.0240 0.9997
vn -0.0054 -0.0115 0.9999
vn -0.3633 -0.9310 -0.0352
vn -0.0073 -0.0163 0.9998
vn -0.0028 -0.0063 1.0000
vn -0.0026 -0.0057 1.0000
vn -0.0106 -0.0262 0.9996
vn 0.0106 0.0235 -0.9997
vn 0.0575 0.1221 -0.9909
vn 0.0524 0.1113 -0.9924
vn 0.0105 0.0232 -0.9997
vn -0.2728 -0.6638 -0.6964
vn -0.0119 -0.0249 -0.9996
vn -0.0240 -0.0508 -0.9984
vn -0.0530 -0.1130 -0.9922
vn 0.1473 0.3113 -0.9388
vn -0.0010 0.8462 -0.5329
vn -0.0010 0.4640 -0.8858
vn -0.0010 0.4640 0.8858
vn -0.0010 0.8462 0.5329
vn 0.9527 0.3040 0.0064
vn 0.9822 0.1876 0.0045
vn 0.9998 0.0183 0.0019
vn 1.0000 0.0029 0.0017
vn 0.9975 -0.0712 0.0006
vn 0.4173 0.9087 0.0067
vn 0.8639 0.5035 0.0094
vn 0.9509 0.3094 -0.0000
vn -0.9982 -0.0597 0.0046
vn -1.0000 -0.0001 -0.0000
vn -0.9999 -0.0159 -0.0001
vn -0.9978 -0.0658 0.0024
vn -0.9973 0.0741 0.0003
vn -0.7300 0.6834 0.0039
vn -0.9989 -0.0467 0.0092
vn -0.9509 -0.3094 -0.0000
vn 0.1044 -0.2232 0.9692
vn 0.1622 -0.3514 0.9221
vn 0.1359 -0.2930 0.9464
vn -0.5029 0.8644 -0.0000
vn 0.3948 -0.9188 0.0001
vn -0.3224 0.8003 0.5055
vn -0.3215 0.8086 0.4928
vn -0.3170 0.8411 0.4382
vn -0.3298 0.5668 0.7550
vn -0.3301 0.6792 0.6555
vn -0.3307 0.6578 0.6767
vn 0.1926 -0.4189 0.8874
vn 0.0152 -0.0039 -0.9999
vn 0.0098 -0.0025 -0.9999
vn 0.0051 -0.0013 -1.0000
vn 0.0297 -0.0558 -0.9980
vn 0.0349 -0.0657 -0.9972
vn 0.0169 -0.0318 -0.9994
vn 0.0231 -0.0435 -0.9988
vn -0.1048 -0.4994 0.8600
vn -0.0130 -0.5553 -0.8315
vn -1.0000 -0.0018 -0.0053
vn -1.0000 0.0013 -0.0062
vn -1.0000 0.0028 -0.0057
vn -1.0000 -0.0000 -0.0050
vn 0.0725 0.5426 -0.8369
vn -0.0988 -0.5425 0.8343
vn -0.0175 -0.0000 0.9998
vn 0.0175 -0.0000 -0.9998
vn 0.9998 -0.0000 0.0175
vn 0.9981 -0.0609 0.0021
vn 0.9994 0.0353 -0.0019
vn 0.9998 0.0209 -0.0013
vn 0.9924 0.1230 -0.0021
vn 0.9925 0.1224 -0.0021
vn 0.9882 0.1531 -0.0000
vn 0.9514 0.3079 -0.0000
vn -0.9959 0.0908 -0.0032
vn -1.0000 0.0075 0.0001
vn -1.0000 -0.0072 0.0007
vn -0.9706 -0.2407 0.0015
vn -0.9715 -0.2370 0.0015
vn -0.9164 -0.4003 -0.0000
vn -0.9514 -0.3079 -0.0000
vn -0.7962 0.6050 -0.0000
vn -0.4299 0.9029 -0.0000
vn 0.0037 -0.0080 1.0000
vn 0.0054 -0.0115 0.9999
vn 0.0102 -0.0240 0.9997
vn 0.0099 -0.0226 0.9997
vn 0.3633 -0.9310 -0.0352
vn 0.0073 -0.0163 0.9998
vn 0.0026 -0.0057 1.0000
vn 0.0028 -0.0063 1.0000
vn 0.0106 -0.0262 0.9996
vn -0.0106 0.0235 -0.9997
vn -0.0105 0.0232 -0.9997
vn -0.0524 0.1113 -0.9924
vn -0.0575 0.1221 -0.9909
vn 0.2728 -0.6638 -0.6964
vn 0.0119 -0.0249 -0.9996
vn 0.0240 -0.0508 -0.9984
vn 0.0530 -0.1130 -0.9922
vn -0.1473 0.3113 -0.9388
vn 0.0852 0.9866 0.1392
vn -0.0000 0.9902 0.1399
vn -0.0000 0.9847 0.1744
vn 0.0789 0.9817 0.1730
vn 0.1312 0.9817 0.1384
vn 0.1177 0.9781 0.1714
vn 0.0724 0.9756 0.2071
vn -0.0000 0.9779 0.2090
vn 0.1332 0.9814 0.1384
vn 0.0861 0.9865 0.1392
vn -0.0852 0.9866 0.1392
vn -0.0789 0.9817 0.1731
vn -0.1312 0.9817 0.1384
vn -0.1177 0.9781 0.1715
vn -0.1332 0.9814 0.1384
vn -0.0861 0.9865 0.1392
vn -0.0724 0.9756 0.2071
vn -0.1059 0.9730 0.2052
vn 0.1059 0.9730 0.2051
vn -0.0857 -0.9957 -0.0341
vn -0.0789 -0.9817 -0.1730
vn -0.0000 -0.9847 -0.1744
vn -0.0000 -0.9994 -0.0344
vn -0.1325 -0.9906 -0.0333
vn -0.1177 -0.9781 -0.1714
vn -0.0724 -0.9756 -0.2071
vn -0.0000 -0.9779 -0.2090
vn -0.1343 -0.9884 0.0708
vn -0.0873 -0.9936 0.0711
vn 0.0857 -0.9957 -0.0341
vn 0.0789 -0.9817 -0.1731
vn 0.1325 -0.9906 -0.0334
vn 0.1177 -0.9781 -0.1715
vn 0.1343 -0.9884 0.0708
vn 0.0873 -0.9936 0.0711
vn -0.0000 -0.9975 0.0713
vn 0.0724 -0.9756 -0.2071
vn 0.1059 -0.9730 -0.2052
vn -0.1059 -0.9730 -0.2051
vn -0.0000 0.5328 -0.8462
vn -0.0483 0.5322 -0.8452
vn -0.0458 0.5323 -0.8453
vn 0.9978 -0.0109 0.0662
vn 0.9991 -0.0068 0.0412
vn 0.9991 -0.0068 0.0411
vn 0.0733 0.5314 -0.8439
vn 0.0483 0.5322 -0.8452
vn 0.0458 0.5323 -0.8453
vn -0.9991 -0.0067 0.0408
vn -0.9991 -0.0067 0.0409
vn -0.9978 -0.0108 0.0657
vn -0.0000 -0.1624 0.9867
vn -0.0174 -0.1624 0.9866
vn -0.0166 -0.1624 0.9866
vn -0.9999 -0.0070 0.0145
vn -0.9999 -0.0050 0.0152
vn -0.9999 -0.0048 0.0153
vn 0.0166 -0.1624 0.9866
vn 0.0174 -0.1624 0.9866
vn 0.9999 -0.0048 0.0154
vn 0.9999 -0.0050 0.0153
vn 0.9999 -0.0070 0.0146
vn 0.0272 -0.1624 0.9864
vn -0.0272 -0.1624 0.9864
vn -0.0733 0.5314 -0.8439
vt 0.729381 0.641592
vt 0.732082 0.641722
vt 0.732071 0.704525
vt 0.728108 0.703523
vt 0.140319 0.135470
vt 0.115508 0.135450
vt 0.115782 0.130589
vt 0.140319 0.130395
vt 0.115752 0.014258
vt 0.140324 0.014426
vt 0.140322 0.076373
vt 0.117372 0.075083
vt 0.381908 0.500963
vt 0.381870 0.564601
vt 0.380602 0.564601
vt 0.380640 0.500986
vt 0.260724 0.103190
vt 0.285200 0.096881
vt 0.285512 0.111644
vt 0.257377 0.115624
vt 0.953146 0.152875
vt 0.953146 0.144975
vt 0.955008 0.144975
vt 0.955008 0.152876
vt 0.261110 0.016272
vt 0.275234 0.015183
vt 0.284889 0.082117
vt 0.257728 0.090637
vt 0.165496 0.399039
vt 0.156140 0.399039
vt 0.150703 0.397003
vt 0.160763 0.396886
vt 0.310486 0.399740
vt 0.245327 0.399740
vt 0.245289 0.396099
vt 0.314932 0.396797
vt 0.630553 0.448527
vt 0.633063 0.448527
vt 0.633063 0.473340
vt 0.630553 0.473340
vt 0.867463 0.563037
vt 0.867463 0.493383
vt 0.877018 0.496261
vt 0.875084 0.563734
vt 0.541515 0.119423
vt 0.540848 0.145997
vt 0.533494 0.145189
vt 0.533495 0.119374
vt 0.320196 0.424553
vt 0.320196 0.399740
vt 0.325310 0.396901
vt 0.325316 0.423475
vt 0.704289 0.245373
vt 0.651397 0.245411
vt 0.651397 0.185532
vt 0.704289 0.190698
vt 0.651397 0.180621
vt 0.704289 0.185959
vt 0.156140 0.423852
vt 0.150703 0.422818
vt 0.630555 0.405775
vt 0.633065 0.405775
vt 0.326356 0.783260
vt 0.326356 0.760847
vt 0.328217 0.760846
vt 0.328217 0.783260
vt 0.072996 0.014256
vt 0.074589 0.075081
vt 0.653787 0.173339
vt 0.704289 0.178299
vt 0.246238 0.014919
vt 0.247140 0.080083
vt 0.812112 0.878303
vt 0.812112 0.896449
vt 0.810250 0.896449
vt 0.810250 0.878303
vt 0.631433 0.099822
vt 0.623540 0.099822
vt 0.623950 0.074242
vt 0.636099 0.074242
vt 0.636098 0.116994
vt 0.631432 0.117968
vt 0.460484 0.564602
vt 0.460484 0.521851
vt 0.463956 0.521851
vt 0.463956 0.564602
vt 0.631431 0.140381
vt 0.636097 0.141807
vt 0.613946 0.117968
vt 0.613945 0.140333
vt 0.608431 0.141807
vt 0.608432 0.116994
vt 0.719422 0.626963
vt 0.723170 0.626766
vt 0.723522 0.627305
vt 0.719628 0.627560
vt 0.714851 0.626766
vt 0.714415 0.627344
vt 0.326356 0.801406
vt 0.328217 0.801406
vt 0.953146 0.162478
vt 0.955008 0.162478
vt 0.653592 0.298472
vt 0.651397 0.288493
vt 0.704289 0.282439
vt 0.704289 0.291508
vt 0.678343 0.863246
vt 0.702989 0.908905
vt 0.701541 0.909863
vt 0.672836 0.864414
vt 0.327246 0.187807
vt 0.327256 0.132306
vt 0.329493 0.130642
vt 0.329483 0.190518
vt 0.287748 0.117113
vt 0.287028 0.085863
vt 0.328036 0.118467
vt 0.329494 0.125731
vt 0.539489 0.480621
vt 0.539491 0.409415
vt 0.540090 0.476980
vt 0.530146 0.479911
vt 0.530148 0.409418
vt 0.587168 0.005196
vt 0.598013 0.006706
vt 0.598052 0.074272
vt 0.587168 0.074249
vt 0.574647 0.005190
vt 0.574647 0.074242
vt 0.121053 0.400929
vt 0.130526 0.400217
vt 0.130760 0.471423
vt 0.121053 0.470885
vt 0.156140 0.466604
vt 0.150703 0.466598
vt 0.320196 0.467305
vt 0.325316 0.467305
vt 0.541516 0.075593
vt 0.533496 0.075593
vt 0.667046 0.145021
vt 0.667040 0.152929
vt 0.665178 0.152929
vt 0.665184 0.145021
vt 0.906784 0.945639
vt 0.914677 0.945639
vt 0.914676 0.968053
vt 0.906770 0.968445
vt 0.906784 0.927493
vt 0.914677 0.927493
vt 0.897191 0.927493
vt 0.897190 0.945639
vt 0.897189 0.968005
vt 0.667046 0.162524
vt 0.665184 0.162525
vt 0.812112 0.855938
vt 0.810250 0.855938
vt 0.130760 0.403858
vt 0.562179 0.005197
vt 0.562179 0.074250
vt 0.247385 0.126219
vt 0.259388 0.119947
vt 0.247211 0.131641
vt 0.073326 0.130588
vt 0.072755 0.135468
vt 0.478133 0.159652
vt 0.478264 0.154233
vt 0.487650 0.151282
vt 0.487633 0.156433
vt 0.492663 0.320042
vt 0.492673 0.316716
vt 0.498659 0.316112
vt 0.498710 0.321191
vt 0.480860 0.395083
vt 0.477927 0.395145
vt 0.477927 0.343595
vt 0.480860 0.343368
vt 0.343514 0.173339
vt 0.343514 0.178763
vt 0.339873 0.178788
vt 0.339873 0.173367
vt 0.140322 0.186428
vt 0.115509 0.186425
vt 0.072757 0.186425
vt 0.479603 0.099744
vt 0.487819 0.099552
vt 0.492814 0.265150
vt 0.498132 0.265121
vt 0.345477 0.233291
vt 0.343034 0.233292
vt 0.339873 0.233292
vt 0.455403 0.074570
vt 0.403671 0.074570
vt 0.403668 0.019086
vt 0.450068 0.019086
vt 0.457531 0.019086
vt 0.457534 0.074570
vt 0.353503 0.178763
vt 0.353503 0.233291
vt 0.424940 0.855130
vt 0.421696 0.842706
vt 0.431807 0.841289
vt 0.434832 0.853744
vt 0.420186 0.814205
vt 0.427442 0.774262
vt 0.434832 0.773227
vt 0.427081 0.813239
vt 0.664594 0.861605
vt 0.692742 0.907422
vt 0.672365 0.902743
vt 0.664594 0.930142
vt 0.679380 0.351322
vt 0.720914 0.338210
vt 0.720948 0.401826
vt 0.675252 0.401799
vt 0.043719 0.699483
vt 0.043718 0.745884
vt 0.005190 0.745885
vt 0.005190 0.689138
vt 0.386341 0.500549
vt 0.386341 0.564602
vt 0.382869 0.564602
vt 0.382869 0.497037
vt 0.410367 0.338214
vt 0.480860 0.338219
vt 0.477927 0.340269
vt 0.454850 0.340418
vt 0.410540 0.340437
vt 0.984857 0.451606
vt 0.985022 0.474683
vt 0.978927 0.474728
vt 0.978927 0.450190
vt 0.477927 0.401621
vt 0.477927 0.399109
vt 0.480860 0.399059
vt 0.480860 0.401569
vt 0.371462 0.564601
vt 0.350627 0.564601
vt 0.350627 0.504970
vt 0.371462 0.507854
vt 0.269383 0.379128
vt 0.258407 0.377637
vt 0.258361 0.315748
vt 0.279049 0.329504
vt 0.252499 0.379851
vt 0.258383 0.379067
vt 0.258411 0.385418
vt 0.252499 0.385449
vt 0.115511 0.260088
vt 0.140324 0.260089
vt 0.140323 0.278193
vt 0.115510 0.274612
vt 0.456203 0.806116
vt 0.461758 0.765040
vt 0.463807 0.764691
vt 0.458153 0.805784
vt 0.571797 0.832108
vt 0.568562 0.851689
vt 0.566146 0.851320
vt 0.569638 0.832326
vt 0.260564 0.303175
vt 0.282266 0.305758
vt 0.072758 0.192863
vt 0.115509 0.192865
vt 0.072759 0.260086
vt 0.265586 0.268684
vt 0.285484 0.273466
vt 0.285482 0.282012
vt 0.257900 0.290349
vt 0.480860 0.468536
vt 0.477927 0.468650
vt 0.492832 0.258673
vt 0.498100 0.258679
vt 0.498093 0.261199
vt 0.492825 0.261186
vt 0.480104 0.871214
vt 0.475621 0.871141
vt 0.475616 0.867969
vt 0.480003 0.867964
vt 0.114537 0.328982
vt 0.139430 0.328972
vt 0.135439 0.378665
vt 0.112665 0.378666
vt 0.479922 0.026385
vt 0.478133 0.005190
vt 0.488125 0.008193
vt 0.488058 0.026078
vt 0.518207 0.498274
vt 0.518296 0.504905
vt 0.516893 0.523412
vt 0.511941 0.523412
vt 0.511611 0.498661
vt 0.343514 0.306656
vt 0.343514 0.327806
vt 0.339873 0.327831
vt 0.339873 0.306655
vt 0.511954 0.560949
vt 0.516907 0.560949
vt 0.641840 0.560112
vt 0.641883 0.502759
vt 0.643915 0.502800
vt 0.643872 0.560112
vt 0.327668 0.243589
vt 0.288388 0.280265
vt 0.329475 0.233599
vt 0.580034 0.180039
vt 0.530227 0.176047
vt 0.530433 0.173339
vt 0.583557 0.178332
vt 0.345477 0.239978
vt 0.339874 0.239977
vt 0.342647 0.239977
vt 0.641366 0.220751
vt 0.634330 0.271441
vt 0.634025 0.271443
vt 0.638836 0.220796
vt 0.479704 0.095560
vt 0.487832 0.095575
vt 0.135052 0.381907
vt 0.112484 0.385346
vt 0.811301 0.140328
vt 0.811301 0.118116
vt 0.812665 0.118116
vt 0.812665 0.140328
vt 0.013199 0.407957
vt 0.013199 0.430526
vt 0.008570 0.429920
vt 0.011176 0.406701
vt 0.591135 0.242714
vt 0.586641 0.202994
vt 0.590714 0.202225
vt 0.594048 0.242713
vt 0.718776 0.498280
vt 0.712856 0.498280
vt 0.712856 0.494387
vt 0.718776 0.493383
vt 0.745367 0.338563
vt 0.745239 0.361782
vt 0.731491 0.361619
vt 0.731618 0.338210
vt 0.724942 0.519622
vt 0.724942 0.499700
vt 0.728765 0.494871
vt 0.730708 0.519622
vt 0.745073 0.402107
vt 0.731327 0.402107
vt 0.013199 0.470245
vt 0.005190 0.470245
vt 0.712538 0.499700
vt 0.712538 0.521912
vt 0.709747 0.517439
vt 0.709746 0.494871
vt 0.815492 0.320601
vt 0.815492 0.314429
vt 0.816857 0.314434
vt 0.816857 0.320596
vt 0.925067 0.069294
vt 0.925053 0.075538
vt 0.923688 0.075541
vt 0.923702 0.069286
vt 0.935685 0.962364
vt 0.941841 0.962364
vt 0.941841 0.982286
vt 0.935685 0.984575
vt 0.115509 0.190345
vt 0.072758 0.190344
vt 0.925053 0.063154
vt 0.923688 0.063157
vt 0.815492 0.326845
vt 0.816857 0.326851
vt 0.190595 0.809518
vt 0.190595 0.829440
vt 0.189231 0.829440
vt 0.189231 0.809518
vt 0.724639 0.498280
vt 0.724630 0.494286
vt 0.072764 0.389838
vt 0.072764 0.378662
vt 0.258364 0.265421
vt 0.254284 0.286910
vt 0.901033 0.476627
vt 0.901033 0.422919
vt 0.903716 0.422021
vt 0.903338 0.476088
vt 0.641893 0.496801
vt 0.643925 0.496843
vt 0.479712 0.093060
vt 0.487841 0.093064
vt 0.327551 0.232376
vt 0.327558 0.192830
vt 0.483885 0.108231
vt 0.483926 0.128182
vt 0.482236 0.128185
vt 0.482220 0.107775
vt 0.287409 0.267893
vt 0.457400 0.079583
vt 0.457402 0.119117
vt 0.455324 0.119117
vt 0.455321 0.079583
vt 0.233738 0.628325
vt 0.233738 0.668767
vt 0.231770 0.668098
vt 0.231770 0.627655
vt 0.478821 0.085761
vt 0.479712 0.046300
vt 0.482424 0.044063
vt 0.482249 0.085780
vt 0.872508 0.269465
vt 0.872498 0.264528
vt 0.886260 0.265581
vt 0.886021 0.270178
vt 0.092884 0.400217
vt 0.093378 0.403858
vt 0.093378 0.471423
vt 0.641018 0.241907
vt 0.629810 0.242390
vt 0.629795 0.174230
vt 0.641018 0.175742
vt 0.099626 0.402899
vt 0.103078 0.402369
vt 0.103077 0.471422
vt 0.099626 0.471422
vt 0.604427 0.173339
vt 0.617172 0.173779
vt 0.617172 0.242385
vt 0.604427 0.242392
vt 0.568280 0.478266
vt 0.558107 0.477616
vt 0.557863 0.408778
vt 0.567881 0.408144
vt 0.020091 0.407570
vt 0.016101 0.406127
vt 0.929436 0.962364
vt 0.929437 0.984575
vt 0.583201 0.180426
vt 0.588154 0.178817
vt 0.718776 0.557159
vt 0.709747 0.557159
vt 0.718776 0.521912
vt 0.742981 0.654435
vt 0.747363 0.654435
vt 0.747143 0.694155
vt 0.742760 0.694155
vt 0.140322 0.192866
vt 0.140322 0.190346
vt 0.732381 0.557159
vt 0.072758 0.274611
vt 0.353503 0.239978
vt 0.411079 0.239978
vt 0.411079 0.233291
vt 0.592721 0.465653
vt 0.579373 0.464832
vt 0.579375 0.407257
vt 0.592723 0.407261
vt 0.403680 0.122147
vt 0.403674 0.119117
vt 0.454536 0.125952
vt 0.493016 0.191624
vt 0.498284 0.191437
vt 0.480860 0.486416
vt 0.478495 0.483929
vt 0.850399 0.555831
vt 0.856668 0.555794
vt 0.857084 0.575109
vt 0.850399 0.575257
vt 0.454329 0.127758
vt 0.403681 0.122947
vt 0.083029 0.400929
vt 0.084288 0.471423
vt 0.342841 0.237478
vt 0.339873 0.237478
vt 0.850597 0.493383
vt 0.855618 0.493681
vt 0.856272 0.532797
vt 0.850419 0.532811
vt 0.478789 0.087575
vt 0.482236 0.087593
vt 0.484736 0.045988
vt 0.484673 0.085764
vt 0.568247 0.768891
vt 0.573604 0.809652
vt 0.571815 0.809348
vt 0.566146 0.768534
vt 0.455507 0.808057
vt 0.458030 0.807629
vt 0.461004 0.848250
vt 0.457884 0.828566
vt 0.460316 0.828768
vt 0.463807 0.847857
vt 0.478910 0.128083
vt 0.479282 0.108235
vt 0.850406 0.534604
vt 0.856362 0.534590
vt 0.484663 0.087577
vt 0.484692 0.108231
vt 0.478426 0.108235
vt 0.574293 0.811593
vt 0.571933 0.811196
vt 0.353503 0.306656
vt 0.411079 0.306656
vt 0.625779 0.494215
vt 0.631412 0.493383
vt 0.631461 0.503377
vt 0.625779 0.504081
vt 0.620169 0.474831
vt 0.600093 0.476316
vt 0.600093 0.466106
vt 0.618362 0.464841
vt 0.592721 0.475784
vt 0.579373 0.474822
vt 0.654215 0.503249
vt 0.654215 0.560112
vt 0.647102 0.560112
vt 0.647143 0.502941
vt 0.411020 0.178396
vt 0.556901 0.442928
vt 0.555770 0.409133
vt 0.556900 0.474911
vt 0.904854 0.420611
vt 0.909164 0.415272
vt 0.910583 0.468806
vt 0.904956 0.473132
vt 0.403672 0.079583
vt 0.615400 0.493383
vt 0.615254 0.500814
vt 0.591648 0.501013
vt 0.591632 0.493830
vt 0.481604 0.630748
vt 0.477525 0.570614
vt 0.497388 0.570620
vt 0.501232 0.627290
vt 0.478574 0.633924
vt 0.477714 0.627967
vt 0.481505 0.638178
vt 0.567887 0.501404
vt 0.567864 0.494278
vt 0.647155 0.495948
vt 0.654215 0.493383
vt 0.467753 0.162907
vt 0.460761 0.162919
vt 0.403589 0.162960
vt 0.071900 0.403575
vt 0.072650 0.400217
vt 0.872498 0.326148
vt 0.882946 0.323271
vt 0.072759 0.328123
vt 0.481694 0.921011
vt 0.475668 0.921011
vt 0.247623 0.326701
vt 0.249237 0.378569
vt 0.264292 0.385611
vt 0.264294 0.380344
vt 0.204952 0.743095
vt 0.203279 0.780632
vt 0.183455 0.780630
vt 0.185027 0.743099
vt 0.797628 0.361822
vt 0.799479 0.338210
vt 0.818335 0.344042
vt 0.817584 0.366529
vt 0.201770 0.799138
vt 0.182034 0.795745
vt 0.796829 0.385759
vt 0.816833 0.389015
vt 0.798409 0.436212
vt 0.818335 0.436312
vt 0.475616 0.570613
vt 0.664872 0.403608
vt 0.643446 0.402262
vt 0.643446 0.359511
vt 0.664873 0.360856
vt 0.460484 0.500550
vt 0.463956 0.497038
vt 0.449875 0.499437
vt 0.389061 0.499436
vt 0.385589 0.495924
vt 0.452447 0.495925
vt 0.667449 0.069242
vt 0.667447 0.133294
vt 0.646481 0.134641
vt 0.646482 0.070589
vt 0.664873 0.339556
vt 0.643446 0.338210
vt 0.919057 0.907947
vt 0.919057 0.917114
vt 0.897189 0.913251
vt 0.897268 0.904627
vt 0.814296 0.800292
vt 0.757912 0.800892
vt 0.757912 0.756584
vt 0.814344 0.755255
vt 0.833525 0.325373
vt 0.827666 0.325210
vt 0.827657 0.268765
vt 0.833512 0.269831
vt 0.119318 0.425608
vt 0.113457 0.426805
vt 0.115301 0.403858
vt 0.119212 0.403858
vt 0.118223 0.470645
vt 0.059645 0.852818
vt 0.006024 0.851924
vt 0.005190 0.818129
vt 0.060287 0.813012
vt 0.918520 0.809724
vt 0.912603 0.810413
vt 0.912540 0.755255
vt 0.919073 0.755342
vt 0.550879 0.474911
vt 0.550474 0.450019
vt 0.945623 0.807392
vt 0.951521 0.810352
vt 0.951410 0.835165
vt 0.945623 0.835719
vt 0.743149 0.631867
vt 0.747532 0.631867
vt 0.450168 0.482633
vt 0.410370 0.486657
vt 0.410360 0.483293
vt 0.551897 0.006709
vt 0.551897 0.074274
vt 0.493066 0.176348
vt 0.498710 0.173339
vt 0.718715 0.017804
vt 0.722897 0.068461
vt 0.680790 0.068459
vt 0.678691 0.011147
vt 0.677831 0.005190
vt 0.850487 0.688537
vt 0.757925 0.688538
vt 0.757912 0.651008
vt 0.759328 0.635891
vt 0.805815 0.632603
vt 0.828135 0.632235
vt 0.850455 0.631867
vt 0.005190 0.550653
vt 0.062325 0.550654
vt 0.070839 0.550654
vt 0.070839 0.571954
vt 0.070839 0.614706
vt 0.005190 0.614705
vt 0.568992 0.408744
vt 0.568990 0.474910
vt 0.613946 0.099822
vt 0.608433 0.074242
vt 0.385589 0.497037
vt 0.385589 0.564602
vt 0.403678 0.010074
vt 0.454171 0.005190
vt 0.454144 0.010463
vt 0.403673 0.014647
vt 0.600095 0.407263
vt 0.097103 0.480753
vt 0.102145 0.479980
vt 0.102145 0.535269
vt 0.097103 0.535269
vt 0.245289 0.259513
vt 0.247736 0.280683
vt 0.945623 0.783715
vt 0.945623 0.755255
vt 0.956026 0.759029
vt 0.956024 0.797013
vt 0.604294 0.638892
vt 0.604293 0.698523
vt 0.566146 0.698464
vt 0.566330 0.640948
vt 0.339873 0.564601
vt 0.339873 0.504970
vt 0.631461 0.560952
vt 0.625779 0.560944
vt 0.249393 0.385467
vt 0.718776 0.499700
vt 0.268445 0.385720
vt 0.919057 0.846435
vt 0.897794 0.846755
vt 0.458938 0.499437
vt 0.462410 0.495925
vt 0.713854 0.616454
vt 0.719064 0.616451
vt 0.718824 0.621182
vt 0.713955 0.620604
vt 0.072759 0.005192
vt 0.115511 0.005194
vt 0.867463 0.573417
vt 0.874796 0.573789
vt 0.228280 0.399035
vt 0.228269 0.396102
vt 0.722960 0.616525
vt 0.723522 0.620731
vt 0.140324 0.005195
vt 0.729571 0.632363
vt 0.732084 0.632363
vt 0.631271 0.141675
vt 0.623528 0.142059
vt 0.623525 0.140773
vt 0.614084 0.141626
vt 0.634923 0.142792
vt 0.609622 0.142819
vt 0.273773 0.014007
vt 0.272525 0.005341
vt 0.273796 0.005208
vt 0.247381 0.005195
vt 0.247499 0.013743
vt 0.246104 0.005208
vt 0.261119 0.014983
vt 0.902463 0.476627
vt 0.904769 0.476088
vt 0.905146 0.422021
vt 0.902463 0.422919
vt 0.115031 0.952681
vt 0.115031 0.943397
vt 0.128176 0.943371
vt 0.128176 0.952656
vt 0.694070 0.752493
vt 0.695259 0.742735
vt 0.717726 0.739937
vt 0.715301 0.747826
vt 0.094455 0.922939
vt 0.084559 0.922938
vt 0.086680 0.901715
vt 0.092876 0.901716
vt 0.786429 0.338210
vt 0.786449 0.346099
vt 0.779179 0.346099
vt 0.780234 0.338210
vt 0.087654 0.952649
vt 0.087654 0.943364
vt 0.099096 0.943366
vt 0.099096 0.952651
vt 0.532182 0.691399
vt 0.533333 0.682081
vt 0.555767 0.684881
vt 0.553396 0.691399
vt 0.756478 0.005190
vt 0.756338 0.016747
vt 0.747064 0.016747
vt 0.747203 0.005190
vt 0.768797 0.447979
vt 0.768796 0.456235
vt 0.755746 0.456235
vt 0.755746 0.447979
vt 0.756277 0.045683
vt 0.756198 0.057696
vt 0.746924 0.057696
vt 0.747003 0.045683
vt 0.532182 0.711012
vt 0.553396 0.711012
vt 0.653835 0.719802
vt 0.653896 0.748559
vt 0.640848 0.748559
vt 0.640787 0.719802
vt 0.653757 0.688686
vt 0.653757 0.707859
vt 0.640709 0.707859
vt 0.640709 0.688686
vt 0.786429 0.381554
vt 0.786429 0.401166
vt 0.780234 0.401166
vt 0.780234 0.381554
vt 0.683407 0.535864
vt 0.683407 0.547877
vt 0.664594 0.547877
vt 0.666200 0.535864
vt 0.683407 0.567490
vt 0.664594 0.567490
vt 0.511612 0.711011
vt 0.511612 0.691399
vt 0.768798 0.407029
vt 0.768797 0.419042
vt 0.755747 0.419042
vt 0.755748 0.407029
vt 0.786449 0.375035
vt 0.779179 0.375035
vt 0.768798 0.387417
vt 0.755748 0.387417
vt 0.629977 0.972211
vt 0.629997 0.961702
vt 0.643060 0.961702
vt 0.643039 0.972211
vt 0.533333 0.653144
vt 0.532182 0.643386
vt 0.553396 0.648055
vt 0.555767 0.655944
vt 0.695260 0.713799
vt 0.694071 0.704480
vt 0.715302 0.704481
vt 0.717726 0.711000
vt 0.673872 0.704482
vt 0.673871 0.716496
vt 0.664595 0.716496
vt 0.664596 0.704482
vt 0.673870 0.745432
vt 0.673870 0.756989
vt 0.664594 0.756989
vt 0.664594 0.745432
vt 0.629967 0.946019
vt 0.643029 0.946019
vt 0.667447 0.506927
vt 0.683407 0.506927
vt 0.683407 0.493383
vt 0.670286 0.495370
vt 0.511612 0.650449
vt 0.511612 0.679386
vt 0.511612 0.638892
vt 0.699367 0.547877
vt 0.699367 0.567490
vt 0.673872 0.684870
vt 0.664596 0.684870
vt 0.699367 0.495370
vt 0.699367 0.506927
vt 0.699367 0.535864
vt 0.654005 0.757653
vt 0.640957 0.757653
vt 0.653896 0.647986
vt 0.653835 0.676743
vt 0.640787 0.676743
vt 0.640848 0.647986
vt 0.629965 0.937672
vt 0.643028 0.937672
vt 0.694072 0.684868
vt 0.715303 0.684869
vt 0.756198 0.077309
vt 0.746924 0.077309
vt 0.151703 0.952681
vt 0.138555 0.952655
vt 0.138555 0.943371
vt 0.151703 0.943396
vt 0.694073 0.636855
vt 0.715304 0.641525
vt 0.717728 0.649414
vt 0.695262 0.646613
vt 0.172269 0.922939
vt 0.173840 0.901716
vt 0.180035 0.901715
vt 0.182164 0.922937
vt 0.786429 0.444511
vt 0.780234 0.444511
vt 0.779179 0.436622
vt 0.786449 0.436622
vt 0.179077 0.952648
vt 0.167635 0.952650
vt 0.167635 0.943365
vt 0.179077 0.943363
vt 0.555767 0.717530
vt 0.533333 0.720330
vt 0.756477 0.129816
vt 0.747203 0.129816
vt 0.747064 0.118259
vt 0.756338 0.118259
vt 0.426125 0.937840
vt 0.426095 0.953527
vt 0.413033 0.953527
vt 0.413063 0.937840
vt 0.756277 0.089322
vt 0.747002 0.089322
vt 0.683407 0.579503
vt 0.666200 0.579503
vt 0.786449 0.407685
vt 0.779179 0.407685
vt 0.426116 0.964033
vt 0.413053 0.964033
vt 0.768800 0.338210
vt 0.768800 0.346467
vt 0.755749 0.346467
vt 0.755750 0.338210
vt 0.533333 0.749267
vt 0.555767 0.746467
vt 0.553396 0.754356
vt 0.532182 0.759025
vt 0.695261 0.675549
vt 0.717727 0.678350
vt 0.664597 0.672856
vt 0.673873 0.672857
vt 0.673873 0.643920
vt 0.664597 0.643920
vt 0.664598 0.632363
vt 0.673874 0.632363
vt 0.426127 0.929493
vt 0.413064 0.929493
vt 0.654006 0.638892
vt 0.640957 0.638892
vt 0.683407 0.608440
vt 0.667447 0.608440
vt 0.683407 0.621984
vt 0.670286 0.619996
vt 0.511611 0.751961
vt 0.511612 0.723025
vt 0.511611 0.763518
vt 0.699367 0.619996
vt 0.699367 0.608440
vt 0.699367 0.579503
vt 0.768799 0.375403
vt 0.755749 0.375403
vt 0.096203 0.558296
vt 0.087858 0.558297
vt 0.084559 0.554996
vt 0.095998 0.554996
vt 0.111909 0.556339
vt 0.111953 0.553008
vt 0.125865 0.595777
vt 0.124626 0.567020
vt 0.127908 0.566551
vt 0.129155 0.595487
vt 0.087858 0.566553
vt 0.087858 0.595490
vt 0.084559 0.595490
vt 0.084559 0.566553
vt 0.087858 0.607503
vt 0.084559 0.607503
vt 0.127461 0.607720
vt 0.130760 0.607500
vt 0.122393 0.557927
vt 0.125070 0.554994
vt 0.087858 0.676322
vt 0.096203 0.676321
vt 0.095998 0.679622
vt 0.084559 0.679622
vt 0.111909 0.678277
vt 0.111953 0.681608
vt 0.087858 0.627115
vt 0.084559 0.627115
vt 0.124626 0.667594
vt 0.125865 0.638836
vt 0.129155 0.639126
vt 0.127908 0.668063
vt 0.087858 0.639129
vt 0.087858 0.668065
vt 0.084559 0.668065
vt 0.084559 0.639129
vt 0.127461 0.626893
vt 0.130760 0.627113
vt 0.122393 0.676688
vt 0.125070 0.679620
vt 0.382540 0.941888
vt 0.382535 0.968375
vt 0.367740 0.968375
vt 0.367745 0.941888
vt 0.544992 0.915487
vt 0.544992 0.906404
vt 0.560090 0.906405
vt 0.560090 0.915488
vt 0.628933 0.162773
vt 0.628933 0.154423
vt 0.632035 0.153682
vt 0.632035 0.162773
vt 0.828714 0.463833
vt 0.837796 0.463833
vt 0.838062 0.478932
vt 0.828981 0.478932
vt 0.196417 0.907156
vt 0.196417 0.892057
vt 0.199519 0.892057
vt 0.204952 0.907155
vt 0.923495 0.283704
vt 0.923503 0.298803
vt 0.920406 0.298803
vt 0.914968 0.283706
vt 0.912583 0.723786
vt 0.905309 0.723199
vt 0.905732 0.712791
vt 0.911182 0.713231
vt 0.563273 0.915488
vt 0.563273 0.930269
vt 0.560090 0.930269
vt 0.558060 0.896079
vt 0.561184 0.895469
vt 0.563257 0.906090
vt 0.395625 0.988695
vt 0.395625 0.978759
vt 0.398748 0.978754
vt 0.398748 0.988689
vt 0.775246 0.319905
vt 0.775246 0.326887
vt 0.767561 0.326887
vt 0.767561 0.319905
vt 0.894930 0.723200
vt 0.884703 0.723978
vt 0.886891 0.713373
vt 0.894553 0.712791
vt 0.529891 0.875428
vt 0.520880 0.875427
vt 0.522909 0.865077
vt 0.529891 0.865077
vt 0.424728 0.885622
vt 0.424775 0.876611
vt 0.435262 0.878602
vt 0.435180 0.885583
vt 0.424754 0.909732
vt 0.424784 0.900721
vt 0.435236 0.900682
vt 0.435262 0.907664
vt 0.554000 0.875428
vt 0.544990 0.875428
vt 0.544989 0.865078
vt 0.551971 0.865078
vt 0.775246 0.297825
vt 0.775246 0.304806
vt 0.767561 0.304806
vt 0.769778 0.297825
vt 0.931943 0.206719
vt 0.931943 0.221818
vt 0.917165 0.221818
vt 0.917165 0.206719
vt 0.511611 0.915486
vt 0.514794 0.915487
vt 0.514794 0.930267
vt 0.511611 0.930267
vt 0.923494 0.253507
vt 0.923492 0.268605
vt 0.914965 0.268607
vt 0.920398 0.253507
vt 0.196417 0.937353
vt 0.196417 0.922255
vt 0.204952 0.922254
vt 0.199519 0.937353
vt 0.828981 0.433636
vt 0.838062 0.433636
vt 0.837796 0.448734
vt 0.828714 0.448734
vt 0.514794 0.906404
vt 0.529893 0.906404
vt 0.529893 0.915487
vt 0.931943 0.225001
vt 0.917165 0.225001
vt 0.604791 0.976549
vt 0.604786 0.950063
vt 0.619581 0.950063
vt 0.619586 0.976549
vt 0.949986 0.268600
vt 0.949989 0.283699
vt 0.953289 0.253501
vt 0.601969 0.162773
vt 0.601969 0.153682
vt 0.605071 0.154423
vt 0.605071 0.162773
vt 0.949997 0.298798
vt 0.931943 0.191620
vt 0.917165 0.191620
vt 0.511627 0.906088
vt 0.544991 0.896079
vt 0.403866 0.885700
vt 0.403922 0.900799
vt 0.403952 0.913868
vt 0.403938 0.872631
vt 0.529892 0.896079
vt 0.516823 0.896078
vt 0.884703 0.744854
vt 0.894610 0.744101
vt 0.905536 0.744102
vt 0.912583 0.744671
vt 0.393462 0.870641
vt 0.393638 0.867463
vt 0.404537 0.869505
vt 0.695217 0.475825
vt 0.695217 0.482895
vt 0.692093 0.482890
vt 0.692093 0.475820
vt 0.392757 0.885742
vt 0.393469 0.915937
vt 0.392814 0.900841
vt 0.595510 0.950063
vt 0.595376 0.938621
vt 0.604784 0.938621
vt 0.382542 0.930445
vt 0.391949 0.930446
vt 0.391820 0.938587
vt 0.596441 0.976549
vt 0.390885 0.968375
vt 0.402653 0.929493
vt 0.402652 0.936563
vt 0.584674 0.947607
vt 0.584672 0.937672
vt 0.513699 0.895468
vt 0.404574 0.916990
vt 0.393666 0.919114
vt 0.940284 0.221818
vt 0.940284 0.225001
vt 0.949999 0.301975
vt 0.923503 0.301986
vt 0.619578 0.938621
vt 0.931943 0.176522
vt 0.917165 0.176522
vt 0.367747 0.930445
vt 0.940284 0.176522
vt 0.931943 0.173339
vt 0.940284 0.173339
vt 0.923494 0.250324
vt 0.953290 0.250324
vt 0.529893 0.930268
vt 0.917165 0.173339
vt 0.544992 0.930268
vt 0.952930 0.236547
vt 0.952930 0.225001
vt 0.956488 0.225011
vt 0.956488 0.236557
vt 0.182164 0.972694
vt 0.169588 0.972694
vt 0.170643 0.963061
vt 0.182138 0.963060
vt 0.942875 0.323985
vt 0.942875 0.312439
vt 0.945142 0.312365
vt 0.945142 0.323911
vt 0.860866 0.732840
vt 0.873494 0.732840
vt 0.872479 0.742474
vt 0.860932 0.742474
vt 0.985440 0.305171
vt 0.985442 0.295538
vt 0.987696 0.295538
vt 0.989032 0.305171
vt 0.732422 0.153307
vt 0.732413 0.162940
vt 0.730154 0.162940
vt 0.728825 0.153307
vt 0.732413 0.143674
vt 0.730154 0.143674
vt 0.985438 0.314805
vt 0.987692 0.314805
vt 0.860932 0.723207
vt 0.872479 0.723207
vt 0.182138 0.982327
vt 0.170643 0.982327
vt 0.981890 0.314805
vt 0.981322 0.305171
vt 0.735965 0.143674
vt 0.736544 0.153307
vt 0.735965 0.162940
vt 0.981894 0.295538
vt 0.939317 0.323995
vt 0.939317 0.312449
vt 0.950663 0.236473
vt 0.950663 0.224927
vt 0.684708 0.952913
vt 0.699502 0.952913
vt 0.699508 0.979399
vt 0.684713 0.979399
vt 0.602954 0.912511
vt 0.587855 0.912510
vt 0.587855 0.903427
vt 0.602954 0.903428
vt 0.618553 0.162773
vt 0.615451 0.162773
vt 0.615451 0.153682
vt 0.618553 0.154423
vt 0.795765 0.296936
vt 0.796031 0.281838
vt 0.805113 0.281838
vt 0.804846 0.296936
vt 0.492074 0.898161
vt 0.500609 0.898161
vt 0.495176 0.913260
vt 0.492074 0.913260
vt 0.857944 0.447680
vt 0.849417 0.447679
vt 0.854855 0.432581
vt 0.857951 0.432582
vt 0.963669 0.306531
vt 0.965070 0.295977
vt 0.970520 0.295538
vt 0.970943 0.305946
vt 0.587855 0.927291
vt 0.584672 0.927291
vt 0.584672 0.912510
vt 0.584688 0.903112
vt 0.586760 0.892492
vt 0.589884 0.893102
vt 0.385245 0.988694
vt 0.382122 0.988689
vt 0.382122 0.978754
vt 0.385245 0.978759
vt 0.204102 0.954714
vt 0.196417 0.954714
vt 0.196417 0.947733
vt 0.204102 0.947733
vt 0.766857 0.141130
vt 0.767234 0.130720
vt 0.774896 0.131305
vt 0.777083 0.141910
vt 0.618050 0.872452
vt 0.618050 0.862102
vt 0.625032 0.862102
vt 0.627061 0.872452
vt 0.350408 0.885622
vt 0.339956 0.885583
vt 0.339873 0.878601
vt 0.350361 0.876611
vt 0.350382 0.909732
vt 0.339873 0.907663
vt 0.339899 0.900682
vt 0.350351 0.900721
vt 0.593941 0.872451
vt 0.595970 0.862101
vt 0.602951 0.862101
vt 0.602952 0.872451
vt 0.204102 0.976795
vt 0.198634 0.976795
vt 0.196417 0.969813
vt 0.204102 0.969813
vt 0.930801 0.356492
vt 0.916022 0.356492
vt 0.916022 0.341393
vt 0.930801 0.341393
vt 0.636334 0.912512
vt 0.636334 0.927293
vt 0.633151 0.927293
vt 0.633151 0.912512
vt 0.857943 0.477878
vt 0.854846 0.477877
vt 0.849414 0.462777
vt 0.857941 0.462779
vt 0.492074 0.867964
vt 0.495176 0.867963
vt 0.500609 0.883062
vt 0.492074 0.883062
vt 0.796031 0.327134
vt 0.795765 0.312035
vt 0.804846 0.312035
vt 0.805113 0.327134
vt 0.618052 0.912511
vt 0.618052 0.903428
vt 0.633151 0.903429
vt 0.916022 0.338210
vt 0.930801 0.338210
vt 0.772706 0.975076
vt 0.757912 0.975076
vt 0.757916 0.948589
vt 0.772711 0.948589
vt 0.884435 0.462784
vt 0.884438 0.447685
vt 0.887737 0.477883
vt 0.913106 0.987915
vt 0.910003 0.987915
vt 0.910003 0.979565
vt 0.913106 0.978824
vt 0.884445 0.432587
vt 0.930801 0.371590
vt 0.916022 0.371590
vt 0.636318 0.903114
vt 0.602953 0.893102
vt 0.371270 0.885700
vt 0.371213 0.900799
vt 0.371183 0.913869
vt 0.371197 0.872630
vt 0.631121 0.893103
vt 0.618052 0.893103
vt 0.777083 0.162788
vt 0.767177 0.162032
vt 0.970716 0.326848
vt 0.963669 0.327415
vt 0.370599 0.869505
vt 0.381498 0.867463
vt 0.381674 0.870640
vt 0.705596 0.475825
vt 0.708719 0.475820
vt 0.708719 0.482890
vt 0.705596 0.482895
vt 0.382378 0.885742
vt 0.381666 0.915937
vt 0.382322 0.900841
vt 0.772713 0.937147
vt 0.782120 0.937147
vt 0.781987 0.948589
vt 0.684705 0.941470
vt 0.675427 0.949612
vt 0.675298 0.941471
vt 0.781056 0.975076
vt 0.676363 0.979399
vt 0.664595 0.947591
vt 0.664594 0.940522
vt 0.792824 0.936194
vt 0.792823 0.946130
vt 0.634245 0.892493
vt 0.381470 0.919114
vt 0.370562 0.916990
vt 0.939141 0.338210
vt 0.939141 0.341393
vt 0.857952 0.429399
vt 0.884447 0.429409
vt 0.757918 0.937147
vt 0.930801 0.386689
vt 0.916022 0.386689
vt 0.699500 0.941470
vt 0.939141 0.386689
vt 0.939141 0.389872
vt 0.930801 0.389872
vt 0.887738 0.481061
vt 0.857942 0.481061
vt 0.618052 0.927292
vt 0.916022 0.389872
vt 0.602954 0.927292
vt 0.939005 0.074774
vt 0.935446 0.074784
vt 0.935446 0.063238
vt 0.939005 0.063228
vt 0.142926 0.972694
vt 0.142900 0.982327
vt 0.131405 0.982328
vt 0.130350 0.972695
vt 0.951787 0.401418
vt 0.949521 0.401344
vt 0.949521 0.389798
vt 0.951787 0.389872
vt 0.107343 0.972694
vt 0.107409 0.963061
vt 0.118956 0.963061
vt 0.119971 0.972694
vt 0.985770 0.014823
vt 0.989362 0.014823
vt 0.988022 0.024456
vt 0.985768 0.024456
vt 0.982748 0.977767
vt 0.979151 0.977767
vt 0.980480 0.968134
vt 0.982739 0.968134
vt 0.982739 0.987400
vt 0.980480 0.987400
vt 0.985772 0.005190
vt 0.988026 0.005190
vt 0.107409 0.982327
vt 0.118956 0.982327
vt 0.142900 0.963061
vt 0.131405 0.963061
vt 0.982224 0.005190
vt 0.981652 0.014823
vt 0.986291 0.987400
vt 0.986870 0.977767
vt 0.986291 0.968134
vt 0.982220 0.024456
vt 0.955346 0.401428
vt 0.955346 0.389882
vt 0.941271 0.074700
vt 0.941271 0.063154
vt 0.509089 0.318147
vt 0.509089 0.173354
vt 0.514468 0.173339
vt 0.514468 0.318131
vt 0.514931 0.149980
vt 0.514931 0.005190
vt 0.523115 0.012207
vt 0.520245 0.149617
vt 0.051329 0.964369
vt 0.051329 0.983076
vt 0.046359 0.979240
vt 0.046476 0.965700
vt 0.784751 0.010386
vt 0.779720 0.005190
vt 0.784751 0.005190
vt 0.063734 0.960966
vt 0.063734 0.979673
vt 0.481988 0.707401
vt 0.481987 0.766244
vt 0.475616 0.764239
vt 0.475617 0.707401
vt 0.765957 0.493383
vt 0.769263 0.551773
vt 0.756407 0.551774
vt 0.756407 0.494936
vt 0.062424 0.987490
vt 0.053034 0.989195
vt 0.486782 0.707398
vt 0.486781 0.719371
vt 0.779720 0.062765
vt 0.784751 0.050987
vt 0.766857 0.062765
vt 0.766857 0.005190
vt 0.754510 0.308851
vt 0.754510 0.327365
vt 0.753396 0.327365
vt 0.753396 0.308851
vt 0.494727 0.757791
vt 0.498869 0.757468
vt 0.499978 0.759779
vt 0.499978 0.764976
vt 0.486780 0.765922
vt 0.486780 0.760595
vt 0.498870 0.739201
vt 0.499979 0.719179
vt 0.494727 0.739277
vt 0.796930 0.446692
vt 0.805248 0.446692
vt 0.805746 0.482529
vt 0.796829 0.482529
vt 0.644365 0.982590
vt 0.652683 0.982590
vt 0.652683 0.991261
vt 0.644365 0.991261
vt 0.654799 0.162251
vt 0.646481 0.162250
vt 0.646481 0.153693
vt 0.654799 0.153694
vt 0.446558 0.877480
vt 0.455123 0.877480
vt 0.455115 0.913314
vt 0.446550 0.913314
vt 0.446561 0.858630
vt 0.455126 0.858630
vt 0.713372 0.880454
vt 0.713368 0.861604
vt 0.722049 0.861604
vt 0.722052 0.880454
vt 0.646481 0.145021
vt 0.654799 0.145021
vt 0.486782 0.695426
vt 0.519848 0.318147
vt 0.519848 0.173354
vt 0.983724 0.716897
vt 0.988604 0.718100
vt 0.988722 0.731637
vt 0.983724 0.735603
vt 0.499980 0.695622
vt 0.499980 0.707401
vt 0.971319 0.713493
vt 0.971319 0.732199
vt 0.784751 0.062765
vt 0.784751 0.074544
vt 0.475619 0.648558
vt 0.481990 0.648558
vt 0.765957 0.610167
vt 0.756407 0.610617
vt 0.982035 0.741756
vt 0.972628 0.740016
vt 0.779720 0.120340
vt 0.766857 0.120340
vt 0.734126 0.988923
vt 0.734126 0.978250
vt 0.744504 0.978430
vt 0.744504 0.989103
vt 0.488411 0.661169
vt 0.486783 0.654202
vt 0.486783 0.650789
vt 0.499981 0.651692
vt 0.499981 0.655022
vt 0.498872 0.661864
vt 0.498871 0.688373
vt 0.488410 0.688604
vt 0.730618 0.880454
vt 0.730631 0.916282
vt 0.722066 0.916282
vt 0.730614 0.861604
vt 0.677708 0.949846
vt 0.689254 0.949658
vt 0.689170 0.975101
vt 0.677708 0.975911
vt 0.463807 0.858630
vt 0.463804 0.877480
vt 0.723746 0.978250
vt 0.723746 0.988931
vt 0.713368 0.989107
vt 0.713368 0.978426
vt 0.985224 0.173339
vt 0.985224 0.200774
vt 0.975191 0.200774
vt 0.975191 0.173339
vt 0.975191 0.237662
vt 0.975191 0.211154
vt 0.985273 0.211159
vt 0.985273 0.237668
vt 0.985486 0.531893
vt 0.985486 0.558401
vt 0.975024 0.558633
vt 0.975025 0.531197
vt 0.988444 0.058124
vt 0.979003 0.058610
vt 0.979004 0.030805
vt 0.988445 0.030691
vt 0.499453 0.831778
vt 0.499453 0.813512
vt 0.500573 0.813512
vt 0.500573 0.831779
vt 0.918340 0.235380
vt 0.918340 0.239693
vt 0.917164 0.239694
vt 0.917164 0.235381
vt 0.916022 0.404571
vt 0.916022 0.400251
vt 0.917197 0.400251
vt 0.917197 0.404571
vt 0.431946 0.984725
vt 0.431946 0.974412
vt 0.432686 0.974535
vt 0.980650 0.617827
vt 0.981383 0.606559
vt 0.981383 0.617826
vt 0.982127 0.606561
vt 0.982127 0.617827
vt 0.986347 0.694865
vt 0.987085 0.684510
vt 0.987085 0.694736
vt 0.952220 0.973632
vt 0.952220 0.962366
vt 0.952964 0.962364
vt 0.677788 0.990307
vt 0.676515 0.991729
vt 0.676515 0.989820
vt 0.431209 0.984849
vt 0.475616 0.976605
vt 0.479229 0.976605
vt 0.479229 0.982141
vt 0.475616 0.982141
vt 0.527872 0.989475
vt 0.533971 0.989475
vt 0.533971 0.993089
vt 0.527872 0.993089
vt 0.985971 0.071085
vt 0.978609 0.071085
vt 0.979864 0.065538
vt 0.985970 0.065538
vt 0.546899 0.985862
vt 0.552998 0.985862
vt 0.552998 0.989475
vt 0.546899 0.989475
vt 0.951651 0.068701
vt 0.959013 0.068701
vt 0.957756 0.074247
vt 0.951651 0.074247
vt 0.496835 0.982150
vt 0.500449 0.982150
vt 0.500449 0.987695
vt 0.496835 0.987695
vt 0.985972 0.076631
vt 0.979866 0.076631
vt 0.951652 0.063154
vt 0.957758 0.063154
vt 0.496835 0.976605
vt 0.500449 0.976605
vt 0.479229 0.987698
vt 0.475616 0.987698
vt 0.946601 0.473237
vt 0.947698 0.478082
vt 0.946743 0.478082
vt 0.945647 0.473237
vt 0.527872 0.985862
vt 0.533972 0.985862
vt 0.546899 0.993089
vt 0.552998 0.993089
vt 0.453912 0.980828
vt 0.453913 0.986374
vt 0.447808 0.986374
vt 0.446550 0.980828
vt 0.493222 0.987695
vt 0.493222 0.982150
vt 0.453911 0.975281
vt 0.447806 0.975281
vt 0.493222 0.976605
vt 0.515885 0.160360
vt 0.515885 0.162884
vt 0.514931 0.162884
vt 0.514931 0.160360
vt 0.479774 0.982141
vt 0.479774 0.986995
vt 0.479774 0.977305
vt 0.482298 0.982141
vt 0.482298 0.977305
vt 0.482843 0.976605
vt 0.482298 0.986995
vt 0.482843 0.987698
vt 0.482842 0.982141
vt 0.923487 0.473237
vt 0.923487 0.478073
vt 0.920962 0.478073
vt 0.920962 0.473237
vt 0.923487 0.482927
vt 0.920962 0.482927
vt 0.959176 0.482927
vt 0.958077 0.478082
vt 0.959032 0.478082
vt 0.960131 0.482927
vt 0.946600 0.482927
vt 0.945645 0.482927
vt 0.804157 0.950327
vt 0.804157 0.952851
vt 0.803204 0.952851
vt 0.803204 0.950327
vt 0.959174 0.473237
vt 0.960129 0.473237
vt 0.774694 0.992879
vt 0.772438 0.993782
vt 0.772722 0.986042
vt 0.774694 0.985455
vt 0.991336 0.891649
vt 0.993290 0.891769
vt 0.993290 0.898231
vt 0.991335 0.898351
vt 0.757912 0.985455
vt 0.759883 0.986042
vt 0.760167 0.993782
vt 0.757912 0.992879
vt 0.801347 0.985455
vt 0.803477 0.985575
vt 0.803477 0.992037
vt 0.801347 0.992157
vt 0.761113 0.987651
vt 0.760896 0.993175
vt 0.680789 0.482993
vt 0.676177 0.482993
vt 0.677446 0.481834
vt 0.679519 0.481834
vt 0.771709 0.993177
vt 0.771492 0.987652
vt 0.804261 0.986500
vt 0.804261 0.991112
vt 0.675252 0.475820
vt 0.681714 0.475820
vt 0.680789 0.477493
vt 0.676177 0.477493
vt 0.679519 0.479422
vt 0.677446 0.479422
vt 0.840987 0.048830
vt 0.823073 0.048435
vt 0.823073 0.005190
vt 0.840987 0.005585
vt 0.767564 0.230392
vt 0.785383 0.230412
vt 0.785380 0.287282
vt 0.767561 0.287445
vt 0.800967 0.537050
vt 0.818881 0.536656
vt 0.818881 0.579928
vt 0.800967 0.580322
vt 0.812693 0.056463
vt 0.795131 0.056481
vt 0.795130 0.005390
vt 0.812692 0.005190
vt 0.127255 0.748592
vt 0.127254 0.802574
vt 0.084631 0.799418
vt 0.084595 0.748327
vt 0.127218 0.694612
vt 0.084559 0.697236
vt 0.812694 0.107737
vt 0.795132 0.107572
vt 0.767566 0.173339
vt 0.785385 0.173541
vt 0.169877 0.691987
vt 0.169877 0.748858
vt 0.169877 0.805729
vt 0.800967 0.493777
vt 0.818881 0.493383
vt 0.840987 0.092075
vt 0.823073 0.091680
vt 0.567469 0.162599
vt 0.567469 0.153682
vt 0.576024 0.153682
vt 0.576024 0.162599
vt 0.514454 0.482730
vt 0.511611 0.346283
vt 0.519766 0.338210
vt 0.519766 0.483004
vt 0.784751 0.115144
vt 0.784751 0.118474
vt 0.980832 0.787952
vt 0.980832 0.785275
vt 0.982827 0.785270
vt 0.982827 0.787947
vt 0.757311 0.480573
vt 0.755746 0.482136
vt 0.755746 0.466615
vt 0.757361 0.466825
vt 0.804218 0.965391
vt 0.803204 0.965391
vt 0.803266 0.963231
vt 0.804155 0.963231
vt 0.967002 0.160496
vt 0.965438 0.158933
vt 0.965387 0.145186
vt 0.967002 0.144975
vt 0.917177 0.326093
vt 0.914965 0.326093
vt 0.915257 0.312365
vt 0.916886 0.312365
vt 0.987821 0.674131
vt 0.985608 0.674131
vt 0.985900 0.658661
vt 0.987529 0.658661
vt 0.464292 0.975281
vt 0.465181 0.975281
vt 0.465181 0.976170
vt 0.464292 0.976170
vt 0.982337 0.327344
vt 0.981322 0.327344
vt 0.981385 0.325184
vt 0.982274 0.325184
vt 0.991817 0.162583
vt 0.990802 0.162583
vt 0.990865 0.160425
vt 0.991754 0.160425
vt 0.665609 0.991932
vt 0.664594 0.991932
vt 0.664657 0.989778
vt 0.665546 0.989778
vt 0.917177 0.327736
vt 0.914965 0.327736
vt 0.774492 0.077304
vt 0.777965 0.068652
vt 0.779422 0.069236
vt 0.775949 0.077889
vt 0.770528 0.081950
vt 0.770528 0.070237
vt 0.774248 0.070237
vt 0.774248 0.081950
vt 0.783065 0.077889
vt 0.779591 0.069236
vt 0.781048 0.068652
vt 0.784521 0.077304
vt 0.774492 0.096187
vt 0.774492 0.084475
vt 0.778212 0.084475
vt 0.778212 0.096187
vt 0.779422 0.084305
vt 0.777965 0.083720
vt 0.775882 0.086583
vt 0.775882 0.093962
vt 0.774312 0.093962
vt 0.774312 0.086583
vt 0.781048 0.083720
vt 0.779591 0.084305
vt 0.768699 0.092133
vt 0.768699 0.088412
vt 0.776077 0.086414
vt 0.768699 0.086414
vt 0.769392 0.077304
vt 0.772865 0.068652
vt 0.774322 0.069236
vt 0.770849 0.077889
vt 0.778075 0.081950
vt 0.778075 0.070237
vt 0.781796 0.070237
vt 0.781796 0.081950
vt 0.783065 0.093712
vt 0.779591 0.085060
vt 0.781048 0.084475
vt 0.784521 0.093127
vt 0.770602 0.096187
vt 0.770602 0.084475
vt 0.774322 0.084475
vt 0.774322 0.096187
vt 0.770148 0.079825
vt 0.771605 0.080410
vt 0.774322 0.084305
vt 0.772865 0.083720
vt 0.783235 0.086583
vt 0.783235 0.093962
vt 0.781665 0.093962
vt 0.781665 0.086583
vt 0.782308 0.096233
vt 0.783765 0.095648
vt 0.781048 0.099543
vt 0.779591 0.100128
vt 0.777692 0.093816
vt 0.777692 0.086729
vt 0.776392 0.083255
vt 0.783479 0.083255
vt 0.783625 0.086414
vt 0.776246 0.086414
vt 0.776051 0.092133
vt 0.776051 0.088412
vt 0.655038 0.327607
vt 0.655235 0.321584
vt 0.655699 0.321602
vt 0.655502 0.327624
vt 0.656356 0.321623
vt 0.656159 0.327646
vt 0.657502 0.327624
vt 0.657699 0.321602
vt 0.658356 0.321623
vt 0.655680 0.314774
vt 0.656820 0.314811
vt 0.658159 0.327646
vt 0.658820 0.321636
vt 0.658623 0.327659
vt 0.670759 0.327611
vt 0.671403 0.321584
vt 0.671416 0.327610
vt 0.657235 0.321584
vt 0.656874 0.314744
vt 0.657680 0.314774
vt 0.658820 0.314811
vt 0.670282 0.321584
vt 0.669683 0.314760
vt 0.670490 0.314763
vt 0.672253 0.314680
vt 0.671684 0.314111
vt 0.672253 0.312737
vt 0.673627 0.314111
vt 0.655979 0.310762
vt 0.656783 0.310789
vt 0.670080 0.310741
vt 0.670649 0.310742
vt 0.657410 0.310741
vt 0.657979 0.310762
vt 0.671454 0.310741
vt 0.664460 0.327625
vt 0.664208 0.321605
vt 0.664864 0.321577
vt 0.665116 0.327598
vt 0.661922 0.327612
vt 0.662579 0.321587
vt 0.662579 0.327612
vt 0.663044 0.321584
vt 0.663044 0.327610
vt 0.665908 0.321584
vt 0.665681 0.314760
vt 0.666821 0.314763
vt 0.659995 0.321602
vt 0.660014 0.314774
vt 0.660820 0.314744
vt 0.663682 0.314798
vt 0.664821 0.314750
vt 0.661922 0.321587
vt 0.661680 0.314763
vt 0.662821 0.314763
vt 0.663628 0.314759
vt 0.672253 0.312683
vt 0.671684 0.312115
vt 0.673058 0.310741
vt 0.673627 0.312115
vt 0.665857 0.310741
vt 0.666662 0.310742
vt 0.661848 0.310744
vt 0.662653 0.310744
vt 0.663682 0.310774
vt 0.664486 0.310741
vt 0.659715 0.310762
vt 0.660284 0.310741
vt 0.671684 0.317495
vt 0.673270 0.317495
vt 0.672806 0.317960
vt 0.672149 0.316320
vt 0.671684 0.315199
vt 0.672149 0.314734
vt 0.826837 0.987517
vt 0.827456 0.985515
vt 0.828484 0.985579
vt 0.828833 0.987641
vt 0.354273 0.989177
vt 0.354936 0.987173
vt 0.356313 0.987173
vt 0.356950 0.989177
vt 0.990327 0.346890
vt 0.990798 0.344844
vt 0.991827 0.344843
vt 0.992326 0.346886
vt 0.990327 0.365704
vt 0.990963 0.363676
vt 0.992340 0.363674
vt 0.993003 0.365699
vt 0.990853 0.338210
vt 0.991855 0.338443
vt 0.827818 0.979119
vt 0.828833 0.978946
vt 0.990964 0.357271
vt 0.992341 0.357269
vt 0.354938 0.980519
vt 0.356315 0.980519
vt 0.587743 0.161613
vt 0.587743 0.157814
vt 0.590551 0.157811
vt 0.590550 0.161611
vt 0.555746 0.157807
vt 0.555744 0.161746
vt 0.552935 0.161742
vt 0.552938 0.157802
vt 0.909067 0.074942
vt 0.907453 0.075230
vt 0.907419 0.072426
vt 0.909033 0.072138
vt 0.909031 0.076286
vt 0.907419 0.076566
vt 0.557089 0.157877
vt 0.557088 0.160005
vt 0.586404 0.160015
vt 0.586404 0.157747
vt 0.930461 0.237186
vt 0.928831 0.237032
vt 0.928719 0.235380
vt 0.930356 0.235394
vt 0.927577 0.400251
vt 0.929214 0.400254
vt 0.929214 0.404381
vt 0.927577 0.404379
vt 0.982320 0.834808
vt 0.980703 0.834540
vt 0.980703 0.831739
vt 0.982320 0.832007
vt 0.816457 0.983061
vt 0.816370 0.986989
vt 0.814733 0.986881
vt 0.814818 0.983092
vt 0.551897 0.161740
vt 0.551899 0.157801
vt 0.591589 0.157811
vt 0.591588 0.161610
vt 0.816114 0.988102
vt 0.814924 0.988028
vt 0.552086 0.162851
vt 0.590754 0.162737
vt 0.700175 0.991415
vt 0.700175 0.989778
vt 0.701298 0.989970
vt 0.701300 0.991163
vt 0.979632 0.161270
vt 0.979632 0.162909
vt 0.978609 0.162739
vt 0.978609 0.161100
vt 0.551897 0.153682
vt 0.552935 0.153683
vt 0.590545 0.153683
vt 0.591583 0.153682
vt 0.814733 0.978978
vt 0.816373 0.978946
vt 0.984735 0.403658
vt 0.984735 0.377149
vt 0.974049 0.376916
vt 0.974049 0.404351
vt 0.590390 0.575072
vt 0.590893 0.575060
vt 0.613816 0.553370
vt 0.590390 0.573751
vt 0.221391 0.547468
vt 0.221391 0.568769
vt 0.150703 0.568769
vt 0.150703 0.547468
vt 0.221391 0.595779
vt 0.221391 0.611520
vt 0.150703 0.611520
vt 0.221391 0.675573
vt 0.150703 0.675573
vt 0.150703 0.654272
vt 0.221391 0.654272
vt 0.221391 0.627262
vt 0.315977 0.676994
vt 0.245289 0.676994
vt 0.245289 0.655693
vt 0.315977 0.655693
vt 0.245289 0.612942
vt 0.315977 0.612942
vt 0.315977 0.628683
vt 0.315977 0.548889
vt 0.315977 0.570190
vt 0.245289 0.570190
vt 0.245289 0.548889
vt 0.315977 0.597200
vt 0.073934 0.883700
vt 0.070666 0.883700
vt 0.070666 0.813012
vt 0.073934 0.813012
vt 0.742760 0.600187
vt 0.746028 0.600187
vt 0.746028 0.621488
vt 0.742760 0.621488
vt 0.742760 0.514684
vt 0.746028 0.514684
vt 0.746028 0.557436
vt 0.742760 0.557436
vt 0.898893 0.755255
vt 0.902160 0.755255
vt 0.902160 0.825943
vt 0.898893 0.825943
vt 0.733277 0.084983
vt 0.736544 0.084983
vt 0.736544 0.111994
vt 0.733277 0.111994
vt 0.733277 0.069242
vt 0.736544 0.069242
vt 0.733277 0.026490
vt 0.736544 0.026490
vt 0.736544 0.053501
vt 0.733277 0.053501
vt 0.736544 0.133294
vt 0.733277 0.133294
vt 0.742760 0.493383
vt 0.746028 0.493383
vt 0.733277 0.005190
vt 0.736544 0.005190
vt 0.670243 0.308810
vt 0.668630 0.310422
vt 0.663666 0.307556
vt 0.664256 0.305353
vt 0.651356 0.308810
vt 0.652968 0.310422
vt 0.650102 0.315387
vt 0.647899 0.314797
vt 0.651356 0.327697
vt 0.652968 0.326085
vt 0.657933 0.328951
vt 0.657343 0.331154
vt 0.673699 0.314797
vt 0.671497 0.315387
vt 0.670243 0.327697
vt 0.668630 0.326085
vt 0.671497 0.321120
vt 0.673699 0.321710
vt 0.657343 0.305353
vt 0.657933 0.307556
vt 0.647899 0.321710
vt 0.650102 0.321120
vt 0.664256 0.331154
vt 0.663666 0.328951
vt 0.686508 0.305286
vt 0.693457 0.305286
vt 0.692864 0.307500
vt 0.687101 0.307500
vt 0.702950 0.314779
vt 0.702950 0.321728
vt 0.700736 0.321135
vt 0.700736 0.315372
vt 0.693457 0.331221
vt 0.686508 0.331221
vt 0.687101 0.329007
vt 0.692864 0.329007
vt 0.680490 0.308761
vt 0.682111 0.310381
vt 0.677015 0.321728
vt 0.677015 0.314779
vt 0.679229 0.315372
vt 0.679229 0.321135
vt 0.699476 0.308761
vt 0.697855 0.310381
vt 0.699476 0.327746
vt 0.697855 0.326126
vt 0.680490 0.327746
vt 0.682111 0.326126
vt 0.933866 0.478104
vt 0.933866 0.473237
vt 0.935266 0.473237
vt 0.935266 0.478104
vt 0.188741 0.842333
vt 0.188741 0.836458
vt 0.191049 0.836458
vt 0.191049 0.842333
vt 0.954195 0.998596
vt 0.951313 0.998596
vt 0.952091 0.987739
vt 0.953417 0.987739
vt 0.499093 0.849253
vt 0.499093 0.843142
vt 0.501212 0.843142
vt 0.501212 0.849253
vt 0.188741 0.850358
vt 0.191049 0.850358
vt 0.990802 0.131861
vt 0.990802 0.127683
vt 0.992202 0.127683
vt 0.992202 0.131861
vt 0.499093 0.838668
vt 0.501212 0.838668
vt 0.188741 0.858383
vt 0.191049 0.858383
vt 0.990802 0.124055
vt 0.992202 0.124055
vt 0.990802 0.150046
vt 0.990802 0.146419
vt 0.992202 0.146419
vt 0.992202 0.150046
vt 0.188741 0.864258
vt 0.191049 0.864258
vt 0.499093 0.859839
vt 0.499093 0.855365
vt 0.501212 0.855365
vt 0.501212 0.859839
vt 0.933866 0.482971
vt 0.935266 0.482971
vt 0.990802 0.142240
vt 0.992202 0.142240
vt 0.188712 0.869701
vt 0.188712 0.862307
vt 0.191078 0.862307
vt 0.191078 0.869701
vt 0.912120 0.823628
vt 0.912120 0.816666
vt 0.914359 0.816666
vt 0.914359 0.823628
vt 0.992202 0.095136
vt 0.990802 0.095136
vt 0.991180 0.089862
vt 0.991824 0.089862
vt 0.188712 0.878218
vt 0.191078 0.878218
vt 0.912120 0.831687
vt 0.914359 0.831687
vt 0.990802 0.113587
vt 0.990802 0.109551
vt 0.992202 0.109551
vt 0.992202 0.113587
vt 0.188712 0.885576
vt 0.191078 0.885576
vt 0.912120 0.838683
vt 0.914359 0.838683
vt 0.990802 0.105515
vt 0.992202 0.105515
vt 0.952091 0.981868
vt 0.953417 0.981868
vt 0.991180 0.087011
vt 0.991824 0.087011
vt 0.662394 0.314336
vt 0.659422 0.315219
vt 0.688380 0.322192
vt 0.691367 0.321304
vt 0.531627 0.327187
vt 0.530227 0.327187
vt 0.530605 0.322470
vt 0.531249 0.322470
vt 0.543406 0.327187
vt 0.542006 0.327187
vt 0.542384 0.322470
vt 0.543028 0.322470
vt 0.692707 0.316304
vt 0.690564 0.314041
vt 0.658090 0.320193
vt 0.660221 0.322444
vt 0.662539 0.317202
vt 0.661780 0.320034
vt 0.688997 0.316463
vt 0.688234 0.319311
vt 0.685019 0.320145
vt 0.664135 0.322352
vt 0.804813 0.951173
vt 0.801741 0.951173
vt 0.801741 0.933271
vt 0.804813 0.933271
vt 0.686630 0.314133
vt 0.665737 0.316372
vt 0.658458 0.478040
vt 0.658458 0.482553
vt 0.657814 0.482553
vt 0.657814 0.478040
vt 0.979151 0.942359
vt 0.980965 0.942359
vt 0.980965 0.935214
vt 0.979151 0.935214
vt 0.935106 0.041356
vt 0.928357 0.048106
vt 0.940481 0.055106
vt 0.942951 0.045886
vt 0.979142 0.914189
vt 0.980956 0.914189
vt 0.980956 0.907044
vt 0.979142 0.907044
vt 0.930577 0.033512
vt 0.921357 0.035982
vt 0.535993 0.964441
vt 0.535993 0.951690
vt 0.511085 0.951690
vt 0.511085 0.964441
vt 0.500349 0.966225
vt 0.500349 0.955183
vt 0.475440 0.955183
vt 0.475440 0.966225
vt 0.930577 0.024453
vt 0.921357 0.021982
vt 0.535759 0.975483
vt 0.535759 0.964441
vt 0.510851 0.964441
vt 0.510851 0.975483
vt 0.927338 0.456482
vt 0.938380 0.462858
vt 0.951130 0.462858
vt 0.962172 0.456482
vt 0.968547 0.445440
vt 0.968547 0.432690
vt 0.962172 0.421648
vt 0.951130 0.415272
vt 0.938380 0.415272
vt 0.927338 0.421648
vt 0.920962 0.432690
vt 0.920962 0.445440
vt 0.499412 0.942433
vt 0.499412 0.931391
vt 0.474504 0.931391
vt 0.474504 0.942433
vt 0.499061 0.955183
vt 0.499061 0.942433
vt 0.474152 0.942433
vt 0.474152 0.955183
vt 0.942951 0.012079
vt 0.940481 0.002859
vt 0.928357 0.009858
vt 0.935106 0.016608
vt 0.746924 0.162735
vt 0.748738 0.162735
vt 0.748738 0.155590
vt 0.746924 0.155590
vt 0.979142 0.898794
vt 0.980956 0.898794
vt 0.980956 0.891649
vt 0.979142 0.891649
vt 0.035980 0.972236
vt 0.031855 0.965091
vt 0.024710 0.960966
vt 0.016460 0.960966
vt 0.009315 0.965091
vt 0.005190 0.972236
vt 0.005190 0.980487
vt 0.009315 0.987632
vt 0.016460 0.991757
vt 0.024710 0.991757
vt 0.031855 0.987632
vt 0.035980 0.980487
vt 0.748738 0.147340
vt 0.746924 0.147340
vt 0.748738 0.140195
vt 0.746924 0.140195
vt 0.959855 0.016608
vt 0.966604 0.009858
vt 0.954480 0.002859
vt 0.952010 0.012079
vt 0.498875 0.965400
vt 0.498875 0.954358
vt 0.473966 0.954358
vt 0.473966 0.965400
vt 0.536520 0.951690
vt 0.536520 0.940648
vt 0.511611 0.940648
vt 0.511611 0.951690
vt 0.964384 0.024453
vt 0.973604 0.021982
vt 0.536520 0.964441
vt 0.511611 0.964441
vt 0.536520 0.975483
vt 0.511611 0.975483
vt 0.959855 0.041356
vt 0.966604 0.048106
vt 0.973604 0.035982
vt 0.964384 0.033512
vt 0.929452 0.817189
vt 0.931266 0.817189
vt 0.931266 0.810044
vt 0.929452 0.810044
vt 0.929452 0.825439
vt 0.931266 0.825439
vt 0.929452 0.832584
vt 0.931266 0.832584
vt 0.979151 0.957754
vt 0.980965 0.957754
vt 0.980965 0.950609
vt 0.979151 0.950609
vt 0.954480 0.055106
vt 0.952010 0.045886
vt 0.500524 0.955183
vt 0.500524 0.942433
vt 0.475616 0.942433
vt 0.475616 0.955183
vt 0.500524 0.931391
vt 0.475616 0.931391
vt 0.887544 0.173513
vt 0.867837 0.173511
vt 0.867819 0.249383
vt 0.887522 0.254149
vt 0.848369 0.173513
vt 0.848357 0.240195
vt 0.476945 0.853152
vt 0.477496 0.851983
vt 0.476825 0.776758
vt 0.475616 0.776769
vt 0.889596 0.173339
vt 0.889327 0.249731
vt 0.084581 0.816108
vt 0.084559 0.891336
vt 0.126427 0.855673
vt 0.126438 0.816124
vt 0.552052 0.854532
vt 0.550849 0.776588
vt 0.531860 0.781214
vt 0.532123 0.854617
vt 0.511884 0.854698
vt 0.512593 0.790057
vt 0.479447 0.852033
vt 0.480200 0.777829
vt 0.478280 0.777845
vt 0.478931 0.850906
vt 0.554001 0.854698
vt 0.553282 0.780795
vt 0.255829 0.818053
vt 0.215332 0.818074
vt 0.215335 0.857623
vt 0.255834 0.893281
vt 0.793459 0.118116
vt 0.792042 0.138115
vt 0.796417 0.140221
vt 0.797834 0.120222
vt 0.487427 0.776635
vt 0.487779 0.816182
vt 0.489073 0.816171
vt 0.488721 0.776623
vt 0.899976 0.250325
vt 0.899989 0.317007
vt 0.904586 0.317006
vt 0.904572 0.250324
vt 0.474281 0.854484
vt 0.472952 0.858916
vt 0.477432 0.858878
vt 0.476657 0.854464
vt 0.478790 0.851972
vt 0.793459 0.160420
vt 0.797834 0.162526
vt 0.836220 0.214726
vt 0.829000 0.173339
vt 0.827657 0.173883
vt 0.834877 0.215271
vt 0.833724 0.256711
vt 0.838071 0.236803
vt 0.833437 0.238477
vt 0.829090 0.258385
vt 0.839011 0.215455
vt 0.837812 0.215283
vt 0.836469 0.215828
vt 0.834377 0.217128
vt 0.839410 0.216912
vt 0.834776 0.218586
vt 0.838852 0.214897
vt 0.834218 0.216571
vt 0.477203 0.852764
vt 0.476652 0.853933
vt 0.479028 0.853913
vt 0.478497 0.852753
vt 0.563377 0.992356
vt 0.567434 0.992557
vt 0.567434 0.986063
vt 0.563377 0.985862
vt 0.803302 0.590721
vt 0.799832 0.590702
vt 0.799832 0.621135
vt 0.803750 0.620754
vt 0.618887 0.327514
vt 0.622362 0.327531
vt 0.622362 0.321840
vt 0.618887 0.321824
vt 0.722177 0.482532
vt 0.722177 0.476884
vt 0.719185 0.477127
vt 0.719099 0.482895
vt 0.833299 0.588536
vt 0.829260 0.587991
vt 0.829264 0.591014
vt 0.833243 0.591524
vt 0.572141 0.327004
vt 0.572141 0.322970
vt 0.568153 0.322470
vt 0.568180 0.326567
vt 0.949526 0.349383
vt 0.949521 0.375655
vt 0.955151 0.379419
vt 0.955155 0.349383
vt 0.833175 0.594896
vt 0.829279 0.594507
vt 0.829260 0.621177
vt 0.832711 0.621164
vt 0.955156 0.343734
vt 0.949527 0.346010
vt 0.949527 0.343022
vt 0.955157 0.339749
vt 0.963669 0.343858
vt 0.963670 0.338210
vt 0.871749 0.993766
vt 0.870833 0.985326
vt 0.867834 0.985323
vt 0.867818 0.993761
vt 0.371743 0.988822
vt 0.371319 0.978764
vt 0.368246 0.978754
vt 0.367740 0.988822
vt 0.391969 0.937806
vt 0.384771 0.937806
vt 0.384771 0.948797
vt 0.391969 0.948797
vt 0.393250 0.956066
vt 0.393250 0.948869
vt 0.389046 0.948869
vt 0.389046 0.956066
vt 0.403512 0.948797
vt 0.403512 0.937806
vt 0.399308 0.937806
vt 0.399308 0.948797
vt 0.388975 0.956066
vt 0.388975 0.948869
vt 0.384771 0.948869
vt 0.384771 0.956066
vt 0.399237 0.937806
vt 0.392040 0.937806
vt 0.392040 0.948797
vt 0.399237 0.948797
vt 0.888613 0.507924
vt 0.887398 0.563261
vt 0.907155 0.563136
vt 0.899951 0.496852
vt 0.925946 0.493383
vt 0.926998 0.563261
vt 0.928305 0.493425
vt 0.929357 0.563225
vt 0.845862 0.846435
vt 0.845862 0.916243
vt 0.886810 0.916979
vt 0.886810 0.861474
vt 0.231770 0.547468
vt 0.231770 0.617276
vt 0.233894 0.617276
vt 0.233894 0.547468
vt 0.718470 0.848563
vt 0.728768 0.837801
vt 0.667251 0.830984
vt 0.667105 0.849661
vt 0.732017 0.813517
vt 0.667156 0.812474
vt 0.731977 0.811382
vt 0.667189 0.810340
vt 0.734507 0.808782
vt 0.720091 0.768260
vt 0.664594 0.767368
vt 0.664707 0.807660
vt 0.731998 0.810265
vt 0.667209 0.809223
vt 0.326356 0.629078
vt 0.326356 0.684582
vt 0.327732 0.684581
vt 0.327732 0.629076
vt 0.826969 0.536770
vt 0.828510 0.556604
vt 0.833187 0.557820
vt 0.831646 0.537985
vt 0.906785 0.239732
vt 0.904581 0.184447
vt 0.899975 0.184660
vt 0.902179 0.239945
vt 0.838615 0.493383
vt 0.831991 0.534107
vt 0.833396 0.534526
vt 0.840020 0.493802
vt 0.829699 0.535213
vt 0.827593 0.535539
vt 0.832270 0.536754
vt 0.831104 0.535632
vt 0.833051 0.576396
vt 0.837728 0.577612
vt 0.899237 0.047577
vt 0.897151 0.047145
vt 0.895725 0.047493
vt 0.894499 0.048557
vt 0.907277 0.184447
vt 0.909480 0.173339
vt 0.904874 0.173552
vt 0.902671 0.184660
vt 0.899735 0.049952
vt 0.894997 0.050932
vt 0.827593 0.534433
vt 0.832270 0.535648
vt 0.895799 0.075651
vt 0.891060 0.076631
vt 0.894456 0.047145
vt 0.889791 0.005190
vt 0.888365 0.005538
vt 0.893030 0.047493
vt 0.604427 0.327738
vt 0.608508 0.327811
vt 0.608508 0.321897
vt 0.604427 0.321823
vt 0.974144 0.631887
vt 0.970681 0.631867
vt 0.970681 0.662301
vt 0.974591 0.661920
vt 0.196417 0.992654
vt 0.199892 0.992584
vt 0.199892 0.987174
vt 0.196417 0.987244
vt 0.602180 0.992577
vt 0.602180 0.986929
vt 0.599194 0.987172
vt 0.599108 0.992940
vt 0.964725 0.967850
vt 0.968772 0.968399
vt 0.968768 0.965376
vt 0.964780 0.964863
vt 0.586509 0.326996
vt 0.586509 0.322971
vt 0.582521 0.322470
vt 0.582548 0.326559
vt 0.446557 0.934866
vt 0.446550 0.961139
vt 0.452165 0.964902
vt 0.452171 0.934866
vt 0.964849 0.961491
vt 0.968753 0.961883
vt 0.968772 0.935214
vt 0.965313 0.935224
vt 0.452172 0.929218
vt 0.446558 0.931494
vt 0.446559 0.928505
vt 0.452173 0.925233
vt 0.460662 0.929342
vt 0.460663 0.923693
vt 0.843142 0.994204
vt 0.842213 0.985364
vt 0.839225 0.985322
vt 0.839225 0.994150
vt 0.633986 0.991587
vt 0.633849 0.982592
vt 0.630762 0.982590
vt 0.629965 0.991587
vt 0.239548 0.789842
vt 0.239276 0.747347
vt 0.263220 0.747347
vt 0.263492 0.789585
vt 0.239946 0.807282
vt 0.263894 0.806891
vt 0.315539 0.787289
vt 0.315267 0.747347
vt 0.215998 0.807674
vt 0.215604 0.790099
vt 0.239548 0.704852
vt 0.263492 0.705109
vt 0.239937 0.687762
vt 0.263885 0.688151
vt 0.215989 0.687373
vt 0.215604 0.704595
vt 0.217794 0.704595
vt 0.241738 0.704852
vt 0.241466 0.747347
vt 0.217522 0.747347
vt 0.315539 0.707404
vt 0.315968 0.691626
vt 0.315977 0.803391
vt 0.217795 0.790099
vt 0.241739 0.789842
vt 0.415884 0.745015
vt 0.391960 0.744758
vt 0.392116 0.702520
vt 0.416040 0.702520
vt 0.415649 0.762456
vt 0.391715 0.762064
vt 0.340212 0.742462
vt 0.340367 0.702520
vt 0.444748 0.762847
vt 0.444972 0.745272
vt 0.415885 0.660025
vt 0.391961 0.660282
vt 0.415654 0.642935
vt 0.391720 0.643324
vt 0.444752 0.642547
vt 0.444973 0.659768
vt 0.445128 0.702520
vt 0.340212 0.662578
vt 0.339881 0.646799
vt 0.339873 0.758564
vt 0.587109 0.698866
vt 0.574920 0.698866
vt 0.573503 0.656114
vt 0.585692 0.656114
vt 0.784562 0.598632
vt 0.779642 0.598351
vt 0.784221 0.546357
vt 0.789141 0.546638
vt 0.626862 0.759193
vt 0.614673 0.759193
vt 0.616723 0.741618
vt 0.628912 0.741618
vt 0.055539 0.742390
vt 0.060459 0.742110
vt 0.065044 0.794102
vt 0.060124 0.794382
vt 0.455507 0.698267
vt 0.460435 0.698267
vt 0.462087 0.738210
vt 0.457159 0.738210
vt 0.054098 0.694499
vt 0.065044 0.689138
vt 0.059738 0.718165
vt 0.054818 0.718445
vt 0.457159 0.658325
vt 0.462087 0.658325
vt 0.789864 0.522692
vt 0.784944 0.522411
vt 0.779642 0.493383
vt 0.790587 0.498746
vt 0.458523 0.642547
vt 0.463451 0.642547
vt 0.585692 0.741618
vt 0.573503 0.741618
vt 0.463479 0.754312
vt 0.458551 0.754312
vt 0.628912 0.656114
vt 0.616723 0.656114
vt 0.614714 0.638892
vt 0.626903 0.638892
s 1
usemtl Black_Car_Mat
f 295/1/1 294/2/1 8/3/1 32/4/1
f 81/5/2 83/6/3 34/7/4 37/8/5
f 299/9/6 295/10/7 32/11/8 17/12/9
f 2/13/10 69/14/11 70/15/11 71/16/10
f 60/17/12 29/18/13 27/19/14 43/20/15
f 24/21/1 62/22/1 67/23/1 65/24/1
f 309/25/16 307/26/17 254/27/18 42/28/19
f 294/29/20 7/30/21 10/31/21 293/32/22
f 308/33/23 40/34/24 5/35/24 292/36/25
f 16/37/26 51/38/26 7/39/26 1/40/26
f 292/41/27 5/42/28 6/43/28 293/44/29
f 35/45/30 11/46/31 10/47/31 50/48/30
f 41/49/32 306/50/33 11/51/34 35/52/35
f 18/53/36 54/54/37 38/55/37 49/56/36
f 30/57/38 48/58/39 49/56/36 38/55/37
f 7/30/40 51/59/40 50/60/40 10/31/40
f 12/61/26 44/62/26 51/38/26 16/37/26
f 15/63/41 303/64/41 52/65/41 64/66/41
f 551/67/42 299/9/6 17/12/9 33/68/42
f 68/69/43 14/70/44 48/58/39 30/57/38
f 308/71/45 309/25/16 42/28/19 40/72/46
f 58/73/47 20/74/47 59/75/47 57/76/47
f 62/77/26 24/78/26 19/79/26 256/80/26 21/81/26 15/82/26
f 349/83/48 257/84/48 21/85/48 256/86/48
f 303/87/49 15/82/26 21/81/26 305/88/50
f 58/89/26 304/90/51 306/91/52 41/92/26
f 55/93/53 53/94/54 258/95/55 23/96/56
f 61/97/57 55/93/53 23/96/56 22/98/58
f 62/99/41 15/63/41 64/66/41 67/100/41
f 20/101/1 24/21/1 65/24/1 59/102/1
f 100/103/59 125/104/60 117/105/61 176/106/62
f 68/107/63 2/108/63 71/109/63 26/110/63
f 124/111/64 3/112/65 38/113/66 54/114/67
f 3/112/65 28/115/68 27/19/14 38/113/66
f 2/116/69 68/117/69 30/118/70 29/18/13 254/27/69
f 42/28/19 254/27/18 29/18/13 60/17/12
f 27/19/14 29/18/13 30/118/70 38/113/66
f 39/119/71 75/120/72 9/121/73
f 39/119/71 4/122/74 336/123/75 75/120/72
f 43/124/76 9/125/77 75/126/78 85/127/79
f 60/128/80 43/124/76 85/127/79 74/129/80
f 6/130/81 5/131/82 73/132/83 31/133/84
f 51/59/40 44/134/40 45/135/40 50/60/40
f 46/136/85 41/49/32 35/52/35 47/137/85
f 47/138/86 35/45/30 50/48/30 45/139/86
f 303/140/87 302/141/88 56/142/88 52/143/87
f 63/144/26 64/145/26 52/146/26 56/147/26
f 65/148/26 67/149/26 64/145/26 63/144/26
f 59/150/26 65/148/26 63/144/26 57/151/26
f 57/151/26 63/144/26 56/147/26 66/152/26
f 302/141/88 304/153/89 66/154/89 56/142/88
f 304/155/47 58/73/47 57/76/47 66/156/47
f 5/131/82 40/157/90 73/132/83
f 42/158/91 60/128/80 74/129/80 72/159/91
f 9/160/92 43/20/15 78/161/93 79/162/92
f 76/163/94 34/7/4 83/6/3 84/164/95
f 39/165/96 82/166/97 80/167/98 4/168/96
f 268/169/1 269/170/1 81/171/1 37/172/1
f 194/173/99 270/174/99 269/175/100 80/176/100
f 9/177/101 79/178/102 82/179/103 39/180/101
f 90/181/104 89/182/105 83/6/3 81/5/2
f 84/164/95 83/6/3 89/182/105 193/183/106
f 82/166/97 143/184/107 194/185/108 80/167/98
f 269/170/1 270/186/1 90/187/1 81/171/1
f 79/178/102 126/188/109 92/189/110 143/190/111 82/179/103
f 183/191/112 88/192/113 87/193/41 95/194/41 3/195/41 124/196/41
f 27/19/14 28/115/68 78/161/93 43/20/15
f 126/188/109 79/178/102 94/197/114 96/198/115
f 79/199/116 78/200/116 93/201/116 94/202/116
f 28/203/117 3/204/118 95/205/118 98/206/119
f 78/200/120 28/203/117 98/206/119 93/201/120
f 95/207/121 97/208/121 98/209/121
f 97/208/122 93/210/122 98/209/122
f 18/53/36 117/105/61 125/104/60 54/54/37
f 25/219/48 13/220/48 255/221/126 254/222/127
f 336/223/75 4/224/74 268/225/128 265/226/128 519/227/129
f 265/228/130 268/229/130 37/230/130 34/231/130
f 274/232/131 271/233/132 114/234/132 197/235/131
f 86/236/133 282/237/134 98/238/135 97/239/133
f 288/240/136 245/241/137 160/242/138 146/243/139
f 236/244/140 291/245/141 118/246/142 155/247/143
f 163/248/144 172/249/145 158/250/146 105/251/147
f 209/252/148 180/253/149 181/254/149 206/255/150
f 212/256/151 92/257/152 126/258/152 213/259/153
f 127/260/154 145/261/155 146/243/139 160/242/138
f 198/262/41 196/263/41 163/248/144 187/264/156
f 135/265/157 142/266/158 122/267/159 159/268/160
f 173/269/161 272/270/162 274/232/131 197/235/131
f 274/271/1 195/272/1 148/273/1 271/274/1
f 239/275/163 237/276/164 154/277/165 141/278/165
f 134/279/166 101/280/167 239/281/168 242/282/169
f 151/283/170 150/284/171 102/285/171 173/286/172
f 270/186/1 271/274/1 148/273/1 90/187/1
f 288/287/173 246/288/174 241/289/175 161/290/176 108/291/177
f 133/292/178 152/293/179 150/294/179 151/295/180
f 400/296/181 161/290/176 241/289/175 243/297/182
f 394/298/183 228/299/184 229/300/185 177/301/186
f 100/302/187 99/303/187 122/267/187 142/266/188 125/304/189
f 237/305/190 156/306/191 103/307/191 240/308/192
f 137/309/193 133/292/178 151/295/180 202/310/194 204/311/195
f 100/312/196 176/313/197 123/314/197 179/315/196
f 143/184/107 201/316/198 114/317/198 194/185/108
f 242/282/169 239/281/168 141/318/199 140/319/200
f 107/320/201 290/321/201 171/322/201 113/323/201
f 285/324/202 162/325/203 106/326/204 149/327/205
f 168/328/206 157/329/207 138/330/208 110/331/206
f 164/332/209 104/333/210 155/334/211 118/335/212
f 149/336/213 106/337/214 138/338/215 139/339/213
f 166/340/216 287/341/217 108/342/218 161/343/219
f 106/337/214 170/344/220 110/345/220 138/338/215
f 162/325/203 109/346/221 170/347/221 106/326/204
f 290/348/222 107/349/223 162/350/224 285/351/225
f 286/352/226 287/353/226 111/354/226 120/355/226
f 167/356/227 107/357/1 113/358/1 121/359/228
f 120/360/229 111/361/230 112/362/230 121/363/229
f 193/183/106 89/182/105 174/364/231 115/365/232
f 166/366/233 167/356/227 121/359/228 112/367/233
f 290/368/226 286/352/226 120/355/226 171/369/226
f 287/370/234 166/371/234 112/372/234 111/373/234
f 165/374/235 164/332/209 118/335/212 289/375/236
f 242/282/169 140/319/200 169/376/237 244/377/238
f 279/378/239 135/265/157 159/268/160 280/379/240
f 99/380/241 100/381/241 179/382/241 178/383/241
f 228/299/184 99/384/242 178/385/242 229/300/185
f 202/386/243 151/283/170 173/286/172 197/387/243
f 116/388/244 180/389/245 54/114/67 125/304/189
f 214/390/246 204/391/247 203/392/248 210/393/249
f 136/394/250 116/388/244 125/304/189 142/266/188
f 180/395/41 116/396/41 144/397/251 181/398/252
f 116/399/253 136/400/253 182/401/253 144/402/253
f 207/403/254 124/404/64 54/405/67 205/406/255
f 235/407/256 149/408/257 139/409/257 240/410/258
f 159/268/160 122/267/159 145/261/155 127/260/154
f 150/411/259 152/412/260 128/413/261
f 520/414/262 130/415/262 160/416/263 153/417/263
f 280/418/264 159/419/264 129/420/264 278/421/264
f 159/422/265 127/423/266 131/424/267 129/425/265
f 127/423/266 160/416/268 130/415/269 131/424/267
f 147/426/270 103/427/270 266/428/270 184/429/270
f 284/430/271 285/324/202 149/327/205 235/431/272
f 171/432/229 120/360/229 121/363/229 113/433/229
f 157/329/207 154/434/273 139/435/274 138/330/208
f 119/436/275 109/437/230 162/350/224 107/349/223 167/438/276
f 140/439/277 157/440/277 168/441/278 169/442/278
f 195/443/41 196/263/41 174/364/231 148/444/279
f 400/445/280 119/436/275 167/438/276 166/340/216 161/343/219
f 105/251/147 186/446/281 187/264/156 163/248/144
f 137/309/193 126/188/109 96/198/115 223/447/282
f 277/448/282 223/447/282 96/198/115 276/449/283
f 224/450/284 220/451/284 275/452/284 281/453/284
f 233/454/285 190/455/286 144/397/251 232/456/287
f 148/444/279 174/364/231 89/182/105 90/181/104
f 172/249/145 163/248/144 196/263/41 195/443/41
f 201/316/198 202/386/243 197/387/243 114/317/198
f 272/457/288 172/458/289 195/272/1 274/271/1
f 173/269/161 102/459/290 273/460/290 272/270/162
f 115/365/232 174/364/231 196/263/41 198/262/41
f 211/461/291 213/462/292 126/463/293 137/464/293
f 232/456/294 179/465/294 123/466/295 233/454/295
f 102/467/296 150/411/259 128/413/261 267/468/297
f 92/189/110 203/469/298 201/470/299 143/190/111
f 203/469/298 204/311/195 202/310/194 201/470/299
f 181/471/300 183/472/300 208/473/301 206/474/302
f 217/475/303 207/403/254 205/406/255 215/476/304
f 180/477/245 209/478/305 205/406/255 54/405/67
f 124/479/306 207/480/307 208/481/308 183/482/306
f 219/483/309 209/252/148 206/255/150 216/484/310
f 204/485/311 214/486/312 211/487/313 137/488/311
f 92/489/314 212/490/315 210/393/249 203/392/248
f 214/486/312 219/483/309 216/484/310 211/487/313
f 216/491/316 218/492/317 213/462/292 211/461/291
f 219/493/318 214/494/246 210/393/249 215/476/319
f 212/495/315 217/475/303 215/476/304 210/393/249
f 206/474/302 208/473/301 218/492/317 216/491/316
f 209/478/305 219/493/318 215/476/319 205/406/255
f 207/480/307 217/496/320 218/497/321 208/481/308
f 133/292/178 137/309/193 223/447/282 220/498/322
f 275/499/322 220/498/322 223/447/282 277/448/282
f 136/500/323 142/501/323 221/502/324 222/503/325
f 142/504/326 135/505/327 888/506/328 221/507/326
f 279/508/284 133/509/284 220/451/284 224/450/284
f 222/510/329 189/511/330 230/512/330 234/513/329
f 77/514/331 276/449/283 96/198/115 94/197/114
f 114/234/132 271/233/132 270/174/99 194/173/99
f 199/515/332 185/516/332 266/428/332 103/427/332 156/517/332
f 232/518/333 144/519/333 182/520/333 231/521/333
f 191/522/113 88/192/113 183/191/112 181/398/252
f 122/523/334 226/524/334 225/525/335 145/526/336
f 226/527/337 175/528/338 247/529/339 249/530/340
f 99/531/341 228/532/342 226/527/337 122/533/341
f 145/526/336 225/525/335 227/534/343 146/535/344
f 231/536/345 136/537/345 222/510/329 234/513/329
f 146/535/344 227/534/343 246/288/174 288/287/173
f 153/541/348 284/430/271 235/431/272 147/542/348
f 147/543/349 235/407/256 240/410/258 103/544/349
f 134/279/166 242/282/169 244/377/238 395/545/350
f 154/434/273 237/305/190 240/308/192 139/435/274
f 101/546/351 156/547/351 237/276/164 239/275/163
f 153/548/352 160/242/138 245/241/137 284/549/353
f 289/550/354 118/246/142 291/245/141 238/551/355
f 243/552/356 241/553/357 251/554/358 252/555/356
f 225/556/359 226/557/359 249/558/359 248/559/359
f 241/553/357 246/560/360 253/561/360 251/554/358
f 227/562/361 225/556/359 248/559/359 250/563/362
f 246/564/363 227/562/361 250/563/362 253/565/363
f 228/532/342 394/566/364 175/528/338 226/527/337
f 349/567/365 262/568/365 263/569/365 257/570/365
f 257/84/48 36/571/48 305/572/48 21/85/48
f 300/573/48 25/574/48 254/575/127 307/576/48
f 13/577/366 25/578/366 260/579/366 259/580/366
f 36/581/365 257/570/365 263/569/365 261/582/365
f 300/583/367 36/584/368 261/585/368 301/586/369
f 134/279/166 395/545/350 186/446/281 105/251/147
f 264/587/370 519/588/370 265/589/370 91/590/370
s 0
f 17/591/371 91/592/371 265/593/371 34/594/371
f 33/68/41 17/12/41 34/7/41 76/163/41
f 91/595/372 17/596/372 32/597/372 8/598/372
s 1
f 31/133/84 264/599/373 91/595/373 8/598/373 6/130/81
s 0
f 132/600/374 185/601/374 199/602/374 200/603/374
f 105/604/375 200/605/375 199/606/375 134/607/375
f 156/517/26 101/608/26 134/609/26 199/515/26
f 200/610/376 105/611/376 158/612/376 273/613/376
s 1
f 141/614/377 154/615/377 157/440/277 140/439/277
s 0
f 200/616/378 273/460/378 102/459/378 267/617/378 132/618/378
s 1
f 40/619/379 42/158/379 72/159/379 73/620/379
f 172/458/289 272/457/288 273/621/380 158/622/380
f 80/176/100 269/175/100 268/225/381 4/224/381
f 217/496/320 212/256/151 213/259/153 218/497/321
f 247/628/384 252/629/384 251/630/385 253/631/385 250/632/385 248/633/385 249/634/385
f 260/635/386 301/636/386 261/637/386 263/638/386 262/639/386 259/640/386
f 147/426/387 184/429/388 520/641/389 153/642/387
f 24/78/26 20/643/26 58/89/26 41/92/26 46/644/26 19/79/26
f 2/13/390 254/645/127 255/646/126 69/14/391
f 14/647/392 68/648/393 26/649/393 361/650/394
f 135/505/327 279/508/284 224/450/284 888/506/328
f 888/506/284 224/450/284 281/453/284 188/651/284
f 152/652/264 280/653/264 278/654/264 128/655/264
f 133/656/395 279/378/239 280/379/240 152/657/395
f 93/658/396 98/659/396 283/660/396 94/661/396
f 283/662/397 532/663/398 77/664/398 94/665/397
f 98/238/135 282/237/134 532/666/399 283/667/399
f 70/15/400 86/236/400 97/239/401 71/16/401
f 97/208/402 95/207/402 26/110/402 71/109/402
f 95/194/403 87/193/404 361/650/405 26/649/403
f 222/503/325 221/502/324 192/668/406 189/669/406
f 229/300/407 234/513/408 230/512/409 177/301/409
f 234/513/408 229/300/407 178/385/410 231/536/410
f 178/383/411 179/382/411 232/518/411 231/521/411
f 181/398/252 144/397/251 190/455/286 191/522/113
f 236/244/140 155/247/143 285/670/412 284/549/353
f 164/332/209 165/374/235 287/341/217 286/671/413
f 289/550/354 238/551/355 288/240/136 108/672/414
f 165/374/235 289/375/236 108/342/218 287/341/217
f 155/334/211 104/333/210 290/348/222 285/351/225
f 104/333/210 164/332/209 286/671/413 290/348/222
f 291/245/141 236/244/140 284/549/353 245/241/137
f 238/551/355 291/245/141 245/241/137 288/240/136
f 25/673/415 300/583/367 301/586/369 260/674/415
f 36/675/48 300/573/48 307/576/48 305/676/48
f 22/677/416 23/678/417 298/679/418 297/680/419
f 12/681/42 16/682/420 299/9/6 551/67/42
f 11/683/421 292/41/27 293/44/29 10/684/421
f 306/50/33 308/33/23 292/36/25 11/51/34
f 8/685/422 294/29/20 293/32/22 6/686/422
f 23/678/417 258/687/423 296/688/424 298/679/418
f 16/682/420 1/689/425 295/10/7 299/9/6
f 1/690/1 7/691/1 294/2/1 295/1/1
f 53/692/54 55/693/53 302/694/26 303/87/49
f 55/693/53 61/695/57 304/90/51 302/694/26
f 258/696/55 53/692/54 303/87/49 305/88/50
f 61/695/57 22/697/58 306/91/52 304/90/51
f 296/698/424 258/699/423 305/700/426 307/26/17
f 22/701/416 297/702/419 308/71/45 306/703/427
f 297/702/419 298/704/418 309/25/16 308/71/45
f 298/704/418 296/698/424 307/26/17 309/25/16
f 544/1/226 337/4/226 317/3/226 543/2/226
f 375/5/428 342/8/429 339/7/430 377/6/431
f 548/9/432 323/12/433 337/11/434 544/10/435
f 311/13/11 370/16/11 70/15/11 69/14/11
f 360/17/436 348/20/437 331/19/438 333/18/439
f 328/21/226 366/24/226 368/23/226 363/22/226
f 559/25/440 347/28/441 511/27/442 557/26/443
f 543/29/444 542/32/445 319/31/446 316/30/446
f 558/33/447 541/36/448 314/35/449 345/34/449
f 322/37/26 310/40/26 316/39/26 351/38/26
f 541/41/450 542/44/451 315/43/452 314/42/452
f 340/45/453 350/48/453 319/47/454 320/46/454
f 346/49/455 340/52/456 320/51/457 556/50/458
f 18/53/36 49/56/36 343/55/459 354/54/459
f 334/57/460 343/55/459 49/56/36 48/58/39
f 316/30/40 319/31/40 350/60/40 351/59/40
f 12/61/26 322/37/26 351/38/26 44/62/26
f 321/63/41 365/66/41 352/65/41 553/64/41
f 551/67/42 338/68/42 323/12/433 548/9/432
f 369/69/461 334/57/460 48/58/39 14/70/44
f 558/71/462 345/72/463 347/28/441 559/25/440
f 358/73/47 357/76/47 359/75/47 324/74/47
f 363/77/26 321/82/26 325/81/26 256/80/26 19/79/26 328/78/26
f 349/83/48 256/86/48 325/85/48 512/84/48
f 553/87/464 555/88/465 325/81/26 321/82/26
f 358/89/26 346/92/26 556/91/466 554/90/467
f 355/93/468 327/96/469 513/95/470 353/94/471
f 362/97/472 326/98/473 327/96/469 355/93/468
f 363/99/41 368/100/41 365/66/41 321/63/41
f 324/101/226 359/102/226 366/24/226 328/21/226
f 389/103/474 176/106/62 117/105/61 411/104/475
f 369/107/476 330/110/476 370/109/476 311/108/476
f 410/111/477 354/114/478 343/113/479 312/112/480
f 312/112/480 343/113/479 331/19/438 332/115/481
f 311/116/482 511/27/482 333/18/439 334/118/483 369/117/482
f 347/28/441 360/17/436 333/18/439 511/27/442
f 331/19/438 343/113/479 334/118/483 333/18/439
f 344/119/71 318/121/484 75/120/72
f 344/119/71 75/120/72 336/123/75 313/122/485
f 348/124/486 85/127/79 75/126/78 318/125/487
f 360/128/80 74/129/80 85/127/79 348/124/486
f 315/130/488 335/133/489 73/132/490 314/131/491
f 351/59/40 350/60/40 45/135/40 44/134/40
f 46/136/85 47/137/85 340/52/456 346/49/455
f 47/138/86 45/139/86 350/48/453 340/45/453
f 553/140/492 352/143/492 356/142/493 552/141/493
f 364/144/26 356/147/26 352/146/26 365/145/26
f 366/148/26 364/144/26 365/145/26 368/149/26
f 359/150/26 357/151/26 364/144/26 366/148/26
f 357/151/26 367/152/26 356/147/26 364/144/26
f 552/141/493 356/142/493 367/154/494 554/153/494
f 554/155/47 367/156/47 357/76/47 358/73/47
f 314/131/491 73/132/490 345/157/495
f 347/158/91 72/159/91 74/129/80 360/128/80
f 318/160/496 373/162/496 372/161/497 348/20/437
f 371/163/498 84/164/95 377/6/431 339/7/430
f 344/165/499 313/168/499 374/167/500 376/166/501
f 522/169/226 342/172/226 375/171/226 523/170/226
f 460/173/502 374/176/503 523/175/503 524/174/502
f 318/177/504 344/180/504 376/179/505 373/178/506
f 379/181/507 375/5/428 377/6/431 378/182/508
f 84/164/95 193/183/106 378/182/508 377/6/431
f 376/166/501 374/167/500 460/185/509 424/184/510
f 523/170/226 375/171/226 379/187/226 524/186/226
f 373/178/506 376/179/505 424/190/511 381/189/512 412/188/513
f 458/191/112 410/196/41 312/195/41 384/194/41 87/193/41 88/192/113
f 331/19/438 348/20/437 372/161/497 332/115/481
f 412/188/513 385/198/514 383/197/515 373/178/506
f 373/199/116 383/202/116 382/201/116 372/200/116
f 332/203/117 387/206/119 384/205/118 312/204/118
f 372/200/120 382/201/120 387/206/119 332/203/117
f 384/207/516 387/209/516 386/208/516
f 386/208/517 387/209/517 382/210/517
f 18/53/36 354/54/459 411/104/475 117/105/61
f 329/219/48 511/222/519 255/221/126 13/220/48
f 336/223/75 519/227/129 518/226/520 522/225/520 313/224/485
f 518/228/521 339/231/521 342/230/521 522/229/521
f 528/232/522 463/235/522 404/234/523 525/233/523
f 86/236/133 386/239/133 387/238/135 282/237/134
f 537/240/524 427/243/525 441/242/526 504/241/527
f 497/244/528 436/247/529 406/246/530 540/245/531
f 444/248/532 396/251/533 439/250/534 450/249/535
f 474/252/536 471/255/537 456/254/149 455/253/149
f 477/256/538 478/259/539 412/258/540 381/257/540
f 413/260/541 441/242/526 427/243/525 426/261/542
f 198/262/41 187/264/156 444/248/532 462/263/41
f 416/265/543 440/268/544 409/267/545 423/266/546
f 451/269/547 463/235/522 528/232/522 526/270/548
f 528/271/226 525/274/226 429/273/226 461/272/226
f 500/275/549 422/278/550 435/277/550 498/276/551
f 415/279/552 503/282/553 500/281/554 390/280/555
f 432/283/556 451/286/557 391/285/558 431/284/558
f 524/186/226 379/187/226 429/273/226 525/274/226
f 537/287/559 399/291/560 442/290/561 502/289/562 505/288/563
f 414/292/564 432/295/565 431/294/566 433/293/566
f 400/296/181 243/297/182 502/289/562 442/290/561
f 394/298/183 177/301/186 492/300/567 491/299/568
f 389/302/569 411/304/570 423/266/571 409/267/569 388/303/569
f 498/305/572 501/308/573 392/307/574 437/306/574
f 418/309/575 469/311/576 467/310/577 432/295/565 414/292/564
f 389/312/578 454/315/578 123/314/197 176/313/197
f 424/184/510 460/185/509 404/317/579 466/316/579
f 503/282/553 421/319/580 422/318/581 500/281/554
f 398/320/201 403/323/201 449/322/201 539/321/201
f 534/324/582 430/327/583 397/326/584 443/325/585
f 168/328/206 110/331/206 419/330/586 438/329/587
f 445/332/588 406/335/589 436/334/210 393/333/211
f 430/336/590 420/339/590 419/338/591 397/337/592
f 447/340/593 442/343/594 399/342/595 536/341/596
f 397/337/592 419/338/591 110/345/220 170/344/220
f 443/325/585 397/326/584 170/347/221 109/346/221
f 539/348/597 534/351/225 443/350/224 398/349/223
f 535/352/1 407/355/1 401/354/1 536/353/1
f 448/356/598 408/359/599 403/358/226 398/357/226
f 407/360/229 408/363/229 402/362/230 401/361/230
f 193/183/106 115/365/232 452/364/600 378/182/508
f 447/366/601 402/367/601 408/359/599 448/356/598
f 539/368/1 449/369/1 407/355/1 535/352/1
f 536/370/234 401/373/234 402/372/234 447/371/234
f 446/374/602 538/375/603 406/335/589 445/332/588
f 503/282/553 244/377/238 169/376/237 421/319/580
f 529/378/604 530/379/605 440/268/544 416/265/543
f 388/705/606 453/706/606 454/707/606 389/708/606
f 491/299/568 492/300/567 453/385/607 388/384/607
f 467/386/608 463/387/608 451/286/557 432/283/556
f 405/388/609 411/304/570 354/114/478 455/389/610
f 479/390/611 475/393/612 468/392/613 469/391/614
f 417/394/615 423/266/571 411/304/570 405/388/609
f 455/395/41 456/398/252 425/397/616 405/396/41
f 405/399/253 425/402/253 457/401/253 417/400/253
f 472/403/617 470/406/618 354/405/478 410/404/477
f 496/407/619 501/410/620 420/409/621 430/408/621
f 440/268/544 413/260/541 426/261/542 409/267/545
f 431/411/622 128/413/261 433/412/260
f 520/414/262 434/417/623 441/416/623 130/415/262
f 530/418/264 278/421/264 129/420/264 440/419/264
f 440/422/265 129/425/265 131/424/267 413/423/624
f 413/423/624 131/424/267 130/415/269 441/416/625
f 428/426/270 184/429/270 521/428/270 392/427/270
f 533/430/626 496/431/627 430/327/583 534/324/582
f 449/432/229 403/433/229 408/363/229 407/360/229
f 438/329/587 419/330/586 420/435/628 435/434/629
f 119/436/275 448/438/630 398/349/223 443/350/224 109/437/230
f 421/439/631 169/442/278 168/441/278 438/440/631
f 461/443/41 429/444/632 452/364/600 462/263/41
f 400/445/280 442/343/594 447/340/593 448/438/630 119/436/275
f 396/251/533 444/248/532 187/264/156 186/446/281
f 418/309/575 487/447/282 385/198/514 412/188/513
f 277/448/282 276/449/283 385/198/514 487/447/282
f 923/450/284 281/453/284 275/452/284 485/451/284
f 233/454/285 494/456/633 425/397/616 190/455/286
f 429/444/632 379/181/507 378/182/508 452/364/600
f 450/249/535 461/443/41 462/263/41 444/248/532
f 466/316/579 404/317/579 463/387/608 467/386/608
f 526/457/634 528/271/226 461/272/226 450/458/635
f 451/269/547 526/270/548 527/460/636 391/459/636
f 115/365/232 198/262/41 462/263/41 452/364/600
f 476/461/637 418/464/638 412/463/638 478/462/639
f 494/456/640 233/454/295 123/466/295 454/465/640
f 391/467/641 267/468/297 128/413/261 431/411/622
f 381/189/512 424/190/511 466/470/642 468/469/643
f 468/469/643 466/470/642 467/310/577 469/311/576
f 456/471/644 471/474/645 473/473/646 458/472/644
f 482/475/647 480/476/648 470/406/618 472/403/617
f 455/477/610 354/405/478 470/406/618 474/478/649
f 410/479/650 458/482/650 473/481/651 472/480/652
f 484/483/653 481/484/654 471/255/537 474/252/536
f 469/485/655 418/488/655 476/487/656 479/486/657
f 381/489/658 468/392/613 475/393/612 477/490/659
f 479/486/657 476/487/656 481/484/654 484/483/653
f 481/491/660 476/461/637 478/462/639 483/492/661
f 484/493/662 480/476/663 475/393/612 479/494/611
f 477/495/659 475/393/612 480/476/648 482/475/647
f 471/474/645 481/491/660 483/492/661 473/473/646
f 474/478/649 470/406/618 480/476/663 484/493/662
f 472/480/652 473/481/651 483/497/664 482/496/665
f 414/292/564 485/498/322 487/447/282 418/309/575
f 275/499/322 277/448/282 487/447/282 485/498/322
f 417/500/666 486/503/667 918/502/668 423/501/666
f 423/504/669 918/507/669 917/506/670 416/505/671
f 529/508/284 923/450/284 485/451/284 414/509/284
f 486/510/672 495/513/672 230/512/330 189/511/330
f 77/514/331 383/197/515 385/198/514 276/449/283
f 404/234/523 460/173/502 524/174/502 525/233/523
f 464/515/673 437/517/673 392/427/673 521/428/673 459/516/673
f 494/518/674 493/521/674 457/520/674 425/519/674
f 191/522/113 456/398/252 458/191/112 88/192/113
f 409/523/675 426/526/676 488/525/677 489/524/675
f 489/527/678 507/530/679 247/529/339 175/528/338
f 388/531/680 409/533/680 489/527/678 491/532/681
f 426/526/676 427/535/682 490/534/683 488/525/677
f 493/536/684 495/513/672 486/510/672 417/537/684
f 427/535/682 537/287/559 505/288/563 490/534/683
f 434/541/686 428/542/686 496/431/627 533/430/626
f 428/543/687 392/544/687 501/410/620 496/407/619
f 415/279/552 395/545/350 244/377/238 503/282/553
f 435/434/629 420/435/628 501/308/573 498/305/572
f 390/546/688 500/275/549 498/276/551 437/547/688
f 434/548/689 533/549/690 504/241/527 441/242/526
f 538/550/691 499/551/692 540/245/531 406/246/530
f 243/552/356 252/555/356 509/554/693 502/553/694
f 488/556/695 506/559/695 507/558/695 489/557/695
f 502/553/694 509/554/693 510/561/696 505/560/696
f 490/562/697 508/563/698 506/559/695 488/556/695
f 505/564/699 510/565/699 508/563/698 490/562/697
f 491/532/681 489/527/678 175/528/338 394/566/364
f 349/567/365 512/570/365 516/569/365 262/568/365
f 512/84/48 325/85/48 555/572/48 341/571/48
f 549/573/48 557/576/48 511/575/519 329/574/48
f 13/577/366 259/580/366 514/579/366 329/578/366
f 341/581/365 515/582/365 516/569/365 512/570/365
f 549/583/700 550/586/701 515/585/702 341/584/702
f 415/279/552 396/251/533 186/446/281 395/545/350
f 517/587/703 380/590/703 518/589/703 519/588/703
s 0
f 323/591/704 339/594/704 518/593/704 380/592/704
f 338/68/41 371/163/41 339/7/41 323/12/41
f 380/595/705 317/598/705 337/597/705 323/596/705
s 1
f 335/133/489 315/130/488 317/598/706 380/595/706 517/599/706
s 0
f 132/600/707 465/603/707 464/602/707 459/601/707
f 396/604/708 415/607/708 464/606/708 465/605/708
f 437/517/26 464/515/26 415/609/26 390/608/26
f 465/610/709 527/613/709 439/612/709 396/611/709
s 1
f 422/614/710 421/439/631 438/440/631 435/615/710
s 0
f 465/616/711 132/618/711 267/617/711 391/459/711 527/460/711
s 1
f 345/619/379 73/620/379 72/159/379 347/158/379
f 450/458/635 439/622/712 527/621/712 526/457/634
f 374/176/503 313/224/713 522/225/713 523/175/503
f 482/496/665 483/497/664 478/259/539 477/256/538
f 247/628/384 507/634/715 506/633/715 508/632/715 510/631/715 509/630/715 252/629/384
f 514/635/386 259/640/386 262/639/386 516/638/386 515/637/386 550/636/386
f 428/426/716 434/642/716 520/641/389 184/429/388
f 328/78/26 19/79/26 46/644/26 346/92/26 358/89/26 324/643/26
f 311/13/717 69/14/391 255/646/126 511/645/519
f 14/647/392 361/650/394 330/649/718 369/648/718
f 416/505/671 917/506/670 923/450/284 529/508/284
f 917/506/284 188/651/284 281/453/284 923/450/284
f 433/652/264 128/655/264 278/654/264 530/653/264
f 414/656/719 433/657/719 530/379/605 529/378/604
f 382/658/720 383/661/720 531/660/720 387/659/720
f 531/662/721 383/665/721 77/664/398 532/663/398
f 387/238/135 531/667/399 532/666/399 282/237/134
f 70/15/400 370/16/722 386/239/722 86/236/400
f 386/208/723 370/109/723 330/110/723 384/207/723
f 384/194/724 330/649/724 361/650/405 87/193/404
f 486/503/667 189/669/406 192/668/406 918/502/668
f 492/300/725 177/301/409 230/512/409 495/513/726
f 495/513/726 493/536/727 453/385/727 492/300/725
f 453/383/728 493/521/728 494/518/728 454/382/728
f 456/398/252 191/522/113 190/455/286 425/397/616
f 497/244/528 533/549/690 534/670/729 436/247/529
f 445/332/588 535/671/730 536/341/596 446/374/602
f 538/550/691 399/672/731 537/240/524 499/551/692
f 446/374/602 536/341/596 399/342/595 538/375/603
f 436/334/210 534/351/225 539/348/597 393/333/211
f 393/333/211 539/348/597 535/671/730 445/332/588
f 540/245/531 504/241/527 533/549/690 497/244/528
f 499/551/692 537/240/524 504/241/527 540/245/531
f 329/673/732 514/674/732 550/586/701 549/583/700
f 341/675/48 555/676/48 557/576/48 549/573/48
f 326/677/733 546/680/734 547/679/735 327/678/736
f 12/681/42 551/67/42 548/9/432 322/682/737
f 320/683/738 319/684/738 542/44/451 541/41/450
f 556/50/458 320/51/457 541/36/448 558/33/447
f 317/685/739 315/686/739 542/32/445 543/29/444
f 327/678/736 547/679/735 545/688/740 513/687/741
f 322/682/737 548/9/432 544/10/435 310/689/742
f 310/690/226 544/1/226 543/2/226 316/691/226
f 353/692/471 553/87/464 552/694/26 355/693/468
f 355/693/468 552/694/26 554/90/467 362/695/472
f 513/696/470 555/88/465 553/87/464 353/692/471
f 362/695/472 554/90/467 556/91/466 326/697/473
f 545/698/740 557/26/443 555/700/743 513/699/741
f 326/701/733 556/703/744 558/71/462 546/702/734
f 546/702/734 558/71/462 559/25/440 547/704/735
f 547/704/735 559/25/440 557/26/443 545/698/740
s 0
f 646/709/745 597/710/745 561/711/745 653/712/745
f 582/713/746 575/714/746 587/715/746 566/716/746
f 581/717/747 582/718/747 566/719/747 567/720/747
f 566/721/748 587/722/748 585/723/748 567/724/748
f 645/725/1 563/726/1 565/727/1 644/728/1
f 579/729/749 577/730/749 586/731/749 568/732/749
f 561/733/750 595/734/750 593/735/750 653/736/750
f 592/737/26 562/738/26 680/739/26 667/740/26
f 596/741/751 571/742/751 572/743/751 648/744/751
f 621/745/752 579/729/752 568/732/752 610/746/752
f 636/747/753 658/748/753 674/749/753 678/750/753
f 652/751/754 662/752/754 673/753/754 665/754/754
f 569/755/47 611/756/47 610/757/47 568/758/47
f 600/759/47 599/760/47 571/761/47 596/762/47
f 599/760/47 641/763/47 613/764/47 571/761/47
f 579/729/755 621/745/755 612/765/755 570/766/755
f 651/767/26 591/768/26 668/769/26 664/770/26
f 588/771/756 569/755/756 568/758/756 586/772/756
f 616/773/26 651/767/26 664/770/26 672/774/26
f 602/775/757 640/776/757 679/777/757 683/778/757
f 578/779/758 581/780/758 567/781/758 585/782/758
f 576/783/759 580/784/759 569/785/759 588/786/759
f 573/787/26 590/788/26 649/789/26 574/790/26
f 589/791/26 563/792/26 645/793/26 650/794/26
f 578/779/760 585/782/760 586/731/760 577/730/760
f 591/768/26 592/737/26 667/740/26 668/769/26
f 640/776/761 606/795/761 677/796/761 679/777/761
f 596/741/762 648/744/762 593/735/762 595/734/762
f 600/759/47 596/762/47 595/797/47 601/798/47
f 588/771/47 586/772/47 585/723/47 587/722/47
f 576/783/763 588/786/763 587/715/763 575/714/763
f 589/791/26 650/794/26 649/789/26 590/788/26
f 597/799/47 601/798/47 595/797/47 561/800/47
f 590/788/764 576/783/764 575/714/764 589/791/764
f 584/801/765 578/779/765 577/730/765 583/802/765
f 590/788/766 573/787/766 580/784/766 576/783/766
f 584/801/767 565/803/767 581/780/767 578/779/767
f 570/804/47 612/805/47 641/763/47 599/760/47
f 615/806/26 573/787/26 574/790/26 657/807/26
f 570/766/768 583/802/768 577/730/768 579/729/768
f 565/727/747 563/726/747 582/718/747 581/717/747
f 563/792/769 589/791/769 575/714/769 582/713/769
f 565/808/47 584/809/47 601/798/47 597/799/47
f 583/810/47 600/759/47 601/798/47 584/809/47
f 658/748/770 602/811/770 683/812/770 674/749/770
f 647/813/762 594/814/762 670/815/762 666/816/762
f 606/795/226 604/817/226 682/818/226 677/796/226
f 580/784/771 622/819/771 611/820/771 569/785/771
f 583/810/47 570/804/47 599/760/47 600/759/47
f 571/742/754 613/821/754 614/822/754 572/743/754
f 644/728/772 565/727/772 597/710/772 646/709/772
f 656/823/757 663/824/757 603/825/757 639/826/757
f 662/752/773 636/747/773 678/750/773 673/753/773
f 624/827/774 608/828/774 629/829/774 617/830/774
f 623/831/775 609/832/775 608/833/775 624/834/775
f 608/835/776 609/836/776 627/837/776 629/838/776
f 655/839/226 654/840/226 607/841/226 605/842/226
f 621/745/777 610/746/777 628/843/777 619/844/777
f 603/845/770 663/846/770 635/847/770 637/848/770
f 564/849/772 598/850/772 671/851/772 669/852/772
f 638/853/773 659/854/773 614/822/773 613/821/773
f 642/855/47 638/856/47 613/764/47 641/763/47
f 573/787/778 615/806/778 622/819/778 580/784/778
f 630/857/779 628/858/779 610/757/779 611/756/779
f 598/850/745 560/859/745 681/860/745 671/851/745
f 604/861/26 634/862/26 675/863/26 682/864/26
f 620/865/780 627/866/780 609/867/780 623/868/780
f 618/869/781 630/870/781 611/820/781 622/819/781
f 615/806/26 657/807/26 660/871/26 632/872/26
f 631/873/26 661/874/26 655/875/26 605/876/26
f 620/865/760 619/844/760 628/843/760 627/866/760
f 562/877/1 564/849/1 669/852/1 680/878/1
f 560/879/750 647/813/750 666/816/750 681/880/750
f 638/853/753 637/848/753 635/847/753 659/854/753
f 642/855/47 643/881/47 637/882/47 638/856/47
f 630/857/47 629/838/47 627/837/47 628/858/47
f 618/869/763 617/830/763 629/829/763 630/870/763
f 631/873/26 632/872/26 660/871/26 661/874/26
f 639/883/47 603/884/47 637/882/47 643/881/47
f 632/872/764 631/873/764 617/830/764 618/869/764
f 626/885/765 625/886/765 619/844/765 620/865/765
f 632/872/782 618/869/782 622/819/782 615/806/782
f 626/885/783 620/865/783 623/868/783 607/887/783
f 612/765/784 621/745/784 619/844/784 625/886/784
f 607/841/775 623/831/775 624/834/775 605/842/775
f 605/876/785 624/827/785 617/830/785 631/873/785
f 607/888/47 639/883/47 643/881/47 626/889/47
f 625/890/47 626/889/47 643/881/47 642/855/47
f 633/891/26 616/773/26 672/774/26 676/892/26
f 594/814/751 652/751/751 665/754/751 670/815/751
f 634/862/26 633/891/26 676/892/26 675/863/26
f 625/890/47 642/855/47 641/763/47 612/805/47
f 654/840/761 656/823/761 639/826/761 607/841/761
f 564/893/41 562/894/41 645/895/41 644/896/41
f 598/897/41 564/893/41 644/896/41 646/898/41
f 594/899/41 647/900/41 593/901/41 648/902/41
f 592/903/41 591/904/41 649/905/41 650/906/41
f 591/904/41 651/907/41 574/908/41 649/905/41
f 562/894/41 592/903/41 650/906/41 645/895/41
f 652/909/41 594/899/41 648/902/41 572/910/41
f 647/900/41 560/911/41 653/912/41 593/901/41
f 560/911/41 598/897/41 646/898/41 653/912/41
f 604/913/41 606/914/41 654/915/41 655/916/41
f 606/914/41 640/917/41 656/918/41 654/915/41
f 651/907/41 616/919/41 657/920/41 574/908/41
f 658/921/41 636/922/41 659/923/41 635/924/41
f 633/925/41 634/926/41 661/927/41 660/928/41
f 616/919/41 633/925/41 660/928/41 657/920/41
f 634/926/41 604/913/41 655/916/41 661/927/41
f 636/922/41 662/929/41 614/930/41 659/923/41
f 602/931/41 658/921/41 635/924/41 663/932/41
f 640/917/41 602/931/41 663/932/41 656/918/41
f 662/929/41 652/909/41 572/910/41 614/930/41
f 741/933/1 744/934/1 764/935/1 761/936/1
f 698/937/26 701/938/26 691/939/26 690/940/26
f 715/941/1 713/942/1 689/943/1 688/944/1
f 702/945/786 705/946/786 685/947/786 684/948/786
f 719/949/41 715/950/41 688/951/41 703/952/41
f 717/953/787 714/954/787 685/955/787 705/956/787
f 734/957/788 728/958/788 696/959/788 697/960/788
f 690/940/26 740/961/26 762/962/26 755/963/26
f 691/939/789 722/964/789 750/965/789 739/966/789
f 723/967/790 721/968/790 747/969/790 751/970/790
f 708/971/47 695/972/47 694/973/47 710/974/47
f 735/975/791 729/976/791 694/977/791 695/978/791
f 733/979/792 735/980/792 695/981/792 708/982/792
f 731/983/793 734/984/793 697/985/793 711/986/793
f 729/987/794 730/988/794 710/989/794 694/990/794
f 730/988/795 731/983/795 711/986/795 710/989/795
f 728/991/792 732/992/792 709/993/792 696/994/792
f 732/992/792 733/979/792 708/982/792 709/993/792
f 696/995/47 709/996/47 711/997/47 697/998/47
f 709/996/47 708/971/47 710/974/47 711/997/47
f 718/999/754 712/1000/754 758/1001/754 759/1002/754
f 738/1003/26 686/1004/26 752/1005/26 753/1006/26
f 713/1007/796 716/1008/796 704/1009/796 689/1010/796
f 716/1008/797 717/953/797 705/956/797 704/1009/797
f 712/1011/41 718/1012/41 702/1013/41 684/1014/41
f 718/1012/41 719/949/41 703/952/41 702/1013/41
f 688/1015/798 689/1016/798 704/1017/798 703/1018/798
f 703/1018/754 704/1017/754 705/946/754 702/945/754
f 686/1004/26 687/1019/26 700/1020/26 699/1021/26
f 699/1021/26 700/1020/26 701/938/26 698/937/26
f 712/1000/754 748/1022/754 765/1023/754 758/1001/754
f 748/1024/226 742/1025/226 763/1026/226 765/1027/226
f 707/1028/799 706/1029/799 717/953/799 716/1008/799
f 693/1030/800 707/1028/800 716/1008/800 713/1007/800
f 684/1031/226 685/1032/226 714/1033/226 712/1034/226
f 706/1029/801 692/1035/801 714/954/801 717/953/801
f 719/1036/754 718/999/754 759/1002/754 760/1037/754
f 687/1019/26 686/1004/26 738/1003/26 737/1038/26
f 726/1039/802 732/992/802 728/991/802 722/964/802
f 725/1040/803 731/983/803 730/988/803 724/1041/803
f 724/1041/804 730/988/804 729/987/804 723/1042/804
f 734/984/805 731/983/805 725/1040/805 720/1043/805
f 735/980/802 733/979/802 727/1044/802 721/1045/802
f 723/1046/791 729/976/791 735/975/791 721/1047/791
f 722/1048/788 728/958/788 734/957/788 720/1049/788
f 720/1043/806 693/1050/806 745/1051/806 746/1052/806
f 722/1053/807 720/1054/807 746/1055/807 750/1056/807
f 700/1020/802 687/1019/802 721/1045/802 727/1044/802
f 707/1057/808 693/1050/808 720/1043/808 725/1040/808
f 692/1058/809 706/1059/809 724/1041/809 723/1042/809
f 706/1059/810 707/1057/810 725/1040/810 724/1041/810
f 691/939/802 701/938/802 726/1039/802 722/964/802
f 701/938/802 700/1020/802 727/1044/802 726/1039/802
f 727/1044/802 733/979/802 732/992/802 726/1039/802
f 742/1025/811 736/1060/811 737/1061/811 738/1062/811
f 740/1063/812 739/1064/812 745/1065/812 741/933/812
f 748/1024/813 743/1066/813 736/1060/813 742/1025/813
f 741/933/814 745/1065/814 749/1067/814 744/934/814
f 745/1065/815 739/1064/815 750/1068/815 746/1069/815
f 737/1061/816 736/1060/816 751/1070/816 747/1071/816
f 721/1045/817 687/1019/817 737/1038/817 747/1072/817
f 692/1058/818 723/1042/818 751/1073/818 736/1074/818
f 712/1000/754 714/1075/754 743/1076/754 748/1022/754
f 714/954/819 692/1035/819 736/1077/819 743/1078/819
f 690/940/26 691/939/26 739/966/26 740/961/26
f 742/1025/226 738/1062/226 753/1079/226 763/1026/226
f 715/1080/754 719/1036/754 760/1037/754 756/1081/754
f 740/1063/1 741/933/1 761/936/1 762/1082/1
f 713/1083/754 715/1080/754 744/1084/754 749/1085/754
f 693/1030/820 713/1007/820 749/1086/820 745/1087/820
f 686/1004/26 699/1021/26 754/1088/26 752/1005/26
f 744/1084/754 715/1080/754 756/1081/754 764/1089/754
f 698/937/26 690/940/26 755/963/26 757/1090/26
f 699/1021/26 698/937/26 757/1090/26 754/1088/26
f 778/1091/226 779/1092/226 769/1093/226 768/1094/226
f 774/1095/821 775/1096/821 773/1097/821 772/1098/821
f 780/1099/1 781/1100/1 771/1101/1 770/1102/1
f 776/1103/822 777/1104/822 767/1105/822 766/1106/822
f 783/1107/823 780/1108/823 770/1109/823 776/1110/823
f 782/1111/824 779/1112/824 767/1113/824 777/1114/824
f 781/1115/825 782/1111/825 777/1114/825 771/1116/825
f 778/1117/826 783/1107/826 776/1110/826 766/1118/826
f 770/1119/827 771/1120/827 777/1104/827 776/1103/827
f 768/1121/828 769/1122/828 775/1096/828 774/1095/828
f 768/1123/829 774/1124/829 783/1107/829 778/1117/829
f 773/1125/830 775/1126/830 782/1111/830 781/1115/830
f 775/1126/831 769/1127/831 779/1112/831 782/1111/831
f 774/1124/832 772/1128/832 780/1108/832 783/1107/832
f 772/1129/1 773/1130/1 781/1100/1 780/1099/1
f 766/1131/226 767/1132/226 779/1092/226 778/1091/226
f 841/1133/226 861/1134/226 864/1135/226 844/1136/226
f 798/1137/26 790/1138/26 791/1139/26 801/1140/26
f 815/1141/226 788/1142/226 789/1143/226 813/1144/226
f 802/1145/798 784/1146/798 785/1147/798 805/1148/798
f 819/1149/41 803/1150/41 788/1151/41 815/1152/41
f 817/1153/796 805/1154/796 785/1155/796 814/1156/796
f 834/1157/791 797/1158/791 796/1159/791 828/1160/791
f 790/1138/26 855/1161/26 862/1162/26 840/1163/26
f 791/1139/817 839/1164/817 850/1165/817 822/1166/817
f 823/1167/807 851/1168/807 847/1169/807 821/1170/807
f 808/1171/47 810/1172/47 794/1173/47 795/1174/47
f 835/1175/788 795/1176/788 794/1177/788 829/1178/788
f 833/1179/792 808/1180/792 795/1181/792 835/1182/792
f 831/1183/833 811/1184/833 797/1185/833 834/1186/833
f 829/1187/834 794/1188/834 810/1189/834 830/1190/834
f 830/1190/795 810/1189/795 811/1184/795 831/1183/795
f 828/1191/792 796/1192/792 809/1193/792 832/1194/792
f 832/1194/792 809/1193/792 808/1180/792 833/1179/792
f 796/1195/47 797/1196/47 811/1197/47 809/1198/47
f 809/1198/47 811/1197/47 810/1172/47 808/1171/47
f 818/1199/754 859/1200/754 858/1201/754 812/1202/754
f 838/1203/26 853/1204/26 852/1205/26 786/1206/26
f 813/1207/787 789/1208/787 804/1209/787 816/1210/787
f 816/1210/797 804/1209/797 805/1154/797 817/1153/797
f 812/1211/41 784/1212/41 802/1213/41 818/1214/41
f 818/1214/41 802/1213/41 803/1150/41 819/1149/41
f 788/1215/786 803/1216/786 804/1217/786 789/1218/786
f 803/1216/754 802/1145/754 805/1148/754 804/1217/754
f 786/1206/26 799/1219/26 800/1220/26 787/1221/26
f 799/1219/26 798/1137/26 801/1140/26 800/1220/26
f 812/1202/754 858/1201/754 865/1222/754 848/1223/754
f 848/1224/1 865/1225/1 863/1226/1 842/1227/1
f 807/1228/799 816/1210/799 817/1153/799 806/1229/799
f 793/1230/835 813/1207/835 816/1210/835 807/1228/835
f 784/1231/1 812/1232/1 814/1233/1 785/1234/1
f 806/1229/836 817/1153/836 814/1156/836 792/1235/836
f 819/1236/754 860/1237/754 859/1200/754 818/1199/754
f 787/1221/26 837/1238/26 838/1203/26 786/1206/26
f 826/1239/802 822/1166/802 828/1191/802 832/1194/802
f 825/1240/803 824/1241/803 830/1190/803 831/1183/803
f 824/1241/837 823/1242/837 829/1187/837 830/1190/837
f 834/1186/838 820/1243/838 825/1240/838 831/1183/838
f 835/1182/802 821/1244/802 827/1245/802 833/1179/802
f 823/1246/788 821/1247/788 835/1175/788 829/1178/788
f 822/1248/791 820/1249/791 834/1157/791 828/1160/791
f 820/1243/839 846/1250/839 845/1251/839 793/1252/839
f 822/1253/790 850/1254/790 846/1255/790 820/1256/790
f 800/1220/802 827/1245/802 821/1244/802 787/1221/802
f 807/1257/840 825/1240/840 820/1243/840 793/1252/840
f 792/1258/841 823/1242/841 824/1241/841 806/1259/841
f 806/1259/810 824/1241/810 825/1240/810 807/1257/810
f 791/1139/802 822/1166/802 826/1239/802 801/1140/802
f 801/1140/802 826/1239/802 827/1245/802 800/1220/802
f 827/1245/802 826/1239/802 832/1194/802 833/1179/802
f 842/1227/842 838/1260/842 837/1261/842 836/1262/842
f 840/1263/843 841/1133/843 845/1264/843 839/1265/843
f 848/1224/814 842/1227/814 836/1262/814 843/1266/814
f 841/1133/813 844/1136/813 849/1267/813 845/1264/813
f 845/1264/844 846/1268/844 850/1269/844 839/1265/844
f 837/1261/845 847/1270/845 851/1271/845 836/1262/845
f 821/1244/789 847/1272/789 837/1238/789 787/1221/789
f 792/1258/846 836/1273/846 851/1274/846 823/1242/846
f 812/1202/754 848/1223/754 843/1275/754 814/1276/754
f 814/1156/847 843/1277/847 836/1278/847 792/1235/847
f 790/1138/26 840/1163/26 839/1164/26 791/1139/26
f 842/1227/1 863/1226/1 853/1279/1 838/1260/1
f 815/1280/754 856/1281/754 860/1237/754 819/1236/754
f 840/1263/226 862/1282/226 861/1134/226 841/1133/226
f 813/1283/754 849/1284/754 844/1285/754 815/1280/754
f 793/1230/848 845/1286/848 849/1287/848 813/1207/848
f 786/1206/26 852/1205/26 854/1288/26 799/1219/26
f 844/1285/754 864/1289/754 856/1281/754 815/1280/754
f 798/1137/26 857/1290/26 855/1161/26 790/1138/26
f 799/1219/26 854/1288/26 857/1290/26 798/1137/26
f 878/1291/1 868/1292/1 869/1293/1 879/1294/1
f 874/1295/828 872/1296/828 873/1297/828 875/1298/828
f 880/1299/226 870/1300/226 871/1301/226 881/1302/226
f 876/1303/827 866/1304/827 867/1305/827 877/1306/827
f 883/1307/826 876/1308/826 870/1309/826 880/1310/826
f 882/1311/825 877/1312/825 867/1313/825 879/1314/825
f 881/1315/824 871/1316/824 877/1312/824 882/1311/824
f 878/1317/823 866/1318/823 876/1308/823 883/1307/823
f 870/1319/822 876/1303/822 877/1306/822 871/1320/822
f 868/1321/821 874/1295/821 875/1298/821 869/1322/821
f 868/1323/832 878/1317/832 883/1307/832 874/1324/832
f 873/1325/831 881/1315/831 882/1311/831 875/1326/831
f 875/1326/830 882/1311/830 879/1314/830 869/1327/830
f 874/1324/829 883/1307/829 880/1310/829 872/1328/829
f 872/1329/226 880/1299/226 881/1302/226 873/1330/226
f 866/1331/1 878/1291/1 879/1294/1 867/1332/1
s 1
f 908/1333/849 885/1334/849 884/1335/849 909/1336/849
f 930/1337/850 887/1338/850 886/1339/850 1015/1340/850
f 895/1341/851 894/1342/851 892/1343/851 889/1344/851
f 904/1345/852 895/1346/853 889/1347/852
f 221/1348/854 888/1349/855 894/1342/856 895/1341/854
f 893/1350/857 894/1351/857 898/1352/857 899/1353/857
f 224/1354/858 897/1355/859 899/1356/859 898/1357/858
f 894/1342/856 888/1349/855 224/1358/860 898/1359/860
f 893/1350/861 891/1360/861 906/1361/861
f 896/1362/862 895/1346/853 904/1345/852 905/1363/852
f 192/1364/863 221/1365/863 895/1346/853 896/1362/862
f 902/1366/864 901/1367/864 945/1368/864 946/1369/864
f 902/1370/865 903/1371/866 904/1372/867 889/1373/868 892/1374/868 907/1375/869
f 903/1371/866 900/1376/870 905/1377/871 904/1372/867
f 901/1378/872 902/1370/865 907/1375/869 906/1361/873
s 0
f 915/1379/47 936/1380/47 932/1381/47 911/1382/47
f 1032/1383/874 938/1384/874 936/1385/874 915/1386/874
f 912/1387/26 933/1388/26 934/1389/26 913/1390/26
f 914/1391/875 915/1392/875 911/1393/875 910/1394/875
f 912/1395/1 913/1396/1 915/1392/1 914/1391/1
f 938/1397/876 937/1398/876 934/1399/876 936/1400/876
f 934/1389/26 937/1401/26 916/1402/26 913/1390/26
s 1
f 893/1350/861 928/1403/861 891/1360/861
f 930/1404/877 909/1336/877 884/1335/877 887/1405/877
f 922/1406/878 919/1407/879 920/1408/879 921/1409/880
f 927/1410/881 890/1411/882 891/1360/882 928/1403/883
f 918/1412/884 922/1406/878 921/1409/880 917/1413/885
f 896/1362/862 890/1414/852 927/1415/881
f 893/1350/857 899/1353/857 924/1416/857 921/1417/857
f 923/1418/886 924/1419/886 899/1356/859 897/1355/859
f 921/1409/880 924/1420/887 923/1421/887 917/1413/885
f 192/1364/863 896/1362/862 922/1422/888 918/1423/863
f 925/1424/889 1062/1425/889 942/1426/889 941/1427/889
f 925/1428/890 929/1429/891 920/1430/892 919/1431/892 926/1432/893 1062/1433/894
f 1062/1433/894 926/1432/893 927/1410/881 1061/1434/895
f 1063/1435/896 928/1403/883 929/1429/891 925/1428/890
s 0
f 935/1436/897 931/1437/897 932/1438/897 936/1400/897
f 933/1439/226 935/1436/226 936/1400/226 934/1399/226
f 916/1440/898 937/1441/898 938/1442/898 1032/1443/898
f 913/1396/899 916/1444/899 1032/1445/899 915/1392/899
s 1
f 1061/1446/900 1063/1447/900 940/1448/900 939/1449/900
f 1063/1450/901 925/1451/901 941/1452/901 940/1453/901
f 1062/1454/902 1061/1455/902 939/1456/902 942/1457/902
f 942/1458/903 939/1459/903 940/1460/903 941/1461/903
f 943/1462/904 946/1463/904 945/1464/904 944/1465/904
f 900/1466/905 903/1467/905 943/1468/905 944/1469/905
f 903/1470/906 902/1471/906 946/1472/906 943/1473/906
f 901/1474/907 900/1475/907 944/1476/907 945/1477/907
s 0
f 947/1478/908 953/1479/908 948/1480/908
f 947/1481/909 948/1482/909 949/1483/909
f 949/1483/910 948/1482/910 951/1484/910 950/1485/910
f 950/1486/911 951/1487/911 952/1488/911
f 952/1489/912 951/1490/912 953/1491/912
f 948/1492/913 953/1493/913 951/1494/913
f 952/1495/914 953/1479/914 947/1478/914
f 961/1496/915 973/1497/915 964/1498/915 962/1499/915
f 956/1500/26 973/1501/26 961/1502/26 960/1503/26
f 965/1504/916 964/1505/916 973/1506/916 956/1507/916
f 958/1508/754 959/1509/754 972/1510/754 954/1511/754
f 963/1512/1 962/1513/1 959/1514/1 958/1515/1
f 965/1516/41 963/1517/41 958/1518/41 954/1519/41
f 954/1520/917 972/1521/917 964/1505/917 965/1504/917
f 960/1522/1 961/1523/1 962/1513/1 963/1512/1
f 956/1524/41 960/1525/41 963/1517/41 965/1516/41
f 962/1499/918 964/1498/918 972/1526/918 959/1527/918
f 969/1528/1 970/1529/1 977/1530/1 980/1531/1
f 956/1500/26 968/1532/26 974/1533/26 973/1501/26
f 966/1534/754 954/1511/754 972/1510/754 975/1535/754
f 971/1536/919 966/1537/919 975/1538/919 970/1539/919
f 965/1516/41 954/1519/41 966/1540/41 971/1541/41
f 968/1542/920 971/1536/920 970/1539/920 974/1543/920
f 956/1524/41 965/1516/41 971/1541/41 968/1544/41
f 967/1545/26 955/1546/26 978/1547/26 981/1548/26
f 964/1549/918 955/1550/918 972/1526/918
f 957/1551/915 964/1498/915 973/1497/915
f 970/1552/915 969/1553/915 974/1554/915
f 969/1553/915 957/1551/915 973/1497/915 974/1554/915
f 955/1550/918 967/1555/918 975/1556/918 972/1526/918
f 967/1555/918 970/1557/918 975/1556/918
f 980/1558/915 977/1559/915 976/1560/915 979/1561/915
f 977/1559/918 981/1562/918 978/1563/918 976/1560/918
f 955/1564/226 964/1565/226 976/1566/226 978/1567/226
f 970/1529/1 967/1568/1 981/1569/1 977/1530/1
f 957/1570/754 969/1571/754 980/1572/754 979/1573/754
f 964/1565/226 957/1574/226 979/1575/226 976/1566/226
f 982/1576/921 983/1577/921 985/1578/921 984/1579/921
f 984/1580/922 985/1581/922 989/1582/922 988/1583/922
f 988/1584/923 989/1585/923 987/1586/923 986/1587/923
f 986/1588/924 987/1589/924 983/1590/924 982/1591/924
f 987/1586/925 989/1585/925 992/1592/925 993/1593/925
f 990/1594/926 993/1595/926 997/1596/926 994/1597/926
f 985/1578/927 983/1577/927 990/1598/927 991/1599/927
f 983/1590/928 987/1589/928 993/1600/928 990/1601/928
f 989/1602/929 985/1603/929 991/1604/929 992/1605/929
f 992/1605/930 991/1604/930 995/1606/930 996/1607/930
f 993/1595/931 992/1605/931 996/1607/931 997/1596/931
f 991/1604/932 990/1594/932 994/1597/932 995/1606/932
f 994/1597/933 997/1596/933 996/1607/933 995/1606/933
f 1010/1608/934 1011/1609/934 1001/1610/934 1000/1611/934
f 1006/1612/935 1007/1613/935 1005/1614/935 1004/1615/935
f 1012/1616/936 1013/1617/936 1003/1618/936 1002/1619/936
f 1008/1620/937 1009/1621/937 999/1622/937 998/1623/937
f 1014/1624/938 1011/1625/938 999/1626/938 1009/1627/938
f 1013/1628/939 1014/1624/939 1009/1627/939 1003/1629/939
f 1002/1630/940 1003/1631/940 1009/1621/940 1008/1620/940
f 1000/1632/941 1001/1633/941 1007/1613/941 1006/1612/941
f 1005/1634/942 1007/1635/942 1014/1624/942 1013/1628/942
f 1007/1635/943 1001/1636/943 1011/1625/943 1014/1624/943
f 1004/1637/936 1005/1638/936 1013/1617/936 1012/1616/936
f 998/1639/934 999/1640/934 1011/1609/934 1010/1608/934
f 931/1641/754 910/1642/754 911/1643/754 932/1644/754
s 1
f 1016/1645/944 1017/1646/944 885/1647/944 908/1648/944
f 1061/1434/895 927/1410/881 928/1403/883 1063/1435/896
f 921/1417/861 920/1430/861 929/1429/861
f 922/1422/888 896/1362/862 927/1415/881 926/1649/893
f 919/1650/852 922/1422/888 926/1649/893
f 893/1350/861 921/1417/861 929/1429/861 928/1403/861
f 894/1351/861 893/1350/861 906/1361/861 907/1375/861
f 890/1414/852 896/1362/862 905/1363/852
f 892/1374/861 894/1351/861 907/1375/861
f 900/1376/870 901/1378/872 906/1361/873 891/1360/882 890/1411/882 905/1377/871
s 0
f 1018/1651/945 1019/1652/945 978/1653/945 981/1654/945
f 1023/1655/946 1022/1656/946 1025/1657/946 1026/1658/946
f 1026/1659/947 1025/1660/947 1030/1661/947 1031/1662/947
f 1021/1663/948 1020/1664/948 1027/1665/948 1024/1666/948
f 1020/1667/949 1023/1668/949 1026/1669/949 1027/1670/949
f 1022/1671/950 1021/1672/950 1024/1673/950 1025/1674/950
f 1030/1675/951 1029/1676/951 1028/1677/951 1031/1678/951
f 1024/1679/952 1027/1680/952 1028/1681/952 1029/1682/952
f 1027/1683/953 1026/1684/953 1031/1685/953 1028/1686/953
f 1025/1687/954 1024/1688/954 1029/1689/954 1030/1690/954
f 1020/1667/955 1021/1691/955 1022/1692/955 1023/1668/955
f 1033/1693/226 1034/1694/226 1036/1695/226 1035/1696/226
f 1035/1697/26 1036/1698/26 1040/1699/26 1039/1700/26
f 1039/1701/1 1040/1702/1 1038/1703/1 1037/1704/1
f 1037/1705/754 1038/1706/754 1034/1707/754 1033/1708/754
f 1033/1693/956 1035/1696/956 1042/1709/956 1041/1710/956
f 1042/1711/41 1044/1712/41 1043/1713/41 1041/1714/41
f 1039/1701/957 1037/1704/957 1043/1715/957 1044/1716/957
f 1037/1717/958 1033/1718/958 1041/1714/958 1043/1713/958
f 1035/1697/959 1039/1700/959 1044/1719/959 1042/1720/959
f 1045/1721/226 1046/1722/226 1048/1723/226 1047/1724/226
f 1047/1725/26 1048/1726/26 1052/1727/26 1051/1728/26
f 1051/1729/1 1052/1730/1 1050/1731/1 1049/1732/1
f 1049/1733/754 1050/1734/754 1046/1735/754 1045/1736/754
f 1058/1737/960 1057/1738/960 1054/1739/960 1053/1740/960
f 1054/1741/41 1056/1742/41 1055/1743/41 1053/1744/41
f 1060/1745/961 1059/1746/961 1055/1747/961 1056/1748/961
f 1059/1749/958 1058/1750/958 1053/1744/958 1055/1743/958
f 1057/1751/959 1060/1752/959 1056/1753/959 1054/1754/959
f 1047/1725/959 1051/1728/959 1060/1752/959 1057/1751/959
f 1049/1755/958 1045/1756/958 1058/1750/958 1059/1749/958
f 1051/1729/962 1049/1732/962 1059/1746/962 1060/1745/962
f 1045/1721/963 1047/1724/963 1057/1738/963 1058/1737/963
f 1065/1757/964 1064/1758/964 1066/1759/964
f 1065/1760/965 1066/1761/965 1067/1762/965
f 1067/1763/966 1066/1764/966 1064/1765/966
f 1066/1759/967 1068/1766/967 1069/1767/967
f 1067/1768/968 1064/1769/968 1075/1770/968
f 1075/1771/969 1064/1772/969 1065/1773/969
f 1066/1774/970 1069/1775/970 1070/1776/970
f 1066/1759/967 1064/1758/967 1068/1766/967
f 1064/1765/971 1066/1764/971 1070/1777/971
f 1064/1778/972 1070/1779/972 1068/1780/972
f 1071/1781/1 1074/1782/1 1073/1783/1 1072/1784/1
f 1069/1767/973 1068/1766/973 1071/1785/973 1072/1786/973
f 1068/1780/974 1070/1779/974 1073/1787/974 1074/1788/974
f 1070/1776/975 1069/1775/975 1072/1789/975 1073/1790/975
f 1068/1780/976 1074/1788/976 1071/1791/976
f 1077/1792/977 1078/1793/977 1076/1794/977 1075/1795/977
f 1075/1796/978 1076/1797/978 1067/1798/978
f 1067/1798/979 1076/1797/979 1078/1799/979 1077/1800/979
f 1078/1801/980 1081/1802/980 1082/1803/980
f 1078/1804/981 1082/1805/981 1079/1806/981
f 1076/1794/982 1078/1793/982 1079/1807/982 1080/1808/982
f 1076/1809/983 1080/1810/983 1081/1811/983
f 1078/1799/984 1076/1797/984 1081/1812/984
f 1084/1813/985 1083/1814/985 1086/1815/985 1085/1816/985
f 1082/1803/986 1081/1802/986 1085/1817/986 1086/1818/986
f 1081/1811/987 1080/1810/987 1084/1819/987 1085/1820/987
f 1080/1808/988 1079/1807/988 1083/1821/988 1084/1822/988
f 1079/1806/989 1082/1805/989 1086/1823/989 1083/1824/989
f 1065/1825/990 1067/1826/990 1075/1827/990
f 1077/1828/991 1075/1829/991 1067/1830/991
f 1088/1831/992 1089/1832/992 1091/1833/992 1090/1834/992
f 1090/1835/993 1091/1836/993 1094/1837/993 1093/1838/993
f 1093/1839/994 1094/1840/994 1092/1841/994 1087/1842/994
f 1087/1843/995 1092/1844/995 1089/1845/995 1088/1846/995
f 1092/1841/996 1094/1840/996 1101/1847/996 1102/1848/996
f 1091/1833/997 1089/1832/997 1099/1849/997 1100/1850/997
f 1089/1845/998 1092/1844/998 1102/1851/998 1099/1852/998
f 1094/1837/999 1091/1836/999 1100/1853/999 1101/1854/999
f 1105/1855/1000 1104/1856/1000 1097/1857/1000 1096/1858/1000
f 1103/1859/1001 1106/1860/1001 1095/1861/1001 1098/1862/1001
f 1104/1863/1002 1103/1864/1002 1098/1865/1002 1097/1866/1002
f 1100/1867/226 1099/1868/226 1103/1864/226 1104/1863/226
f 1099/1869/1003 1102/1870/1003 1106/1860/1003 1103/1859/1003
f 1101/1871/1004 1100/1872/1004 1104/1856/1004 1105/1855/1004
f 1102/1873/1005 1101/1874/1005 1105/1875/1005 1106/1876/1005
f 1097/1877/1006 1098/1878/1006 1113/1879/1006 1114/1880/1006
f 1106/1881/1007 1105/1882/1007 1096/1883/1007 1095/1884/1007
f 1108/1885/1008 1107/1886/1008 1109/1887/1008 1110/1888/1008
f 1098/1862/1001 1095/1861/1001 1107/1889/1001 1108/1890/1001
f 1096/1858/1000 1097/1857/1000 1110/1891/1000 1109/1892/1000
f 1109/1887/1009 1107/1886/1009 1112/1893/1009 1111/1894/1009
f 1107/1889/1010 1095/1861/1010 1112/1895/1010
f 1096/1858/1011 1109/1892/1011 1111/1896/1011
f 1095/1897/1012 1096/1898/1012 1111/1899/1012 1112/1900/1012
f 1114/1901/1002 1113/1902/1002 1115/1903/1002 1116/1904/1002
f 1098/1862/1013 1108/1890/1013 1115/1905/1013 1113/1906/1013
f 1110/1891/1014 1097/1857/1014 1114/1907/1014 1116/1908/1014
f 1108/1885/1015 1110/1888/1015 1116/1909/1015 1115/1910/1015
s 1
f 1117/1451/1016 1122/1451/1016 1121/1450/1016 1120/1450/1016
s 0
f 1123/1911/903 1124/1912/903 1121/1913/903 1122/1914/903
s 1
f 1119/1433/1017 1123/1433/1017 1122/1428/1017 1117/1428/1017
f 1118/1455/933 1124/1455/933 1123/1454/933 1119/1454/933
f 1120/1435/1018 1121/1435/1018 1124/1434/1018 1118/1434/1018
f 1120/1915/1019 1118/1916/1019 1119/1917/1019 1117/1918/1019
f 1128/1919/48 1135/1920/48 1126/1921/48 1127/1922/48
f 1135/1920/48 1130/1923/48 1129/1924/48 1125/1925/48 1126/1921/48
f 1133/1926/48 1132/1927/48 1131/1928/48 1136/1929/48
f 1136/1929/48 1131/1928/48 1125/1925/48 1129/1924/48 1134/1930/48
f 1140/1931/1020 1139/1932/1020 1138/1933/1020 1147/1934/1020
f 1147/1934/1020 1138/1933/1020 1137/1935/1020 1141/1936/1020 1142/1937/1020
f 1145/1938/1020 1148/1939/1020 1143/1940/1020 1144/1941/1020
f 1148/1939/1020 1146/1942/1020 1141/1936/1020 1137/1935/1020 1143/1940/1020
f 1133/1943/226 1145/1944/226 1144/1945/226 1132/1946/226
f 1126/1947/1021 1138/1948/1021 1139/1949/1021 1127/1950/1021
f 1131/1951/1021 1143/1952/1021 1137/1953/1021 1125/1954/1021
f 1127/1955/1 1139/1956/1 1140/1957/1 1128/1958/1
f 1134/1959/1022 1146/1960/1022 1148/1961/1022 1136/1962/1022
f 1125/1954/1021 1137/1953/1021 1138/1948/1021 1126/1947/1021
f 1129/1963/1022 1141/1964/1022 1146/1960/1022 1134/1959/1022
f 1135/1965/1022 1147/1966/1022 1142/1967/1022 1130/1968/1022
f 1130/1968/1022 1142/1967/1022 1141/1964/1022 1129/1963/1022
f 1136/1962/1022 1148/1961/1022 1145/1969/1022 1133/1970/1022
f 1132/1971/1021 1144/1972/1021 1143/1952/1021 1131/1951/1021
f 1128/1973/1022 1140/1974/1022 1147/1966/1022 1135/1965/1022
f 1159/1975/1023 1171/1976/1023 1170/1977/1023 1158/1978/1023
f 1156/1979/1023 1168/1980/1024 1167/1981/1023 1155/1982/1023
f 1153/1983/1023 1165/1984/1025 1164/1985/1023 1152/1986/1023
f 1160/1987/1023 1172/1988/1023 1171/1976/1023 1159/1975/1023
f 1150/1989/1023 1162/1990/1023 1161/1991/1023 1149/1992/1023
f 1157/1993/1023 1169/1994/1026 1168/1980/1024 1156/1979/1023
f 1154/1995/1023 1166/1996/1027 1165/1984/1025 1153/1983/1023
f 1149/1992/1023 1161/1991/1023 1172/1988/1023 1160/1987/1023
f 1151/1997/1023 1163/1998/1023 1162/1990/1023 1150/1989/1023
f 1158/1978/1023 1170/1977/1023 1169/1994/1026 1157/1993/1023
f 1155/1982/1023 1167/1981/1023 1166/1996/1027 1154/1995/1023
f 1152/1986/1023 1164/1985/1023 1163/1998/1023 1151/1997/1023
f 1183/1999/1028 1182/2000/1028 1194/2001/1028 1195/2002/1028
f 1180/2003/1028 1179/2004/1028 1191/2005/1028 1192/2006/1029
f 1177/2007/1028 1176/2008/1028 1188/2009/1028 1189/2010/1030
f 1184/2011/1028 1183/1999/1028 1195/2002/1028 1196/2012/1028
f 1174/2013/1028 1173/2014/1028 1185/2015/1028 1186/2016/1028
f 1181/2017/1028 1180/2003/1028 1192/2006/1029 1193/2018/1031
f 1178/2019/1028 1177/2007/1028 1189/2010/1030 1190/2020/1032
f 1173/2014/1028 1184/2011/1028 1196/2012/1028 1185/2015/1028
f 1175/2021/1028 1174/2013/1028 1186/2016/1028 1187/2022/1028
f 1182/2000/1028 1181/2017/1028 1193/2018/1031 1194/2001/1028
f 1179/2004/1028 1178/2019/1028 1190/2020/1032 1191/2005/1028
f 1176/2008/1028 1175/2021/1028 1187/2022/1028 1188/2009/1028
f 1149/2023/1033 1160/2024/1034 1184/2025/1034 1173/2026/1033
f 1154/2027/1035 1153/2028/1036 1177/2029/1036 1178/2030/1035
f 1169/2031/1037 1193/2032/1037 1203/2033/1038 1199/2034/1038
f 1161/2035/1039 1162/2036/1039 1186/2037/1039 1185/2038/1039
f 1155/2039/1040 1154/2027/1035 1178/2030/1035 1179/2040/1040
f 1169/2041/1041 1170/2042/1041 1194/2043/1041 1193/2044/1041
f 1162/2036/1042 1163/2045/1043 1187/2046/1043 1186/2037/1042
f 1156/2047/1044 1155/2039/1039 1179/2040/1039 1180/2048/1044
f 1170/2042/1045 1171/2049/1046 1195/2050/1046 1194/2043/1045
f 1163/2051/1043 1164/2052/1047 1188/2053/1047 1187/2054/1043
f 1157/2055/1042 1156/2047/1044 1180/2048/1044 1181/2056/1042
f 1171/2057/1046 1172/2058/1036 1196/2059/1036 1195/2060/1046
f 1150/2061/1048 1149/2023/1033 1173/2026/1033 1174/2062/1048
f 1164/2052/1049 1165/2063/1049 1189/2064/1049 1188/2053/1049
f 1158/2065/1047 1157/2066/1047 1181/2067/1047 1182/2068/1047
f 1172/2058/1040 1161/2035/1040 1185/2038/1040 1196/2059/1040
f 1151/2069/1050 1150/2070/1051 1174/2071/1051 1175/2072/1050
f 1189/2073/1052 1165/2074/1052 1198/2075/1053 1202/2076/1053
f 1159/2077/1054 1158/2065/1049 1182/2068/1049 1183/2078/1054
f 1152/2079/1041 1151/2069/1050 1175/2072/1050 1176/2080/1041
f 1166/2081/1034 1167/2082/1034 1191/2083/1034 1190/2084/1034
f 1160/2085/1055 1159/2077/1054 1183/2078/1054 1184/2086/1055
f 1153/2087/1045 1152/2079/1045 1176/2080/1045 1177/2088/1045
f 1167/2082/1048 1168/2089/1048 1192/2090/1048 1191/2083/1048
f 1199/2034/1038 1203/2033/1038 1211/2091/1056 1207/2092/1056
f 1202/2076/1053 1198/2075/1053 1206/2093/1057 1210/2094/1057
f 1168/1980/1024 1169/1994/1026 1199/2095/1058 1200/2096/1059
f 1190/2020/1032 1189/2010/1030 1202/2097/1060 1201/2098/1061
f 1166/2099/1062 1190/2100/1062 1201/2101/1062 1197/2102/1062
f 1192/2103/1063 1168/2104/1063 1200/2105/1063 1204/2106/1063
f 1193/2018/1031 1192/2006/1029 1204/2107/1064 1203/2108/1065
f 1165/1984/1025 1166/1996/1027 1197/2109/1066 1198/2110/1067
f 1200/2096/1059 1208/2111/1023 1205/2112/1023 1197/2109/1066
f 1212/2113/1028 1204/2107/1064 1201/2098/1061 1209/2114/1028
f 1201/2098/1061 1202/2097/1060 1210/2115/1028 1209/2114/1028
f 1198/2110/1067 1197/2109/1066 1205/2112/1023 1206/2116/1023
f 1204/2117/1068 1200/2118/1068 1197/2119/1068 1201/2120/1068
f 1203/2108/1065 1204/2107/1064 1212/2113/1028 1211/2121/1028
f 1200/2096/1059 1199/2095/1058 1207/2122/1023 1208/2111/1023
f 1205/2112/1023 1208/2111/1023 1207/2122/1023 1206/2116/1023
f 1209/2114/1028 1210/2115/1028 1211/2121/1028 1212/2113/1028
f 1211/2123/1033 1210/2124/1033 1206/2125/1033 1207/2126/1033
s 0
f 1214/2127/1069 1256/2128/1069 1216/2129/1069 1213/2130/1069
f 1213/2131/226 1217/2132/226 1219/2133/226 1214/2134/226
f 1213/2135/1070 1216/2136/1070 1234/2137/1070 1215/2138/1070
f 1215/2139/226 1220/2140/226 1217/2132/226 1213/2131/226
f 1222/2141/1071 1218/2142/1071 1217/2143/1071 1220/2144/1071
f 1218/2145/1072 1260/2146/1072 1219/2147/1072 1217/2148/1072
f 1230/2149/226 1221/2150/226 1220/2140/226 1215/2139/226
f 1223/2151/1073 1222/2152/1073 1220/2153/1073 1221/2154/1073
f 1218/2155/1 1222/2156/1 1223/2157/1 1224/2158/1 1225/2159/1 1240/2160/1 1243/2161/1 1244/2162/1 1245/2163/1 1246/2164/1 1259/2165/1 1260/2166/1
f 1224/2167/1074 1223/2168/1074 1221/2169/1074 1226/2170/1074
f 1225/2171/1075 1224/2172/1075 1226/2173/1075 1227/2174/1075
f 1229/2175/226 1227/2176/226 1226/2177/226 1228/2178/226
f 1228/2178/226 1226/2177/226 1221/2150/226 1230/2149/226
f 1228/2179/1076 1231/2180/1076 1232/2181/1076 1229/2182/1076
f 1230/2183/1077 1233/2184/1077 1231/2185/1077 1228/2186/1077
f 1256/2187/226 1255/2188/226 1253/2189/226 1252/2190/226 1254/2191/226 1236/2192/226 1235/2193/226 1232/2194/226 1231/2195/226 1233/2196/226 1234/2197/226 1216/2198/226
f 1215/2138/1078 1234/2137/1078 1233/2184/1078 1230/2183/1078
f 1229/2182/1079 1232/2181/1079 1235/2199/1079 1237/2200/1079
f 1237/2200/1080 1235/2199/1080 1236/2201/1080 1238/2202/1080
f 1238/2203/226 1241/2204/226 1239/2205/226 1237/2206/226
f 1237/2206/226 1239/2205/226 1227/2176/226 1229/2175/226
f 1240/2207/1081 1225/2208/1081 1227/2209/1081 1239/2210/1081
f 1243/2211/1082 1240/2212/1082 1239/2213/1082 1241/2214/1082
f 1251/2215/226 1242/2216/226 1241/2204/226 1238/2203/226
f 1244/2211/1070 1243/2212/1070 1241/2213/1070 1242/2214/1070
f 1245/2217/1078 1244/2211/1078 1242/2214/1078 1247/2218/1078
f 1246/2219/1077 1245/2217/1077 1247/2218/1077 1248/2220/1077
f 1250/2221/226 1248/2222/226 1247/2223/226 1249/2224/226
f 1249/2224/226 1247/2223/226 1242/2216/226 1251/2215/226
f 1249/2225/1074 1252/2226/1074 1253/2227/1074 1250/2228/1074
f 1251/2229/1083 1254/2230/1083 1252/2226/1083 1249/2225/1083
f 1238/2231/1084 1236/2232/1084 1254/2230/1084 1251/2229/1084
f 1250/2233/1075 1253/2234/1075 1255/2235/1075 1257/2236/1075
f 1257/2236/1081 1255/2235/1081 1256/2128/1081 1214/2127/1081
f 1214/2134/226 1219/2133/226 1258/2237/226 1257/2238/226
f 1257/2238/226 1258/2237/226 1248/2222/226 1250/2221/226
f 1260/2239/1079 1259/2240/1079 1258/2241/1079 1219/2242/1079
f 1259/2240/1076 1246/2243/1076 1248/2244/1076 1258/2241/1076
f 1262/2127/1085 1261/2130/1085 1264/2129/1085 1304/2128/1085
f 1261/2131/226 1262/2134/226 1267/2133/226 1265/2132/226
f 1261/2135/1086 1263/2138/1086 1282/2137/1086 1264/2136/1086
f 1263/2139/226 1261/2131/226 1265/2132/226 1268/2140/226
f 1270/2141/1087 1268/2144/1087 1265/2143/1087 1266/2142/1087
f 1266/2145/1088 1265/2148/1088 1267/2147/1088 1308/2146/1088
f 1278/2149/226 1263/2139/226 1268/2140/226 1269/2150/226
f 1271/2151/1089 1269/2154/1089 1268/2153/1089 1270/2152/1089
f 1266/2155/1 1308/2166/1 1307/2165/1 1294/2164/1 1293/2163/1 1292/2162/1 1291/2161/1 1288/2160/1 1273/2159/1 1272/2158/1 1271/2157/1 1270/2156/1
f 1272/2167/1090 1274/2170/1090 1269/2169/1090 1271/2168/1090
f 1273/2171/1091 1275/2174/1091 1274/2173/1091 1272/2172/1091
f 1277/2175/226 1276/2178/226 1274/2177/226 1275/2176/226
f 1276/2178/226 1278/2149/226 1269/2150/226 1274/2177/226
f 1276/2179/1092 1277/2182/1092 1280/2181/1092 1279/2180/1092
f 1278/2183/1093 1276/2186/1093 1279/2185/1093 1281/2184/1093
f 1304/2187/226 1264/2198/226 1282/2197/226 1281/2196/226 1279/2195/226 1280/2194/226 1283/2193/226 1284/2192/226 1302/2191/226 1300/2190/226 1301/2189/226 1303/2188/226
f 1263/2138/1094 1278/2183/1094 1281/2184/1094 1282/2137/1094
f 1277/2182/1095 1285/2200/1095 1283/2199/1095 1280/2181/1095
f 1285/2200/1096 1286/2202/1096 1284/2201/1096 1283/2199/1096
f 1286/2203/226 1285/2206/226 1287/2205/226 1289/2204/226
f 1285/2206/226 1277/2175/226 1275/2176/226 1287/2205/226
f 1288/2207/1097 1287/2210/1097 1275/2209/1097 1273/2208/1097
f 1291/2211/1098 1289/2214/1098 1287/2213/1098 1288/2212/1098
f 1299/2215/226 1286/2203/226 1289/2204/226 1290/2216/226
f 1292/2211/1086 1290/2214/1086 1289/2213/1086 1291/2212/1086
f 1293/2217/1094 1295/2218/1094 1290/2214/1094 1292/2211/1094
f 1294/2219/1093 1296/2220/1093 1295/2218/1093 1293/2217/1093
f 1298/2221/226 1297/2224/226 1295/2223/226 1296/2222/226
f 1297/2224/226 1299/2215/226 1290/2216/226 1295/2223/226
f 1297/2225/1090 1298/2228/1090 1301/2227/1090 1300/2226/1090
f 1299/2229/1099 1297/2225/1099 1300/2226/1099 1302/2230/1099
f 1286/2231/1100 1299/2229/1100 1302/2230/1100 1284/2232/1100
f 1298/2233/1091 1305/2236/1091 1303/2235/1091 1301/2234/1091
f 1305/2236/1097 1262/2127/1097 1304/2128/1097 1303/2235/1097
f 1262/2134/226 1305/2238/226 1306/2237/226 1267/2133/226
f 1305/2238/226 1298/2221/226 1296/2222/226 1306/2237/226
f 1308/2239/1095 1267/2242/1095 1306/2241/1095 1307/2240/1095
f 1307/2240/1092 1306/2241/1092 1296/2244/1092 1294/2243/1092
s 1
f 1320/2245/1101 1313/2246/1102 1314/2247/1103 1315/2248/1104
f 1310/2249/1105 1312/2250/1105 1314/2247/1103 1313/2246/1102
f 1311/2251/1106 1318/2252/1106 1316/2253/1106 1309/2254/1106
f 1309/2255/1107 1320/2245/1101 1315/2248/1104 1311/2256/1107
f 1323/2261/1109 1324/2262/1110 1326/2263/1111 1321/2264/1112
f 1322/2265/1113 1321/2264/1112 1326/2263/1111 1325/2266/1113
f 1328/2267/1114 1327/2268/1114 1329/2269/1114 1331/2270/1114
f 1327/2271/1115 1328/2272/1115 1324/2262/1110 1323/2261/1109
f 1315/2277/1117 1314/2278/1118 1326/2279/1119 1324/2280/1117
f 1312/2285/1121 1310/2286/1121 1322/2287/1121 1325/2288/1121
f 1311/2289/1122 1315/2290/1123 1324/2291/1123 1328/2292/1124
f 1314/2278/1118 1312/2294/1128 1325/2295/1128 1326/2279/1119
f 1310/2300/1129 1313/2301/1130 1321/2302/1131 1322/2303/1129
f 1309/2304/1132 1316/2305/26 1329/2306/26 1327/2307/1133
f 1313/2301/1130 1320/2308/1134 1323/2309/1135 1321/2302/1131
f 1320/2308/1134 1309/2310/1132 1327/2311/1133 1323/2309/1135
f 1318/2312/1126 1311/2313/1122 1328/2314/1124 1331/2315/1127
s 0
f 1333/2316/1136 1335/2317/1136 1336/2318/1136 1334/2319/1136
f 1340/2320/47 1338/2321/47 1352/2322/47 1347/2323/47
f 1339/2324/1137 1337/2325/1137 1338/2326/1137 1340/2327/1137
f 1343/2328/47 1344/2329/47 1341/2330/47 1342/2331/47
f 1335/2332/41 1333/2333/41 1350/2334/41 1345/2335/41
f 1348/2336/47 1351/2337/47 1334/2338/47 1336/2339/47
f 1346/2340/1138 1339/2341/1138 1340/2342/1138 1347/2343/1138
f 1346/2344/41 1349/2345/41 1337/2346/41 1339/2347/41
f 1346/2344/41 1345/2335/41 1350/2334/41 1349/2345/41
f 1347/2343/1139 1348/2348/1139 1345/2349/1139 1346/2340/1139
f 1335/2350/1140 1345/2349/1140 1348/2348/1140 1336/2351/1140
f 1347/2343/1141 1344/2352/1141 1343/2353/1141 1348/2348/1141
f 1352/2354/1142 1341/2355/1142 1344/2356/1142 1347/2357/1142
f 1348/2358/1143 1343/2359/1143 1342/2360/1143 1351/2361/1143
f 1354/2362/41 1353/2363/41 1356/2364/41 1357/2365/41
f 1353/2366/1144 1354/2367/1144 1360/2368/1144 1355/2369/1144
f 1356/2370/1145 1353/2371/1145 1355/2372/1145 1358/2373/1145
f 1357/2374/1146 1356/2375/1146 1358/2376/1146 1359/2377/1146
f 1359/2378/47 1358/2379/47 1355/2380/47 1360/2381/47
s 1
f 1361/2382/1147 1369/2383/1147 1362/2384/1148 1367/2385/1149
f 1363/2386/1150 1367/2385/1149 1362/2384/1148 1368/2387/1151
f 1370/2388/1152 1363/2386/1150 1368/2387/1151 1366/2389/1152
f 1370/2394/47 1366/2395/47 1365/2396/47 1364/2397/47
f 1381/2398/1154 1380/2399/1155 1384/2400/1156 1383/2401/1154
f 1382/2402/1157 1377/2403/1158 1384/2400/1156 1380/2399/1155
f 1375/2404/1159 1376/2405/1159 1377/2403/1158 1382/2402/1157
f 1375/2404/1161 1373/2410/1161 1374/2411/1161 1376/2405/1161
f 1368/2416/1163 1362/2417/1164 1384/2418/1165 1377/2419/1166
f 1369/2420/1167 1361/2421/1167 1381/2422/1167 1383/2423/1167
f 1365/2428/1169 1366/2429/754 1376/2430/754 1374/2431/1170
f 1362/2417/1164 1369/2432/1171 1383/2433/1171 1384/2418/1165
f 1370/2434/1172 1364/2435/1173 1373/2436/1174 1375/2437/1175
f 1361/2438/1176 1367/2439/1176 1380/2440/1176 1381/2441/1176
f 1363/2442/1177 1370/2434/1172 1375/2437/1175 1382/2443/1178
f 1366/2444/754 1368/2416/1163 1377/2419/1166 1376/2445/754
f 1367/2446/1179 1363/2442/1177 1382/2443/1178 1380/2447/1179
s 0
f 1385/2452/1136 1387/2453/1136 1388/2454/1136 1386/2455/1136
f 1392/2456/47 1390/2457/47 1404/2458/47 1399/2459/47
f 1391/2460/1137 1389/2461/1137 1390/2462/1137 1392/2463/1137
f 1395/2464/47 1396/2465/47 1393/2466/47 1394/2467/47
f 1387/2468/41 1385/2469/41 1402/2470/41 1397/2471/41
f 1400/2472/47 1403/2473/47 1386/2474/47 1388/2475/47
f 1398/2476/1138 1391/2477/1138 1392/2478/1138 1399/2479/1138
f 1398/2480/41 1401/2481/41 1389/2482/41 1391/2483/41
f 1398/2480/41 1397/2471/41 1402/2470/41 1401/2481/41
f 1399/2479/1139 1400/2484/1139 1397/2485/1139 1398/2476/1139
f 1387/2486/1140 1397/2485/1140 1400/2484/1140 1388/2487/1140
f 1399/2479/1141 1396/2488/1141 1395/2489/1141 1400/2484/1141
f 1404/2490/1142 1393/2491/1142 1396/2492/1142 1399/2493/1142
f 1400/2494/1143 1395/2495/1143 1394/2496/1143 1403/2497/1143
f 1406/2362/41 1405/2363/41 1408/2364/41 1409/2365/41
f 1405/2366/1144 1406/2367/1144 1412/2368/1144 1407/2369/1144
f 1408/2370/1145 1405/2371/1145 1407/2372/1145 1410/2373/1145
f 1409/2374/1146 1408/2375/1146 1410/2376/1146 1411/2377/1146
f 1411/2378/47 1410/2379/47 1407/2380/47 1412/2381/47
f 1455/2145/1072 1460/2148/1072 1431/2147/1072 1414/2146/1072
f 1414/2239/1079 1431/2242/1079 1432/2241/1079 1416/2240/1079
f 1416/2240/1076 1432/2241/1076 1433/2244/1076 1418/2243/1076
f 1418/2219/1077 1433/2220/1077 1434/2218/1077 1420/2217/1077
f 1420/2217/1078 1434/2218/1078 1435/2214/1078 1422/2211/1078
f 1422/2211/1070 1435/2214/1070 1436/2213/1070 1424/2212/1070
f 1421/2225/1074 1419/2228/1074 1441/2227/1074 1442/2226/1074
f 1424/2211/1082 1436/2214/1082 1457/2213/1082 1451/2212/1082
f 1455/2155/226 1414/2166/226 1416/2165/226 1418/2164/226 1420/2163/226 1422/2162/226 1424/2161/226 1451/2160/226 1453/2159/226 1452/2158/226 1450/2157/226 1454/2156/226
f 1413/2131/1 1415/2134/1 1431/2133/1 1460/2132/1
f 1415/2134/1 1417/2238/1 1432/2237/1 1431/2133/1
f 1417/2238/1 1419/2221/1 1433/2222/1 1432/2237/1
f 1419/2221/1 1421/2224/1 1434/2223/1 1433/2222/1
f 1421/2224/1 1423/2215/1 1435/2216/1 1434/2223/1
f 1423/2215/1 1425/2203/1 1436/2204/1 1435/2216/1
f 1425/2203/1 1426/2206/1 1457/2205/1 1436/2204/1
f 1426/2206/1 1427/2175/1 1456/2176/1 1457/2205/1
f 1427/2175/1 1428/2178/1 1458/2177/1 1456/2176/1
f 1428/2178/1 1429/2149/1 1459/2150/1 1458/2177/1
f 1429/2149/1 1430/2139/1 1437/2140/1 1459/2150/1
f 1430/2139/1 1413/2131/1 1460/2132/1 1437/2140/1
f 1438/2187/1 1439/2198/1 1449/2197/1 1448/2196/1 1447/2195/1 1446/2194/1 1445/2193/1 1444/2192/1 1443/2191/1 1442/2190/1 1441/2189/1 1440/2188/1
f 1430/2138/1078 1429/2183/1078 1448/2184/1078 1449/2137/1078
f 1415/2127/1069 1413/2130/1069 1439/2129/1069 1438/2128/1069
f 1427/2182/1079 1426/2200/1079 1445/2199/1079 1446/2181/1079
f 1423/2229/1083 1421/2225/1083 1442/2226/1083 1443/2230/1083
f 1413/2135/1070 1430/2138/1070 1449/2137/1070 1439/2136/1070
f 1417/2236/1081 1415/2127/1081 1438/2128/1081 1440/2235/1081
f 1428/2179/1076 1427/2182/1076 1446/2181/1076 1447/2180/1076
f 1425/2231/1084 1423/2229/1084 1443/2230/1084 1444/2232/1084
f 1419/2233/1075 1417/2236/1075 1440/2235/1075 1441/2234/1075
f 1429/2183/1077 1428/2186/1077 1447/2185/1077 1448/2184/1077
f 1426/2200/1080 1425/2202/1080 1444/2201/1080 1445/2199/1080
f 1451/2207/1081 1457/2210/1081 1456/2209/1081 1453/2208/1081
f 1453/2171/1075 1456/2174/1075 1458/2173/1075 1452/2172/1075
f 1452/2167/1074 1458/2170/1074 1459/2169/1074 1450/2168/1074
f 1450/2151/1181 1459/2154/1181 1437/2153/1181 1454/2152/1181
f 1454/2141/1182 1437/2144/1182 1460/2143/1182 1455/2142/1182
f 1462/2127/1085 1504/2128/1085 1464/2129/1085 1461/2130/1085
f 1461/2131/1 1465/2132/1 1467/2133/1 1462/2134/1
f 1461/2135/1086 1464/2136/1086 1482/2137/1086 1463/2138/1086
f 1463/2139/1 1468/2140/1 1465/2132/1 1461/2131/1
f 1470/2141/1183 1466/2142/1183 1465/2143/1183 1468/2144/1183
f 1466/2145/1088 1508/2146/1088 1467/2147/1088 1465/2148/1088
f 1478/2149/1 1469/2150/1 1468/2140/1 1463/2139/1
f 1471/2151/1184 1470/2152/1184 1468/2153/1184 1469/2154/1184
f 1466/2155/226 1470/2156/226 1471/2157/226 1472/2158/226 1473/2159/226 1488/2160/226 1491/2161/226 1492/2162/226 1493/2163/226 1494/2164/226 1507/2165/226 1508/2166/226
f 1472/2167/1090 1471/2168/1090 1469/2169/1090 1474/2170/1090
f 1473/2171/1091 1472/2172/1091 1474/2173/1091 1475/2174/1091
f 1477/2175/1 1475/2176/1 1474/2177/1 1476/2178/1
f 1476/2178/1 1474/2177/1 1469/2150/1 1478/2149/1
f 1476/2179/1092 1479/2180/1092 1480/2181/1092 1477/2182/1092
f 1478/2183/1093 1481/2184/1093 1479/2185/1093 1476/2186/1093
f 1504/2187/1 1503/2188/1 1501/2189/1 1500/2190/1 1502/2191/1 1484/2192/1 1483/2193/1 1480/2194/1 1479/2195/1 1481/2196/1 1482/2197/1 1464/2198/1
f 1463/2138/1094 1482/2137/1094 1481/2184/1094 1478/2183/1094
f 1477/2182/1095 1480/2181/1095 1483/2199/1095 1485/2200/1095
f 1485/2200/1096 1483/2199/1096 1484/2201/1096 1486/2202/1096
f 1486/2203/1 1489/2204/1 1487/2205/1 1485/2206/1
f 1485/2206/1 1487/2205/1 1475/2176/1 1477/2175/1
f 1488/2207/1097 1473/2208/1097 1475/2209/1097 1487/2210/1097
f 1491/2211/1098 1488/2212/1098 1487/2213/1098 1489/2214/1098
f 1499/2215/1 1490/2216/1 1489/2204/1 1486/2203/1
f 1492/2211/1086 1491/2212/1086 1489/2213/1086 1490/2214/1086
f 1493/2217/1094 1492/2211/1094 1490/2214/1094 1495/2218/1094
f 1494/2219/1093 1493/2217/1093 1495/2218/1093 1496/2220/1093
f 1498/2221/1 1496/2222/1 1495/2223/1 1497/2224/1
f 1497/2224/1 1495/2223/1 1490/2216/1 1499/2215/1
f 1497/2225/1090 1500/2226/1090 1501/2227/1090 1498/2228/1090
f 1499/2229/1099 1502/2230/1099 1500/2226/1099 1497/2225/1099
f 1486/2231/1100 1484/2232/1100 1502/2230/1100 1499/2229/1100
f 1498/2233/1091 1501/2234/1091 1503/2235/1091 1505/2236/1091
f 1505/2236/1097 1503/2235/1097 1504/2128/1097 1462/2127/1097
f 1462/2134/1 1467/2133/1 1506/2237/1 1505/2238/1
f 1505/2238/1 1506/2237/1 1496/2222/1 1498/2221/1
f 1508/2239/1095 1507/2240/1095 1506/2241/1095 1467/2242/1095
f 1507/2240/1092 1494/2243/1092 1496/2244/1092 1506/2241/1092
s 1
f 1520/2245/1185 1515/2248/1186 1514/2247/1187 1513/2246/1188
f 1510/2249/1189 1513/2246/1188 1514/2247/1187 1512/2250/1189
f 1511/2251/1190 1509/2254/1190 1516/2253/1190 1518/2252/1190
f 1509/2255/1191 1511/2256/1191 1515/2248/1186 1520/2245/1185
f 1523/2261/1193 1521/2264/1194 1526/2263/1195 1524/2262/1196
f 1522/2265/1197 1525/2266/1197 1526/2263/1195 1521/2264/1194
f 1528/2267/1198 1531/2270/1198 1529/2269/1198 1527/2268/1198
f 1527/2271/1199 1523/2261/1193 1524/2262/1196 1528/2272/1199
f 1515/2277/1201 1524/2280/1201 1526/2279/1202 1514/2278/1203
f 1512/2285/1205 1525/2288/1205 1522/2287/1205 1510/2286/1205
f 1511/2289/1206 1528/2292/1207 1524/2291/1208 1515/2290/1208
f 1514/2278/1203 1526/2279/1202 1525/2295/1212 1512/2294/1212
f 1510/2300/1213 1522/2303/1213 1521/2302/1214 1513/2301/1215
f 1509/2304/1216 1527/2307/1217 1529/2306/26 1516/2305/26
f 1513/2301/1215 1521/2302/1214 1523/2309/1218 1520/2308/1219
f 1520/2308/1219 1523/2309/1218 1527/2311/1217 1509/2310/1216
f 1518/2312/1211 1531/2315/1210 1528/2314/1207 1511/2313/1206
s 0
f 1533/2316/1220 1534/2319/1220 1536/2318/1220 1535/2317/1220
f 1540/2320/47 1547/2323/47 1552/2322/47 1538/2321/47
f 1539/2324/1221 1540/2327/1221 1538/2326/1221 1537/2325/1221
f 1543/2328/47 1542/2331/47 1541/2330/47 1544/2329/47
f 1535/2332/41 1545/2335/41 1550/2334/41 1533/2333/41
f 1548/2336/47 1536/2339/47 1534/2338/47 1551/2337/47
f 1546/2340/1222 1547/2343/1222 1540/2342/1222 1539/2341/1222
f 1546/2344/41 1539/2347/41 1537/2346/41 1549/2345/41
f 1546/2344/41 1549/2345/41 1550/2334/41 1545/2335/41
f 1547/2343/1223 1546/2340/1223 1545/2349/1223 1548/2348/1223
f 1535/2350/1224 1536/2351/1224 1548/2348/1224 1545/2349/1224
f 1547/2343/1225 1548/2348/1225 1543/2353/1225 1544/2352/1225
f 1552/2354/1226 1547/2357/1226 1544/2356/1226 1541/2355/1226
f 1548/2358/1227 1551/2361/1227 1542/2360/1227 1543/2359/1227
f 1553/2366/1228 1554/2369/1228 1556/2368/1228 1555/2367/1228
f 1559/2374/1229 1560/2377/1229 1558/2376/1229 1557/2375/1229
f 1557/2370/1230 1558/2373/1230 1554/2372/1230 1553/2371/1230
f 1555/2362/41 1559/2365/41 1557/2364/41 1553/2363/41
f 1560/2378/47 1556/2381/47 1554/2380/47 1558/2379/47
s 1
f 1561/2382/1231 1567/2385/1232 1562/2384/1233 1569/2383/1231
f 1563/2386/1234 1568/2387/1235 1562/2384/1233 1567/2385/1232
f 1570/2388/1236 1566/2389/1236 1568/2387/1235 1563/2386/1234
f 1570/2394/47 1564/2397/47 1565/2396/47 1566/2395/47
f 1581/2398/1238 1583/2401/1238 1584/2400/1239 1580/2399/1240
f 1582/2402/1241 1580/2399/1240 1584/2400/1239 1577/2403/1242
f 1575/2404/1243 1582/2402/1241 1577/2403/1242 1576/2405/1243
f 1575/2404/1245 1576/2405/1245 1574/2411/1245 1573/2410/1245
f 1568/2416/1247 1577/2419/1248 1584/2418/1249 1562/2417/1250
f 1569/2420/1251 1583/2423/1251 1581/2422/1251 1561/2421/1251
f 1565/2428/1254 1574/2431/1253 1576/2430/754 1566/2429/754
f 1562/2417/1250 1584/2418/1249 1583/2433/1255 1569/2432/1255
f 1570/2434/1256 1575/2437/1257 1573/2436/1258 1564/2435/1259
f 1561/2438/1260 1581/2441/1260 1580/2440/1260 1567/2439/1260
f 1563/2442/1261 1582/2443/1262 1575/2437/1257 1570/2434/1256
f 1566/2444/754 1576/2445/754 1577/2419/1248 1568/2416/1247
f 1567/2446/1263 1580/2447/1263 1582/2443/1262 1563/2442/1261
s 0
f 1585/2452/1220 1586/2455/1220 1588/2454/1220 1587/2453/1220
f 1592/2456/47 1599/2459/47 1604/2458/47 1590/2457/47
f 1591/2460/1221 1592/2463/1221 1590/2462/1221 1589/2461/1221
f 1595/2464/47 1594/2467/47 1593/2466/47 1596/2465/47
f 1587/2468/41 1597/2471/41 1602/2470/41 1585/2469/41
f 1600/2472/47 1588/2475/47 1586/2474/47 1603/2473/47
f 1598/2476/1222 1599/2479/1222 1592/2478/1222 1591/2477/1222
f 1598/2480/41 1591/2483/41 1589/2482/41 1601/2481/41
f 1598/2480/41 1601/2481/41 1602/2470/41 1597/2471/41
f 1599/2479/1223 1598/2476/1223 1597/2485/1223 1600/2484/1223
f 1587/2486/1224 1588/2487/1224 1600/2484/1224 1597/2485/1224
f 1599/2479/1225 1600/2484/1225 1595/2489/1225 1596/2488/1225
f 1604/2490/1226 1599/2493/1226 1596/2492/1226 1593/2491/1226
f 1600/2494/1227 1603/2497/1227 1594/2496/1227 1595/2495/1227
f 1605/2366/1228 1606/2369/1228 1608/2368/1228 1607/2367/1228
f 1611/2374/1229 1612/2377/1229 1610/2376/1229 1609/2375/1229
f 1609/2370/1230 1610/2373/1230 1606/2372/1230 1605/2371/1230
f 1607/2362/41 1611/2365/41 1609/2364/41 1605/2363/41
f 1612/2378/47 1608/2381/47 1606/2380/47 1610/2379/47
s 1
f 1617/2498/1265 1615/2499/1266 1616/2500/1267 1613/2501/1268
f 1622/2502/1269 1617/2498/1265 1613/2501/1268 1624/2503/1270
f 1625/2504/1271 1613/2501/1268 1616/2500/1267 1626/2505/1272
f 1623/2506/1273 1614/2507/1274 1617/2498/1265 1622/2502/1269
f 1621/2508/1275 1619/2509/1276 1616/2500/1267 1615/2499/1266
f 1629/2510/1277 1631/2511/1278 1619/2509/1276 1621/2508/1275
f 1630/2512/1279 1629/2510/1277 1621/2508/1275 1620/2513/1280
f 1620/2514/1280 1621/2515/1275 1615/2516/1266 1618/2517/1266
f 1616/2500/1267 1619/2509/1276 1627/2518/1281 1626/2505/1272
f 1631/2511/1278 1632/2519/1282 1627/2518/1281 1619/2509/1276
f 1624/2503/1270 1613/2501/1268 1625/2504/1271 1628/2520/1283
f 1614/2521/1274 1618/2517/1266 1615/2516/1266 1617/2522/1265
f 1637/2523/1284 1633/2524/1285 1636/2525/1286 1635/2526/1287
f 1642/2527/1288 1644/2528/1289 1633/2524/1285 1637/2523/1284
f 1645/2529/1290 1646/2530/1291 1636/2525/1286 1633/2524/1285
f 1643/2531/1292 1642/2527/1288 1637/2523/1284 1634/2532/1293
f 1641/2533/1294 1635/2526/1287 1636/2525/1286 1639/2534/1295
f 1649/2535/1296 1641/2533/1294 1639/2534/1295 1651/2536/1297
f 1650/2537/1298 1640/2538/1299 1641/2533/1294 1649/2535/1296
f 1640/2538/1299 1638/2539/1300 1635/2526/1287 1641/2533/1294
f 1636/2525/1286 1646/2530/1291 1647/2540/1301 1639/2534/1295
f 1651/2536/1297 1639/2534/1295 1647/2540/1301 1652/2541/1302
f 1644/2528/1289 1648/2542/1303 1645/2529/1290 1633/2524/1285
f 1634/2532/1293 1637/2523/1284 1635/2526/1287 1638/2539/1300
f 1618/2543/1304 1638/2544/1304 1640/2545/1305 1620/2546/1306
f 1628/2547/1307 1648/2548/1307 1644/2549/1308 1624/2550/1309
f 1623/2551/1310 1643/2552/1310 1634/2553/1311 1614/2554/1312
f 1631/2555/1313 1651/2556/1314 1652/2557/1315 1632/2558/1315
f 1626/2559/1316 1646/2560/1316 1645/2561/1317 1625/2562/1318
f 1630/2563/1319 1650/2564/1319 1649/2565/1320 1629/2566/1321
f 1627/2567/1322 1647/2568/1323 1646/2560/1316 1626/2559/1316
f 1622/2569/1324 1642/2570/1325 1643/2571/1326 1623/2572/1326
f 1629/2566/1321 1649/2565/1320 1651/2556/1314 1631/2555/1313
f 1632/2573/1327 1652/2574/1327 1647/2568/1323 1627/2567/1322
f 1624/2550/1309 1644/2549/1308 1642/2570/1325 1622/2569/1324
f 1614/2575/1312 1634/2576/1311 1638/2544/1304 1618/2543/1304
f 1625/2562/1318 1645/2561/1317 1648/2577/1328 1628/2578/1328
f 1620/2579/1306 1640/2580/1305 1650/2581/1329 1630/2582/1329
usemtl carwindows
f 26/211/123 71/212/123 70/213/124 361/214/124
f 95/215/125 87/216/125 86/217/125 97/218/125
f 231/538/346 234/539/346 230/540/347 233/454/347 232/456/346
f 179/623/382 123/624/383 177/625/383 229/626/382 178/627/382
f 330/211/518 361/214/124 70/213/124 370/212/518
f 384/215/125 386/218/125 86/217/125 87/216/125
f 493/538/685 494/456/685 233/454/347 230/540/347 495/539/685
f 454/623/714 453/627/714 492/626/714 177/625/383 123/624/383
f 1316/2257/1108 1318/2258/1108 1319/2259/1108 1317/2260/1108
f 1329/2273/1116 1330/2274/1116 1332/2275/1116 1331/2276/1116
f 1317/2281/1120 1319/2282/1120 1332/2283/1120 1330/2284/1120
f 1319/2282/1125 1318/2252/1126 1331/2293/1127 1332/2283/1125
f 1316/2296/26 1317/2297/26 1330/2298/26 1329/2299/26
f 1364/2390/1153 1365/2391/1153 1372/2392/1153 1371/2393/1153
f 1373/2406/1160 1378/2407/1160 1379/2408/1160 1374/2409/1160
f 1371/2412/1162 1372/2413/1162 1379/2414/1162 1378/2415/1162
f 1372/2424/1168 1365/2425/1169 1374/2426/1170 1379/2427/1168
f 1364/2448/1173 1371/2449/1180 1378/2450/1180 1373/2451/1174
f 1516/2257/1192 1517/2260/1192 1519/2259/1192 1518/2258/1192
f 1529/2273/1200 1531/2276/1200 1532/2275/1200 1530/2274/1200
f 1517/2281/1204 1530/2284/1204 1532/2283/1204 1519/2282/1204
f 1519/2282/1209 1532/2283/1209 1531/2293/1210 1518/2252/1211
f 1516/2296/26 1529/2299/26 1530/2298/26 1517/2297/26
f 1564/2390/1237 1571/2393/1237 1572/2392/1237 1565/2391/1237
f 1573/2406/1244 1574/2409/1244 1579/2408/1244 1578/2407/1244
f 1571/2412/1246 1578/2415/1246 1579/2414/1246 1572/2413/1246
f 1572/2424/1252 1579/2427/1252 1574/2426/1253 1565/2425/1254
f 1564/2448/1259 1573/2451/1258 1578/2450/1264 1571/2449/1264
